Customer_ID,Customer_Name,Gender,Age,Age_Group,Geography_ID,Acquisition_Channel_ID,Customer_Segment,Registration_Date,Is_Active
1,Siddharth Mehta,Male,24,18-25,26,3,Premium,2025-07-30,True
2,Neha Gupta,Female,49,46-55,19,5,Standard,2025-07-26,True
3,Siddharth Das,Male,61,56-65,23,4,Premium,2025-06-19,True
4,Aarav Joshi,Male,48,46-55,30,3,Standard,2025-06-05,True
5,Kavya Pillai,Female,49,46-55,28,6,VIP,2025-04-27,True
6,Vikram Joshi,Male,46,46-55,25,3,Standard,2025-11-27,True
7,Rohan Verma,Male,31,26-35,30,4,Premium,2025-07-11,True
8,Akash Mehta,Male,28,26-35,3,3,Standard,2025-09-26,True
9,Rahul Patel,Male,30,26-35,27,1,Standard,2025-07-04,True
10,Vikram Rao,Male,47,46-55,17,4,Standard,2025-01-16,True
11,Aditya Verma,Male,56,56-65,15,2,Inactive,2025-08-31,False
12,Pooja Kumar,Female,34,26-35,24,6,Standard,2025-01-26,True
13,Vivek Das,Male,31,26-35,28,2,Standard,2025-05-18,True
14,Divya Sharma,Female,61,56-65,1,4,Inactive,2025-11-28,False
15,Siddharth Mehta,Male,18,18-25,8,3,Premium,2025-12-31,True
16,Neha Naidu,Female,42,36-45,28,3,Standard,2025-06-04,True
17,Ishita Reddy,Female,18,18-25,17,6,Inactive,2025-07-11,False
18,Kavya Gupta,Female,24,18-25,16,1,Standard,2025-06-16,True
19,Kavya Gupta,Female,63,56-65,29,6,Standard,2025-05-04,True
20,Harsh Pillai,Male,56,56-65,13,6,Standard,2025-01-14,True
21,Kavya Nair,Female,44,36-45,13,4,Standard,2025-10-20,True
22,Aditya Joshi,Male,63,56-65,8,6,Premium,2025-12-10,True
23,Divya Nair,Female,28,26-35,27,6,Standard,2025-02-19,True
24,Sneha Joshi,Female,34,26-35,24,5,Standard,2025-12-15,True
25,Meera Reddy,Female,32,26-35,12,2,Standard,2025-06-19,True
26,Kavya Das,Female,36,36-45,15,1,Premium,2025-10-26,True
27,Varun Naidu,Male,30,26-35,17,1,Standard,2025-06-02,True
28,Ananya Pillai,Female,27,26-35,5,2,VIP,2025-08-23,True
29,Aditya Pillai,Male,63,56-65,6,1,Standard,2025-04-01,True
30,Meera Sharma,Female,18,18-25,15,3,Premium,2025-10-23,True
31,Varun Mehta,Male,23,18-25,5,5,Standard,2025-08-08,True
32,Neha Sharma,Female,20,18-25,18,2,VIP,2025-06-14,True
33,Aarav Gupta,Male,18,18-25,21,6,Standard,2025-06-26,True
34,Sneha Reddy,Female,42,36-45,17,5,Standard,2025-01-24,True
35,Kavya Verma,Female,64,56-65,17,5,Standard,2025-12-18,True
36,Aditya Naidu,Male,49,46-55,12,2,Premium,2025-07-26,True
37,Rohan Patel,Male,64,56-65,5,2,Standard,2025-03-28,True
38,Aditya Joshi,Male,59,56-65,26,1,Standard,2025-10-01,True
39,Siddharth Sharma,Male,60,56-65,4,6,Standard,2025-03-01,True
40,Shreya Singh,Female,25,18-25,18,3,Standard,2025-12-22,True
41,Vikram Singh,Male,60,56-65,4,6,Standard,2025-12-25,True
42,Karan Pillai,Male,24,18-25,17,6,Standard,2025-02-24,True
43,Aishwarya Das,Female,30,26-35,25,3,VIP,2025-07-03,True
44,Kavya Kumar,Female,20,18-25,18,4,Inactive,2025-12-19,False
45,Pooja Patel,Female,18,18-25,1,6,Standard,2025-10-21,True
46,Sneha Reddy,Female,50,46-55,3,6,Premium,2025-11-26,True
47,Varun Nair,Male,34,26-35,15,1,Standard,2025-01-21,True
48,Pooja Mehta,Female,61,56-65,11,4,Standard,2025-01-24,True
49,Vivek Kumar,Male,60,56-65,21,2,Premium,2025-11-15,True
50,Lakshmi Joshi,Female,23,18-25,12,3,Standard,2025-08-22,True
51,Nandini Singh,Female,62,56-65,28,4,Standard,2025-03-27,True
52,Rahul Joshi,Male,64,56-65,2,2,Premium,2025-09-05,True
53,Sneha Das,Female,42,36-45,25,3,Premium,2025-03-08,True
54,Lakshmi Verma,Female,25,18-25,29,4,Standard,2025-12-02,True
55,Ananya Joshi,Female,61,56-65,17,6,Standard,2025-12-09,True
56,Divya Iyer,Female,62,56-65,23,5,Standard,2025-05-08,True
57,Pooja Gupta,Female,61,56-65,21,4,Premium,2025-11-10,True
58,Aarav Gupta,Male,28,26-35,17,4,Premium,2025-02-08,True
59,Pooja Patel,Female,39,36-45,9,1,Standard,2025-07-13,True
60,Nandini Patel,Female,23,18-25,15,4,Standard,2025-09-13,True
61,Pooja Reddy,Female,49,46-55,24,6,Standard,2025-01-19,True
62,Vivek Reddy,Male,56,56-65,20,6,Standard,2025-04-16,True
63,Pooja Rao,Female,21,18-25,27,2,Standard,2025-11-14,True
64,Swati Gupta,Female,41,36-45,23,4,Premium,2025-04-24,True
65,Aditya Rao,Male,58,56-65,26,3,Standard,2025-02-24,True
66,Anil Kumar,Male,49,46-55,5,6,Standard,2025-05-11,True
67,Rohan Reddy,Male,43,36-45,7,4,Standard,2025-06-23,True
68,Harsh Singh,Male,20,18-25,30,6,Standard,2025-08-19,True
69,Meera Das,Female,50,46-55,5,4,Premium,2025-10-11,True
70,Nandini Das,Female,48,46-55,30,5,Premium,2025-12-21,True
71,Nikhil Pillai,Male,26,26-35,4,4,Standard,2025-06-14,True
72,Neha Das,Female,62,56-65,25,2,VIP,2025-05-31,True
73,Riya Kumar,Female,26,26-35,14,5,Premium,2025-06-03,True
74,Swati Joshi,Female,53,46-55,21,2,Standard,2025-05-29,True
75,Lakshmi Gupta,Female,26,26-35,23,6,Inactive,2025-04-02,False
76,Swati Reddy,Female,40,36-45,18,4,Premium,2025-12-30,True
77,Meera Joshi,Female,52,46-55,10,4,Standard,2025-01-13,True
78,Sneha Sharma,Female,60,56-65,2,2,Premium,2025-05-27,True
79,Sneha Pillai,Female,21,18-25,23,3,Standard,2025-07-03,True
80,Priya Das,Female,61,56-65,24,5,Premium,2025-10-15,True
81,Aishwarya Iyer,Female,62,56-65,10,6,Premium,2025-07-18,True
82,Riya Gupta,Female,38,36-45,18,1,Standard,2025-11-14,True
83,Nandini Patel,Female,58,56-65,23,6,Premium,2025-10-07,True
84,Harsh Joshi,Male,30,26-35,10,4,Standard,2025-04-06,True
85,Nikhil Iyer,Male,25,18-25,13,1,Standard,2025-03-08,True
86,Siddharth Pillai,Male,34,26-35,1,3,Premium,2025-01-21,True
87,Anil Rao,Male,56,56-65,2,6,Standard,2025-09-09,True
88,Priya Mehta,Female,63,56-65,11,5,Standard,2025-02-04,True
89,Karan Iyer,Male,52,46-55,13,1,Premium,2025-12-06,True
90,Pooja Rao,Female,36,36-45,7,5,VIP,2025-11-29,True
91,Arjun Gupta,Male,40,36-45,15,2,Inactive,2025-11-11,False
92,Aarav Gupta,Male,38,36-45,13,1,Standard,2025-05-25,True
93,Anil Iyer,Male,41,36-45,17,5,Standard,2025-11-30,True
94,Aditya Iyer,Male,23,18-25,4,2,Inactive,2025-10-03,False
95,Manish Reddy,Male,31,26-35,22,6,Premium,2025-08-06,True
96,Rohan Iyer,Male,62,56-65,29,6,Standard,2025-02-06,True
97,Aarav Verma,Male,63,56-65,11,1,Standard,2025-05-09,True
98,Siddharth Pillai,Male,32,26-35,30,3,Standard,2025-07-27,True
99,Pooja Sharma,Female,42,36-45,22,1,Standard,2025-11-13,True
100,Harsh Joshi,Male,55,46-55,2,6,Standard,2025-09-15,True
101,Vikram Mehta,Male,61,56-65,10,5,Premium,2025-08-13,True
102,Neha Pillai,Female,60,56-65,1,4,Standard,2025-07-20,True
103,Meera Kumar,Female,37,36-45,22,6,VIP,2025-01-06,True
104,Arjun Sharma,Male,18,18-25,19,5,Standard,2025-02-13,True
105,Aishwarya Joshi,Female,65,56-65,29,6,Standard,2025-11-27,True
106,Rahul Kumar,Male,32,26-35,20,3,Standard,2025-10-18,True
107,Vivek Mehta,Male,53,46-55,15,6,Standard,2025-02-04,True
108,Priya Patel,Female,64,56-65,19,4,Inactive,2025-07-02,False
109,Manish Gupta,Male,33,26-35,4,3,Premium,2025-06-12,True
110,Shreya Rao,Female,57,56-65,22,3,Standard,2025-10-18,True
111,Riya Rao,Female,45,36-45,6,1,Premium,2025-12-31,True
112,Kavya Pillai,Female,41,36-45,5,6,Premium,2025-08-25,True
113,Pooja Mehta,Female,37,36-45,16,5,Standard,2025-02-11,True
114,Nandini Pillai,Female,26,26-35,29,5,Premium,2025-11-17,True
115,Nikhil Reddy,Male,19,18-25,28,5,Premium,2025-10-24,True
116,Riya Das,Female,31,26-35,30,1,Standard,2025-10-04,True
117,Meera Mehta,Female,27,26-35,12,4,Premium,2025-05-29,True
118,Varun Iyer,Male,50,46-55,3,4,Standard,2025-05-03,True
119,Harsh Iyer,Male,26,26-35,15,2,Premium,2025-12-04,True
120,Nikhil Joshi,Male,48,46-55,12,1,Standard,2025-02-02,True
121,Pooja Patel,Female,20,18-25,22,2,Premium,2025-07-18,True
122,Lakshmi Verma,Female,20,18-25,2,6,Premium,2025-09-24,True
123,Nandini Joshi,Female,34,26-35,19,5,Standard,2025-07-13,True
124,Ishita Gupta,Female,22,18-25,17,3,Premium,2025-09-22,True
125,Pooja Pillai,Female,40,36-45,16,4,Standard,2025-03-13,True
126,Sneha Patel,Female,22,18-25,17,6,Standard,2025-03-22,True
127,Ishita Joshi,Female,25,18-25,22,2,Standard,2025-02-28,True
128,Meera Verma,Female,48,46-55,7,5,Premium,2025-01-12,True
129,Aarav Kumar,Male,54,46-55,19,2,Standard,2025-10-21,True
130,Aarav Kumar,Male,34,26-35,30,2,Standard,2025-10-16,True
131,Anil Joshi,Male,64,56-65,22,3,Inactive,2025-04-21,False
132,Ishita Verma,Female,48,46-55,6,2,Standard,2025-10-26,True
133,Siddharth Gupta,Male,50,46-55,9,2,Standard,2025-08-21,True
134,Rohan Singh,Male,42,36-45,5,1,Standard,2025-09-16,True
135,Nandini Kumar,Female,56,56-65,4,2,Standard,2025-01-20,True
136,Arjun Verma,Male,60,56-65,5,5,Standard,2025-12-14,True
137,Divya Singh,Female,41,36-45,28,1,Standard,2025-09-04,True
138,Pooja Das,Female,65,56-65,30,6,Standard,2025-05-11,True
139,Riya Patel,Female,23,18-25,10,5,Standard,2025-04-07,True
140,Nikhil Joshi,Male,18,18-25,19,5,Standard,2025-12-02,True
141,Nikhil Mehta,Male,38,36-45,14,3,Standard,2025-10-27,True
142,Kavya Pillai,Female,52,46-55,14,5,Standard,2025-12-15,True
143,Riya Patel,Female,44,36-45,18,5,Standard,2025-10-12,True
144,Kavya Nair,Female,54,46-55,12,6,Standard,2025-12-04,True
145,Nikhil Patel,Male,46,46-55,26,6,Inactive,2025-02-21,False
146,Akash Singh,Male,39,36-45,26,5,Standard,2025-01-27,True
147,Karan Gupta,Male,18,18-25,26,1,Standard,2025-11-04,True
148,Priya Reddy,Female,34,26-35,8,3,Standard,2025-07-16,True
149,Ishita Gupta,Female,51,46-55,10,6,Inactive,2025-01-30,False
150,Manish Verma,Male,46,46-55,1,2,Premium,2025-09-23,True
151,Aishwarya Sharma,Female,56,56-65,17,5,Standard,2025-12-12,True
152,Aditya Patel,Male,59,56-65,1,2,Standard,2025-07-24,True
153,Meera Singh,Female,43,36-45,19,2,Premium,2025-02-05,True
154,Akash Nair,Male,64,56-65,27,5,Inactive,2025-06-28,False
155,Nandini Nair,Female,32,26-35,20,2,Standard,2025-01-03,True
156,Sneha Singh,Female,50,46-55,4,5,Standard,2025-03-01,True
157,Lakshmi Iyer,Female,54,46-55,9,6,Standard,2025-09-05,True
158,Harsh Rao,Male,47,46-55,22,4,Premium,2025-09-04,True
159,Vikram Reddy,Male,42,36-45,21,2,Standard,2025-06-11,True
160,Pooja Iyer,Female,52,46-55,1,6,Standard,2025-02-17,True
161,Meera Joshi,Female,39,36-45,3,5,Inactive,2025-09-01,False
162,Pooja Patel,Female,54,46-55,9,2,Inactive,2025-12-16,False
163,Varun Joshi,Male,30,26-35,8,6,Standard,2025-04-28,True
164,Vivek Patel,Male,57,56-65,12,2,Standard,2025-02-10,True
165,Ishita Sharma,Female,52,46-55,2,4,Standard,2025-10-22,True
166,Shreya Kumar,Female,50,46-55,9,4,Standard,2025-01-28,True
167,Shreya Iyer,Female,20,18-25,17,3,Standard,2025-03-31,True
168,Priya Joshi,Female,51,46-55,15,3,Standard,2025-04-18,True
169,Ishita Reddy,Female,38,36-45,12,5,Standard,2025-05-15,True
170,Vikram Verma,Male,57,56-65,11,3,Standard,2025-08-03,True
171,Pooja Pillai,Female,43,36-45,9,4,Standard,2025-10-22,True
172,Vivek Reddy,Male,64,56-65,9,2,Premium,2025-04-11,True
173,Harsh Joshi,Male,27,26-35,16,1,Standard,2025-11-19,True
174,Riya Verma,Female,37,36-45,9,5,Standard,2025-02-20,True
175,Aarav Patel,Male,34,26-35,16,6,Premium,2025-05-14,True
176,Pooja Iyer,Female,53,46-55,30,3,Standard,2025-06-29,True
177,Siddharth Das,Male,59,56-65,21,5,Premium,2025-07-01,True
178,Meera Iyer,Female,49,46-55,25,6,Standard,2025-11-11,True
179,Shreya Gupta,Female,27,26-35,28,2,Premium,2025-08-04,True
180,Nandini Naidu,Female,22,18-25,3,2,Standard,2025-12-01,True
181,Swati Nair,Female,56,56-65,21,4,Standard,2025-07-05,True
182,Neha Kumar,Female,29,26-35,28,1,Standard,2025-05-09,True
183,Rohan Kumar,Male,43,36-45,4,1,Premium,2025-10-08,True
184,Aarav Mehta,Male,43,36-45,17,1,Standard,2025-02-13,True
185,Kavya Patel,Female,33,26-35,24,3,Standard,2025-09-27,True
186,Aarav Sharma,Male,60,56-65,12,3,Standard,2025-10-04,True
187,Divya Verma,Female,26,26-35,23,5,Standard,2025-11-20,True
188,Divya Gupta,Female,58,56-65,18,3,Inactive,2025-09-04,False
189,Harsh Reddy,Male,46,46-55,10,3,Standard,2025-01-06,True
190,Akash Pillai,Male,26,26-35,12,3,Standard,2025-09-09,True
191,Kavya Sharma,Female,45,36-45,26,3,Premium,2025-10-08,True
192,Aishwarya Singh,Female,53,46-55,14,4,Premium,2025-11-27,True
193,Nandini Singh,Female,32,26-35,9,1,Standard,2025-11-10,True
194,Kavya Gupta,Female,65,56-65,18,3,Premium,2025-04-04,True
195,Vikram Reddy,Male,58,56-65,15,5,Premium,2025-09-09,True
196,Aditya Sharma,Male,27,26-35,2,5,VIP,2025-05-25,True
197,Sneha Joshi,Female,46,46-55,24,1,Standard,2025-09-10,True
198,Aditya Singh,Male,37,36-45,26,4,Inactive,2025-08-26,False
199,Aditya Reddy,Male,27,26-35,2,3,Standard,2025-08-29,True
200,Rohan Naidu,Male,34,26-35,27,4,Standard,2025-05-08,True
201,Riya Verma,Female,33,26-35,24,1,Premium,2025-02-18,True
202,Varun Singh,Male,61,56-65,10,3,Premium,2025-10-09,True
203,Vikram Verma,Male,58,56-65,10,2,Standard,2025-12-08,True
204,Arjun Patel,Male,58,56-65,14,3,Premium,2025-10-27,True
205,Karan Mehta,Male,33,26-35,1,1,Standard,2025-12-19,True
206,Aditya Mehta,Male,23,18-25,8,2,Standard,2025-06-23,True
207,Aarav Rao,Male,59,56-65,5,6,Standard,2025-09-07,True
208,Aditya Iyer,Male,59,56-65,25,3,Standard,2025-04-09,True
209,Nikhil Singh,Male,40,36-45,24,2,Standard,2025-12-28,True
210,Divya Nair,Female,52,46-55,23,4,Standard,2025-06-28,True
211,Swati Verma,Female,35,26-35,28,5,Inactive,2025-10-11,False
212,Arjun Iyer,Male,27,26-35,15,3,Standard,2025-08-21,True
213,Harsh Gupta,Male,50,46-55,13,6,Standard,2025-07-06,True
214,Aditya Joshi,Male,22,18-25,22,5,Standard,2025-12-16,True
215,Riya Iyer,Female,27,26-35,20,3,Standard,2025-02-26,True
216,Akash Gupta,Male,22,18-25,2,2,Standard,2025-02-24,True
217,Aishwarya Reddy,Female,20,18-25,19,6,Standard,2025-09-27,True
218,Ananya Rao,Female,32,26-35,20,6,Premium,2025-04-17,True
219,Lakshmi Naidu,Female,23,18-25,15,6,Standard,2025-08-01,True
220,Riya Joshi,Female,21,18-25,27,5,Standard,2025-02-06,True
221,Priya Patel,Female,51,46-55,4,1,Standard,2025-04-08,True
222,Akash Gupta,Male,33,26-35,19,6,Inactive,2025-10-13,False
223,Swati Reddy,Female,58,56-65,19,3,Premium,2025-08-07,True
224,Rahul Mehta,Male,29,26-35,18,4,Standard,2025-10-01,True
225,Lakshmi Rao,Female,38,36-45,18,3,Standard,2025-11-21,True
226,Nandini Joshi,Female,38,36-45,20,2,Standard,2025-10-09,True
227,Pooja Verma,Female,46,46-55,13,1,VIP,2025-11-02,True
228,Akash Kumar,Male,37,36-45,1,3,Inactive,2025-04-20,False
229,Ananya Mehta,Female,62,56-65,27,3,Inactive,2025-09-19,False
230,Arjun Sharma,Male,47,46-55,12,2,Standard,2025-10-26,True
231,Rohan Nair,Male,37,36-45,3,5,Premium,2025-02-09,True
232,Riya Verma,Female,29,26-35,16,6,Premium,2025-02-18,True
233,Ananya Joshi,Female,54,46-55,13,1,Premium,2025-06-21,True
234,Lakshmi Pillai,Female,45,36-45,14,1,Standard,2025-12-01,True
235,Manish Mehta,Male,58,56-65,13,1,Standard,2025-10-04,True
236,Aditya Iyer,Male,62,56-65,8,2,Premium,2025-07-21,True
237,Riya Das,Female,54,46-55,17,1,Standard,2025-07-21,True
238,Rahul Rao,Male,23,18-25,16,5,Standard,2025-05-15,True
239,Karan Iyer,Male,45,36-45,25,6,Standard,2025-10-14,True
240,Varun Singh,Male,59,56-65,19,2,VIP,2025-09-26,True
241,Rohan Reddy,Male,35,26-35,25,4,Premium,2025-02-15,True
242,Manish Singh,Male,45,36-45,12,3,Standard,2025-12-02,True
243,Harsh Nair,Male,28,26-35,12,5,Premium,2025-11-16,True
244,Varun Sharma,Male,32,26-35,7,6,Premium,2025-02-13,True
245,Nikhil Sharma,Male,33,26-35,20,2,Premium,2025-01-08,True
246,Swati Mehta,Female,25,18-25,10,4,Standard,2025-10-03,True
247,Rohan Iyer,Male,51,46-55,25,3,Standard,2025-03-14,True
248,Karan Das,Male,60,56-65,17,1,Standard,2025-04-13,True
249,Ananya Verma,Female,59,56-65,1,1,Standard,2025-12-04,True
250,Nandini Reddy,Female,19,18-25,10,6,VIP,2025-09-18,True
251,Anil Rao,Male,49,46-55,28,5,Standard,2025-09-14,True
252,Divya Naidu,Female,63,56-65,1,1,Standard,2025-06-20,True
253,Neha Joshi,Female,28,26-35,1,3,Standard,2025-06-04,True
254,Akash Nair,Male,21,18-25,21,3,Premium,2025-01-16,True
255,Aishwarya Kumar,Female,39,36-45,29,4,Standard,2025-07-15,True
256,Karan Patel,Male,54,46-55,5,4,Inactive,2025-11-06,False
257,Shreya Iyer,Female,26,26-35,7,6,Standard,2025-04-14,True
258,Vikram Joshi,Male,63,56-65,29,5,Inactive,2025-08-09,False
259,Manish Naidu,Male,54,46-55,30,2,Standard,2025-03-02,True
260,Aditya Pillai,Male,27,26-35,24,1,Premium,2025-07-31,True
261,Kavya Verma,Female,65,56-65,30,6,Inactive,2025-05-21,False
262,Harsh Patel,Male,24,18-25,5,2,VIP,2025-11-12,True
263,Ishita Das,Female,57,56-65,8,5,Standard,2025-07-03,True
264,Nikhil Mehta,Male,48,46-55,5,5,Standard,2025-11-29,True
265,Sneha Pillai,Female,42,36-45,16,4,Standard,2025-01-17,True
266,Riya Sharma,Female,35,26-35,14,2,VIP,2025-04-15,True
267,Rahul Naidu,Male,46,46-55,28,5,Standard,2025-08-23,True
268,Karan Singh,Male,20,18-25,20,6,Premium,2025-07-21,True
269,Akash Reddy,Male,46,46-55,15,1,Standard,2025-10-03,True
270,Swati Sharma,Female,53,46-55,13,5,VIP,2025-04-08,True
271,Shreya Singh,Female,37,36-45,25,3,Standard,2025-11-10,True
272,Nikhil Iyer,Male,27,26-35,15,6,Premium,2025-02-27,True
273,Harsh Das,Male,62,56-65,18,2,Standard,2025-01-13,True
274,Varun Das,Male,63,56-65,29,2,Standard,2025-06-15,True
275,Nikhil Joshi,Male,25,18-25,3,1,Standard,2025-02-13,True
276,Swati Mehta,Female,50,46-55,20,2,Standard,2025-03-29,True
277,Ishita Pillai,Female,60,56-65,28,2,Standard,2025-12-31,True
278,Karan Nair,Male,37,36-45,24,4,Standard,2025-03-09,True
279,Aarav Das,Male,34,26-35,1,4,Standard,2025-01-03,True
280,Aishwarya Patel,Female,55,46-55,22,4,Standard,2025-11-04,True
281,Rohan Naidu,Male,53,46-55,9,5,Premium,2025-04-17,True
282,Rahul Kumar,Male,21,18-25,21,3,Premium,2025-12-08,True
283,Pooja Naidu,Female,23,18-25,2,1,Standard,2025-12-11,True
284,Ishita Gupta,Female,62,56-65,23,5,Standard,2025-08-22,True
285,Lakshmi Sharma,Female,23,18-25,25,3,Premium,2025-02-04,True
286,Nandini Iyer,Female,22,18-25,10,4,Standard,2025-05-21,True
287,Divya Singh,Female,51,46-55,7,6,Standard,2025-10-20,True
288,Varun Joshi,Male,62,56-65,20,6,Standard,2025-06-12,True
289,Divya Das,Female,57,56-65,12,2,Standard,2025-11-20,True
290,Shreya Mehta,Female,29,26-35,29,5,Standard,2025-04-10,True
291,Arjun Sharma,Male,47,46-55,21,1,Standard,2025-11-12,True
292,Neha Sharma,Female,39,36-45,12,5,Standard,2025-11-24,True
293,Nikhil Nair,Male,34,26-35,26,1,Standard,2025-06-15,True
294,Arjun Gupta,Male,39,36-45,11,4,Standard,2025-01-15,True
295,Rohan Rao,Male,39,36-45,30,6,Standard,2025-01-19,True
296,Varun Kumar,Male,58,56-65,15,5,Standard,2025-07-31,True
297,Vivek Iyer,Male,37,36-45,19,6,Standard,2025-01-10,True
298,Siddharth Gupta,Male,39,36-45,26,3,Standard,2025-01-16,True
299,Neha Gupta,Female,52,46-55,27,2,Standard,2025-11-01,True
300,Vivek Mehta,Male,37,36-45,23,3,Standard,2025-02-14,True
301,Lakshmi Patel,Female,41,36-45,15,3,Standard,2025-02-27,True
302,Riya Sharma,Female,30,26-35,30,1,Standard,2025-09-05,True
303,Rohan Rao,Male,48,46-55,24,5,Standard,2025-02-20,True
304,Rohan Joshi,Male,20,18-25,15,4,Standard,2025-01-03,True
305,Lakshmi Sharma,Female,61,56-65,28,5,Standard,2025-01-24,True
306,Akash Mehta,Male,60,56-65,24,3,Premium,2025-11-24,True
307,Aditya Patel,Male,30,26-35,10,3,Premium,2025-12-10,True
308,Vikram Kumar,Male,28,26-35,9,1,Standard,2025-09-21,True
309,Rohan Iyer,Male,40,36-45,18,3,Premium,2025-05-26,True
310,Rahul Reddy,Male,37,36-45,20,3,Standard,2025-01-15,True
311,Lakshmi Gupta,Female,21,18-25,4,4,Standard,2025-04-02,True
312,Ishita Rao,Female,37,36-45,11,2,Standard,2025-10-01,True
313,Anil Mehta,Male,47,46-55,19,2,Premium,2025-12-24,True
314,Priya Verma,Female,37,36-45,22,6,Standard,2025-04-29,True
315,Rahul Pillai,Male,57,56-65,9,3,Standard,2025-12-07,True
316,Riya Pillai,Female,38,36-45,15,4,Standard,2025-06-29,True
317,Shreya Pillai,Female,28,26-35,10,3,Standard,2025-02-22,True
318,Nandini Joshi,Female,24,18-25,11,5,Premium,2025-09-30,True
319,Neha Das,Female,44,36-45,8,5,Standard,2025-09-04,True
320,Priya Rao,Female,31,26-35,27,6,Premium,2025-08-11,True
321,Divya Joshi,Female,33,26-35,6,6,Premium,2025-12-31,True
322,Priya Das,Female,56,56-65,15,3,Premium,2025-04-01,True
323,Neha Reddy,Female,56,56-65,4,6,Premium,2025-07-14,True
324,Shreya Gupta,Female,60,56-65,2,1,Standard,2025-10-25,True
325,Harsh Kumar,Male,60,56-65,5,4,Standard,2025-10-23,True
326,Aishwarya Patel,Female,61,56-65,29,3,Premium,2025-12-14,True
327,Lakshmi Naidu,Female,45,36-45,23,3,Inactive,2025-10-26,False
328,Siddharth Iyer,Male,43,36-45,28,2,Standard,2025-10-09,True
329,Aarav Joshi,Male,53,46-55,27,3,Standard,2025-01-16,True
330,Karan Joshi,Male,55,46-55,13,6,Standard,2025-07-15,True
331,Divya Patel,Female,60,56-65,6,4,Standard,2025-07-04,True
332,Sneha Nair,Female,60,56-65,5,2,Standard,2025-03-15,True
333,Meera Singh,Female,26,26-35,3,2,Standard,2025-08-22,True
334,Ishita Kumar,Female,47,46-55,17,4,Standard,2025-07-01,True
335,Rahul Singh,Male,56,56-65,1,5,Premium,2025-12-31,True
336,Neha Naidu,Female,52,46-55,19,3,Standard,2025-09-05,True
337,Priya Das,Female,48,46-55,23,1,Premium,2025-05-24,True
338,Divya Reddy,Female,51,46-55,29,5,Standard,2025-12-06,True
339,Manish Gupta,Male,52,46-55,26,5,Standard,2025-06-25,True
340,Varun Verma,Male,50,46-55,29,4,Standard,2025-06-30,True
341,Kavya Kumar,Female,20,18-25,23,5,Premium,2025-10-16,True
342,Ananya Gupta,Female,48,46-55,19,2,Standard,2025-05-30,True
343,Vikram Verma,Male,23,18-25,5,5,Premium,2025-05-10,True
344,Siddharth Nair,Male,35,26-35,28,3,Standard,2025-03-31,True
345,Manish Verma,Male,41,36-45,26,2,Premium,2025-09-06,True
346,Harsh Iyer,Male,20,18-25,11,1,Inactive,2025-11-01,False
347,Vivek Verma,Male,44,36-45,25,4,Standard,2025-11-23,True
348,Rohan Das,Male,64,56-65,27,3,Standard,2025-03-01,True
349,Rahul Verma,Male,43,36-45,16,3,Premium,2025-09-30,True
350,Karan Gupta,Male,63,56-65,13,4,Standard,2025-08-11,True
351,Vikram Naidu,Male,46,46-55,13,6,Standard,2025-01-22,True
352,Anil Iyer,Male,58,56-65,12,4,Standard,2025-05-20,True
353,Kavya Nair,Female,24,18-25,9,6,Standard,2025-12-12,True
354,Nikhil Gupta,Male,55,46-55,25,2,Standard,2025-04-03,True
355,Divya Sharma,Female,61,56-65,1,1,Standard,2025-02-23,True
356,Pooja Patel,Female,64,56-65,10,3,Standard,2025-02-17,True
357,Siddharth Gupta,Male,31,26-35,20,6,VIP,2025-02-14,True
358,Karan Gupta,Male,59,56-65,19,2,Standard,2025-05-10,True
359,Shreya Gupta,Female,22,18-25,21,4,Inactive,2025-05-22,False
360,Swati Naidu,Female,60,56-65,25,3,Premium,2025-05-22,True
361,Karan Singh,Male,39,36-45,2,3,Inactive,2025-05-16,False
362,Varun Reddy,Male,49,46-55,30,2,Standard,2025-09-09,True
363,Rahul Iyer,Male,45,36-45,7,5,Premium,2025-05-13,True
364,Aarav Reddy,Male,22,18-25,19,6,Standard,2025-09-12,True
365,Manish Gupta,Male,18,18-25,30,1,Standard,2025-12-25,True
366,Lakshmi Singh,Female,54,46-55,1,5,Premium,2025-09-02,True
367,Neha Pillai,Female,64,56-65,25,1,Standard,2025-12-19,True
368,Priya Das,Female,52,46-55,30,3,Standard,2025-01-29,True
369,Aditya Iyer,Male,39,36-45,3,4,Standard,2025-04-14,True
370,Akash Sharma,Male,42,36-45,22,2,Standard,2025-02-24,True
371,Shreya Reddy,Female,58,56-65,15,6,Standard,2025-01-13,True
372,Varun Singh,Male,22,18-25,26,5,Standard,2025-08-19,True
373,Aarav Rao,Male,21,18-25,11,6,Standard,2025-12-01,True
374,Meera Pillai,Female,52,46-55,5,6,Premium,2025-01-19,True
375,Varun Gupta,Male,19,18-25,16,5,Premium,2025-03-08,True
376,Rahul Gupta,Male,21,18-25,29,3,Standard,2025-11-09,True
377,Vivek Das,Male,22,18-25,27,1,Standard,2025-11-12,True
378,Arjun Mehta,Male,30,26-35,14,3,VIP,2025-12-14,True
379,Pooja Reddy,Female,61,56-65,19,5,Premium,2025-04-20,True
380,Siddharth Kumar,Male,39,36-45,3,1,Premium,2025-03-28,True
381,Divya Kumar,Female,46,46-55,8,5,Standard,2025-11-20,True
382,Riya Kumar,Female,19,18-25,29,4,Standard,2025-02-15,True
383,Neha Joshi,Female,48,46-55,23,2,Standard,2025-09-25,True
384,Neha Patel,Female,29,26-35,20,6,Standard,2025-09-13,True
385,Manish Pillai,Male,37,36-45,12,4,Standard,2025-03-02,True
386,Siddharth Rao,Male,52,46-55,17,2,Standard,2025-04-17,True
387,Ananya Patel,Female,25,18-25,26,2,VIP,2025-08-31,True
388,Sneha Kumar,Female,60,56-65,30,1,Standard,2025-04-18,True
389,Kavya Rao,Female,57,56-65,26,4,Premium,2025-10-03,True
390,Rahul Mehta,Male,19,18-25,16,5,Premium,2025-08-16,True
391,Neha Patel,Female,65,56-65,22,3,Standard,2025-04-27,True
392,Rohan Joshi,Male,44,36-45,28,2,Standard,2025-08-30,True
393,Ananya Naidu,Female,45,36-45,5,2,Inactive,2025-08-21,False
394,Karan Rao,Male,26,26-35,15,6,Standard,2025-05-19,True
395,Aditya Kumar,Male,20,18-25,23,5,Standard,2025-08-27,True
396,Neha Kumar,Female,39,36-45,8,3,Premium,2025-11-23,True
397,Siddharth Iyer,Male,32,26-35,3,4,Standard,2025-04-21,True
398,Nandini Verma,Female,35,26-35,1,6,Premium,2025-05-07,True
399,Neha Das,Female,32,26-35,29,5,Inactive,2025-10-21,False
400,Karan Sharma,Male,20,18-25,16,6,Standard,2025-09-29,True
401,Shreya Mehta,Female,62,56-65,27,1,Standard,2025-10-13,True
402,Nikhil Joshi,Male,44,36-45,7,2,Standard,2025-02-16,True
403,Varun Gupta,Male,37,36-45,6,6,Standard,2025-10-26,True
404,Varun Verma,Male,26,26-35,28,6,Premium,2025-07-09,True
405,Swati Gupta,Female,18,18-25,28,6,Premium,2025-06-20,True
406,Vikram Singh,Male,35,26-35,23,5,Premium,2025-12-17,True
407,Siddharth Naidu,Male,39,36-45,24,1,Premium,2025-07-06,True
408,Arjun Singh,Male,41,36-45,15,5,Standard,2025-11-28,True
409,Akash Joshi,Male,31,26-35,5,3,Standard,2025-09-02,True
410,Harsh Joshi,Male,32,26-35,11,3,Standard,2025-08-05,True
411,Ananya Reddy,Female,41,36-45,12,4,Standard,2025-03-04,True
412,Swati Iyer,Female,61,56-65,27,5,Standard,2025-07-08,True
413,Rohan Naidu,Male,47,46-55,3,1,Standard,2025-02-09,True
414,Rahul Nair,Male,25,18-25,23,2,Premium,2025-09-24,True
415,Vikram Singh,Male,61,56-65,18,2,Standard,2025-11-27,True
416,Vikram Patel,Male,22,18-25,1,2,Standard,2025-06-21,True
417,Ishita Rao,Female,59,56-65,21,3,Standard,2025-09-29,True
418,Shreya Nair,Female,54,46-55,5,3,Standard,2025-09-05,True
419,Kavya Mehta,Female,21,18-25,5,3,VIP,2025-11-13,True
420,Nikhil Iyer,Male,36,36-45,6,2,Standard,2025-12-08,True
421,Rahul Patel,Male,25,18-25,2,3,Standard,2025-07-09,True
422,Rohan Iyer,Male,63,56-65,2,6,Standard,2025-07-10,True
423,Divya Kumar,Female,52,46-55,10,1,Inactive,2025-07-27,False
424,Riya Kumar,Female,47,46-55,30,3,VIP,2025-10-07,True
425,Meera Joshi,Female,36,36-45,16,3,Inactive,2025-10-21,False
426,Harsh Das,Male,64,56-65,30,4,Standard,2025-09-03,True
427,Rahul Gupta,Male,53,46-55,4,3,Standard,2025-04-23,True
428,Pooja Reddy,Female,38,36-45,2,5,Standard,2025-04-24,True
429,Aishwarya Sharma,Female,23,18-25,18,4,VIP,2025-09-20,True
430,Aishwarya Verma,Female,38,36-45,20,5,Standard,2025-12-08,True
431,Neha Kumar,Female,63,56-65,28,4,Standard,2025-05-26,True
432,Pooja Nair,Female,46,46-55,28,5,Premium,2025-08-16,True
433,Riya Verma,Female,36,36-45,6,6,Inactive,2025-08-06,False
434,Sneha Pillai,Female,55,46-55,20,1,Standard,2025-09-26,True
435,Priya Naidu,Female,55,46-55,25,4,Standard,2025-05-20,True
436,Sneha Iyer,Female,47,46-55,23,5,Standard,2025-04-06,True
437,Kavya Iyer,Female,49,46-55,2,3,Standard,2025-10-14,True
438,Aishwarya Sharma,Female,18,18-25,5,3,Standard,2025-11-22,True
439,Priya Gupta,Female,60,56-65,29,3,Standard,2025-12-19,True
440,Aarav Reddy,Male,35,26-35,16,1,Standard,2025-09-04,True
441,Nandini Nair,Female,58,56-65,22,4,Inactive,2025-03-03,False
442,Divya Joshi,Female,54,46-55,1,3,Standard,2025-06-13,True
443,Lakshmi Joshi,Female,26,26-35,12,2,Standard,2025-11-22,True
444,Ananya Nair,Female,36,36-45,17,6,Inactive,2025-09-21,False
445,Harsh Gupta,Male,29,26-35,25,1,Standard,2025-06-15,True
446,Nandini Pillai,Female,61,56-65,26,3,Standard,2025-07-05,True
447,Akash Das,Male,40,36-45,27,2,Standard,2025-07-10,True
448,Neha Rao,Female,28,26-35,4,2,Standard,2025-04-07,True
449,Karan Verma,Male,22,18-25,4,2,Inactive,2025-09-03,False
450,Kavya Joshi,Female,41,36-45,5,4,Standard,2025-06-25,True
451,Nikhil Nair,Male,19,18-25,24,1,Premium,2025-03-14,True
452,Vikram Kumar,Male,31,26-35,5,1,Premium,2025-02-27,True
453,Aarav Mehta,Male,48,46-55,25,4,Standard,2025-12-04,True
454,Varun Reddy,Male,34,26-35,2,1,Standard,2025-02-19,True
455,Anil Das,Male,31,26-35,19,2,Standard,2025-02-16,True
456,Vivek Joshi,Male,35,26-35,19,3,Premium,2025-11-10,True
457,Akash Das,Male,22,18-25,4,5,Standard,2025-04-09,True
458,Sneha Naidu,Female,52,46-55,1,6,Standard,2025-09-16,True
459,Pooja Joshi,Female,55,46-55,6,4,Standard,2025-07-01,True
460,Neha Patel,Female,50,46-55,8,4,VIP,2025-03-05,True
461,Priya Iyer,Female,26,26-35,16,3,Standard,2025-01-21,True
462,Aditya Verma,Male,25,18-25,13,3,Premium,2025-12-18,True
463,Aishwarya Iyer,Female,44,36-45,10,4,Standard,2025-09-01,True
464,Sneha Sharma,Female,61,56-65,16,6,Standard,2025-12-04,True
465,Arjun Kumar,Male,43,36-45,13,6,Standard,2025-03-28,True
466,Aditya Patel,Male,39,36-45,7,5,Standard,2025-04-30,True
467,Swati Verma,Female,35,26-35,25,6,Standard,2025-11-26,True
468,Pooja Verma,Female,60,56-65,20,4,Inactive,2025-09-19,False
469,Sneha Mehta,Female,47,46-55,4,1,Standard,2025-11-18,True
470,Aarav Reddy,Male,65,56-65,2,1,Standard,2025-04-02,True
471,Ishita Gupta,Female,38,36-45,5,3,Standard,2025-02-09,True
472,Riya Verma,Female,30,26-35,10,6,Standard,2025-10-05,True
473,Riya Pillai,Female,52,46-55,18,1,Inactive,2025-01-17,False
474,Lakshmi Naidu,Female,25,18-25,13,4,Standard,2025-08-24,True
475,Aarav Kumar,Male,53,46-55,22,3,Standard,2025-08-09,True
476,Vikram Joshi,Male,42,36-45,16,1,Standard,2025-10-11,True
477,Shreya Iyer,Female,28,26-35,17,1,Standard,2025-07-13,True
478,Riya Nair,Female,38,36-45,2,1,Standard,2025-07-07,True
479,Riya Joshi,Female,55,46-55,1,6,Standard,2025-06-26,True
480,Neha Rao,Female,21,18-25,22,2,Standard,2025-10-31,True
481,Anil Joshi,Male,22,18-25,28,3,Standard,2025-10-03,True
482,Ananya Verma,Female,60,56-65,28,4,Premium,2025-05-17,True
483,Nikhil Verma,Male,55,46-55,1,3,Standard,2025-10-21,True
484,Harsh Verma,Male,24,18-25,23,6,Standard,2025-12-08,True
485,Sneha Das,Female,37,36-45,12,4,Standard,2025-02-08,True
486,Vikram Nair,Male,21,18-25,10,5,Standard,2025-02-17,True
487,Siddharth Rao,Male,35,26-35,3,5,Standard,2025-04-18,True
488,Riya Reddy,Female,59,56-65,27,3,Standard,2025-12-06,True
489,Aishwarya Singh,Female,43,36-45,9,5,Standard,2025-10-08,True
490,Anil Sharma,Male,58,56-65,23,5,Standard,2025-04-20,True
491,Kavya Naidu,Female,58,56-65,18,5,Premium,2025-10-17,True
492,Akash Patel,Male,41,36-45,15,2,Premium,2025-06-03,True
493,Neha Rao,Female,22,18-25,21,2,Standard,2025-05-27,True
494,Vikram Gupta,Male,56,56-65,8,4,Standard,2025-01-15,True
495,Harsh Pillai,Male,37,36-45,15,4,Standard,2025-11-28,True
496,Rohan Kumar,Male,35,26-35,5,1,Premium,2025-12-04,True
497,Manish Pillai,Male,20,18-25,24,4,Standard,2025-02-12,True
498,Ishita Nair,Female,22,18-25,29,4,Standard,2025-02-16,True
499,Nandini Joshi,Female,26,26-35,8,1,Standard,2025-03-03,True
500,Shreya Naidu,Female,23,18-25,8,5,Premium,2025-06-18,True
501,Riya Joshi,Female,65,56-65,8,4,Standard,2025-04-20,True
502,Shreya Singh,Female,34,26-35,28,5,Standard,2025-12-25,True
503,Aditya Iyer,Male,45,36-45,16,6,Standard,2025-03-16,True
504,Shreya Joshi,Female,41,36-45,27,3,VIP,2025-11-07,True
505,Vivek Joshi,Male,60,56-65,26,1,Premium,2025-05-03,True
506,Divya Singh,Female,37,36-45,21,6,Premium,2025-03-04,True
507,Vivek Verma,Male,42,36-45,1,4,Inactive,2025-05-11,False
508,Priya Naidu,Female,33,26-35,10,2,Standard,2025-08-13,True
509,Lakshmi Mehta,Female,59,56-65,14,1,Standard,2025-09-09,True
510,Swati Singh,Female,39,36-45,23,4,Premium,2025-03-24,True
511,Divya Reddy,Female,40,36-45,14,5,Standard,2025-06-17,True
512,Swati Sharma,Female,21,18-25,21,6,Standard,2025-11-25,True
513,Aarav Singh,Male,30,26-35,21,3,Standard,2025-03-22,True
514,Akash Joshi,Male,59,56-65,25,2,Standard,2025-06-13,True
515,Shreya Pillai,Female,65,56-65,5,3,Standard,2025-06-17,True
516,Aishwarya Reddy,Female,44,36-45,12,2,Standard,2025-10-20,True
517,Aarav Sharma,Male,53,46-55,21,5,Premium,2025-08-25,True
518,Vikram Joshi,Male,28,26-35,2,4,Standard,2025-03-18,True
519,Aditya Kumar,Male,54,46-55,4,1,Standard,2025-08-21,True
520,Priya Patel,Female,63,56-65,7,2,Inactive,2025-05-17,False
521,Swati Verma,Female,42,36-45,5,4,Standard,2025-05-25,True
522,Karan Kumar,Male,44,36-45,26,2,VIP,2025-05-01,True
523,Lakshmi Patel,Female,41,36-45,19,6,Standard,2025-08-29,True
524,Vivek Rao,Male,62,56-65,13,6,Standard,2025-08-05,True
525,Priya Reddy,Female,53,46-55,2,1,Standard,2025-07-01,True
526,Aarav Nair,Male,50,46-55,20,4,Standard,2025-07-09,True
527,Anil Iyer,Male,20,18-25,19,2,Standard,2025-06-23,True
528,Sneha Reddy,Female,38,36-45,23,5,Standard,2025-06-10,True
529,Rahul Verma,Male,35,26-35,24,3,Inactive,2025-05-25,False
530,Ishita Pillai,Female,34,26-35,17,3,Standard,2025-09-09,True
531,Akash Pillai,Male,60,56-65,21,4,Standard,2025-04-28,True
532,Aarav Verma,Male,34,26-35,6,6,Standard,2025-09-11,True
533,Varun Rao,Male,63,56-65,18,4,Standard,2025-03-17,True
534,Aditya Reddy,Male,31,26-35,28,3,Standard,2025-09-18,True
535,Ishita Naidu,Female,60,56-65,19,2,VIP,2025-09-27,True
536,Karan Naidu,Male,22,18-25,8,4,Premium,2025-01-14,True
537,Meera Gupta,Female,25,18-25,13,3,VIP,2025-06-15,True
538,Aarav Reddy,Male,47,46-55,27,6,Standard,2025-05-18,True
539,Aditya Sharma,Male,59,56-65,20,4,Premium,2025-10-19,True
540,Rohan Pillai,Male,21,18-25,26,6,Premium,2025-02-06,True
541,Priya Singh,Female,34,26-35,6,2,Inactive,2025-07-24,False
542,Aarav Pillai,Male,31,26-35,6,4,Standard,2025-12-01,True
543,Arjun Nair,Male,49,46-55,26,4,Premium,2025-12-17,True
544,Aditya Gupta,Male,24,18-25,27,3,Standard,2025-07-18,True
545,Kavya Das,Female,56,56-65,14,1,Premium,2025-11-11,True
546,Karan Gupta,Male,45,36-45,3,1,VIP,2025-12-13,True
547,Manish Gupta,Male,63,56-65,5,4,Standard,2025-02-12,True
548,Shreya Singh,Female,23,18-25,30,4,VIP,2025-12-17,True
549,Nandini Patel,Female,51,46-55,14,3,Standard,2025-01-24,True
550,Akash Singh,Male,44,36-45,4,4,Standard,2025-05-10,True
551,Kavya Das,Female,23,18-25,25,5,Premium,2025-08-25,True
552,Harsh Kumar,Male,43,36-45,2,1,Premium,2025-06-10,True
553,Riya Gupta,Female,46,46-55,20,3,Premium,2025-04-06,True
554,Rahul Reddy,Male,65,56-65,20,3,Standard,2025-10-01,True
555,Aarav Singh,Male,25,18-25,1,2,Standard,2025-07-27,True
556,Kavya Das,Female,57,56-65,12,6,Standard,2025-07-22,True
557,Priya Kumar,Female,26,26-35,1,2,Standard,2025-04-07,True
558,Rohan Verma,Male,59,56-65,5,6,Premium,2025-10-03,True
559,Arjun Nair,Male,47,46-55,5,4,Standard,2025-03-20,True
560,Shreya Verma,Female,19,18-25,28,4,Standard,2025-10-19,True
561,Ananya Rao,Female,18,18-25,4,6,Standard,2025-08-01,True
562,Swati Das,Female,56,56-65,24,5,Inactive,2025-01-19,False
563,Neha Verma,Female,50,46-55,19,6,Standard,2025-09-07,True
564,Nikhil Sharma,Male,51,46-55,1,4,Standard,2025-05-18,True
565,Lakshmi Verma,Female,25,18-25,16,5,Inactive,2025-06-27,False
566,Swati Singh,Female,19,18-25,6,3,Standard,2025-08-13,True
567,Akash Patel,Male,55,46-55,30,6,Standard,2025-12-03,True
568,Sneha Naidu,Female,36,36-45,24,6,Standard,2025-12-11,True
569,Riya Verma,Female,28,26-35,20,2,Premium,2025-12-08,True
570,Sneha Kumar,Female,30,26-35,6,5,Premium,2025-09-10,True
571,Aishwarya Patel,Female,53,46-55,2,1,Standard,2025-12-13,True
572,Rahul Pillai,Male,50,46-55,2,1,Standard,2025-04-27,True
573,Akash Patel,Male,49,46-55,9,3,Premium,2025-10-13,True
574,Lakshmi Kumar,Female,62,56-65,28,5,Standard,2025-01-26,True
575,Riya Verma,Female,25,18-25,4,5,Premium,2025-02-22,True
576,Akash Reddy,Male,28,26-35,21,1,Premium,2025-03-22,True
577,Swati Verma,Female,50,46-55,16,6,Standard,2025-07-06,True
578,Nandini Kumar,Female,25,18-25,28,2,Standard,2025-01-04,True
579,Vivek Mehta,Male,48,46-55,11,3,Standard,2025-07-10,True
580,Pooja Gupta,Female,60,56-65,8,2,Standard,2025-04-27,True
581,Harsh Singh,Male,44,36-45,30,4,VIP,2025-09-22,True
582,Ananya Verma,Female,27,26-35,25,1,Standard,2025-02-05,True
583,Aditya Rao,Male,43,36-45,25,2,Standard,2025-01-19,True
584,Anil Das,Male,21,18-25,21,6,Premium,2025-06-01,True
585,Neha Naidu,Female,61,56-65,23,5,Premium,2025-06-10,True
586,Ananya Pillai,Female,35,26-35,29,5,Standard,2025-07-26,True
587,Meera Patel,Female,52,46-55,20,5,Standard,2025-11-29,True
588,Riya Patel,Female,37,36-45,3,1,Standard,2025-03-06,True
589,Aishwarya Reddy,Female,50,46-55,18,3,Premium,2025-03-23,True
590,Aarav Naidu,Male,52,46-55,19,3,Premium,2025-08-05,True
591,Nikhil Sharma,Male,41,36-45,9,6,Standard,2025-11-30,True
592,Varun Nair,Male,54,46-55,24,1,VIP,2025-10-25,True
593,Aditya Nair,Male,36,36-45,22,6,Standard,2025-07-13,True
594,Arjun Rao,Male,51,46-55,19,2,Standard,2025-02-20,True
595,Nikhil Singh,Male,44,36-45,3,1,Premium,2025-09-01,True
596,Varun Reddy,Male,41,36-45,22,5,Standard,2025-07-22,True
597,Ishita Verma,Female,58,56-65,14,4,Premium,2025-08-02,True
598,Rahul Iyer,Male,26,26-35,16,6,VIP,2025-09-20,True
599,Nikhil Patel,Male,47,46-55,16,1,Premium,2025-07-09,True
600,Siddharth Pillai,Male,44,36-45,4,1,Standard,2025-09-25,True
601,Arjun Rao,Male,37,36-45,12,3,Standard,2025-03-15,True
602,Harsh Das,Male,44,36-45,2,3,Standard,2025-09-08,True
603,Arjun Iyer,Male,40,36-45,3,1,Standard,2025-10-17,True
604,Lakshmi Rao,Female,42,36-45,16,6,Standard,2025-03-12,True
605,Riya Verma,Female,60,56-65,15,2,Standard,2025-11-16,True
606,Neha Patel,Female,43,36-45,11,5,Standard,2025-08-15,True
607,Meera Reddy,Female,28,26-35,23,1,Premium,2025-12-29,True
608,Divya Gupta,Female,25,18-25,21,5,VIP,2025-10-05,True
609,Siddharth Iyer,Male,30,26-35,25,4,Standard,2025-12-04,True
610,Aarav Nair,Male,31,26-35,8,6,Standard,2025-02-13,True
611,Neha Das,Female,20,18-25,16,1,Standard,2025-01-13,True
612,Neha Nair,Female,23,18-25,4,1,Standard,2025-04-04,True
613,Riya Reddy,Female,27,26-35,10,4,Standard,2025-06-16,True
614,Aarav Joshi,Male,21,18-25,10,4,Standard,2025-06-15,True
615,Neha Pillai,Female,25,18-25,2,2,Standard,2025-05-02,True
616,Divya Mehta,Female,50,46-55,13,1,Standard,2025-10-11,True
617,Priya Verma,Female,19,18-25,14,6,Premium,2025-05-18,True
618,Rohan Mehta,Male,53,46-55,21,2,Standard,2025-02-12,True
619,Harsh Kumar,Male,41,36-45,18,2,Standard,2025-08-05,True
620,Ananya Sharma,Female,47,46-55,27,5,VIP,2025-01-01,True
621,Anil Naidu,Male,48,46-55,9,5,Standard,2025-06-29,True
622,Siddharth Pillai,Male,50,46-55,10,1,Standard,2025-02-05,True
623,Priya Singh,Female,62,56-65,4,2,VIP,2025-08-10,True
624,Siddharth Iyer,Male,38,36-45,29,6,Inactive,2025-11-22,False
625,Riya Joshi,Female,46,46-55,9,2,Standard,2025-04-18,True
626,Ishita Rao,Female,19,18-25,30,6,Premium,2025-11-08,True
627,Ananya Naidu,Female,18,18-25,22,2,Premium,2025-12-27,True
628,Riya Singh,Female,52,46-55,3,6,Standard,2025-12-10,True
629,Meera Reddy,Female,40,36-45,27,4,Standard,2025-04-01,True
630,Arjun Verma,Male,41,36-45,30,2,Standard,2025-01-11,True
631,Meera Naidu,Female,63,56-65,12,2,Standard,2025-06-05,True
632,Rohan Verma,Male,41,36-45,2,3,Premium,2025-11-07,True
633,Aarav Patel,Male,58,56-65,13,1,Standard,2025-09-10,True
634,Akash Patel,Male,60,56-65,24,5,Standard,2025-03-31,True
635,Siddharth Kumar,Male,65,56-65,3,2,Standard,2025-04-27,True
636,Aishwarya Pillai,Female,61,56-65,1,6,Standard,2025-12-15,True
637,Ananya Singh,Female,59,56-65,22,6,Premium,2025-08-10,True
638,Kavya Reddy,Female,61,56-65,17,4,Standard,2025-01-23,True
639,Aarav Nair,Male,44,36-45,18,4,Standard,2025-06-21,True
640,Anil Das,Male,19,18-25,24,2,Inactive,2025-08-05,False
641,Anil Patel,Male,30,26-35,6,3,Standard,2025-02-19,True
642,Varun Singh,Male,19,18-25,19,6,Inactive,2025-05-09,False
643,Arjun Verma,Male,33,26-35,11,1,Standard,2025-05-02,True
644,Harsh Das,Male,57,56-65,15,1,Standard,2025-02-13,True
645,Anil Sharma,Male,42,36-45,11,6,Standard,2025-08-15,True
646,Vikram Das,Male,58,56-65,14,1,Standard,2025-01-27,True
647,Nandini Singh,Female,43,36-45,4,5,Standard,2025-11-03,True
648,Varun Singh,Male,47,46-55,26,4,Standard,2025-06-23,True
649,Varun Iyer,Male,39,36-45,19,2,Standard,2025-02-04,True
650,Anil Das,Male,26,26-35,21,5,Standard,2025-11-14,True
651,Sneha Patel,Female,26,26-35,26,1,Standard,2025-08-12,True
652,Kavya Das,Female,52,46-55,25,2,Standard,2025-06-25,True
653,Pooja Sharma,Female,51,46-55,19,6,Standard,2025-09-17,True
654,Karan Rao,Male,30,26-35,7,6,Inactive,2025-02-05,False
655,Aishwarya Gupta,Female,48,46-55,23,6,Inactive,2025-11-04,False
656,Nandini Das,Female,54,46-55,11,5,Standard,2025-02-23,True
657,Lakshmi Mehta,Female,20,18-25,16,2,Inactive,2025-11-24,False
658,Nikhil Patel,Male,47,46-55,20,2,Premium,2025-06-19,True
659,Aishwarya Singh,Female,29,26-35,27,1,Standard,2025-01-16,True
660,Rahul Nair,Male,46,46-55,7,6,Premium,2025-01-23,True
661,Rohan Patel,Male,36,36-45,6,2,Premium,2025-06-23,True
662,Rahul Patel,Male,19,18-25,6,3,Inactive,2025-01-11,False
663,Karan Gupta,Male,25,18-25,11,2,Standard,2025-07-10,True
664,Akash Mehta,Male,57,56-65,29,4,Standard,2025-03-15,True
665,Harsh Patel,Male,30,26-35,18,4,Standard,2025-08-08,True
666,Anil Sharma,Male,57,56-65,19,2,Standard,2025-03-18,True
667,Aishwarya Sharma,Female,58,56-65,26,3,Premium,2025-10-27,True
668,Aishwarya Joshi,Female,23,18-25,26,4,Standard,2025-03-27,True
669,Riya Naidu,Female,59,56-65,25,5,Standard,2025-04-02,True
670,Swati Rao,Female,51,46-55,23,4,Standard,2025-05-18,True
671,Meera Naidu,Female,55,46-55,21,1,Premium,2025-08-20,True
672,Karan Patel,Male,37,36-45,14,4,Premium,2025-07-11,True
673,Divya Reddy,Female,26,26-35,25,1,Standard,2025-04-28,True
674,Varun Iyer,Male,57,56-65,11,4,Standard,2025-07-08,True
675,Pooja Nair,Female,42,36-45,1,2,Standard,2025-02-08,True
676,Lakshmi Reddy,Female,36,36-45,27,5,Standard,2025-05-22,True
677,Arjun Reddy,Male,22,18-25,12,1,Standard,2025-12-12,True
678,Kavya Nair,Female,65,56-65,27,6,Standard,2025-11-06,True
679,Vivek Mehta,Male,63,56-65,24,5,Inactive,2025-01-05,False
680,Kavya Pillai,Female,40,36-45,26,4,Inactive,2025-10-24,False
681,Varun Gupta,Male,50,46-55,25,2,Standard,2025-04-18,True
682,Aishwarya Iyer,Female,55,46-55,26,5,Premium,2025-08-25,True
683,Riya Reddy,Female,38,36-45,28,2,Premium,2025-08-02,True
684,Varun Verma,Male,53,46-55,1,3,Premium,2025-06-06,True
685,Varun Mehta,Male,60,56-65,27,3,Standard,2025-12-18,True
686,Riya Mehta,Female,62,56-65,18,3,Standard,2025-01-17,True
687,Rahul Rao,Male,54,46-55,21,5,Inactive,2025-10-21,False
688,Neha Patel,Female,43,36-45,3,5,Standard,2025-06-18,True
689,Meera Naidu,Female,37,36-45,3,2,Standard,2025-01-17,True
690,Ananya Kumar,Female,30,26-35,3,4,Standard,2025-12-04,True
691,Varun Sharma,Male,41,36-45,17,1,Premium,2025-07-30,True
692,Sneha Reddy,Female,26,26-35,18,4,Standard,2025-04-16,True
693,Vivek Patel,Male,37,36-45,14,6,Standard,2025-10-22,True
694,Ishita Patel,Female,50,46-55,23,6,Standard,2025-03-15,True
695,Priya Pillai,Female,43,36-45,20,2,Premium,2025-09-09,True
696,Shreya Das,Female,20,18-25,24,1,Premium,2025-08-22,True
697,Swati Pillai,Female,63,56-65,26,3,Premium,2025-03-31,True
698,Aishwarya Kumar,Female,57,56-65,24,4,Premium,2025-04-04,True
699,Karan Joshi,Male,20,18-25,8,2,Standard,2025-05-30,True
700,Nikhil Joshi,Male,64,56-65,29,2,Inactive,2025-07-30,False
701,Aditya Reddy,Male,24,18-25,17,3,Standard,2025-04-17,True
702,Varun Sharma,Male,22,18-25,21,6,Standard,2025-06-25,True
703,Nandini Patel,Female,43,36-45,2,1,Premium,2025-03-11,True
704,Meera Joshi,Female,47,46-55,16,4,Standard,2025-05-05,True
705,Sneha Verma,Female,35,26-35,27,2,Standard,2025-02-21,True
706,Vikram Reddy,Male,52,46-55,24,4,Standard,2025-01-06,True
707,Sneha Verma,Female,40,36-45,6,2,Premium,2025-09-30,True
708,Varun Joshi,Male,21,18-25,27,6,Standard,2025-12-04,True
709,Karan Joshi,Male,37,36-45,15,1,Standard,2025-07-13,True
710,Anil Patel,Male,41,36-45,30,2,Standard,2025-01-15,True
711,Aditya Pillai,Male,30,26-35,22,6,VIP,2025-02-19,True
712,Nikhil Kumar,Male,20,18-25,14,5,Standard,2025-10-15,True
713,Siddharth Patel,Male,52,46-55,13,4,Standard,2025-07-02,True
714,Sneha Sharma,Female,43,36-45,21,3,Standard,2025-04-23,True
715,Manish Pillai,Male,35,26-35,21,5,Standard,2025-04-22,True
716,Kavya Mehta,Female,56,56-65,16,1,Premium,2025-10-19,True
717,Vikram Reddy,Male,56,56-65,11,6,Standard,2025-12-22,True
718,Aditya Kumar,Male,58,56-65,25,6,Premium,2025-09-04,True
719,Aditya Sharma,Male,56,56-65,30,5,Standard,2025-04-30,True
720,Rohan Sharma,Male,57,56-65,25,1,Premium,2025-05-05,True
721,Aarav Kumar,Male,41,36-45,16,3,Standard,2025-11-25,True
722,Rohan Naidu,Male,64,56-65,20,4,Standard,2025-05-23,True
723,Meera Mehta,Female,20,18-25,17,4,Standard,2025-01-13,True
724,Vivek Joshi,Male,39,36-45,11,2,Standard,2025-12-07,True
725,Harsh Gupta,Male,62,56-65,24,2,Standard,2025-06-14,True
726,Varun Gupta,Male,18,18-25,3,4,Standard,2025-11-21,True
727,Rohan Kumar,Male,23,18-25,6,5,Premium,2025-04-15,True
728,Akash Reddy,Male,45,36-45,24,4,Premium,2025-05-06,True
729,Sneha Das,Female,33,26-35,10,3,VIP,2025-04-14,True
730,Nandini Mehta,Female,48,46-55,3,3,Standard,2025-08-14,True
731,Divya Das,Female,65,56-65,14,2,Premium,2025-01-11,True
732,Neha Pillai,Female,23,18-25,25,3,Standard,2025-03-31,True
733,Neha Verma,Female,37,36-45,15,3,Standard,2025-02-06,True
734,Sneha Joshi,Female,48,46-55,7,2,Inactive,2025-01-03,False
735,Vivek Iyer,Male,64,56-65,24,3,Premium,2025-07-22,True
736,Neha Verma,Female,37,36-45,21,5,Premium,2025-03-05,True
737,Lakshmi Das,Female,28,26-35,7,4,Inactive,2025-06-28,False
738,Meera Joshi,Female,41,36-45,23,1,Premium,2025-05-07,True
739,Varun Sharma,Male,41,36-45,21,6,Standard,2025-11-27,True
740,Vikram Das,Male,47,46-55,22,2,Standard,2025-12-06,True
741,Aarav Reddy,Male,23,18-25,21,6,Inactive,2025-07-23,False
742,Akash Naidu,Male,30,26-35,29,4,Standard,2025-12-21,True
743,Divya Iyer,Female,60,56-65,29,4,Premium,2025-02-15,True
744,Manish Das,Male,40,36-45,27,2,Standard,2025-07-23,True
745,Ananya Kumar,Female,49,46-55,1,1,Standard,2025-09-26,True
746,Meera Nair,Female,64,56-65,14,2,Standard,2025-03-10,True
747,Varun Kumar,Male,50,46-55,4,4,Standard,2025-04-13,True
748,Nikhil Kumar,Male,30,26-35,9,4,Premium,2025-02-25,True
749,Arjun Nair,Male,23,18-25,13,1,Standard,2025-10-27,True
750,Varun Verma,Male,61,56-65,25,1,Standard,2025-01-04,True
751,Arjun Patel,Male,51,46-55,26,1,Standard,2025-05-17,True
752,Shreya Mehta,Female,39,36-45,20,4,Standard,2025-06-25,True
753,Nandini Patel,Female,41,36-45,22,4,Standard,2025-07-02,True
754,Riya Reddy,Female,18,18-25,15,6,Premium,2025-03-13,True
755,Siddharth Reddy,Male,51,46-55,9,6,Standard,2025-08-20,True
756,Divya Singh,Female,60,56-65,7,1,Inactive,2025-06-14,False
757,Manish Rao,Male,20,18-25,26,6,Standard,2025-11-07,True
758,Neha Joshi,Female,57,56-65,26,1,Premium,2025-09-01,True
759,Nikhil Singh,Male,36,36-45,20,2,Premium,2025-10-20,True
760,Rahul Verma,Male,23,18-25,10,6,Inactive,2025-08-28,False
761,Anil Verma,Male,25,18-25,16,6,Standard,2025-03-29,True
762,Arjun Singh,Male,63,56-65,1,2,Inactive,2025-06-17,False
763,Riya Nair,Female,32,26-35,24,3,VIP,2025-12-10,True
764,Manish Kumar,Male,52,46-55,21,6,Premium,2025-06-20,True
765,Anil Das,Male,56,56-65,3,6,Premium,2025-07-15,True
766,Riya Patel,Female,32,26-35,9,1,Standard,2025-06-24,True
767,Nikhil Reddy,Male,54,46-55,12,2,VIP,2025-10-23,True
768,Vikram Sharma,Male,55,46-55,18,2,VIP,2025-06-13,True
769,Riya Gupta,Female,26,26-35,17,6,Standard,2025-07-22,True
770,Akash Pillai,Male,47,46-55,11,2,Standard,2025-04-23,True
771,Meera Verma,Female,27,26-35,20,3,Standard,2025-12-26,True
772,Siddharth Rao,Male,37,36-45,17,6,VIP,2025-12-28,True
773,Meera Pillai,Female,31,26-35,16,3,Standard,2025-06-20,True
774,Vivek Joshi,Male,31,26-35,28,6,Inactive,2025-04-26,False
775,Anil Pillai,Male,29,26-35,28,4,Standard,2025-12-04,True
776,Aarav Iyer,Male,43,36-45,11,4,VIP,2025-07-20,True
777,Priya Iyer,Female,64,56-65,10,3,Standard,2025-10-08,True
778,Priya Kumar,Female,38,36-45,25,5,Standard,2025-12-30,True
779,Shreya Gupta,Female,28,26-35,19,2,Standard,2025-03-16,True
780,Rohan Mehta,Male,65,56-65,7,6,Standard,2025-10-22,True
781,Manish Mehta,Male,27,26-35,13,4,Standard,2025-01-29,True
782,Aditya Verma,Male,29,26-35,2,1,Inactive,2025-11-29,False
783,Ishita Singh,Female,27,26-35,21,6,Standard,2025-05-04,True
784,Shreya Nair,Female,62,56-65,20,2,Standard,2025-12-21,True
785,Harsh Verma,Male,59,56-65,13,3,Standard,2025-01-06,True
786,Arjun Reddy,Male,25,18-25,16,6,Standard,2025-01-12,True
787,Kavya Joshi,Female,65,56-65,4,5,Standard,2025-11-27,True
788,Kavya Das,Female,26,26-35,4,3,Premium,2025-10-03,True
789,Karan Pillai,Male,62,56-65,1,4,Standard,2025-09-29,True
790,Priya Iyer,Female,55,46-55,18,6,Standard,2025-04-17,True
791,Rahul Pillai,Male,56,56-65,23,2,Standard,2025-06-10,True
792,Aarav Kumar,Male,54,46-55,7,6,Standard,2025-01-18,True
793,Arjun Iyer,Male,37,36-45,12,5,VIP,2025-12-03,True
794,Rohan Nair,Male,20,18-25,17,3,Standard,2025-10-23,True
795,Swati Rao,Female,51,46-55,30,3,Standard,2025-12-19,True
796,Manish Pillai,Male,20,18-25,8,1,Standard,2025-04-21,True
797,Siddharth Iyer,Male,31,26-35,19,3,Premium,2025-08-05,True
798,Akash Nair,Male,34,26-35,13,6,Inactive,2025-07-24,False
799,Priya Nair,Female,61,56-65,14,6,Standard,2025-11-19,True
800,Meera Joshi,Female,59,56-65,7,6,Standard,2025-09-19,True
801,Karan Pillai,Male,27,26-35,11,4,VIP,2025-05-07,True
802,Vikram Reddy,Male,52,46-55,4,6,Standard,2025-11-24,True
803,Aditya Naidu,Male,39,36-45,25,3,Premium,2025-05-21,True
804,Arjun Singh,Male,32,26-35,13,1,Standard,2025-09-27,True
805,Ishita Pillai,Female,49,46-55,4,5,Standard,2025-05-25,True
806,Ishita Reddy,Female,21,18-25,6,3,Inactive,2025-07-19,False
807,Aditya Mehta,Male,65,56-65,22,5,Premium,2025-07-26,True
808,Ishita Kumar,Female,34,26-35,1,6,Standard,2025-03-06,True
809,Karan Das,Male,65,56-65,9,1,Inactive,2025-11-24,False
810,Swati Mehta,Female,33,26-35,22,5,Standard,2025-08-13,True
811,Riya Verma,Female,50,46-55,10,3,Inactive,2025-09-24,False
812,Vikram Gupta,Male,23,18-25,10,4,Premium,2025-11-21,True
813,Arjun Joshi,Male,33,26-35,3,2,Standard,2025-05-27,True
814,Riya Pillai,Female,18,18-25,14,6,Premium,2025-09-03,True
815,Divya Gupta,Female,61,56-65,29,5,Standard,2025-11-12,True
816,Anil Pillai,Male,65,56-65,1,6,Standard,2025-06-26,True
817,Nikhil Gupta,Male,51,46-55,22,5,Standard,2025-03-28,True
818,Rahul Reddy,Male,41,36-45,27,2,VIP,2025-08-05,True
819,Neha Kumar,Female,41,36-45,4,3,Inactive,2025-05-08,False
820,Vikram Nair,Male,48,46-55,10,3,Premium,2025-10-19,True
821,Aishwarya Naidu,Female,37,36-45,30,6,Premium,2025-08-26,True
822,Ananya Rao,Female,18,18-25,20,4,Standard,2025-01-03,True
823,Lakshmi Joshi,Female,29,26-35,13,3,Standard,2025-04-12,True
824,Akash Iyer,Male,27,26-35,14,1,Inactive,2025-01-04,False
825,Harsh Gupta,Male,34,26-35,8,4,Standard,2025-08-08,True
826,Akash Mehta,Male,35,26-35,4,4,Standard,2025-03-13,True
827,Swati Singh,Female,18,18-25,12,6,Standard,2025-01-21,True
828,Karan Singh,Male,65,56-65,11,1,Standard,2025-09-03,True
829,Priya Singh,Female,49,46-55,18,4,Premium,2025-06-16,True
830,Divya Joshi,Female,65,56-65,27,4,VIP,2025-01-11,True
831,Rahul Rao,Male,50,46-55,1,6,Standard,2025-06-25,True
832,Ishita Joshi,Female,18,18-25,14,4,Standard,2025-08-08,True
833,Siddharth Kumar,Male,64,56-65,17,2,Premium,2025-05-15,True
834,Manish Pillai,Male,45,36-45,7,4,Premium,2025-12-25,True
835,Rohan Pillai,Male,55,46-55,21,6,Standard,2025-07-25,True
836,Vikram Patel,Male,27,26-35,14,1,Standard,2025-01-27,True
837,Neha Iyer,Female,37,36-45,23,6,Inactive,2025-04-24,False
838,Neha Verma,Female,21,18-25,17,4,Standard,2025-05-18,True
839,Kavya Rao,Female,63,56-65,14,2,Standard,2025-01-21,True
840,Aarav Gupta,Male,65,56-65,11,2,Standard,2025-11-07,True
841,Karan Kumar,Male,34,26-35,16,3,Standard,2025-12-09,True
842,Manish Iyer,Male,26,26-35,11,3,Standard,2025-10-29,True
843,Aishwarya Gupta,Female,35,26-35,7,5,Premium,2025-03-08,True
844,Aarav Das,Male,59,56-65,27,2,Standard,2025-02-20,True
845,Akash Das,Male,39,36-45,10,6,Premium,2025-10-01,True
846,Aarav Kumar,Male,30,26-35,14,5,Premium,2025-10-14,True
847,Lakshmi Rao,Female,46,46-55,21,6,Standard,2025-09-05,True
848,Divya Naidu,Female,50,46-55,26,1,Standard,2025-03-08,True
849,Ananya Das,Female,21,18-25,26,6,Premium,2025-09-11,True
850,Rahul Verma,Male,50,46-55,13,5,Standard,2025-05-20,True
851,Rahul Sharma,Male,28,26-35,19,2,Standard,2025-09-20,True
852,Divya Joshi,Female,64,56-65,17,3,Standard,2025-12-29,True
853,Divya Reddy,Female,28,26-35,8,1,Standard,2025-11-24,True
854,Anil Nair,Male,26,26-35,9,1,Standard,2025-04-18,True
855,Aarav Gupta,Male,40,36-45,21,5,Inactive,2025-06-16,False
856,Nikhil Naidu,Male,53,46-55,9,6,Premium,2025-05-31,True
857,Ananya Gupta,Female,18,18-25,27,3,VIP,2025-04-01,True
858,Ananya Iyer,Female,60,56-65,28,5,Premium,2025-07-15,True
859,Nandini Gupta,Female,58,56-65,20,5,Standard,2025-06-16,True
860,Aishwarya Das,Female,58,56-65,26,4,Standard,2025-08-11,True
861,Sneha Naidu,Female,48,46-55,3,4,Standard,2025-04-01,True
862,Siddharth Verma,Male,64,56-65,6,6,Standard,2025-04-01,True
863,Meera Das,Female,30,26-35,3,2,Standard,2025-11-27,True
864,Priya Joshi,Female,51,46-55,5,6,Standard,2025-02-21,True
865,Neha Sharma,Female,25,18-25,27,1,Standard,2025-01-23,True
866,Rohan Mehta,Male,23,18-25,9,2,Inactive,2025-11-04,False
867,Harsh Sharma,Male,24,18-25,18,6,Premium,2025-02-13,True
868,Rahul Verma,Male,54,46-55,29,4,Standard,2025-09-03,True
869,Rohan Sharma,Male,52,46-55,23,3,Standard,2025-01-23,True
870,Akash Nair,Male,24,18-25,17,4,Premium,2025-01-13,True
871,Karan Singh,Male,27,26-35,12,6,Premium,2025-12-17,True
872,Meera Naidu,Female,63,56-65,27,1,VIP,2025-04-25,True
873,Vikram Rao,Male,22,18-25,20,3,Premium,2025-02-13,True
874,Siddharth Kumar,Male,29,26-35,14,5,Standard,2025-08-06,True
875,Anil Gupta,Male,61,56-65,10,5,Standard,2025-02-23,True
876,Lakshmi Verma,Female,60,56-65,12,3,Premium,2025-02-09,True
877,Vivek Naidu,Male,27,26-35,25,6,Standard,2025-08-17,True
878,Nandini Reddy,Female,25,18-25,19,4,Inactive,2025-05-23,False
879,Arjun Rao,Male,26,26-35,6,4,Standard,2025-09-04,True
880,Ishita Mehta,Female,58,56-65,11,2,Standard,2025-05-06,True
881,Neha Iyer,Female,49,46-55,18,5,Standard,2025-04-28,True
882,Priya Das,Female,63,56-65,14,5,Standard,2025-04-23,True
883,Rohan Rao,Male,18,18-25,7,1,Standard,2025-03-10,True
884,Aarav Naidu,Male,40,36-45,12,2,Standard,2025-10-10,True
885,Aishwarya Patel,Female,32,26-35,2,6,VIP,2025-12-27,True
886,Karan Joshi,Male,19,18-25,23,4,Premium,2025-12-06,True
887,Varun Pillai,Male,56,56-65,28,2,Standard,2025-02-10,True
888,Arjun Sharma,Male,54,46-55,27,4,Standard,2025-03-13,True
889,Shreya Singh,Female,64,56-65,11,4,Standard,2025-05-27,True
890,Rahul Sharma,Male,59,56-65,2,5,Standard,2025-01-06,True
891,Nandini Singh,Female,61,56-65,29,4,Premium,2025-10-20,True
892,Swati Patel,Female,45,36-45,30,2,Standard,2025-07-13,True
893,Nikhil Patel,Male,43,36-45,20,1,Standard,2025-10-14,True
894,Vivek Joshi,Male,47,46-55,16,3,Standard,2025-07-14,True
895,Aarav Mehta,Male,41,36-45,21,4,Standard,2025-02-09,True
896,Ishita Mehta,Female,39,36-45,1,2,Standard,2025-02-03,True
897,Siddharth Sharma,Male,37,36-45,7,5,Premium,2025-05-04,True
898,Priya Das,Female,54,46-55,2,5,Inactive,2025-09-05,False
899,Aarav Rao,Male,23,18-25,10,1,Inactive,2025-05-25,False
900,Divya Patel,Female,38,36-45,25,4,VIP,2025-12-26,True
901,Aditya Singh,Male,65,56-65,17,1,Premium,2025-01-13,True
902,Shreya Das,Female,20,18-25,10,2,Standard,2025-11-17,True
903,Nikhil Patel,Male,31,26-35,26,6,Premium,2025-03-24,True
904,Shreya Mehta,Female,26,26-35,11,3,Premium,2025-08-09,True
905,Anil Joshi,Male,61,56-65,13,2,Standard,2025-02-08,True
906,Siddharth Gupta,Male,49,46-55,4,1,Premium,2025-10-08,True
907,Varun Reddy,Male,47,46-55,11,2,Inactive,2025-03-24,False
908,Vikram Das,Male,41,36-45,12,1,Premium,2025-08-24,True
909,Shreya Nair,Female,46,46-55,21,2,Inactive,2025-10-19,False
910,Ananya Rao,Female,36,36-45,13,4,Premium,2025-03-08,True
911,Pooja Iyer,Female,57,56-65,11,3,Standard,2025-08-19,True
912,Lakshmi Naidu,Female,61,56-65,2,5,Inactive,2025-01-30,False
913,Nikhil Pillai,Male,53,46-55,1,2,Standard,2025-03-23,True
914,Nandini Reddy,Female,32,26-35,13,4,Standard,2025-08-28,True
915,Priya Reddy,Female,29,26-35,24,1,Inactive,2025-07-23,False
916,Aishwarya Singh,Female,39,36-45,3,3,Standard,2025-04-19,True
917,Priya Nair,Female,47,46-55,2,5,Standard,2025-11-24,True
918,Aditya Das,Male,20,18-25,20,4,Premium,2025-08-09,True
919,Aishwarya Sharma,Female,31,26-35,28,1,Inactive,2025-12-17,False
920,Kavya Nair,Female,58,56-65,6,1,Standard,2025-02-11,True
921,Nandini Joshi,Female,46,46-55,28,4,Standard,2025-05-13,True
922,Vivek Sharma,Male,23,18-25,29,4,Premium,2025-03-26,True
923,Aditya Singh,Male,48,46-55,16,5,Standard,2025-12-23,True
924,Pooja Naidu,Female,62,56-65,19,4,Standard,2025-11-02,True
925,Arjun Joshi,Male,60,56-65,19,5,Standard,2025-06-12,True
926,Rahul Naidu,Male,47,46-55,30,2,Standard,2025-12-12,True
927,Kavya Iyer,Female,64,56-65,1,4,Inactive,2025-03-06,False
928,Meera Das,Female,24,18-25,2,2,Standard,2025-12-23,True
929,Siddharth Singh,Male,31,26-35,12,2,Inactive,2025-12-14,False
930,Aditya Pillai,Male,41,36-45,1,3,Standard,2025-03-05,True
931,Meera Verma,Female,44,36-45,14,3,Standard,2025-09-25,True
932,Priya Naidu,Female,29,26-35,15,4,Standard,2025-03-25,True
933,Neha Nair,Female,60,56-65,23,6,Standard,2025-11-14,True
934,Arjun Mehta,Male,24,18-25,3,6,Premium,2025-02-23,True
935,Swati Mehta,Female,57,56-65,30,5,Standard,2025-10-25,True
936,Manish Nair,Male,44,36-45,7,2,Standard,2025-02-28,True
937,Vivek Verma,Male,25,18-25,12,4,Premium,2025-12-27,True
938,Ananya Rao,Female,32,26-35,17,3,Standard,2025-06-07,True
939,Meera Patel,Female,18,18-25,29,4,Standard,2025-07-11,True
940,Pooja Kumar,Female,54,46-55,14,2,Standard,2025-11-12,True
941,Nandini Sharma,Female,54,46-55,14,2,Inactive,2025-07-19,False
942,Karan Naidu,Male,38,36-45,17,2,Standard,2025-03-06,True
943,Manish Das,Male,43,36-45,27,6,Inactive,2025-10-11,False
944,Aditya Patel,Male,23,18-25,3,1,Standard,2025-10-31,True
945,Aarav Das,Male,63,56-65,18,1,Standard,2025-03-08,True
946,Meera Gupta,Female,40,36-45,6,2,Standard,2025-04-10,True
947,Nikhil Mehta,Male,42,36-45,25,3,Standard,2025-03-15,True
948,Manish Das,Male,24,18-25,4,4,Inactive,2025-03-04,False
949,Rahul Nair,Male,34,26-35,29,2,Standard,2025-07-05,True
950,Karan Reddy,Male,49,46-55,26,1,Standard,2025-11-17,True
951,Rohan Gupta,Male,44,36-45,13,3,Standard,2025-03-24,True
952,Vikram Sharma,Male,29,26-35,22,5,Premium,2025-03-02,True
953,Pooja Verma,Female,57,56-65,20,5,Standard,2025-05-11,True
954,Rohan Das,Male,19,18-25,18,1,Premium,2025-04-21,True
955,Priya Naidu,Female,31,26-35,1,3,Standard,2025-12-21,True
956,Vikram Nair,Male,48,46-55,7,1,Standard,2025-05-31,True
957,Swati Mehta,Female,49,46-55,14,5,Inactive,2025-04-09,False
958,Sneha Patel,Female,61,56-65,28,6,Standard,2025-10-26,True
959,Sneha Mehta,Female,31,26-35,24,4,Standard,2025-11-02,True
960,Nandini Rao,Female,57,56-65,4,5,Standard,2025-06-30,True
961,Lakshmi Gupta,Female,22,18-25,15,2,VIP,2025-05-10,True
962,Kavya Das,Female,59,56-65,17,3,Standard,2025-06-15,True
963,Riya Kumar,Female,40,36-45,8,1,Standard,2025-03-16,True
964,Priya Sharma,Female,38,36-45,23,1,Standard,2025-10-18,True
965,Lakshmi Patel,Female,53,46-55,3,4,Standard,2025-04-22,True
966,Akash Nair,Male,63,56-65,20,6,Premium,2025-08-04,True
967,Pooja Pillai,Female,38,36-45,7,2,Standard,2025-01-24,True
968,Neha Reddy,Female,25,18-25,15,2,Standard,2025-05-02,True
969,Vikram Sharma,Male,59,56-65,26,5,Inactive,2025-08-25,False
970,Sneha Pillai,Female,43,36-45,2,5,Inactive,2025-01-21,False
971,Meera Sharma,Female,22,18-25,16,1,Standard,2025-06-04,True
972,Pooja Mehta,Female,40,36-45,13,1,Standard,2025-11-10,True
973,Karan Nair,Male,62,56-65,15,4,VIP,2025-03-04,True
974,Ishita Reddy,Female,19,18-25,8,1,Standard,2025-06-15,True
975,Aishwarya Kumar,Female,23,18-25,7,6,Inactive,2025-07-08,False
976,Anil Joshi,Male,21,18-25,9,1,Premium,2025-02-08,True
977,Pooja Joshi,Female,57,56-65,26,4,Standard,2025-03-12,True
978,Priya Kumar,Female,38,36-45,28,2,Premium,2025-07-31,True
979,Meera Reddy,Female,51,46-55,17,2,Standard,2025-05-24,True
980,Riya Joshi,Female,48,46-55,8,1,Standard,2025-02-12,True
981,Divya Pillai,Female,33,26-35,22,6,Standard,2025-02-09,True
982,Varun Sharma,Male,31,26-35,1,6,Premium,2025-04-07,True
983,Priya Rao,Female,31,26-35,27,5,Standard,2025-06-10,True
984,Swati Verma,Female,59,56-65,5,5,Standard,2025-07-06,True
985,Shreya Pillai,Female,57,56-65,17,2,Standard,2025-05-23,True
986,Sneha Gupta,Female,37,36-45,28,5,Standard,2025-02-24,True
987,Rohan Sharma,Male,47,46-55,6,3,Standard,2025-08-20,True
988,Kavya Reddy,Female,53,46-55,3,3,Standard,2025-09-15,True
989,Divya Rao,Female,21,18-25,15,3,Standard,2025-07-15,True
990,Aishwarya Nair,Female,30,26-35,13,2,Standard,2025-09-10,True
991,Priya Gupta,Female,21,18-25,21,2,Inactive,2025-04-23,False
992,Aarav Naidu,Male,20,18-25,19,3,Standard,2025-05-22,True
993,Anil Das,Male,62,56-65,23,4,Standard,2025-12-21,True
994,Shreya Patel,Female,28,26-35,26,2,Standard,2025-11-02,True
995,Swati Sharma,Female,24,18-25,6,5,Inactive,2025-11-15,False
996,Swati Nair,Female,62,56-65,8,2,Standard,2025-04-06,True
997,Lakshmi Verma,Female,27,26-35,1,6,Standard,2025-04-01,True
998,Lakshmi Reddy,Female,28,26-35,22,1,VIP,2025-10-26,True
999,Varun Pillai,Male,33,26-35,16,1,Standard,2025-12-15,True
1000,Nandini Patel,Female,51,46-55,17,2,Premium,2025-02-21,True
1001,Riya Joshi,Female,39,36-45,15,4,VIP,2025-05-12,True
1002,Kavya Rao,Female,47,46-55,1,3,Standard,2025-09-23,True
1003,Priya Nair,Female,61,56-65,17,6,Standard,2025-07-30,True
1004,Manish Kumar,Male,40,36-45,16,1,Premium,2025-08-09,True
1005,Aishwarya Joshi,Female,23,18-25,7,4,VIP,2025-11-17,True
1006,Lakshmi Iyer,Female,29,26-35,9,6,Standard,2025-10-29,True
1007,Kavya Nair,Female,30,26-35,2,5,Standard,2025-11-10,True
1008,Karan Mehta,Male,47,46-55,19,3,VIP,2025-09-13,True
1009,Varun Gupta,Male,27,26-35,17,3,Standard,2025-06-05,True
1010,Kavya Reddy,Female,36,36-45,1,4,Standard,2025-10-31,True
1011,Aarav Verma,Male,37,36-45,1,4,Premium,2025-01-26,True
1012,Sneha Rao,Female,36,36-45,26,5,Premium,2025-03-21,True
1013,Nikhil Nair,Male,27,26-35,24,2,Premium,2025-05-29,True
1014,Aarav Verma,Male,40,36-45,8,6,Standard,2025-02-20,True
1015,Lakshmi Nair,Female,56,56-65,10,2,Standard,2025-06-15,True
1016,Manish Mehta,Male,30,26-35,9,2,Standard,2025-06-06,True
1017,Vikram Das,Male,58,56-65,15,5,Premium,2025-08-12,True
1018,Rahul Iyer,Male,46,46-55,23,3,Standard,2025-07-03,True
1019,Pooja Singh,Female,47,46-55,14,4,Premium,2025-01-14,True
1020,Priya Mehta,Female,26,26-35,20,3,Standard,2025-07-11,True
1021,Siddharth Iyer,Male,54,46-55,29,3,Premium,2025-03-06,True
1022,Meera Sharma,Female,47,46-55,26,5,Standard,2025-01-29,True
1023,Nandini Gupta,Female,24,18-25,11,5,Standard,2025-09-04,True
1024,Nandini Sharma,Female,25,18-25,24,5,Premium,2025-01-28,True
1025,Akash Kumar,Male,53,46-55,24,4,Premium,2025-11-24,True
1026,Vikram Gupta,Male,37,36-45,24,1,Standard,2025-04-13,True
1027,Arjun Sharma,Male,27,26-35,20,1,Standard,2025-02-23,True
1028,Ananya Pillai,Female,50,46-55,15,4,Standard,2025-07-27,True
1029,Sneha Pillai,Female,33,26-35,27,5,Standard,2025-08-13,True
1030,Karan Kumar,Male,58,56-65,1,2,Premium,2025-05-04,True
1031,Akash Joshi,Male,62,56-65,18,2,Standard,2025-12-08,True
1032,Siddharth Verma,Male,41,36-45,22,3,Standard,2025-02-24,True
1033,Neha Pillai,Female,45,36-45,5,1,Standard,2025-07-19,True
1034,Siddharth Nair,Male,20,18-25,21,6,Standard,2025-01-22,True
1035,Sneha Verma,Female,64,56-65,15,3,Standard,2025-09-14,True
1036,Aditya Naidu,Male,63,56-65,17,4,Standard,2025-03-19,True
1037,Meera Joshi,Female,54,46-55,11,4,Premium,2025-05-23,True
1038,Lakshmi Singh,Female,22,18-25,30,6,VIP,2025-11-07,True
1039,Siddharth Joshi,Male,50,46-55,25,6,Standard,2025-06-15,True
1040,Ishita Das,Female,43,36-45,3,1,Premium,2025-04-29,True
1041,Manish Reddy,Male,49,46-55,30,6,Premium,2025-05-02,True
1042,Anil Naidu,Male,29,26-35,24,4,Standard,2025-02-02,True
1043,Siddharth Nair,Male,25,18-25,2,6,Premium,2025-11-07,True
1044,Anil Kumar,Male,38,36-45,4,6,Standard,2025-11-23,True
1045,Rohan Nair,Male,49,46-55,15,6,Standard,2025-03-24,True
1046,Nandini Iyer,Female,30,26-35,3,5,VIP,2025-02-19,True
1047,Aarav Mehta,Male,26,26-35,29,1,Standard,2025-10-07,True
1048,Aditya Kumar,Male,61,56-65,24,6,Standard,2025-04-17,True
1049,Divya Rao,Female,40,36-45,20,5,Premium,2025-08-13,True
1050,Meera Singh,Female,22,18-25,19,1,Standard,2025-02-21,True
1051,Varun Patel,Male,21,18-25,20,5,Standard,2025-05-29,True
1052,Neha Joshi,Female,40,36-45,3,2,Inactive,2025-02-08,False
1053,Vivek Iyer,Male,57,56-65,17,3,Standard,2025-12-24,True
1054,Siddharth Verma,Male,34,26-35,21,1,Standard,2025-04-13,True
1055,Lakshmi Mehta,Female,21,18-25,5,2,Premium,2025-12-06,True
1056,Rohan Verma,Male,22,18-25,26,5,Inactive,2025-12-26,False
1057,Aditya Reddy,Male,44,36-45,20,6,Standard,2025-10-10,True
1058,Sneha Nair,Female,64,56-65,2,1,Standard,2025-11-29,True
1059,Neha Verma,Female,37,36-45,26,2,Standard,2025-04-11,True
1060,Meera Gupta,Female,65,56-65,1,5,Standard,2025-07-13,True
1061,Karan Joshi,Male,45,36-45,18,2,Standard,2025-11-12,True
1062,Pooja Patel,Female,39,36-45,14,1,Standard,2025-01-06,True
1063,Karan Joshi,Male,52,46-55,19,1,Inactive,2025-01-08,False
1064,Vivek Sharma,Male,22,18-25,2,2,Standard,2025-06-10,True
1065,Ishita Gupta,Female,33,26-35,10,2,Standard,2025-03-04,True
1066,Arjun Nair,Male,52,46-55,7,4,Premium,2025-04-23,True
1067,Swati Nair,Female,41,36-45,25,5,Standard,2025-09-27,True
1068,Pooja Joshi,Female,52,46-55,17,1,Premium,2025-12-28,True
1069,Kavya Reddy,Female,31,26-35,30,2,Standard,2025-06-06,True
1070,Arjun Rao,Male,64,56-65,27,2,Standard,2025-08-14,True
1071,Priya Sharma,Female,49,46-55,27,1,Standard,2025-06-03,True
1072,Aarav Nair,Male,57,56-65,13,4,Standard,2025-08-16,True
1073,Rohan Patel,Male,42,36-45,6,6,Standard,2025-06-06,True
1074,Akash Mehta,Male,40,36-45,30,1,Inactive,2025-06-22,False
1075,Riya Mehta,Female,55,46-55,7,1,Premium,2025-08-11,True
1076,Riya Joshi,Female,65,56-65,25,1,Standard,2025-12-14,True
1077,Nandini Iyer,Female,47,46-55,14,5,Premium,2025-05-14,True
1078,Karan Verma,Male,65,56-65,30,2,Standard,2025-12-16,True
1079,Priya Patel,Female,52,46-55,10,3,Standard,2025-05-21,True
1080,Kavya Gupta,Female,34,26-35,26,6,Standard,2025-03-05,True
1081,Ishita Gupta,Female,38,36-45,27,3,Standard,2025-01-09,True
1082,Ananya Verma,Female,20,18-25,12,4,Standard,2025-07-29,True
1083,Siddharth Reddy,Male,35,26-35,29,5,VIP,2025-08-14,True
1084,Vikram Mehta,Male,35,26-35,9,4,Standard,2025-03-17,True
1085,Rohan Reddy,Male,59,56-65,2,2,Premium,2025-10-24,True
1086,Ananya Iyer,Female,63,56-65,8,1,Inactive,2025-05-13,False
1087,Ananya Gupta,Female,40,36-45,18,6,Standard,2025-02-25,True
1088,Akash Verma,Male,25,18-25,17,1,Standard,2025-07-10,True
1089,Priya Gupta,Female,45,36-45,29,3,Standard,2025-07-04,True
1090,Neha Naidu,Female,59,56-65,12,4,Inactive,2025-05-31,False
1091,Rahul Rao,Male,20,18-25,10,2,Inactive,2025-01-14,False
1092,Siddharth Patel,Male,38,36-45,17,6,Standard,2025-10-25,True
1093,Aishwarya Singh,Female,55,46-55,2,6,Standard,2025-11-29,True
1094,Arjun Naidu,Male,32,26-35,19,5,Inactive,2025-11-19,False
1095,Divya Joshi,Female,25,18-25,28,5,Standard,2025-12-04,True
1096,Pooja Nair,Female,30,26-35,27,5,Standard,2025-05-05,True
1097,Aishwarya Verma,Female,38,36-45,24,1,Standard,2025-07-29,True
1098,Priya Rao,Female,53,46-55,17,1,Inactive,2025-12-01,False
1099,Ishita Patel,Female,46,46-55,26,4,Premium,2025-03-06,True
1100,Harsh Naidu,Male,44,36-45,22,5,Standard,2025-05-27,True
1101,Pooja Reddy,Female,23,18-25,14,4,Standard,2025-09-11,True
1102,Anil Kumar,Male,47,46-55,1,2,Standard,2025-10-11,True
1103,Swati Reddy,Female,26,26-35,28,1,Standard,2025-03-27,True
1104,Rahul Iyer,Male,51,46-55,30,4,Inactive,2025-07-01,False
1105,Karan Joshi,Male,53,46-55,8,6,Standard,2025-06-22,True
1106,Nikhil Sharma,Male,22,18-25,24,3,Inactive,2025-07-29,False
1107,Swati Pillai,Female,45,36-45,10,4,Premium,2025-10-29,True
1108,Rahul Naidu,Male,18,18-25,19,5,Standard,2025-07-14,True
1109,Shreya Kumar,Female,50,46-55,24,5,Premium,2025-04-29,True
1110,Shreya Rao,Female,21,18-25,19,5,Standard,2025-08-07,True
1111,Pooja Singh,Female,38,36-45,25,2,Inactive,2025-01-22,False
1112,Karan Iyer,Male,35,26-35,19,5,Standard,2025-03-26,True
1113,Vikram Nair,Male,49,46-55,15,2,Standard,2025-05-13,True
1114,Anil Patel,Male,60,56-65,9,2,Standard,2025-09-18,True
1115,Aarav Das,Male,20,18-25,29,5,Standard,2025-09-08,True
1116,Aditya Patel,Male,36,36-45,19,4,Standard,2025-08-21,True
1117,Lakshmi Reddy,Female,63,56-65,23,1,Standard,2025-05-15,True
1118,Vivek Kumar,Male,35,26-35,24,6,Standard,2025-02-10,True
1119,Nikhil Reddy,Male,38,36-45,6,5,Standard,2025-09-20,True
1120,Nikhil Joshi,Male,38,36-45,29,1,Premium,2025-09-24,True
1121,Aishwarya Pillai,Female,53,46-55,22,6,Standard,2025-01-05,True
1122,Rahul Das,Male,42,36-45,28,2,Standard,2025-03-19,True
1123,Nandini Kumar,Female,64,56-65,16,3,Standard,2025-02-15,True
1124,Aarav Singh,Male,22,18-25,16,5,Premium,2025-01-20,True
1125,Swati Nair,Female,57,56-65,13,6,Standard,2025-09-05,True
1126,Anil Nair,Male,32,26-35,29,3,Standard,2025-11-19,True
1127,Ishita Rao,Female,52,46-55,16,3,Standard,2025-05-28,True
1128,Shreya Rao,Female,33,26-35,22,4,Standard,2025-06-13,True
1129,Aditya Joshi,Male,43,36-45,23,2,Standard,2025-09-08,True
1130,Meera Patel,Female,19,18-25,10,3,Premium,2025-07-29,True
1131,Akash Mehta,Male,38,36-45,9,6,Standard,2025-08-15,True
1132,Neha Nair,Female,21,18-25,9,4,Standard,2025-01-24,True
1133,Shreya Singh,Female,32,26-35,19,2,Premium,2025-02-26,True
1134,Sneha Das,Female,52,46-55,1,6,Standard,2025-12-27,True
1135,Lakshmi Rao,Female,53,46-55,3,6,Standard,2025-10-02,True
1136,Rahul Pillai,Male,52,46-55,13,6,Premium,2025-07-11,True
1137,Neha Patel,Female,53,46-55,24,2,Inactive,2025-01-19,False
1138,Harsh Iyer,Male,24,18-25,17,4,Standard,2025-05-25,True
1139,Ananya Patel,Female,58,56-65,25,6,Standard,2025-03-05,True
1140,Meera Singh,Female,26,26-35,27,6,Premium,2025-02-09,True
1141,Akash Joshi,Male,63,56-65,25,6,Standard,2025-10-05,True
1142,Arjun Joshi,Male,55,46-55,26,4,Standard,2025-06-09,True
1143,Neha Iyer,Female,65,56-65,1,3,Standard,2025-05-16,True
1144,Neha Nair,Female,45,36-45,3,2,Inactive,2025-10-15,False
1145,Shreya Nair,Female,62,56-65,18,5,Standard,2025-09-12,True
1146,Pooja Mehta,Female,52,46-55,23,1,Standard,2025-01-13,True
1147,Riya Patel,Female,46,46-55,12,4,Standard,2025-06-20,True
1148,Harsh Gupta,Male,23,18-25,4,5,Premium,2025-09-08,True
1149,Arjun Kumar,Male,43,36-45,20,4,Premium,2025-04-30,True
1150,Harsh Verma,Male,34,26-35,14,3,Premium,2025-01-19,True
1151,Swati Das,Female,56,56-65,14,1,Standard,2025-10-15,True
1152,Divya Verma,Female,38,36-45,21,2,Premium,2025-09-21,True
1153,Anil Reddy,Male,45,36-45,23,1,Premium,2025-03-24,True
1154,Rahul Patel,Male,46,46-55,28,1,Standard,2025-03-29,True
1155,Sneha Joshi,Female,53,46-55,14,4,Standard,2025-05-31,True
1156,Divya Rao,Female,57,56-65,29,3,Standard,2025-05-29,True
1157,Harsh Das,Male,63,56-65,12,5,Standard,2025-04-18,True
1158,Lakshmi Joshi,Female,64,56-65,28,2,Premium,2025-08-31,True
1159,Aditya Singh,Male,29,26-35,5,4,VIP,2025-06-09,True
1160,Rohan Joshi,Male,24,18-25,18,4,Standard,2025-08-28,True
1161,Arjun Rao,Male,58,56-65,18,2,Standard,2025-04-09,True
1162,Kavya Pillai,Female,45,36-45,19,6,Standard,2025-07-26,True
1163,Divya Iyer,Female,59,56-65,22,2,Standard,2025-04-21,True
1164,Sneha Nair,Female,54,46-55,4,2,Standard,2025-07-16,True
1165,Ishita Mehta,Female,55,46-55,20,3,Inactive,2025-11-12,False
1166,Aishwarya Kumar,Female,18,18-25,26,2,Inactive,2025-02-16,False
1167,Rahul Kumar,Male,48,46-55,28,1,Premium,2025-01-27,True
1168,Akash Mehta,Male,46,46-55,14,6,Standard,2025-03-02,True
1169,Akash Singh,Male,42,36-45,25,4,Standard,2025-09-25,True
1170,Divya Reddy,Female,56,56-65,27,2,Inactive,2025-11-21,False
1171,Swati Kumar,Female,45,36-45,18,4,Premium,2025-12-17,True
1172,Akash Naidu,Male,45,36-45,21,3,Premium,2025-08-27,True
1173,Swati Singh,Female,31,26-35,20,5,Premium,2025-04-08,True
1174,Pooja Kumar,Female,65,56-65,1,2,Standard,2025-01-03,True
1175,Pooja Reddy,Female,41,36-45,30,3,Standard,2025-05-20,True
1176,Manish Nair,Male,59,56-65,16,4,Standard,2025-05-10,True
1177,Meera Sharma,Female,54,46-55,27,1,Premium,2025-11-08,True
1178,Shreya Kumar,Female,48,46-55,24,6,Premium,2025-01-20,True
1179,Ananya Das,Female,63,56-65,5,6,Premium,2025-03-09,True
1180,Karan Pillai,Male,25,18-25,2,4,Standard,2025-02-19,True
1181,Nandini Patel,Female,59,56-65,20,6,Premium,2025-06-12,True
1182,Anil Das,Male,64,56-65,12,5,Standard,2025-08-02,True
1183,Arjun Patel,Male,50,46-55,5,6,Standard,2025-01-23,True
1184,Ishita Patel,Female,62,56-65,17,4,Premium,2025-01-02,True
1185,Kavya Iyer,Female,40,36-45,4,3,Premium,2025-02-14,True
1186,Priya Reddy,Female,23,18-25,6,6,Standard,2025-11-17,True
1187,Harsh Kumar,Male,18,18-25,7,6,Standard,2025-05-07,True
1188,Nandini Gupta,Female,59,56-65,29,2,Premium,2025-06-08,True
1189,Karan Joshi,Male,36,36-45,6,3,Standard,2025-04-26,True
1190,Vikram Naidu,Male,30,26-35,6,3,Standard,2025-02-17,True
1191,Pooja Das,Female,41,36-45,12,6,Premium,2025-12-18,True
1192,Aarav Pillai,Male,55,46-55,13,2,Standard,2025-12-26,True
1193,Pooja Gupta,Female,61,56-65,26,3,Standard,2025-09-15,True
1194,Priya Iyer,Female,31,26-35,9,2,Standard,2025-03-01,True
1195,Varun Kumar,Male,47,46-55,19,3,Standard,2025-10-29,True
1196,Aditya Joshi,Male,24,18-25,21,3,Standard,2025-08-04,True
1197,Pooja Rao,Female,59,56-65,29,1,Standard,2025-03-25,True
1198,Divya Kumar,Female,19,18-25,15,5,Standard,2025-08-11,True
1199,Shreya Pillai,Female,33,26-35,9,6,Standard,2025-12-14,True
1200,Kavya Sharma,Female,32,26-35,25,5,Standard,2025-05-18,True
1201,Ishita Sharma,Female,28,26-35,17,2,Inactive,2025-11-02,False
1202,Siddharth Mehta,Male,26,26-35,5,6,VIP,2025-02-16,True
1203,Riya Mehta,Female,27,26-35,26,3,Standard,2025-01-01,True
1204,Rohan Naidu,Male,29,26-35,10,3,Standard,2025-04-15,True
1205,Priya Joshi,Female,33,26-35,5,6,Premium,2025-01-03,True
1206,Sneha Rao,Female,24,18-25,16,5,Standard,2025-08-30,True
1207,Nandini Verma,Female,63,56-65,8,1,Standard,2025-03-10,True
1208,Riya Rao,Female,36,36-45,27,6,Standard,2025-07-21,True
1209,Aditya Verma,Male,60,56-65,24,5,Premium,2025-04-02,True
1210,Aditya Rao,Male,39,36-45,17,1,Premium,2025-02-09,True
1211,Rahul Verma,Male,30,26-35,2,2,Standard,2025-07-16,True
1212,Karan Kumar,Male,36,36-45,10,4,Standard,2025-05-14,True
1213,Sneha Kumar,Female,43,36-45,22,5,Standard,2025-02-12,True
1214,Meera Joshi,Female,24,18-25,21,4,Standard,2025-06-13,True
1215,Siddharth Iyer,Male,42,36-45,22,4,Standard,2025-12-10,True
1216,Neha Mehta,Female,21,18-25,10,4,Standard,2025-11-06,True
1217,Divya Rao,Female,48,46-55,23,3,VIP,2025-02-27,True
1218,Karan Iyer,Male,42,36-45,28,6,Standard,2025-12-29,True
1219,Aishwarya Iyer,Female,57,56-65,24,4,Standard,2025-01-21,True
1220,Vivek Verma,Male,47,46-55,12,1,Standard,2025-05-10,True
1221,Pooja Gupta,Female,36,36-45,25,1,Standard,2025-07-02,True
1222,Ananya Verma,Female,38,36-45,10,6,Standard,2025-01-19,True
1223,Aishwarya Kumar,Female,23,18-25,18,1,Standard,2025-09-10,True
1224,Lakshmi Nair,Female,40,36-45,15,6,Premium,2025-09-26,True
1225,Ananya Reddy,Female,38,36-45,12,1,VIP,2025-11-23,True
1226,Karan Iyer,Male,64,56-65,3,3,Inactive,2025-06-04,False
1227,Neha Sharma,Female,29,26-35,24,3,Premium,2025-02-10,True
1228,Priya Mehta,Female,30,26-35,19,3,Inactive,2025-11-12,False
1229,Nikhil Mehta,Male,21,18-25,12,5,Premium,2025-08-12,True
1230,Swati Joshi,Female,29,26-35,9,5,Standard,2025-04-03,True
1231,Kavya Sharma,Female,44,36-45,7,1,Standard,2025-05-21,True
1232,Shreya Das,Female,58,56-65,11,1,Standard,2025-06-16,True
1233,Arjun Das,Male,36,36-45,24,6,Standard,2025-08-04,True
1234,Divya Singh,Female,48,46-55,30,5,Standard,2025-06-27,True
1235,Sneha Verma,Female,65,56-65,16,2,Standard,2025-07-19,True
1236,Neha Sharma,Female,60,56-65,28,5,Inactive,2025-11-20,False
1237,Divya Rao,Female,23,18-25,7,6,Inactive,2025-07-09,False
1238,Kavya Mehta,Female,38,36-45,15,6,Standard,2025-10-27,True
1239,Siddharth Rao,Male,54,46-55,14,4,Inactive,2025-01-12,False
1240,Divya Joshi,Female,49,46-55,8,4,Inactive,2025-03-09,False
1241,Ishita Pillai,Female,25,18-25,4,4,VIP,2025-10-20,True
1242,Sneha Pillai,Female,28,26-35,25,6,Inactive,2025-10-09,False
1243,Pooja Mehta,Female,31,26-35,14,5,Premium,2025-11-19,True
1244,Manish Naidu,Male,61,56-65,21,6,Standard,2025-07-20,True
1245,Vivek Singh,Male,49,46-55,25,4,Premium,2025-03-22,True
1246,Karan Nair,Male,18,18-25,18,3,Standard,2025-12-16,True
1247,Karan Das,Male,59,56-65,14,4,Standard,2025-11-13,True
1248,Rahul Das,Male,57,56-65,17,1,Premium,2025-01-12,True
1249,Ishita Patel,Female,28,26-35,19,6,Standard,2025-07-09,True
1250,Nikhil Das,Male,59,56-65,13,5,Standard,2025-03-24,True
1251,Pooja Joshi,Female,33,26-35,6,4,Inactive,2025-04-13,False
1252,Sneha Nair,Female,22,18-25,29,1,Standard,2025-05-06,True
1253,Aishwarya Mehta,Female,29,26-35,15,5,Premium,2025-06-19,True
1254,Rohan Verma,Male,64,56-65,3,1,Standard,2025-07-28,True
1255,Nandini Singh,Female,22,18-25,26,4,Inactive,2025-10-03,False
1256,Nikhil Mehta,Male,56,56-65,21,5,Standard,2025-01-31,True
1257,Riya Singh,Female,64,56-65,25,1,Premium,2025-09-19,True
1258,Neha Mehta,Female,25,18-25,4,2,Premium,2025-10-24,True
1259,Nikhil Kumar,Male,41,36-45,14,6,Premium,2025-09-05,True
1260,Vikram Reddy,Male,39,36-45,21,6,Premium,2025-09-09,True
1261,Harsh Nair,Male,39,36-45,10,6,Premium,2025-12-25,True
1262,Ishita Nair,Female,56,56-65,2,2,Standard,2025-04-24,True
1263,Ishita Rao,Female,63,56-65,10,3,Inactive,2025-03-23,False
1264,Shreya Joshi,Female,46,46-55,22,3,Premium,2025-03-07,True
1265,Siddharth Nair,Male,42,36-45,9,6,Premium,2025-10-26,True
1266,Sneha Das,Female,18,18-25,9,3,Premium,2025-09-22,True
1267,Shreya Das,Female,28,26-35,12,6,Premium,2025-06-10,True
1268,Neha Pillai,Female,49,46-55,21,2,Standard,2025-09-05,True
1269,Ananya Gupta,Female,22,18-25,11,2,Standard,2025-05-23,True
1270,Manish Patel,Male,40,36-45,16,4,Standard,2025-01-07,True
1271,Nikhil Patel,Male,41,36-45,22,1,Standard,2025-06-18,True
1272,Vikram Iyer,Male,52,46-55,28,6,Standard,2025-01-29,True
1273,Ishita Iyer,Female,33,26-35,8,3,Standard,2025-11-30,True
1274,Rohan Joshi,Male,63,56-65,15,2,Standard,2025-10-10,True
1275,Priya Joshi,Female,30,26-35,24,1,Inactive,2025-03-09,False
1276,Ananya Patel,Female,32,26-35,8,5,Standard,2025-02-20,True
1277,Aditya Mehta,Male,58,56-65,3,2,Standard,2025-09-01,True
1278,Arjun Iyer,Male,55,46-55,7,5,Standard,2025-10-25,True
1279,Nandini Naidu,Female,25,18-25,24,4,Standard,2025-11-22,True
1280,Ananya Nair,Female,44,36-45,20,3,Standard,2025-09-17,True
1281,Divya Nair,Female,59,56-65,10,3,Standard,2025-05-21,True
1282,Meera Verma,Female,25,18-25,25,2,Standard,2025-09-18,True
1283,Shreya Kumar,Female,29,26-35,3,4,Standard,2025-08-15,True
1284,Meera Gupta,Female,52,46-55,27,2,Standard,2025-04-29,True
1285,Vikram Iyer,Male,37,36-45,11,5,Standard,2025-11-09,True
1286,Siddharth Gupta,Male,27,26-35,11,2,Standard,2025-03-29,True
1287,Siddharth Gupta,Male,28,26-35,11,5,Inactive,2025-12-01,False
1288,Riya Joshi,Female,35,26-35,8,3,Premium,2025-06-05,True
1289,Sneha Nair,Female,39,36-45,24,3,Standard,2025-06-07,True
1290,Ishita Singh,Female,44,36-45,1,4,Standard,2025-11-27,True
1291,Varun Mehta,Male,35,26-35,1,6,Standard,2025-05-12,True
1292,Nandini Rao,Female,19,18-25,11,4,Standard,2025-10-14,True
1293,Harsh Patel,Male,57,56-65,17,4,Standard,2025-05-05,True
1294,Aditya Joshi,Male,48,46-55,24,5,VIP,2025-01-24,True
1295,Swati Naidu,Female,63,56-65,16,2,Standard,2025-07-12,True
1296,Arjun Sharma,Male,58,56-65,11,3,Standard,2025-05-26,True
1297,Varun Kumar,Male,65,56-65,3,3,Inactive,2025-07-31,False
1298,Vivek Kumar,Male,55,46-55,10,5,Standard,2025-05-06,True
1299,Ishita Iyer,Female,60,56-65,9,5,Standard,2025-01-12,True
1300,Harsh Mehta,Male,22,18-25,28,6,Standard,2025-07-04,True
1301,Swati Naidu,Female,31,26-35,6,3,Standard,2025-06-20,True
1302,Manish Joshi,Male,34,26-35,9,5,Standard,2025-03-03,True
1303,Neha Singh,Female,49,46-55,26,1,Standard,2025-09-20,True
1304,Ananya Das,Female,45,36-45,2,5,Standard,2025-10-03,True
1305,Kavya Das,Female,39,36-45,21,1,Standard,2025-10-13,True
1306,Akash Kumar,Male,50,46-55,28,1,Standard,2025-11-29,True
1307,Harsh Reddy,Male,61,56-65,14,3,Premium,2025-03-19,True
1308,Priya Kumar,Female,59,56-65,19,3,Premium,2025-08-10,True
1309,Karan Das,Male,36,36-45,1,5,Standard,2025-04-26,True
1310,Neha Kumar,Female,34,26-35,28,2,Premium,2025-09-30,True
1311,Meera Gupta,Female,30,26-35,25,5,Inactive,2025-10-23,False
1312,Rohan Mehta,Male,27,26-35,7,3,Standard,2025-11-05,True
1313,Harsh Kumar,Male,52,46-55,12,1,Standard,2025-04-28,True
1314,Rohan Nair,Male,28,26-35,14,3,Premium,2025-07-01,True
1315,Rahul Naidu,Male,46,46-55,4,4,Premium,2025-04-17,True
1316,Ananya Verma,Female,46,46-55,13,2,Standard,2025-03-05,True
1317,Rahul Iyer,Male,55,46-55,24,5,Premium,2025-03-03,True
1318,Swati Das,Female,40,36-45,24,3,Standard,2025-02-16,True
1319,Shreya Nair,Female,50,46-55,4,4,Standard,2025-08-04,True
1320,Nandini Reddy,Female,40,36-45,12,3,Standard,2025-11-30,True
1321,Aishwarya Joshi,Female,23,18-25,21,6,Premium,2025-01-09,True
1322,Swati Gupta,Female,38,36-45,2,2,Standard,2025-01-05,True
1323,Akash Kumar,Male,26,26-35,23,4,Standard,2025-04-18,True
1324,Pooja Das,Female,44,36-45,27,2,Standard,2025-09-23,True
1325,Nikhil Mehta,Male,60,56-65,6,3,Standard,2025-03-25,True
1326,Varun Patel,Male,37,36-45,13,6,Premium,2025-11-15,True
1327,Ananya Mehta,Female,19,18-25,11,1,Standard,2025-03-15,True
1328,Ananya Iyer,Female,42,36-45,25,5,Standard,2025-02-21,True
1329,Aditya Naidu,Male,32,26-35,3,4,Inactive,2025-02-27,False
1330,Shreya Singh,Female,52,46-55,15,2,Premium,2025-01-01,True
1331,Shreya Verma,Female,34,26-35,5,3,Standard,2025-11-11,True
1332,Varun Verma,Male,65,56-65,27,5,Standard,2025-03-08,True
1333,Rohan Gupta,Male,23,18-25,24,1,Standard,2025-11-11,True
1334,Rohan Patel,Male,34,26-35,6,6,Standard,2025-08-25,True
1335,Riya Naidu,Female,26,26-35,11,4,Standard,2025-01-18,True
1336,Meera Sharma,Female,30,26-35,6,1,Standard,2025-05-02,True
1337,Karan Rao,Male,18,18-25,19,4,Standard,2025-11-18,True
1338,Shreya Patel,Female,47,46-55,20,3,Standard,2025-05-24,True
1339,Pooja Naidu,Female,29,26-35,9,3,Standard,2025-10-09,True
1340,Meera Reddy,Female,60,56-65,28,3,Standard,2025-07-07,True
1341,Meera Sharma,Female,52,46-55,5,1,Standard,2025-02-26,True
1342,Akash Joshi,Male,36,36-45,5,3,Standard,2025-02-12,True
1343,Karan Pillai,Male,50,46-55,7,2,Standard,2025-01-09,True
1344,Nikhil Joshi,Male,40,36-45,17,5,Standard,2025-09-29,True
1345,Harsh Iyer,Male,41,36-45,18,2,VIP,2025-03-27,True
1346,Sneha Reddy,Female,61,56-65,6,6,Standard,2025-03-19,True
1347,Nandini Patel,Female,35,26-35,2,4,Premium,2025-08-04,True
1348,Shreya Rao,Female,26,26-35,24,3,Standard,2025-10-12,True
1349,Aishwarya Naidu,Female,64,56-65,20,5,Inactive,2025-01-31,False
1350,Sneha Kumar,Female,48,46-55,27,2,Premium,2025-05-05,True
1351,Riya Kumar,Female,59,56-65,14,4,Standard,2025-06-29,True
1352,Rohan Nair,Male,26,26-35,29,4,Premium,2025-12-11,True
1353,Rohan Verma,Male,27,26-35,22,3,Standard,2025-03-02,True
1354,Divya Reddy,Female,58,56-65,20,4,Standard,2025-03-05,True
1355,Sneha Reddy,Female,64,56-65,11,3,Inactive,2025-01-21,False
1356,Nandini Naidu,Female,34,26-35,4,6,Standard,2025-12-30,True
1357,Riya Nair,Female,32,26-35,17,1,Premium,2025-11-03,True
1358,Aishwarya Pillai,Female,60,56-65,16,6,Inactive,2025-08-04,False
1359,Manish Reddy,Male,35,26-35,27,6,Premium,2025-11-24,True
1360,Neha Gupta,Female,34,26-35,12,1,Premium,2025-09-06,True
1361,Siddharth Verma,Male,32,26-35,19,4,Standard,2025-12-29,True
1362,Divya Das,Female,54,46-55,13,5,Premium,2025-07-15,True
1363,Siddharth Reddy,Male,55,46-55,27,6,Inactive,2025-10-22,False
1364,Arjun Mehta,Male,33,26-35,12,5,Premium,2025-08-04,True
1365,Swati Joshi,Female,20,18-25,12,6,Premium,2025-10-21,True
1366,Karan Pillai,Male,58,56-65,24,4,Standard,2025-10-18,True
1367,Aarav Gupta,Male,39,36-45,4,3,Inactive,2025-01-15,False
1368,Nandini Naidu,Female,34,26-35,12,6,VIP,2025-05-08,True
1369,Shreya Mehta,Female,21,18-25,11,4,Standard,2025-03-24,True
1370,Akash Mehta,Male,53,46-55,21,3,Premium,2025-03-30,True
1371,Nandini Reddy,Female,39,36-45,12,5,Premium,2025-04-27,True
1372,Nandini Nair,Female,24,18-25,30,6,Standard,2025-11-15,True
1373,Meera Kumar,Female,42,36-45,7,3,Standard,2025-06-22,True
1374,Lakshmi Rao,Female,28,26-35,6,3,Standard,2025-06-08,True
1375,Riya Iyer,Female,52,46-55,6,4,Standard,2025-02-17,True
1376,Nikhil Das,Male,60,56-65,13,3,Standard,2025-07-01,True
1377,Sneha Naidu,Female,42,36-45,4,6,Premium,2025-05-31,True
1378,Aditya Patel,Male,46,46-55,27,1,Standard,2025-05-21,True
1379,Varun Patel,Male,62,56-65,8,2,Standard,2025-04-21,True
1380,Aarav Nair,Male,33,26-35,1,5,Standard,2025-10-12,True
1381,Karan Kumar,Male,51,46-55,19,4,Premium,2025-07-18,True
1382,Swati Mehta,Female,41,36-45,26,3,Standard,2025-05-01,True
1383,Divya Rao,Female,22,18-25,23,2,Premium,2025-12-26,True
1384,Harsh Iyer,Male,55,46-55,5,1,Inactive,2025-09-17,False
1385,Divya Rao,Female,24,18-25,26,5,Standard,2025-12-26,True
1386,Varun Nair,Male,54,46-55,27,1,Standard,2025-10-30,True
1387,Priya Kumar,Female,19,18-25,18,4,Standard,2025-06-27,True
1388,Nandini Joshi,Female,27,26-35,3,6,VIP,2025-05-22,True
1389,Lakshmi Joshi,Female,19,18-25,23,5,Premium,2025-03-10,True
1390,Aishwarya Gupta,Female,46,46-55,10,5,Standard,2025-04-30,True
1391,Sneha Mehta,Female,52,46-55,22,5,Standard,2025-11-09,True
1392,Nikhil Mehta,Male,40,36-45,19,1,Standard,2025-02-02,True
1393,Swati Kumar,Female,64,56-65,7,2,Inactive,2025-04-02,False
1394,Aarav Gupta,Male,49,46-55,24,1,Standard,2025-07-26,True
1395,Riya Singh,Female,42,36-45,23,4,Standard,2025-02-19,True
1396,Pooja Kumar,Female,63,56-65,14,3,Standard,2025-07-25,True
1397,Rohan Rao,Male,59,56-65,21,1,Premium,2025-09-26,True
1398,Ananya Naidu,Female,56,56-65,2,5,Standard,2025-03-28,True
1399,Akash Sharma,Male,18,18-25,11,4,Premium,2025-10-18,True
1400,Nandini Reddy,Female,29,26-35,7,6,Standard,2025-04-22,True
1401,Priya Pillai,Female,61,56-65,30,2,Standard,2025-08-14,True
1402,Akash Kumar,Male,46,46-55,1,5,Standard,2025-03-03,True
1403,Lakshmi Nair,Female,24,18-25,12,6,Standard,2025-02-21,True
1404,Aishwarya Das,Female,27,26-35,20,3,Inactive,2025-12-04,False
1405,Riya Verma,Female,25,18-25,22,5,Standard,2025-03-14,True
1406,Vivek Verma,Male,30,26-35,26,4,Standard,2025-09-03,True
1407,Vivek Iyer,Male,23,18-25,22,6,Standard,2025-10-22,True
1408,Riya Iyer,Female,59,56-65,7,3,Standard,2025-04-12,True
1409,Meera Singh,Female,43,36-45,14,4,Standard,2025-02-23,True
1410,Divya Verma,Female,57,56-65,13,3,Premium,2025-05-28,True
1411,Akash Pillai,Male,20,18-25,7,1,Standard,2025-10-20,True
1412,Manish Rao,Male,65,56-65,2,5,VIP,2025-07-17,True
1413,Aditya Iyer,Male,21,18-25,27,6,Premium,2025-09-26,True
1414,Akash Rao,Male,61,56-65,23,1,Inactive,2025-02-20,False
1415,Sneha Naidu,Female,32,26-35,23,3,Standard,2025-04-16,True
1416,Aarav Naidu,Male,42,36-45,7,6,Standard,2025-05-04,True
1417,Sneha Singh,Female,32,26-35,12,4,Standard,2025-05-07,True
1418,Lakshmi Naidu,Female,45,36-45,22,5,Premium,2025-06-08,True
1419,Anil Gupta,Male,65,56-65,30,3,Standard,2025-07-31,True
1420,Kavya Pillai,Female,30,26-35,27,4,Standard,2025-12-21,True
1421,Ananya Joshi,Female,46,46-55,5,6,Standard,2025-02-28,True
1422,Rahul Naidu,Male,49,46-55,3,2,Standard,2025-05-12,True
1423,Kavya Iyer,Female,36,36-45,10,5,Premium,2025-07-22,True
1424,Arjun Iyer,Male,49,46-55,7,2,Standard,2025-09-03,True
1425,Arjun Patel,Male,20,18-25,27,4,Premium,2025-02-04,True
1426,Karan Das,Male,41,36-45,15,6,Standard,2025-01-22,True
1427,Harsh Patel,Male,64,56-65,11,1,Premium,2025-06-24,True
1428,Lakshmi Kumar,Female,40,36-45,15,2,Inactive,2025-01-29,False
1429,Neha Kumar,Female,36,36-45,17,1,Standard,2025-06-21,True
1430,Ananya Pillai,Female,46,46-55,3,2,Standard,2025-03-24,True
1431,Akash Rao,Male,21,18-25,4,6,Standard,2025-01-09,True
1432,Nikhil Naidu,Male,38,36-45,12,1,Standard,2025-04-30,True
1433,Karan Sharma,Male,54,46-55,2,4,Standard,2025-04-25,True
1434,Siddharth Iyer,Male,22,18-25,1,6,Standard,2025-10-20,True
1435,Kavya Gupta,Female,57,56-65,13,4,Inactive,2025-05-02,False
1436,Ishita Nair,Female,40,36-45,21,4,Premium,2025-08-21,True
1437,Aishwarya Kumar,Female,36,36-45,21,6,VIP,2025-05-12,True
1438,Aditya Joshi,Male,19,18-25,14,3,Standard,2025-12-30,True
1439,Karan Kumar,Male,58,56-65,12,2,Inactive,2025-08-04,False
1440,Shreya Joshi,Female,46,46-55,15,4,Standard,2025-12-07,True
1441,Sneha Joshi,Female,51,46-55,7,2,Standard,2025-04-10,True
1442,Lakshmi Verma,Female,53,46-55,28,4,Standard,2025-07-21,True
1443,Varun Reddy,Male,52,46-55,21,4,Premium,2025-11-16,True
1444,Ananya Patel,Female,31,26-35,11,5,Standard,2025-09-22,True
1445,Sneha Verma,Female,19,18-25,23,2,Standard,2025-05-20,True
1446,Manish Singh,Male,54,46-55,26,2,Standard,2025-05-06,True
1447,Harsh Naidu,Male,49,46-55,11,5,Inactive,2025-11-10,False
1448,Manish Reddy,Male,22,18-25,3,1,Premium,2025-01-28,True
1449,Nandini Reddy,Female,38,36-45,30,3,Standard,2025-04-20,True
1450,Nandini Reddy,Female,41,36-45,20,3,Premium,2025-09-01,True
1451,Swati Kumar,Female,36,36-45,10,1,Standard,2025-03-19,True
1452,Karan Reddy,Male,52,46-55,30,5,Standard,2025-11-18,True
1453,Swati Nair,Female,62,56-65,28,2,Inactive,2025-12-06,False
1454,Anil Verma,Male,24,18-25,25,1,Standard,2025-07-14,True
1455,Sneha Mehta,Female,19,18-25,19,6,Inactive,2025-07-05,False
1456,Ishita Das,Female,29,26-35,15,1,Inactive,2025-12-10,False
1457,Lakshmi Rao,Female,23,18-25,29,3,Standard,2025-06-03,True
1458,Lakshmi Kumar,Female,25,18-25,30,6,Standard,2025-05-30,True
1459,Aditya Das,Male,49,46-55,1,5,Standard,2025-03-28,True
1460,Nandini Nair,Female,30,26-35,17,3,Inactive,2025-01-13,False
1461,Pooja Naidu,Female,28,26-35,2,6,Standard,2025-08-18,True
1462,Pooja Sharma,Female,35,26-35,24,6,Standard,2025-10-10,True
1463,Rahul Pillai,Male,57,56-65,1,6,Standard,2025-04-13,True
1464,Neha Singh,Female,20,18-25,23,6,Standard,2025-07-07,True
1465,Neha Joshi,Female,39,36-45,5,3,Standard,2025-09-08,True
1466,Kavya Reddy,Female,46,46-55,30,6,Standard,2025-06-13,True
1467,Aarav Mehta,Male,26,26-35,26,1,Standard,2025-02-03,True
1468,Siddharth Mehta,Male,33,26-35,25,1,Standard,2025-01-07,True
1469,Nandini Naidu,Female,57,56-65,3,2,VIP,2025-08-24,True
1470,Riya Gupta,Female,24,18-25,20,1,Standard,2025-02-11,True
1471,Arjun Joshi,Male,23,18-25,1,4,Standard,2025-01-26,True
1472,Karan Rao,Male,58,56-65,17,2,Standard,2025-09-11,True
1473,Varun Nair,Male,64,56-65,22,5,Standard,2025-04-05,True
1474,Arjun Kumar,Male,30,26-35,9,2,Standard,2025-04-07,True
1475,Nikhil Mehta,Male,22,18-25,7,2,Premium,2025-04-27,True
1476,Karan Gupta,Male,55,46-55,10,5,Standard,2025-04-22,True
1477,Kavya Pillai,Female,40,36-45,24,2,Standard,2025-12-16,True
1478,Kavya Mehta,Female,28,26-35,3,1,Standard,2025-01-31,True
1479,Priya Gupta,Female,63,56-65,15,1,Inactive,2025-12-12,False
1480,Aditya Das,Male,41,36-45,23,6,VIP,2025-10-19,True
1481,Swati Pillai,Female,38,36-45,15,3,Standard,2025-09-13,True
1482,Riya Verma,Female,38,36-45,18,6,Standard,2025-01-22,True
1483,Neha Verma,Female,47,46-55,11,4,Premium,2025-08-20,True
1484,Rahul Joshi,Male,42,36-45,14,1,Premium,2025-07-15,True
1485,Karan Rao,Male,18,18-25,14,6,Inactive,2025-03-19,False
1486,Rohan Reddy,Male,19,18-25,13,4,Standard,2025-01-12,True
1487,Neha Kumar,Female,37,36-45,27,5,Standard,2025-11-07,True
1488,Neha Singh,Female,28,26-35,16,6,VIP,2025-02-04,True
1489,Swati Verma,Female,56,56-65,10,2,Premium,2025-04-21,True
1490,Shreya Sharma,Female,37,36-45,21,2,Standard,2025-11-13,True
1491,Ishita Reddy,Female,56,56-65,5,5,Premium,2025-12-19,True
1492,Aditya Das,Male,48,46-55,3,1,Standard,2025-04-18,True
1493,Swati Patel,Female,38,36-45,21,4,Standard,2025-10-23,True
1494,Swati Patel,Female,26,26-35,11,6,Premium,2025-12-29,True
1495,Vivek Pillai,Male,33,26-35,16,5,Standard,2025-09-19,True
1496,Karan Mehta,Male,27,26-35,20,3,Standard,2025-11-05,True
1497,Priya Verma,Female,42,36-45,25,2,Standard,2025-03-15,True
1498,Nandini Mehta,Female,21,18-25,16,2,Standard,2025-07-02,True
1499,Divya Kumar,Female,35,26-35,11,4,Inactive,2025-11-06,False
1500,Vivek Mehta,Male,59,56-65,7,5,Standard,2025-02-01,True
1501,Akash Mehta,Male,50,46-55,10,2,Standard,2025-01-06,True
1502,Kavya Patel,Female,27,26-35,10,1,Standard,2025-08-04,True
1503,Aditya Verma,Male,27,26-35,15,6,Standard,2025-08-16,True
1504,Priya Naidu,Female,35,26-35,15,3,Standard,2025-05-26,True
1505,Siddharth Kumar,Male,38,36-45,1,1,Standard,2025-09-02,True
1506,Sneha Rao,Female,64,56-65,13,5,Standard,2025-06-15,True
1507,Sneha Rao,Female,57,56-65,27,1,Standard,2025-10-19,True
1508,Anil Iyer,Male,21,18-25,24,6,Standard,2025-02-04,True
1509,Rahul Reddy,Male,51,46-55,6,6,Premium,2025-07-02,True
1510,Priya Singh,Female,39,36-45,25,1,Standard,2025-09-26,True
1511,Meera Mehta,Female,43,36-45,23,2,Standard,2025-04-17,True
1512,Sneha Reddy,Female,34,26-35,8,2,Standard,2025-01-13,True
1513,Manish Pillai,Male,62,56-65,8,4,Standard,2025-04-30,True
1514,Vivek Kumar,Male,50,46-55,11,3,Standard,2025-07-22,True
1515,Akash Mehta,Male,36,36-45,16,1,Standard,2025-10-09,True
1516,Aarav Patel,Male,55,46-55,2,2,Standard,2025-06-28,True
1517,Siddharth Naidu,Male,41,36-45,17,2,Standard,2025-01-04,True
1518,Kavya Iyer,Female,41,36-45,17,4,Standard,2025-11-08,True
1519,Pooja Patel,Female,38,36-45,29,3,Standard,2025-08-20,True
1520,Varun Das,Male,59,56-65,22,5,Standard,2025-02-27,True
1521,Karan Mehta,Male,24,18-25,24,2,Standard,2025-06-02,True
1522,Anil Das,Male,37,36-45,12,4,Standard,2025-10-18,True
1523,Aishwarya Iyer,Female,19,18-25,10,1,Standard,2025-06-20,True
1524,Varun Joshi,Male,42,36-45,24,3,Standard,2025-03-26,True
1525,Shreya Iyer,Female,56,56-65,10,6,Standard,2025-11-12,True
1526,Anil Sharma,Male,19,18-25,20,1,Premium,2025-01-01,True
1527,Shreya Singh,Female,64,56-65,19,2,Standard,2025-11-27,True
1528,Karan Joshi,Male,41,36-45,3,3,Standard,2025-01-18,True
1529,Vikram Kumar,Male,34,26-35,15,2,Standard,2025-12-16,True
1530,Anil Naidu,Male,48,46-55,6,1,Premium,2025-08-22,True
1531,Kavya Sharma,Female,62,56-65,19,4,Standard,2025-04-21,True
1532,Karan Gupta,Male,42,36-45,1,1,Premium,2025-07-31,True
1533,Aarav Das,Male,20,18-25,22,1,Inactive,2025-05-24,False
1534,Swati Verma,Female,30,26-35,26,3,Standard,2025-04-07,True
1535,Nikhil Verma,Male,18,18-25,21,1,Premium,2025-08-11,True
1536,Riya Patel,Female,63,56-65,28,6,Standard,2025-11-03,True
1537,Shreya Pillai,Female,48,46-55,18,2,Premium,2025-10-10,True
1538,Aditya Joshi,Male,58,56-65,12,4,Standard,2025-08-28,True
1539,Riya Nair,Female,27,26-35,27,6,Standard,2025-10-05,True
1540,Pooja Singh,Female,23,18-25,20,3,Standard,2025-07-03,True
1541,Shreya Mehta,Female,52,46-55,28,6,Standard,2025-09-17,True
1542,Siddharth Rao,Male,52,46-55,21,6,Premium,2025-03-13,True
1543,Vivek Joshi,Male,43,36-45,3,4,VIP,2025-10-06,True
1544,Akash Reddy,Male,54,46-55,1,3,Inactive,2025-12-07,False
1545,Nikhil Patel,Male,61,56-65,23,3,Standard,2025-07-11,True
1546,Divya Gupta,Female,43,36-45,8,5,Standard,2025-02-24,True
1547,Manish Gupta,Male,47,46-55,5,6,Standard,2025-01-01,True
1548,Varun Kumar,Male,22,18-25,23,3,Standard,2025-04-18,True
1549,Vivek Patel,Male,19,18-25,1,1,Standard,2025-12-15,True
1550,Arjun Nair,Male,46,46-55,4,4,Inactive,2025-12-05,False
1551,Ananya Joshi,Female,56,56-65,10,3,Standard,2025-08-08,True
1552,Meera Das,Female,55,46-55,2,6,Standard,2025-06-13,True
1553,Ananya Nair,Female,62,56-65,16,4,Premium,2025-08-05,True
1554,Meera Verma,Female,19,18-25,13,1,Inactive,2025-02-14,False
1555,Kavya Iyer,Female,23,18-25,3,2,Premium,2025-02-18,True
1556,Neha Joshi,Female,39,36-45,8,5,Inactive,2025-01-18,False
1557,Kavya Iyer,Female,63,56-65,28,4,Standard,2025-01-06,True
1558,Siddharth Pillai,Male,61,56-65,25,1,Inactive,2025-08-16,False
1559,Akash Kumar,Male,47,46-55,9,6,Premium,2025-10-02,True
1560,Vikram Das,Male,25,18-25,23,5,Premium,2025-05-31,True
1561,Aarav Nair,Male,56,56-65,11,4,Standard,2025-02-09,True
1562,Varun Verma,Male,33,26-35,1,4,Premium,2025-04-01,True
1563,Ananya Nair,Female,29,26-35,8,3,Standard,2025-09-10,True
1564,Nikhil Verma,Male,62,56-65,30,1,Standard,2025-11-06,True
1565,Varun Verma,Male,41,36-45,26,6,Premium,2025-12-22,True
1566,Meera Iyer,Female,24,18-25,14,4,Standard,2025-12-26,True
1567,Priya Reddy,Female,23,18-25,9,6,Standard,2025-05-05,True
1568,Arjun Sharma,Male,28,26-35,3,5,Standard,2025-12-04,True
1569,Divya Nair,Female,48,46-55,3,6,Standard,2025-10-14,True
1570,Rohan Patel,Male,27,26-35,10,2,Standard,2025-07-10,True
1571,Akash Mehta,Male,18,18-25,4,5,Standard,2025-01-05,True
1572,Lakshmi Mehta,Female,26,26-35,11,2,Premium,2025-04-07,True
1573,Shreya Verma,Female,31,26-35,4,2,Standard,2025-10-05,True
1574,Rahul Gupta,Male,26,26-35,28,5,Premium,2025-09-02,True
1575,Siddharth Kumar,Male,33,26-35,21,4,Standard,2025-04-26,True
1576,Neha Sharma,Female,45,36-45,2,3,Standard,2025-12-10,True
1577,Neha Verma,Female,56,56-65,27,2,Standard,2025-11-11,True
1578,Meera Pillai,Female,58,56-65,6,2,Standard,2025-02-08,True
1579,Ishita Sharma,Female,44,36-45,3,5,Premium,2025-03-16,True
1580,Aditya Nair,Male,43,36-45,9,4,VIP,2025-06-24,True
1581,Nandini Iyer,Female,56,56-65,11,3,Standard,2025-09-07,True
1582,Riya Pillai,Female,62,56-65,19,6,Standard,2025-11-03,True
1583,Varun Rao,Male,23,18-25,23,4,Inactive,2025-09-30,False
1584,Vikram Gupta,Male,35,26-35,30,3,Standard,2025-04-27,True
1585,Lakshmi Naidu,Female,38,36-45,30,2,Standard,2025-06-06,True
1586,Vivek Rao,Male,51,46-55,22,4,Standard,2025-12-09,True
1587,Harsh Das,Male,26,26-35,26,6,Standard,2025-07-05,True
1588,Aishwarya Mehta,Female,47,46-55,19,5,Premium,2025-05-30,True
1589,Rohan Das,Male,58,56-65,27,3,Standard,2025-09-12,True
1590,Aishwarya Singh,Female,48,46-55,23,3,Inactive,2025-08-24,False
1591,Sneha Nair,Female,56,56-65,3,3,Standard,2025-10-09,True
1592,Ananya Reddy,Female,30,26-35,26,3,Inactive,2025-08-21,False
1593,Divya Das,Female,44,36-45,7,3,Standard,2025-09-08,True
1594,Varun Singh,Male,42,36-45,11,1,Standard,2025-01-28,True
1595,Vivek Reddy,Male,35,26-35,4,5,Standard,2025-02-19,True
1596,Aishwarya Sharma,Female,60,56-65,19,1,Standard,2025-11-16,True
1597,Kavya Singh,Female,33,26-35,8,2,Standard,2025-05-17,True
1598,Nandini Patel,Female,27,26-35,1,5,Premium,2025-03-29,True
1599,Aishwarya Iyer,Female,57,56-65,1,2,Premium,2025-05-19,True
1600,Priya Reddy,Female,33,26-35,28,4,Standard,2025-03-26,True
1601,Anil Patel,Male,35,26-35,4,1,Standard,2025-10-24,True
1602,Shreya Patel,Female,32,26-35,4,1,Standard,2025-03-18,True
1603,Nandini Das,Female,42,36-45,1,5,Standard,2025-12-11,True
1604,Neha Mehta,Female,51,46-55,11,3,Standard,2025-07-18,True
1605,Ishita Patel,Female,41,36-45,5,6,Premium,2025-12-16,True
1606,Sneha Mehta,Female,43,36-45,7,2,Standard,2025-05-08,True
1607,Lakshmi Patel,Female,42,36-45,20,4,Inactive,2025-12-18,False
1608,Manish Joshi,Male,22,18-25,15,6,Standard,2025-06-26,True
1609,Neha Sharma,Female,49,46-55,14,6,Standard,2025-08-12,True
1610,Pooja Patel,Female,35,26-35,12,3,Standard,2025-10-27,True
1611,Vivek Sharma,Male,42,36-45,12,1,Standard,2025-03-23,True
1612,Siddharth Joshi,Male,53,46-55,2,3,Premium,2025-08-20,True
1613,Vikram Kumar,Male,45,36-45,9,2,Standard,2025-09-24,True
1614,Rohan Pillai,Male,23,18-25,20,1,Premium,2025-04-01,True
1615,Divya Verma,Female,45,36-45,29,2,Premium,2025-04-11,True
1616,Arjun Mehta,Male,24,18-25,9,2,Premium,2025-10-11,True
1617,Swati Kumar,Female,27,26-35,18,2,Standard,2025-03-29,True
1618,Divya Pillai,Female,19,18-25,17,5,Standard,2025-03-27,True
1619,Varun Kumar,Male,26,26-35,8,5,Standard,2025-05-23,True
1620,Aishwarya Verma,Female,29,26-35,23,1,Standard,2025-11-07,True
1621,Arjun Singh,Male,26,26-35,1,3,Premium,2025-12-13,True
1622,Divya Iyer,Female,64,56-65,13,5,Standard,2025-09-24,True
1623,Riya Das,Female,54,46-55,23,6,Standard,2025-07-28,True
1624,Akash Pillai,Male,49,46-55,5,1,Standard,2025-07-08,True
1625,Priya Das,Female,44,36-45,13,4,Standard,2025-09-07,True
1626,Harsh Sharma,Male,31,26-35,14,6,Standard,2025-10-30,True
1627,Manish Mehta,Male,37,36-45,13,2,Premium,2025-08-13,True
1628,Shreya Singh,Female,47,46-55,23,4,Standard,2025-03-08,True
1629,Ananya Patel,Female,27,26-35,29,6,Inactive,2025-06-01,False
1630,Ananya Rao,Female,47,46-55,30,4,Premium,2025-02-09,True
1631,Pooja Pillai,Female,50,46-55,18,4,VIP,2025-09-03,True
1632,Aditya Rao,Male,30,26-35,10,5,VIP,2025-03-16,True
1633,Ananya Sharma,Female,50,46-55,7,6,Standard,2025-07-26,True
1634,Riya Das,Female,47,46-55,12,5,Standard,2025-09-22,True
1635,Anil Verma,Male,49,46-55,14,5,Premium,2025-10-17,True
1636,Rahul Naidu,Male,42,36-45,11,6,Premium,2025-11-22,True
1637,Sneha Kumar,Female,30,26-35,3,5,Standard,2025-01-22,True
1638,Vikram Sharma,Male,26,26-35,7,4,Standard,2025-03-19,True
1639,Divya Das,Female,34,26-35,30,2,Standard,2025-01-20,True
1640,Swati Verma,Female,22,18-25,8,4,Inactive,2025-03-26,False
1641,Priya Reddy,Female,60,56-65,15,3,VIP,2025-08-29,True
1642,Ishita Iyer,Female,53,46-55,29,6,Standard,2025-09-27,True
1643,Manish Gupta,Male,63,56-65,19,5,Premium,2025-05-06,True
1644,Vivek Sharma,Male,45,36-45,16,3,Standard,2025-09-13,True
1645,Ananya Das,Female,37,36-45,26,3,Standard,2025-04-25,True
1646,Anil Patel,Male,47,46-55,29,2,Inactive,2025-12-24,False
1647,Neha Joshi,Female,43,36-45,14,5,Standard,2025-03-25,True
1648,Lakshmi Gupta,Female,22,18-25,25,3,Inactive,2025-01-30,False
1649,Neha Pillai,Female,45,36-45,5,4,Standard,2025-07-09,True
1650,Vikram Patel,Male,49,46-55,29,4,Inactive,2025-07-22,False
1651,Karan Singh,Male,33,26-35,10,2,Standard,2025-03-23,True
1652,Ishita Singh,Female,23,18-25,4,1,Premium,2025-03-18,True
1653,Shreya Naidu,Female,23,18-25,30,6,VIP,2025-01-02,True
1654,Sneha Sharma,Female,26,26-35,10,3,Premium,2025-12-25,True
1655,Meera Das,Female,23,18-25,2,2,Standard,2025-01-20,True
1656,Aarav Das,Male,18,18-25,27,2,Premium,2025-09-09,True
1657,Vikram Das,Male,36,36-45,20,5,Standard,2025-03-12,True
1658,Varun Das,Male,34,26-35,6,6,Standard,2025-09-12,True
1659,Nikhil Nair,Male,20,18-25,13,3,Standard,2025-08-20,True
1660,Divya Nair,Female,36,36-45,21,6,Standard,2025-05-01,True
1661,Meera Rao,Female,31,26-35,8,4,Standard,2025-02-10,True
1662,Siddharth Naidu,Male,25,18-25,5,1,Inactive,2025-03-06,False
1663,Nikhil Reddy,Male,36,36-45,25,3,Standard,2025-09-04,True
1664,Neha Reddy,Female,59,56-65,22,6,Standard,2025-12-30,True
1665,Anil Verma,Male,59,56-65,2,3,Standard,2025-02-03,True
1666,Aarav Pillai,Male,34,26-35,13,2,Standard,2025-07-23,True
1667,Shreya Kumar,Female,38,36-45,24,6,Standard,2025-10-18,True
1668,Aarav Pillai,Male,28,26-35,9,4,Premium,2025-06-21,True
1669,Aarav Naidu,Male,26,26-35,8,5,VIP,2025-04-14,True
1670,Karan Sharma,Male,18,18-25,21,3,Premium,2025-07-10,True
1671,Ananya Reddy,Female,48,46-55,25,5,Standard,2025-12-15,True
1672,Divya Singh,Female,51,46-55,19,5,Inactive,2025-04-11,False
1673,Riya Joshi,Female,20,18-25,15,6,Standard,2025-08-22,True
1674,Vikram Rao,Male,19,18-25,14,5,Premium,2025-08-31,True
1675,Lakshmi Verma,Female,56,56-65,19,2,Inactive,2025-10-30,False
1676,Varun Nair,Male,37,36-45,29,6,Premium,2025-12-09,True
1677,Neha Nair,Female,18,18-25,17,2,VIP,2025-08-19,True
1678,Karan Sharma,Male,45,36-45,2,1,Standard,2025-10-07,True
1679,Ananya Iyer,Female,64,56-65,26,6,Premium,2025-12-06,True
1680,Varun Das,Male,31,26-35,18,6,Premium,2025-05-01,True
1681,Divya Joshi,Female,39,36-45,6,5,Standard,2025-08-08,True
1682,Aditya Gupta,Male,33,26-35,16,1,Premium,2025-05-13,True
1683,Manish Nair,Male,60,56-65,9,4,Standard,2025-03-25,True
1684,Priya Mehta,Female,36,36-45,10,5,Standard,2025-02-09,True
1685,Vivek Reddy,Male,18,18-25,8,1,Premium,2025-05-19,True
1686,Arjun Mehta,Male,46,46-55,11,1,Premium,2025-10-01,True
1687,Divya Reddy,Female,48,46-55,22,5,Standard,2025-02-17,True
1688,Sneha Singh,Female,30,26-35,18,3,Premium,2025-11-14,True
1689,Arjun Kumar,Male,27,26-35,11,2,Standard,2025-04-10,True
1690,Lakshmi Mehta,Female,58,56-65,12,1,Standard,2025-08-10,True
1691,Harsh Iyer,Male,43,36-45,7,2,Standard,2025-10-28,True
1692,Nikhil Patel,Male,60,56-65,30,4,Standard,2025-06-14,True
1693,Aishwarya Naidu,Female,20,18-25,2,4,Standard,2025-01-09,True
1694,Meera Rao,Female,44,36-45,24,1,Inactive,2025-08-26,False
1695,Rahul Pillai,Male,24,18-25,20,5,Standard,2025-03-11,True
1696,Shreya Iyer,Female,53,46-55,24,3,Premium,2025-11-23,True
1697,Aishwarya Nair,Female,52,46-55,27,4,Premium,2025-01-29,True
1698,Meera Kumar,Female,62,56-65,9,4,Inactive,2025-05-24,False
1699,Nandini Singh,Female,22,18-25,17,3,Standard,2025-06-03,True
1700,Ananya Sharma,Female,36,36-45,11,2,Premium,2025-09-26,True
1701,Aditya Reddy,Male,24,18-25,9,3,Standard,2025-10-23,True
1702,Siddharth Mehta,Male,23,18-25,8,1,Premium,2025-10-09,True
1703,Harsh Joshi,Male,53,46-55,30,5,Standard,2025-10-10,True
1704,Priya Naidu,Female,43,36-45,25,1,Premium,2025-02-17,True
1705,Kavya Joshi,Female,21,18-25,5,1,Premium,2025-01-03,True
1706,Anil Verma,Male,20,18-25,16,3,Standard,2025-03-23,True
1707,Arjun Rao,Male,28,26-35,6,6,Inactive,2025-12-25,False
1708,Manish Mehta,Male,19,18-25,16,2,Standard,2025-12-16,True
1709,Karan Sharma,Male,61,56-65,17,3,Premium,2025-04-07,True
1710,Divya Patel,Female,21,18-25,14,2,Standard,2025-09-28,True
1711,Pooja Kumar,Female,43,36-45,19,4,Inactive,2025-05-28,False
1712,Aishwarya Das,Female,25,18-25,23,4,Standard,2025-01-01,True
1713,Karan Das,Male,30,26-35,24,3,Standard,2025-11-25,True
1714,Manish Patel,Male,26,26-35,23,1,Standard,2025-01-24,True
1715,Manish Singh,Male,26,26-35,7,3,Inactive,2025-10-22,False
1716,Manish Patel,Male,63,56-65,4,6,Standard,2025-04-16,True
1717,Sneha Kumar,Female,64,56-65,21,1,Standard,2025-07-30,True
1718,Meera Iyer,Female,61,56-65,9,4,Premium,2025-03-16,True
1719,Karan Rao,Male,30,26-35,28,6,Standard,2025-09-08,True
1720,Kavya Singh,Female,21,18-25,9,1,Standard,2025-01-31,True
1721,Divya Nair,Female,31,26-35,14,1,Standard,2025-05-24,True
1722,Karan Mehta,Male,18,18-25,16,5,Standard,2025-06-05,True
1723,Varun Patel,Male,62,56-65,28,3,VIP,2025-05-19,True
1724,Varun Patel,Male,46,46-55,29,2,Standard,2025-09-06,True
1725,Aishwarya Iyer,Female,50,46-55,21,2,Premium,2025-09-25,True
1726,Swati Reddy,Female,35,26-35,28,6,Standard,2025-07-26,True
1727,Arjun Das,Male,24,18-25,8,3,Standard,2025-12-09,True
1728,Manish Verma,Male,51,46-55,1,2,Inactive,2025-06-17,False
1729,Ishita Rao,Female,18,18-25,16,2,Premium,2025-08-06,True
1730,Swati Mehta,Female,35,26-35,19,2,Standard,2025-11-05,True
1731,Priya Singh,Female,48,46-55,20,2,Standard,2025-06-22,True
1732,Shreya Mehta,Female,33,26-35,18,3,Standard,2025-10-15,True
1733,Nikhil Reddy,Male,24,18-25,19,2,Premium,2025-04-15,True
1734,Neha Iyer,Female,65,56-65,3,1,VIP,2025-08-14,True
1735,Rohan Joshi,Male,31,26-35,7,3,Standard,2025-10-28,True
1736,Priya Nair,Female,59,56-65,19,4,Standard,2025-05-02,True
1737,Arjun Mehta,Male,34,26-35,26,5,Standard,2025-05-04,True
1738,Varun Joshi,Male,35,26-35,18,2,Standard,2025-01-04,True
1739,Nandini Patel,Female,44,36-45,29,3,Standard,2025-04-28,True
1740,Ananya Singh,Female,62,56-65,12,3,Standard,2025-03-26,True
1741,Nikhil Reddy,Male,58,56-65,19,1,Standard,2025-03-22,True
1742,Nikhil Sharma,Male,64,56-65,6,2,Standard,2025-06-01,True
1743,Ananya Gupta,Female,46,46-55,8,5,Standard,2025-04-15,True
1744,Meera Mehta,Female,37,36-45,27,6,Standard,2025-03-23,True
1745,Neha Sharma,Female,28,26-35,12,1,Standard,2025-08-04,True
1746,Arjun Mehta,Male,28,26-35,7,1,Standard,2025-04-28,True
1747,Vikram Joshi,Male,51,46-55,23,5,Standard,2025-10-30,True
1748,Lakshmi Verma,Female,28,26-35,27,5,Standard,2025-08-18,True
1749,Sneha Das,Female,46,46-55,9,3,Standard,2025-01-11,True
1750,Karan Nair,Male,42,36-45,25,5,Standard,2025-10-25,True
1751,Harsh Joshi,Male,26,26-35,29,1,Premium,2025-02-27,True
1752,Neha Naidu,Female,59,56-65,19,6,Standard,2025-09-23,True
1753,Akash Naidu,Male,32,26-35,26,2,Standard,2025-11-07,True
1754,Rohan Iyer,Male,53,46-55,3,3,Standard,2025-05-14,True
1755,Divya Kumar,Female,29,26-35,2,4,Premium,2025-03-13,True
1756,Nikhil Gupta,Male,23,18-25,17,2,Standard,2025-11-21,True
1757,Nikhil Mehta,Male,38,36-45,15,2,VIP,2025-06-22,True
1758,Aarav Mehta,Male,18,18-25,25,1,Standard,2025-01-16,True
1759,Aditya Kumar,Male,65,56-65,26,6,Standard,2025-04-08,True
1760,Riya Reddy,Female,46,46-55,26,5,Standard,2025-11-19,True
1761,Nikhil Kumar,Male,40,36-45,11,4,Premium,2025-09-16,True
1762,Riya Nair,Female,34,26-35,6,1,Standard,2025-12-09,True
1763,Kavya Verma,Female,51,46-55,30,1,Premium,2025-05-28,True
1764,Aditya Singh,Male,48,46-55,2,5,Standard,2025-11-03,True
1765,Aarav Gupta,Male,34,26-35,29,2,Standard,2025-02-15,True
1766,Swati Iyer,Female,35,26-35,17,2,Standard,2025-05-01,True
1767,Sneha Mehta,Female,35,26-35,17,2,Inactive,2025-07-09,False
1768,Aditya Nair,Male,28,26-35,26,5,Standard,2025-01-21,True
1769,Ananya Singh,Female,31,26-35,8,4,Standard,2025-08-24,True
1770,Riya Sharma,Female,57,56-65,25,6,Inactive,2025-09-27,False
1771,Rahul Reddy,Male,21,18-25,9,1,Inactive,2025-07-20,False
1772,Nandini Iyer,Female,25,18-25,29,5,Inactive,2025-01-03,False
1773,Meera Joshi,Female,34,26-35,28,6,Premium,2025-09-13,True
1774,Akash Patel,Male,42,36-45,23,2,Standard,2025-05-18,True
1775,Rahul Gupta,Male,22,18-25,5,6,Standard,2025-03-29,True
1776,Neha Nair,Female,28,26-35,1,2,Premium,2025-03-08,True
1777,Swati Joshi,Female,51,46-55,14,2,VIP,2025-05-09,True
1778,Varun Pillai,Male,20,18-25,27,4,VIP,2025-07-19,True
1779,Aditya Mehta,Male,41,36-45,25,3,Standard,2025-07-26,True
1780,Nikhil Gupta,Male,41,36-45,11,5,Standard,2025-01-12,True
1781,Varun Singh,Male,37,36-45,14,3,Standard,2025-09-29,True
1782,Harsh Patel,Male,64,56-65,4,3,Standard,2025-09-23,True
1783,Vivek Nair,Male,39,36-45,24,2,Premium,2025-02-01,True
1784,Ananya Nair,Female,61,56-65,21,1,Inactive,2025-05-30,False
1785,Rohan Naidu,Male,31,26-35,7,3,Standard,2025-10-28,True
1786,Lakshmi Joshi,Female,25,18-25,13,6,Standard,2025-02-22,True
1787,Arjun Joshi,Male,56,56-65,15,5,Premium,2025-03-05,True
1788,Siddharth Patel,Male,33,26-35,19,1,Standard,2025-04-21,True
1789,Karan Gupta,Male,38,36-45,8,1,Premium,2025-02-09,True
1790,Anil Mehta,Male,57,56-65,25,5,VIP,2025-07-19,True
1791,Varun Iyer,Male,44,36-45,25,5,Standard,2025-01-05,True
1792,Anil Kumar,Male,31,26-35,27,1,Inactive,2025-01-16,False
1793,Aditya Mehta,Male,44,36-45,4,5,Standard,2025-01-07,True
1794,Nikhil Singh,Male,39,36-45,16,6,Standard,2025-05-26,True
1795,Nikhil Naidu,Male,44,36-45,30,1,Standard,2025-07-20,True
1796,Ishita Mehta,Female,40,36-45,5,1,Standard,2025-03-05,True
1797,Priya Iyer,Female,36,36-45,8,2,Standard,2025-01-14,True
1798,Harsh Singh,Male,30,26-35,6,6,Standard,2025-11-05,True
1799,Arjun Patel,Male,46,46-55,9,3,Standard,2025-05-11,True
1800,Nikhil Joshi,Male,64,56-65,10,2,Standard,2025-01-22,True
1801,Meera Sharma,Female,39,36-45,8,4,Inactive,2025-08-08,False
1802,Riya Joshi,Female,20,18-25,17,6,Premium,2025-08-07,True
1803,Aarav Patel,Male,21,18-25,17,2,Standard,2025-11-08,True
1804,Vivek Pillai,Male,19,18-25,13,2,Standard,2025-04-19,True
1805,Rahul Mehta,Male,31,26-35,9,3,Premium,2025-09-18,True
1806,Karan Das,Male,24,18-25,16,6,Standard,2025-10-15,True
1807,Siddharth Patel,Male,51,46-55,27,3,VIP,2025-03-01,True
1808,Vikram Naidu,Male,53,46-55,1,5,Inactive,2025-04-10,False
1809,Kavya Patel,Female,48,46-55,28,6,Inactive,2025-09-28,False
1810,Karan Sharma,Male,31,26-35,8,6,Premium,2025-01-28,True
1811,Manish Rao,Male,46,46-55,23,6,Premium,2025-09-17,True
1812,Ishita Das,Female,63,56-65,3,3,Standard,2025-01-09,True
1813,Kavya Das,Female,28,26-35,13,5,Standard,2025-11-17,True
1814,Riya Das,Female,54,46-55,26,4,Standard,2025-10-10,True
1815,Priya Naidu,Female,51,46-55,10,2,Standard,2025-07-16,True
1816,Rahul Rao,Male,54,46-55,4,3,Standard,2025-06-08,True
1817,Rahul Naidu,Male,30,26-35,4,2,Premium,2025-04-25,True
1818,Riya Kumar,Female,45,36-45,13,5,Premium,2025-07-28,True
1819,Akash Verma,Male,27,26-35,13,6,Premium,2025-01-16,True
1820,Sneha Joshi,Female,31,26-35,10,5,Inactive,2025-04-27,False
1821,Aditya Gupta,Male,60,56-65,20,3,Premium,2025-09-24,True
1822,Manish Naidu,Male,53,46-55,25,1,VIP,2025-01-02,True
1823,Neha Naidu,Female,60,56-65,4,2,Inactive,2025-10-17,False
1824,Pooja Sharma,Female,53,46-55,26,2,Premium,2025-10-06,True
1825,Karan Gupta,Male,35,26-35,3,5,Standard,2025-07-28,True
1826,Anil Pillai,Male,31,26-35,1,5,Standard,2025-12-11,True
1827,Harsh Patel,Male,51,46-55,11,5,Premium,2025-03-03,True
1828,Nandini Patel,Female,35,26-35,13,5,Standard,2025-06-09,True
1829,Meera Naidu,Female,20,18-25,28,1,Standard,2025-04-25,True
1830,Aarav Gupta,Male,50,46-55,14,5,Premium,2025-02-02,True
1831,Arjun Pillai,Male,42,36-45,17,2,Standard,2025-11-10,True
1832,Nandini Pillai,Female,19,18-25,2,1,Standard,2025-11-28,True
1833,Priya Nair,Female,58,56-65,20,1,Standard,2025-08-21,True
1834,Riya Kumar,Female,58,56-65,17,2,Premium,2025-11-25,True
1835,Meera Kumar,Female,21,18-25,24,3,Standard,2025-01-09,True
1836,Shreya Verma,Female,56,56-65,10,4,Premium,2025-08-18,True
1837,Nikhil Singh,Male,44,36-45,22,2,Standard,2025-10-12,True
1838,Nikhil Pillai,Male,49,46-55,24,6,Premium,2025-01-25,True
1839,Siddharth Joshi,Male,56,56-65,3,3,Premium,2025-12-12,True
1840,Priya Patel,Female,30,26-35,7,4,Premium,2025-06-10,True
1841,Swati Naidu,Female,28,26-35,7,3,Inactive,2025-07-25,False
1842,Varun Iyer,Male,23,18-25,15,1,VIP,2025-03-26,True
1843,Arjun Das,Male,28,26-35,1,4,Premium,2025-05-02,True
1844,Sneha Verma,Female,49,46-55,18,5,Inactive,2025-07-12,False
1845,Rohan Patel,Male,46,46-55,3,6,Standard,2025-10-31,True
1846,Nikhil Kumar,Male,55,46-55,11,1,Standard,2025-09-19,True
1847,Vivek Reddy,Male,45,36-45,9,3,Inactive,2025-05-02,False
1848,Aishwarya Gupta,Female,34,26-35,27,1,Standard,2025-03-14,True
1849,Swati Mehta,Female,49,46-55,22,5,Standard,2025-01-08,True
1850,Manish Reddy,Male,49,46-55,29,5,Standard,2025-11-18,True
1851,Vikram Iyer,Male,44,36-45,6,5,Premium,2025-09-09,True
1852,Aishwarya Mehta,Female,45,36-45,28,2,Standard,2025-02-28,True
1853,Akash Gupta,Male,38,36-45,14,1,Standard,2025-08-19,True
1854,Varun Mehta,Male,62,56-65,19,5,Standard,2025-12-15,True
1855,Varun Verma,Male,62,56-65,2,4,Standard,2025-07-27,True
1856,Vivek Mehta,Male,18,18-25,12,1,Standard,2025-12-04,True
1857,Rahul Patel,Male,58,56-65,12,3,Standard,2025-07-21,True
1858,Ananya Mehta,Female,39,36-45,18,4,Inactive,2025-12-18,False
1859,Neha Das,Female,27,26-35,24,1,Premium,2025-03-31,True
1860,Siddharth Kumar,Male,38,36-45,19,4,Inactive,2025-11-01,False
1861,Akash Das,Male,52,46-55,25,6,Standard,2025-11-08,True
1862,Riya Iyer,Female,19,18-25,6,2,Standard,2025-06-19,True
1863,Siddharth Joshi,Male,64,56-65,8,6,Standard,2025-11-03,True
1864,Divya Nair,Female,59,56-65,5,3,Standard,2025-11-09,True
1865,Manish Reddy,Male,36,36-45,12,4,Standard,2025-01-19,True
1866,Priya Rao,Female,29,26-35,8,5,Standard,2025-04-11,True
1867,Aarav Naidu,Male,57,56-65,15,3,Standard,2025-11-11,True
1868,Nikhil Gupta,Male,60,56-65,15,4,Standard,2025-10-05,True
1869,Vivek Das,Male,54,46-55,30,4,Premium,2025-03-20,True
1870,Aditya Iyer,Male,54,46-55,7,4,Inactive,2025-01-20,False
1871,Meera Iyer,Female,18,18-25,13,6,Standard,2025-05-02,True
1872,Ananya Joshi,Female,35,26-35,29,1,Premium,2025-07-19,True
1873,Swati Das,Female,39,36-45,22,4,Standard,2025-03-05,True
1874,Vikram Naidu,Male,52,46-55,6,6,Standard,2025-05-09,True
1875,Anil Iyer,Male,43,36-45,15,5,Standard,2025-11-10,True
1876,Sneha Gupta,Female,33,26-35,21,2,Premium,2025-05-18,True
1877,Nandini Pillai,Female,32,26-35,28,2,Premium,2025-10-21,True
1878,Aditya Singh,Male,28,26-35,9,1,Premium,2025-04-06,True
1879,Swati Naidu,Female,48,46-55,6,3,VIP,2025-03-29,True
1880,Ishita Patel,Female,62,56-65,8,3,Premium,2025-07-09,True
1881,Rohan Pillai,Male,50,46-55,4,5,Standard,2025-01-14,True
1882,Divya Nair,Female,42,36-45,28,5,Standard,2025-09-07,True
1883,Nandini Nair,Female,32,26-35,1,2,Standard,2025-12-12,True
1884,Anil Pillai,Male,25,18-25,30,4,Standard,2025-04-12,True
1885,Ishita Patel,Female,35,26-35,26,1,Standard,2025-07-21,True
1886,Priya Rao,Female,36,36-45,15,1,Standard,2025-02-24,True
1887,Nikhil Kumar,Male,41,36-45,20,2,Standard,2025-09-26,True
1888,Rohan Mehta,Male,45,36-45,15,3,VIP,2025-05-17,True
1889,Nikhil Pillai,Male,59,56-65,26,1,Premium,2025-02-14,True
1890,Harsh Rao,Male,29,26-35,15,4,Premium,2025-03-04,True
1891,Divya Sharma,Female,56,56-65,24,2,Standard,2025-07-04,True
1892,Rohan Pillai,Male,50,46-55,17,5,Standard,2025-03-25,True
1893,Anil Rao,Male,53,46-55,26,4,VIP,2025-10-26,True
1894,Riya Mehta,Female,46,46-55,18,4,Premium,2025-03-12,True
1895,Swati Rao,Female,50,46-55,11,6,Standard,2025-11-20,True
1896,Swati Das,Female,45,36-45,12,3,Premium,2025-05-28,True
1897,Akash Kumar,Male,37,36-45,20,1,Inactive,2025-12-21,False
1898,Pooja Sharma,Female,26,26-35,30,1,Standard,2025-06-07,True
1899,Meera Patel,Female,55,46-55,21,2,Standard,2025-11-26,True
1900,Harsh Rao,Male,38,36-45,3,2,Standard,2025-01-18,True
1901,Manish Gupta,Male,45,36-45,18,6,Standard,2025-06-05,True
1902,Nandini Iyer,Female,51,46-55,20,4,Standard,2025-09-09,True
1903,Varun Pillai,Male,62,56-65,30,2,Premium,2025-08-14,True
1904,Meera Singh,Female,27,26-35,24,1,Premium,2025-12-27,True
1905,Anil Rao,Male,36,36-45,7,1,Premium,2025-03-30,True
1906,Nikhil Kumar,Male,30,26-35,27,1,Standard,2025-11-27,True
1907,Manish Nair,Male,57,56-65,3,1,Standard,2025-02-16,True
1908,Karan Nair,Male,49,46-55,6,2,Standard,2025-01-13,True
1909,Harsh Verma,Male,43,36-45,17,6,Standard,2025-04-03,True
1910,Shreya Verma,Female,38,36-45,9,6,Inactive,2025-10-15,False
1911,Shreya Kumar,Female,42,36-45,5,5,Inactive,2025-06-16,False
1912,Siddharth Reddy,Male,50,46-55,27,6,Standard,2025-12-03,True
1913,Nikhil Reddy,Male,43,36-45,2,5,Premium,2025-03-03,True
1914,Sneha Reddy,Female,47,46-55,22,2,Premium,2025-04-22,True
1915,Vivek Naidu,Male,19,18-25,11,2,Standard,2025-10-18,True
1916,Nikhil Singh,Male,28,26-35,4,6,Standard,2025-10-27,True
1917,Manish Nair,Male,33,26-35,18,5,Premium,2025-06-16,True
1918,Swati Patel,Female,54,46-55,28,5,Standard,2025-06-07,True
1919,Neha Reddy,Female,49,46-55,24,6,Premium,2025-09-10,True
1920,Rahul Mehta,Male,43,36-45,10,2,Inactive,2025-10-20,False
1921,Kavya Pillai,Female,34,26-35,19,4,Premium,2025-04-03,True
1922,Ishita Pillai,Female,55,46-55,15,1,Standard,2025-02-05,True
1923,Aarav Rao,Male,33,26-35,22,5,Standard,2025-09-12,True
1924,Rohan Verma,Male,63,56-65,29,3,VIP,2025-09-23,True
1925,Rahul Kumar,Male,19,18-25,26,6,Standard,2025-07-06,True
1926,Swati Mehta,Female,64,56-65,28,1,Standard,2025-01-23,True
1927,Riya Iyer,Female,49,46-55,20,6,Standard,2025-09-17,True
1928,Pooja Gupta,Female,31,26-35,23,6,Premium,2025-12-08,True
1929,Sneha Patel,Female,58,56-65,18,4,Inactive,2025-01-21,False
1930,Aarav Nair,Male,37,36-45,8,4,Premium,2025-10-21,True
1931,Priya Verma,Female,22,18-25,12,2,Inactive,2025-10-20,False
1932,Aarav Mehta,Male,27,26-35,21,5,Premium,2025-10-28,True
1933,Meera Sharma,Female,23,18-25,10,2,Standard,2025-09-19,True
1934,Aarav Das,Male,30,26-35,30,1,VIP,2025-02-12,True
1935,Manish Das,Male,49,46-55,3,5,Inactive,2025-03-16,False
1936,Ananya Gupta,Female,27,26-35,24,2,Standard,2025-12-18,True
1937,Neha Verma,Female,60,56-65,5,1,Premium,2025-12-11,True
1938,Arjun Reddy,Male,42,36-45,13,1,Standard,2025-03-03,True
1939,Varun Kumar,Male,64,56-65,11,6,Standard,2025-08-13,True
1940,Rohan Naidu,Male,57,56-65,24,6,Standard,2025-04-09,True
1941,Neha Rao,Female,31,26-35,18,1,Standard,2025-12-07,True
1942,Riya Iyer,Female,24,18-25,5,3,Standard,2025-01-12,True
1943,Meera Iyer,Female,26,26-35,30,3,Standard,2025-06-17,True
1944,Rahul Das,Male,36,36-45,13,2,Premium,2025-04-10,True
1945,Pooja Joshi,Female,42,36-45,27,1,Premium,2025-01-01,True
1946,Nikhil Gupta,Male,54,46-55,20,3,Standard,2025-09-12,True
1947,Harsh Reddy,Male,32,26-35,15,1,Standard,2025-07-03,True
1948,Divya Rao,Female,42,36-45,10,2,Standard,2025-02-08,True
1949,Aarav Kumar,Male,48,46-55,30,1,Standard,2025-03-24,True
1950,Aishwarya Iyer,Female,49,46-55,9,1,Standard,2025-08-15,True
1951,Karan Singh,Male,55,46-55,1,4,Standard,2025-05-25,True
1952,Aditya Rao,Male,34,26-35,28,2,Standard,2025-11-25,True
1953,Rohan Joshi,Male,63,56-65,28,3,Standard,2025-01-09,True
1954,Lakshmi Naidu,Female,43,36-45,16,5,Inactive,2025-11-24,False
1955,Pooja Singh,Female,37,36-45,20,1,Standard,2025-06-28,True
1956,Kavya Singh,Female,29,26-35,8,3,Standard,2025-05-09,True
1957,Neha Sharma,Female,25,18-25,2,5,Standard,2025-09-21,True
1958,Aarav Patel,Male,19,18-25,26,6,Standard,2025-02-21,True
1959,Neha Nair,Female,23,18-25,16,2,Standard,2025-01-07,True
1960,Harsh Joshi,Male,60,56-65,12,4,Standard,2025-02-25,True
1961,Swati Sharma,Female,47,46-55,3,2,Standard,2025-02-22,True
1962,Aarav Verma,Male,63,56-65,8,3,Standard,2025-05-28,True
1963,Divya Nair,Female,49,46-55,10,2,Standard,2025-12-27,True
1964,Aarav Sharma,Male,54,46-55,14,2,Premium,2025-12-13,True
1965,Shreya Singh,Female,63,56-65,14,5,Standard,2025-03-03,True
1966,Aditya Patel,Male,60,56-65,26,2,Standard,2025-08-14,True
1967,Nandini Singh,Female,43,36-45,14,2,Standard,2025-09-26,True
1968,Vivek Kumar,Male,62,56-65,28,4,Standard,2025-05-17,True
1969,Neha Singh,Female,24,18-25,10,3,Standard,2025-02-04,True
1970,Aarav Verma,Male,55,46-55,16,6,Premium,2025-01-20,True
1971,Nikhil Gupta,Male,34,26-35,19,2,Premium,2025-02-04,True
1972,Ishita Sharma,Female,38,36-45,8,6,Inactive,2025-02-03,False
1973,Riya Kumar,Female,20,18-25,9,5,Standard,2025-10-29,True
1974,Meera Pillai,Female,56,56-65,27,4,Inactive,2025-07-22,False
1975,Meera Patel,Female,59,56-65,3,2,Standard,2025-03-03,True
1976,Neha Das,Female,53,46-55,24,3,Premium,2025-02-20,True
1977,Rohan Verma,Male,36,36-45,2,4,Standard,2025-04-30,True
1978,Harsh Rao,Male,45,36-45,6,2,VIP,2025-12-09,True
1979,Ishita Das,Female,25,18-25,20,4,Standard,2025-05-16,True
1980,Anil Singh,Male,60,56-65,5,1,Standard,2025-08-24,True
1981,Arjun Reddy,Male,44,36-45,2,2,Standard,2025-11-19,True
1982,Priya Pillai,Female,52,46-55,26,1,Standard,2025-11-11,True
1983,Lakshmi Kumar,Female,25,18-25,3,4,Inactive,2025-10-03,False
1984,Lakshmi Gupta,Female,50,46-55,1,1,Inactive,2025-07-24,False
1985,Kavya Iyer,Female,26,26-35,6,1,Premium,2025-07-02,True
1986,Siddharth Verma,Male,50,46-55,12,4,Inactive,2025-10-04,False
1987,Aarav Mehta,Male,19,18-25,9,5,Standard,2025-08-31,True
1988,Vivek Pillai,Male,29,26-35,27,2,Standard,2025-11-01,True
1989,Priya Mehta,Female,59,56-65,22,1,Inactive,2025-09-19,False
1990,Meera Pillai,Female,55,46-55,9,2,Standard,2025-09-16,True
1991,Varun Joshi,Male,43,36-45,19,6,Inactive,2025-09-02,False
1992,Vikram Sharma,Male,55,46-55,12,2,Standard,2025-02-15,True
1993,Priya Rao,Female,45,36-45,2,4,Standard,2025-04-01,True
1994,Kavya Gupta,Female,62,56-65,18,5,Premium,2025-07-01,True
1995,Harsh Naidu,Male,47,46-55,19,6,Standard,2025-05-30,True
1996,Anil Das,Male,44,36-45,23,6,Standard,2025-07-16,True
1997,Nikhil Nair,Male,57,56-65,14,1,Standard,2025-03-19,True
1998,Varun Sharma,Male,27,26-35,18,3,Standard,2025-07-02,True
1999,Vivek Gupta,Male,44,36-45,9,5,Standard,2025-10-21,True
2000,Vikram Iyer,Male,43,36-45,18,6,Standard,2025-08-12,True
2001,Vikram Singh,Male,48,46-55,5,5,Standard,2025-08-06,True
2002,Siddharth Pillai,Male,22,18-25,3,3,VIP,2025-02-27,True
2003,Aditya Gupta,Male,56,56-65,21,2,Inactive,2025-04-15,False
2004,Priya Patel,Female,31,26-35,16,6,Standard,2025-04-06,True
2005,Aarav Naidu,Male,34,26-35,11,5,Standard,2025-12-25,True
2006,Anil Kumar,Male,41,36-45,30,3,Standard,2025-05-15,True
2007,Siddharth Reddy,Male,45,36-45,11,6,Standard,2025-05-29,True
2008,Ananya Mehta,Female,54,46-55,14,4,Standard,2025-09-05,True
2009,Harsh Iyer,Male,26,26-35,23,3,Standard,2025-10-07,True
2010,Akash Iyer,Male,64,56-65,1,4,Standard,2025-02-19,True
2011,Priya Verma,Female,35,26-35,14,5,Standard,2025-04-26,True
2012,Ishita Kumar,Female,43,36-45,21,4,Inactive,2025-10-07,False
2013,Ishita Gupta,Female,52,46-55,20,2,Standard,2025-12-23,True
2014,Kavya Naidu,Female,50,46-55,13,5,Premium,2025-02-16,True
2015,Pooja Das,Female,34,26-35,11,6,Standard,2025-03-11,True
2016,Aarav Pillai,Male,61,56-65,25,4,Inactive,2025-05-07,False
2017,Lakshmi Joshi,Female,20,18-25,12,1,Standard,2025-12-16,True
2018,Rohan Pillai,Male,56,56-65,18,5,Standard,2025-06-10,True
2019,Karan Joshi,Male,59,56-65,5,1,Standard,2025-07-10,True
2020,Karan Verma,Male,18,18-25,2,1,Standard,2025-06-04,True
2021,Vikram Iyer,Male,55,46-55,9,2,Premium,2025-07-12,True
2022,Riya Naidu,Female,65,56-65,28,5,Standard,2025-07-30,True
2023,Aditya Mehta,Male,45,36-45,9,2,Premium,2025-06-09,True
2024,Neha Pillai,Female,41,36-45,16,4,Premium,2025-10-20,True
2025,Riya Nair,Female,38,36-45,8,2,Premium,2025-01-15,True
2026,Sneha Patel,Female,41,36-45,9,4,Premium,2025-11-21,True
2027,Harsh Singh,Male,39,36-45,23,3,Standard,2025-06-21,True
2028,Aishwarya Naidu,Female,21,18-25,1,6,Inactive,2025-08-06,False
2029,Vivek Kumar,Male,25,18-25,6,2,VIP,2025-08-20,True
2030,Lakshmi Verma,Female,62,56-65,22,4,Standard,2025-06-11,True
2031,Karan Sharma,Male,24,18-25,3,2,VIP,2025-02-17,True
2032,Lakshmi Pillai,Female,50,46-55,27,3,Standard,2025-07-18,True
2033,Aarav Mehta,Male,52,46-55,1,1,Standard,2025-07-22,True
2034,Swati Verma,Female,53,46-55,5,2,Standard,2025-11-01,True
2035,Shreya Naidu,Female,18,18-25,30,3,VIP,2025-07-29,True
2036,Nandini Kumar,Female,58,56-65,26,4,Premium,2025-03-26,True
2037,Rohan Iyer,Male,34,26-35,8,6,Standard,2025-04-27,True
2038,Pooja Joshi,Female,55,46-55,24,4,Standard,2025-08-25,True
2039,Nandini Gupta,Female,28,26-35,12,3,Inactive,2025-03-31,False
2040,Sneha Reddy,Female,60,56-65,18,6,Standard,2025-05-10,True
2041,Riya Mehta,Female,35,26-35,2,1,Standard,2025-06-06,True
2042,Kavya Gupta,Female,47,46-55,11,6,Standard,2025-02-09,True
2043,Rahul Patel,Male,27,26-35,30,6,Inactive,2025-05-27,False
2044,Meera Das,Female,64,56-65,27,1,Premium,2025-07-23,True
2045,Rohan Gupta,Male,36,36-45,21,6,Standard,2025-03-28,True
2046,Rohan Pillai,Male,53,46-55,18,4,Premium,2025-09-01,True
2047,Swati Sharma,Female,59,56-65,18,1,Standard,2025-07-18,True
2048,Vivek Sharma,Male,34,26-35,11,6,Standard,2025-11-08,True
2049,Aditya Joshi,Male,52,46-55,17,2,Premium,2025-06-19,True
2050,Anil Nair,Male,18,18-25,2,6,Premium,2025-09-21,True
2051,Nikhil Pillai,Male,43,36-45,15,4,Standard,2025-02-04,True
2052,Pooja Kumar,Female,35,26-35,9,3,Inactive,2025-07-04,False
2053,Kavya Singh,Female,21,18-25,27,5,Standard,2025-07-05,True
2054,Varun Das,Male,57,56-65,7,4,Standard,2025-01-08,True
2055,Aishwarya Gupta,Female,56,56-65,4,2,VIP,2025-09-20,True
2056,Nandini Iyer,Female,65,56-65,13,5,Standard,2025-10-28,True
2057,Anil Naidu,Male,62,56-65,20,1,VIP,2025-09-04,True
2058,Vivek Verma,Male,24,18-25,9,4,Standard,2025-04-30,True
2059,Harsh Reddy,Male,64,56-65,20,5,Standard,2025-05-10,True
2060,Vikram Kumar,Male,31,26-35,27,5,Standard,2025-03-25,True
2061,Rohan Das,Male,24,18-25,5,1,Inactive,2025-12-04,False
2062,Ananya Singh,Female,28,26-35,29,5,Standard,2025-09-21,True
2063,Nikhil Das,Male,53,46-55,30,2,Standard,2025-03-01,True
2064,Rahul Patel,Male,29,26-35,29,1,Standard,2025-07-17,True
2065,Neha Singh,Female,25,18-25,2,1,Standard,2025-12-10,True
2066,Swati Singh,Female,25,18-25,1,5,Standard,2025-07-10,True
2067,Riya Reddy,Female,36,36-45,2,6,Standard,2025-06-13,True
2068,Manish Reddy,Male,55,46-55,17,1,Standard,2025-10-09,True
2069,Rohan Rao,Male,37,36-45,14,5,Standard,2025-02-20,True
2070,Aarav Patel,Male,64,56-65,25,1,Premium,2025-04-04,True
2071,Aditya Pillai,Male,35,26-35,11,6,Standard,2025-02-08,True
2072,Ananya Naidu,Female,62,56-65,2,4,Premium,2025-07-19,True
2073,Kavya Reddy,Female,22,18-25,1,6,Standard,2025-02-14,True
2074,Nikhil Pillai,Male,32,26-35,10,1,Standard,2025-02-21,True
2075,Ishita Pillai,Female,55,46-55,9,5,Standard,2025-01-08,True
2076,Riya Iyer,Female,30,26-35,14,4,Standard,2025-03-14,True
2077,Divya Joshi,Female,54,46-55,19,5,Standard,2025-08-24,True
2078,Akash Patel,Male,52,46-55,14,5,Premium,2025-10-17,True
2079,Varun Iyer,Male,61,56-65,22,6,Standard,2025-07-06,True
2080,Aditya Mehta,Male,55,46-55,14,2,Premium,2025-10-19,True
2081,Lakshmi Singh,Female,19,18-25,23,5,Standard,2025-02-14,True
2082,Karan Naidu,Male,62,56-65,25,3,VIP,2025-09-25,True
2083,Karan Sharma,Male,37,36-45,3,5,Premium,2025-10-20,True
2084,Lakshmi Kumar,Female,22,18-25,26,4,Standard,2025-03-02,True
2085,Shreya Verma,Female,36,36-45,23,1,Standard,2025-06-01,True
2086,Ishita Kumar,Female,22,18-25,4,5,Premium,2025-10-10,True
2087,Vikram Reddy,Male,56,56-65,23,5,Standard,2025-05-17,True
2088,Rahul Kumar,Male,56,56-65,16,3,Standard,2025-01-28,True
2089,Swati Joshi,Female,41,36-45,9,2,Standard,2025-12-15,True
2090,Pooja Verma,Female,20,18-25,11,4,Standard,2025-10-23,True
2091,Rahul Pillai,Male,41,36-45,16,1,Standard,2025-01-26,True
2092,Manish Singh,Male,32,26-35,30,6,Standard,2025-01-28,True
2093,Sneha Patel,Female,26,26-35,9,4,Inactive,2025-09-15,False
2094,Anil Iyer,Male,57,56-65,11,6,Standard,2025-01-30,True
2095,Varun Iyer,Male,59,56-65,30,5,Standard,2025-08-20,True
2096,Arjun Kumar,Male,44,36-45,3,4,Inactive,2025-10-05,False
2097,Ananya Verma,Female,22,18-25,2,3,Inactive,2025-11-25,False
2098,Arjun Reddy,Male,54,46-55,12,1,Premium,2025-02-25,True
2099,Aditya Kumar,Male,45,36-45,3,6,Premium,2025-04-27,True
2100,Ananya Pillai,Female,54,46-55,5,2,Standard,2025-08-09,True
2101,Meera Sharma,Female,18,18-25,16,3,Inactive,2025-12-01,False
2102,Anil Iyer,Male,54,46-55,26,3,Standard,2025-05-31,True
2103,Harsh Gupta,Male,27,26-35,26,5,Standard,2025-10-12,True
2104,Vivek Pillai,Male,44,36-45,12,2,Standard,2025-08-30,True
2105,Karan Pillai,Male,64,56-65,3,5,Standard,2025-03-14,True
2106,Aishwarya Mehta,Female,37,36-45,26,5,Premium,2025-02-06,True
2107,Vikram Rao,Male,20,18-25,5,3,Standard,2025-07-26,True
2108,Manish Kumar,Male,22,18-25,15,3,Premium,2025-07-04,True
2109,Kavya Iyer,Female,33,26-35,11,2,Standard,2025-05-20,True
2110,Ananya Joshi,Female,45,36-45,15,2,Standard,2025-05-09,True
2111,Lakshmi Iyer,Female,50,46-55,7,5,Standard,2025-04-27,True
2112,Lakshmi Mehta,Female,58,56-65,28,3,Standard,2025-01-25,True
2113,Pooja Sharma,Female,46,46-55,27,4,Inactive,2025-12-27,False
2114,Karan Rao,Male,46,46-55,20,3,Standard,2025-07-23,True
2115,Rohan Das,Male,29,26-35,24,1,Standard,2025-06-20,True
2116,Priya Sharma,Female,49,46-55,21,6,Standard,2025-11-04,True
2117,Anil Patel,Male,24,18-25,3,1,Standard,2025-07-18,True
2118,Siddharth Gupta,Male,19,18-25,5,3,Premium,2025-08-16,True
2119,Ananya Gupta,Female,62,56-65,6,2,Standard,2025-11-14,True
2120,Lakshmi Patel,Female,38,36-45,27,3,Standard,2025-04-01,True
2121,Anil Reddy,Male,60,56-65,5,2,Standard,2025-10-17,True
2122,Nandini Sharma,Female,18,18-25,6,4,Standard,2025-01-26,True
2123,Aditya Reddy,Male,39,36-45,7,6,Inactive,2025-06-27,False
2124,Shreya Gupta,Female,57,56-65,11,1,Standard,2025-09-10,True
2125,Harsh Verma,Male,63,56-65,7,2,Standard,2025-07-01,True
2126,Meera Sharma,Female,32,26-35,22,1,VIP,2025-05-28,True
2127,Vikram Mehta,Male,64,56-65,1,2,Standard,2025-01-02,True
2128,Pooja Kumar,Female,20,18-25,29,2,Standard,2025-12-24,True
2129,Priya Reddy,Female,52,46-55,10,6,Standard,2025-04-24,True
2130,Lakshmi Das,Female,57,56-65,29,2,Inactive,2025-07-03,False
2131,Riya Mehta,Female,33,26-35,30,3,Standard,2025-01-24,True
2132,Neha Reddy,Female,20,18-25,2,4,Inactive,2025-10-19,False
2133,Manish Sharma,Male,43,36-45,19,4,Inactive,2025-10-08,False
2134,Arjun Iyer,Male,42,36-45,23,4,Standard,2025-12-23,True
2135,Varun Iyer,Male,35,26-35,23,6,Premium,2025-04-22,True
2136,Siddharth Pillai,Male,36,36-45,10,5,VIP,2025-04-26,True
2137,Aarav Singh,Male,49,46-55,15,4,Premium,2025-06-21,True
2138,Ananya Patel,Female,28,26-35,21,3,Standard,2025-04-19,True
2139,Pooja Nair,Female,26,26-35,29,4,Standard,2025-10-03,True
2140,Sneha Das,Female,21,18-25,21,2,Standard,2025-03-18,True
2141,Harsh Patel,Male,37,36-45,11,1,Premium,2025-01-17,True
2142,Manish Naidu,Male,44,36-45,27,6,Standard,2025-11-23,True
2143,Divya Nair,Female,33,26-35,1,2,Standard,2025-07-16,True
2144,Shreya Patel,Female,26,26-35,20,1,Standard,2025-08-22,True
2145,Riya Naidu,Female,54,46-55,18,5,Premium,2025-04-06,True
2146,Rahul Das,Male,65,56-65,19,4,Standard,2025-04-29,True
2147,Karan Gupta,Male,29,26-35,26,1,Standard,2025-07-09,True
2148,Divya Kumar,Female,22,18-25,9,4,Inactive,2025-01-13,False
2149,Aarav Naidu,Male,46,46-55,4,1,Premium,2025-04-26,True
2150,Rahul Patel,Male,45,36-45,23,2,Premium,2025-12-05,True
2151,Arjun Rao,Male,51,46-55,26,1,Premium,2025-01-03,True
2152,Ishita Reddy,Female,45,36-45,4,1,Standard,2025-07-10,True
2153,Divya Iyer,Female,23,18-25,24,5,Standard,2025-08-26,True
2154,Sneha Joshi,Female,62,56-65,4,4,Standard,2025-01-26,True
2155,Lakshmi Patel,Female,48,46-55,18,6,Standard,2025-10-08,True
2156,Ishita Kumar,Female,50,46-55,30,5,Standard,2025-09-18,True
2157,Pooja Naidu,Female,37,36-45,28,1,VIP,2025-03-12,True
2158,Nikhil Mehta,Male,48,46-55,6,1,Standard,2025-11-11,True
2159,Divya Kumar,Female,58,56-65,30,2,Premium,2025-01-31,True
2160,Priya Nair,Female,35,26-35,16,3,Premium,2025-09-26,True
2161,Arjun Singh,Male,41,36-45,19,5,Premium,2025-12-11,True
2162,Nikhil Gupta,Male,65,56-65,1,2,Standard,2025-01-26,True
2163,Lakshmi Joshi,Female,62,56-65,5,2,Standard,2025-08-13,True
2164,Pooja Pillai,Female,26,26-35,23,1,Premium,2025-01-22,True
2165,Akash Reddy,Male,44,36-45,11,1,Standard,2025-01-02,True
2166,Aditya Joshi,Male,56,56-65,8,4,Standard,2025-10-27,True
2167,Siddharth Iyer,Male,32,26-35,5,1,Standard,2025-11-03,True
2168,Karan Gupta,Male,61,56-65,24,1,Standard,2025-11-08,True
2169,Vivek Kumar,Male,55,46-55,24,5,Premium,2025-01-15,True
2170,Aishwarya Pillai,Female,65,56-65,18,3,Standard,2025-03-25,True
2171,Siddharth Reddy,Male,30,26-35,4,4,Standard,2025-07-07,True
2172,Divya Naidu,Female,41,36-45,27,4,Premium,2025-08-24,True
2173,Karan Patel,Male,62,56-65,13,2,Standard,2025-07-21,True
2174,Pooja Sharma,Female,37,36-45,19,3,Premium,2025-06-03,True
2175,Varun Singh,Male,43,36-45,7,6,Premium,2025-04-26,True
2176,Pooja Sharma,Female,37,36-45,21,5,Standard,2025-03-08,True
2177,Karan Kumar,Male,45,36-45,29,1,VIP,2025-05-11,True
2178,Harsh Singh,Male,60,56-65,5,6,Standard,2025-12-23,True
2179,Kavya Gupta,Female,27,26-35,4,6,Standard,2025-01-21,True
2180,Ishita Gupta,Female,57,56-65,4,6,Standard,2025-11-24,True
2181,Nikhil Nair,Male,63,56-65,3,6,Standard,2025-05-15,True
2182,Rohan Iyer,Male,39,36-45,26,2,Premium,2025-05-25,True
2183,Sneha Naidu,Female,41,36-45,22,1,Standard,2025-05-06,True
2184,Aishwarya Pillai,Female,20,18-25,26,6,Standard,2025-07-07,True
2185,Neha Sharma,Female,41,36-45,24,3,Standard,2025-07-19,True
2186,Shreya Rao,Female,47,46-55,13,5,Premium,2025-05-18,True
2187,Aishwarya Rao,Female,33,26-35,14,3,VIP,2025-05-19,True
2188,Neha Naidu,Female,64,56-65,20,5,Premium,2025-08-09,True
2189,Anil Nair,Male,26,26-35,3,2,Standard,2025-10-02,True
2190,Siddharth Rao,Male,57,56-65,30,3,Premium,2025-04-05,True
2191,Ishita Kumar,Female,38,36-45,26,3,Standard,2025-08-17,True
2192,Arjun Pillai,Male,33,26-35,1,4,Standard,2025-05-03,True
2193,Riya Joshi,Female,55,46-55,4,3,Standard,2025-05-27,True
2194,Manish Nair,Male,59,56-65,18,5,Premium,2025-03-22,True
2195,Nandini Reddy,Female,37,36-45,25,3,Standard,2025-01-29,True
2196,Ishita Singh,Female,32,26-35,22,4,VIP,2025-12-15,True
2197,Aarav Iyer,Male,59,56-65,22,6,Premium,2025-07-02,True
2198,Rahul Naidu,Male,25,18-25,3,3,Standard,2025-10-13,True
2199,Pooja Kumar,Female,31,26-35,12,6,Premium,2025-08-10,True
2200,Kavya Nair,Female,61,56-65,21,6,Standard,2025-04-10,True
2201,Vivek Gupta,Male,61,56-65,1,6,Premium,2025-03-17,True
2202,Anil Verma,Male,47,46-55,15,2,Standard,2025-06-15,True
2203,Aishwarya Patel,Female,47,46-55,1,1,Standard,2025-01-24,True
2204,Nandini Kumar,Female,46,46-55,30,5,Premium,2025-07-08,True
2205,Meera Iyer,Female,60,56-65,2,1,Standard,2025-12-16,True
2206,Nikhil Kumar,Male,22,18-25,10,2,Standard,2025-04-10,True
2207,Karan Sharma,Male,56,56-65,10,2,Inactive,2025-12-21,False
2208,Harsh Naidu,Male,31,26-35,25,4,Standard,2025-02-14,True
2209,Sneha Naidu,Female,20,18-25,7,1,Standard,2025-06-29,True
2210,Akash Mehta,Male,43,36-45,6,6,Standard,2025-10-22,True
2211,Riya Patel,Female,40,36-45,5,6,Standard,2025-12-04,True
2212,Anil Patel,Male,27,26-35,6,2,Premium,2025-08-15,True
2213,Nikhil Das,Male,30,26-35,29,5,Standard,2025-05-28,True
2214,Nandini Verma,Female,62,56-65,23,2,Standard,2025-04-27,True
2215,Neha Reddy,Female,50,46-55,12,1,Standard,2025-01-26,True
2216,Ananya Iyer,Female,29,26-35,13,5,VIP,2025-09-16,True
2217,Vivek Pillai,Male,30,26-35,13,1,Standard,2025-03-21,True
2218,Priya Rao,Female,59,56-65,28,5,VIP,2025-12-14,True
2219,Nikhil Reddy,Male,49,46-55,22,6,Premium,2025-05-15,True
2220,Riya Singh,Female,48,46-55,7,3,Standard,2025-03-16,True
2221,Rohan Joshi,Male,27,26-35,5,2,Inactive,2025-09-18,False
2222,Manish Reddy,Male,56,56-65,10,3,Inactive,2025-06-27,False
2223,Nikhil Pillai,Male,60,56-65,22,6,Standard,2025-07-01,True
2224,Ananya Singh,Female,29,26-35,27,5,Inactive,2025-06-22,False
2225,Aditya Gupta,Male,21,18-25,29,4,Premium,2025-09-03,True
2226,Arjun Pillai,Male,59,56-65,4,5,Standard,2025-09-09,True
2227,Priya Pillai,Female,33,26-35,1,4,Standard,2025-10-14,True
2228,Riya Reddy,Female,59,56-65,18,3,Premium,2025-02-06,True
2229,Harsh Singh,Male,29,26-35,13,6,Premium,2025-12-06,True
2230,Aishwarya Das,Female,64,56-65,16,6,Standard,2025-05-22,True
2231,Ananya Rao,Female,38,36-45,9,5,Standard,2025-11-17,True
2232,Aditya Reddy,Male,45,36-45,24,3,Standard,2025-12-11,True
2233,Pooja Singh,Female,35,26-35,1,5,Inactive,2025-02-16,False
2234,Ishita Patel,Female,55,46-55,11,4,Standard,2025-04-05,True
2235,Varun Mehta,Male,18,18-25,26,2,Standard,2025-03-23,True
2236,Arjun Das,Male,59,56-65,16,1,Standard,2025-03-18,True
2237,Priya Patel,Female,54,46-55,8,6,Premium,2025-07-26,True
2238,Divya Das,Female,59,56-65,15,4,VIP,2025-08-31,True
2239,Arjun Kumar,Male,45,36-45,16,4,Premium,2025-04-05,True
2240,Varun Gupta,Male,42,36-45,22,1,Standard,2025-10-23,True
2241,Meera Iyer,Female,44,36-45,12,2,Premium,2025-11-20,True
2242,Aishwarya Reddy,Female,56,56-65,3,6,Standard,2025-04-07,True
2243,Akash Gupta,Male,64,56-65,26,5,Standard,2025-03-05,True
2244,Aarav Kumar,Male,25,18-25,19,1,Standard,2025-06-28,True
2245,Riya Singh,Female,35,26-35,10,5,Premium,2025-05-26,True
2246,Ananya Joshi,Female,21,18-25,1,2,Standard,2025-07-22,True
2247,Kavya Iyer,Female,60,56-65,25,4,Standard,2025-08-18,True
2248,Lakshmi Nair,Female,23,18-25,14,2,Standard,2025-12-20,True
2249,Vikram Pillai,Male,39,36-45,2,1,Standard,2025-12-24,True
2250,Varun Patel,Male,20,18-25,19,6,Standard,2025-08-07,True
2251,Varun Verma,Male,23,18-25,4,6,Standard,2025-10-19,True
2252,Aishwarya Rao,Female,31,26-35,2,6,Standard,2025-01-05,True
2253,Aditya Rao,Male,25,18-25,6,5,Standard,2025-04-16,True
2254,Kavya Patel,Female,23,18-25,28,3,Premium,2025-11-14,True
2255,Ishita Singh,Female,40,36-45,30,3,Standard,2025-06-02,True
2256,Riya Nair,Female,36,36-45,24,2,Standard,2025-02-07,True
2257,Ishita Reddy,Female,43,36-45,19,5,Premium,2025-05-05,True
2258,Kavya Das,Female,46,46-55,10,2,Standard,2025-07-29,True
2259,Ananya Iyer,Female,61,56-65,27,6,Standard,2025-04-25,True
2260,Siddharth Rao,Male,50,46-55,14,2,Standard,2025-04-22,True
2261,Priya Patel,Female,28,26-35,4,1,Inactive,2025-10-20,False
2262,Sneha Sharma,Female,62,56-65,6,1,Premium,2025-09-03,True
2263,Kavya Naidu,Female,51,46-55,12,2,Premium,2025-07-31,True
2264,Pooja Verma,Female,55,46-55,5,2,Standard,2025-06-04,True
2265,Ishita Singh,Female,37,36-45,13,1,Standard,2025-10-18,True
2266,Vivek Sharma,Male,27,26-35,29,6,Standard,2025-02-28,True
2267,Nikhil Pillai,Male,47,46-55,11,4,Standard,2025-11-01,True
2268,Aishwarya Rao,Female,55,46-55,11,6,Standard,2025-01-02,True
2269,Riya Reddy,Female,54,46-55,20,2,Inactive,2025-05-14,False
2270,Divya Nair,Female,30,26-35,9,6,Standard,2025-02-13,True
2271,Rohan Naidu,Male,52,46-55,18,3,Standard,2025-04-04,True
2272,Vivek Singh,Male,28,26-35,30,6,Standard,2025-05-08,True
2273,Vikram Verma,Male,36,36-45,6,3,Standard,2025-01-10,True
2274,Aishwarya Gupta,Female,46,46-55,23,5,Premium,2025-12-12,True
2275,Riya Pillai,Female,52,46-55,27,1,Premium,2025-11-30,True
2276,Swati Joshi,Female,27,26-35,19,3,Standard,2025-01-26,True
2277,Anil Mehta,Male,59,56-65,3,6,Standard,2025-05-27,True
2278,Varun Nair,Male,30,26-35,2,3,Standard,2025-03-21,True
2279,Akash Mehta,Male,41,36-45,2,2,Standard,2025-05-24,True
2280,Neha Rao,Female,29,26-35,15,3,Premium,2025-03-23,True
2281,Rohan Kumar,Male,51,46-55,5,5,Standard,2025-01-09,True
2282,Aditya Singh,Male,54,46-55,4,2,Standard,2025-01-12,True
2283,Rohan Nair,Male,44,36-45,15,4,Standard,2025-12-10,True
2284,Riya Verma,Female,41,36-45,30,1,Standard,2025-09-02,True
2285,Riya Pillai,Female,38,36-45,8,6,Standard,2025-07-09,True
2286,Aarav Reddy,Male,29,26-35,30,2,Standard,2025-05-13,True
2287,Sneha Patel,Female,19,18-25,7,3,VIP,2025-03-09,True
2288,Rahul Iyer,Male,36,36-45,15,1,Inactive,2025-10-25,False
2289,Arjun Verma,Male,63,56-65,6,2,Standard,2025-01-27,True
2290,Ananya Verma,Female,64,56-65,14,3,Standard,2025-02-22,True
2291,Meera Gupta,Female,62,56-65,16,3,Standard,2025-11-15,True
2292,Anil Nair,Male,21,18-25,13,3,Standard,2025-08-14,True
2293,Harsh Gupta,Male,48,46-55,21,2,Premium,2025-02-02,True
2294,Rahul Rao,Male,56,56-65,2,5,Standard,2025-07-21,True
2295,Swati Nair,Female,50,46-55,24,6,Standard,2025-05-08,True
2296,Varun Das,Male,22,18-25,26,2,Standard,2025-01-25,True
2297,Akash Verma,Male,50,46-55,2,2,VIP,2025-10-11,True
2298,Riya Naidu,Female,65,56-65,20,1,Premium,2025-02-07,True
2299,Nandini Sharma,Female,49,46-55,10,6,Standard,2025-04-26,True
2300,Aditya Reddy,Male,55,46-55,20,5,Standard,2025-11-03,True
2301,Swati Naidu,Female,25,18-25,16,1,Standard,2025-09-10,True
2302,Swati Nair,Female,33,26-35,8,5,Standard,2025-07-04,True
2303,Sneha Kumar,Female,25,18-25,13,2,Standard,2025-05-14,True
2304,Nandini Patel,Female,30,26-35,24,6,Standard,2025-04-11,True
2305,Vikram Nair,Male,37,36-45,15,1,Premium,2025-09-13,True
2306,Ananya Nair,Female,47,46-55,1,2,Standard,2025-12-16,True
2307,Riya Iyer,Female,61,56-65,12,1,Premium,2025-04-08,True
2308,Shreya Nair,Female,57,56-65,23,2,Standard,2025-04-18,True
2309,Anil Das,Male,65,56-65,11,4,Standard,2025-09-12,True
2310,Pooja Mehta,Female,28,26-35,6,3,Standard,2025-02-11,True
2311,Pooja Iyer,Female,23,18-25,5,5,Standard,2025-10-21,True
2312,Rahul Das,Male,36,36-45,4,1,Premium,2025-07-30,True
2313,Aarav Kumar,Male,55,46-55,11,3,Premium,2025-07-25,True
2314,Karan Patel,Male,47,46-55,22,6,Standard,2025-03-30,True
2315,Meera Mehta,Female,29,26-35,2,4,Standard,2025-05-13,True
2316,Manish Gupta,Male,53,46-55,11,1,Premium,2025-04-25,True
2317,Aarav Nair,Male,54,46-55,18,2,Standard,2025-11-25,True
2318,Rahul Pillai,Male,27,26-35,4,2,Standard,2025-06-01,True
2319,Nikhil Rao,Male,52,46-55,5,4,Standard,2025-07-25,True
2320,Lakshmi Sharma,Female,24,18-25,25,5,Standard,2025-10-12,True
2321,Karan Nair,Male,37,36-45,25,2,Standard,2025-01-22,True
2322,Sneha Das,Female,50,46-55,30,4,Standard,2025-05-06,True
2323,Divya Rao,Female,65,56-65,13,6,Premium,2025-07-24,True
2324,Riya Joshi,Female,25,18-25,20,4,Standard,2025-12-04,True
2325,Arjun Das,Male,27,26-35,23,4,Standard,2025-04-09,True
2326,Aarav Nair,Male,62,56-65,3,1,Standard,2025-09-30,True
2327,Harsh Reddy,Male,36,36-45,24,4,Inactive,2025-10-18,False
2328,Arjun Verma,Male,57,56-65,15,2,Standard,2025-11-09,True
2329,Ishita Joshi,Female,51,46-55,4,6,Standard,2025-02-26,True
2330,Aarav Patel,Male,45,36-45,14,4,Standard,2025-03-28,True
2331,Aarav Sharma,Male,40,36-45,30,2,Standard,2025-04-10,True
2332,Aishwarya Pillai,Female,24,18-25,1,3,Standard,2025-04-02,True
2333,Aishwarya Naidu,Female,51,46-55,29,2,Standard,2025-07-01,True
2334,Anil Singh,Male,57,56-65,6,6,Premium,2025-02-01,True
2335,Varun Singh,Male,52,46-55,23,4,Standard,2025-08-12,True
2336,Vivek Patel,Male,29,26-35,28,5,Inactive,2025-04-16,False
2337,Meera Mehta,Female,31,26-35,7,4,Premium,2025-09-16,True
2338,Meera Reddy,Female,58,56-65,18,4,Standard,2025-05-07,True
2339,Divya Nair,Female,24,18-25,1,1,Standard,2025-03-22,True
2340,Anil Patel,Male,63,56-65,20,2,Standard,2025-09-18,True
2341,Aditya Naidu,Male,29,26-35,15,6,Premium,2025-09-28,True
2342,Pooja Joshi,Female,65,56-65,23,1,Premium,2025-09-10,True
2343,Priya Gupta,Female,20,18-25,14,6,Premium,2025-03-27,True
2344,Manish Naidu,Male,52,46-55,17,1,Premium,2025-05-07,True
2345,Siddharth Kumar,Male,47,46-55,20,4,Inactive,2025-03-01,False
2346,Lakshmi Iyer,Female,62,56-65,4,3,Inactive,2025-08-03,False
2347,Akash Joshi,Male,37,36-45,12,6,Premium,2025-01-09,True
2348,Nikhil Singh,Male,42,36-45,12,6,Inactive,2025-07-24,False
2349,Riya Kumar,Female,57,56-65,28,3,Standard,2025-06-15,True
2350,Aishwarya Nair,Female,57,56-65,17,5,VIP,2025-06-25,True
2351,Aishwarya Das,Female,35,26-35,22,4,Standard,2025-08-16,True
2352,Lakshmi Kumar,Female,55,46-55,28,5,Standard,2025-09-01,True
2353,Harsh Das,Male,44,36-45,14,5,Inactive,2025-06-05,False
2354,Harsh Verma,Male,54,46-55,20,4,Standard,2025-10-11,True
2355,Kavya Gupta,Female,61,56-65,16,3,Standard,2025-10-20,True
2356,Neha Nair,Female,22,18-25,17,2,Premium,2025-06-04,True
2357,Karan Verma,Male,33,26-35,10,4,Standard,2025-04-16,True
2358,Swati Das,Female,52,46-55,26,5,Standard,2025-10-27,True
2359,Vikram Nair,Male,38,36-45,1,5,Standard,2025-07-21,True
2360,Aditya Kumar,Male,25,18-25,27,1,Standard,2025-08-23,True
2361,Karan Singh,Male,36,36-45,18,5,Inactive,2025-01-10,False
2362,Vikram Iyer,Male,34,26-35,12,5,Standard,2025-10-12,True
2363,Vivek Gupta,Male,20,18-25,11,4,Premium,2025-10-10,True
2364,Siddharth Das,Male,65,56-65,16,3,Premium,2025-02-24,True
2365,Neha Pillai,Female,33,26-35,1,2,Inactive,2025-08-17,False
2366,Lakshmi Sharma,Female,21,18-25,1,2,Standard,2025-07-19,True
2367,Priya Das,Female,56,56-65,12,6,Premium,2025-07-03,True
2368,Kavya Reddy,Female,53,46-55,9,5,Standard,2025-10-05,True
2369,Neha Verma,Female,54,46-55,2,5,Premium,2025-01-10,True
2370,Akash Verma,Male,28,26-35,14,6,Standard,2025-11-20,True
2371,Karan Rao,Male,62,56-65,4,1,Premium,2025-06-05,True
2372,Sneha Das,Female,56,56-65,2,4,Standard,2025-08-05,True
2373,Nandini Naidu,Female,41,36-45,6,3,Inactive,2025-07-13,False
2374,Harsh Mehta,Male,26,26-35,4,3,Inactive,2025-11-09,False
2375,Nandini Verma,Female,26,26-35,11,4,Standard,2025-04-03,True
2376,Siddharth Sharma,Male,39,36-45,8,2,Inactive,2025-11-28,False
2377,Shreya Mehta,Female,19,18-25,9,4,Premium,2025-06-05,True
2378,Meera Mehta,Female,38,36-45,12,5,Standard,2025-03-29,True
2379,Vivek Pillai,Male,32,26-35,18,2,Standard,2025-02-11,True
2380,Vikram Rao,Male,64,56-65,12,2,Premium,2025-11-02,True
2381,Aarav Joshi,Male,33,26-35,13,2,Premium,2025-02-04,True
2382,Aishwarya Naidu,Female,58,56-65,5,6,Inactive,2025-09-11,False
2383,Karan Mehta,Male,35,26-35,18,6,Standard,2025-06-27,True
2384,Swati Gupta,Female,38,36-45,18,3,Standard,2025-06-06,True
2385,Manish Pillai,Male,40,36-45,5,6,Standard,2025-03-01,True
2386,Shreya Rao,Female,57,56-65,3,4,Standard,2025-01-27,True
2387,Aditya Nair,Male,56,56-65,3,3,Standard,2025-08-30,True
2388,Harsh Rao,Male,58,56-65,7,3,Standard,2025-09-28,True
2389,Priya Pillai,Female,47,46-55,4,3,Premium,2025-10-20,True
2390,Aishwarya Nair,Female,36,36-45,28,5,Standard,2025-09-08,True
2391,Rohan Patel,Male,25,18-25,17,2,Premium,2025-02-05,True
2392,Rohan Pillai,Male,59,56-65,17,5,Inactive,2025-08-07,False
2393,Akash Verma,Male,50,46-55,18,2,Standard,2025-06-30,True
2394,Varun Iyer,Male,48,46-55,7,1,Standard,2025-04-05,True
2395,Meera Reddy,Female,38,36-45,6,1,Standard,2025-06-17,True
2396,Anil Rao,Male,64,56-65,8,4,Premium,2025-01-26,True
2397,Akash Das,Male,24,18-25,12,4,Standard,2025-05-23,True
2398,Shreya Reddy,Female,65,56-65,16,4,Premium,2025-10-31,True
2399,Ishita Naidu,Female,22,18-25,10,2,Standard,2025-10-28,True
2400,Lakshmi Singh,Female,58,56-65,26,4,Premium,2025-01-27,True
2401,Nikhil Sharma,Male,25,18-25,2,5,Standard,2025-04-27,True
2402,Akash Naidu,Male,32,26-35,27,6,Standard,2025-12-27,True
2403,Akash Das,Male,44,36-45,22,5,Standard,2025-11-30,True
2404,Neha Nair,Female,65,56-65,17,5,Premium,2025-12-10,True
2405,Ishita Rao,Female,46,46-55,6,5,Inactive,2025-07-09,False
2406,Pooja Gupta,Female,63,56-65,19,3,Standard,2025-09-23,True
2407,Vivek Das,Male,21,18-25,6,2,Premium,2025-08-25,True
2408,Vivek Kumar,Male,37,36-45,17,5,Standard,2025-08-20,True
2409,Varun Sharma,Male,39,36-45,25,5,Premium,2025-05-15,True
2410,Riya Reddy,Female,35,26-35,26,2,Premium,2025-03-23,True
2411,Divya Reddy,Female,23,18-25,6,6,Standard,2025-09-28,True
2412,Riya Singh,Female,52,46-55,4,1,Standard,2025-09-09,True
2413,Vikram Naidu,Male,39,36-45,19,1,Standard,2025-11-13,True
2414,Vivek Reddy,Male,46,46-55,15,5,Standard,2025-10-14,True
2415,Lakshmi Singh,Female,55,46-55,7,2,Standard,2025-11-18,True
2416,Swati Iyer,Female,52,46-55,25,1,Standard,2025-01-07,True
2417,Aishwarya Kumar,Female,61,56-65,13,1,Standard,2025-10-22,True
2418,Harsh Das,Male,23,18-25,1,2,Inactive,2025-09-30,False
2419,Vivek Das,Male,48,46-55,10,2,Standard,2025-03-04,True
2420,Nikhil Singh,Male,20,18-25,19,1,Standard,2025-10-01,True
2421,Vivek Iyer,Male,63,56-65,4,1,Standard,2025-03-11,True
2422,Aishwarya Joshi,Female,47,46-55,7,4,Standard,2025-12-23,True
2423,Aishwarya Singh,Female,43,36-45,5,4,Standard,2025-09-18,True
2424,Ishita Patel,Female,31,26-35,12,2,Standard,2025-01-04,True
2425,Divya Rao,Female,45,36-45,3,3,Standard,2025-12-07,True
2426,Arjun Gupta,Male,39,36-45,28,4,Standard,2025-09-07,True
2427,Aditya Rao,Male,25,18-25,4,4,Standard,2025-12-14,True
2428,Manish Kumar,Male,50,46-55,30,2,Standard,2025-01-15,True
2429,Akash Das,Male,44,36-45,25,6,Standard,2025-05-08,True
2430,Sneha Iyer,Female,23,18-25,13,3,Premium,2025-12-16,True
2431,Priya Sharma,Female,24,18-25,20,6,Premium,2025-11-21,True
2432,Aditya Iyer,Male,58,56-65,30,3,Standard,2025-07-11,True
2433,Aarav Patel,Male,60,56-65,18,5,Standard,2025-04-20,True
2434,Vikram Kumar,Male,49,46-55,14,2,Premium,2025-09-18,True
2435,Vikram Gupta,Male,34,26-35,22,3,Standard,2025-10-24,True
2436,Siddharth Rao,Male,31,26-35,30,1,Standard,2025-01-23,True
2437,Shreya Singh,Female,34,26-35,23,6,Standard,2025-12-21,True
2438,Siddharth Kumar,Male,29,26-35,17,5,Standard,2025-11-11,True
2439,Riya Nair,Female,38,36-45,25,3,Premium,2025-06-18,True
2440,Sneha Pillai,Female,49,46-55,4,4,Standard,2025-11-25,True
2441,Riya Iyer,Female,53,46-55,4,1,Premium,2025-05-19,True
2442,Rohan Nair,Male,31,26-35,19,5,Premium,2025-09-17,True
2443,Aishwarya Iyer,Female,48,46-55,15,6,VIP,2025-04-24,True
2444,Rohan Singh,Male,36,36-45,25,4,Premium,2025-02-18,True
2445,Nikhil Sharma,Male,56,56-65,1,5,Inactive,2025-06-28,False
2446,Akash Pillai,Male,58,56-65,28,4,Inactive,2025-04-06,False
2447,Karan Kumar,Male,40,36-45,9,2,Inactive,2025-05-15,False
2448,Manish Pillai,Male,28,26-35,28,2,Standard,2025-12-01,True
2449,Shreya Verma,Female,26,26-35,1,3,Standard,2025-01-29,True
2450,Swati Das,Female,63,56-65,9,1,Standard,2025-07-10,True
2451,Vivek Iyer,Male,59,56-65,3,1,Premium,2025-06-08,True
2452,Manish Naidu,Male,27,26-35,5,3,Standard,2025-10-28,True
2453,Sneha Joshi,Female,42,36-45,9,5,Standard,2025-07-11,True
2454,Varun Pillai,Male,37,36-45,26,2,Standard,2025-12-22,True
2455,Rahul Singh,Male,24,18-25,4,5,Standard,2025-04-09,True
2456,Neha Iyer,Female,45,36-45,4,6,Standard,2025-01-07,True
2457,Akash Singh,Male,46,46-55,23,6,Premium,2025-03-19,True
2458,Aarav Das,Male,39,36-45,25,2,Premium,2025-03-11,True
2459,Siddharth Rao,Male,30,26-35,14,5,Standard,2025-08-27,True
2460,Ishita Rao,Female,19,18-25,2,1,Standard,2025-10-16,True
2461,Aarav Mehta,Male,47,46-55,7,5,Standard,2025-01-18,True
2462,Sneha Kumar,Female,23,18-25,4,2,Standard,2025-01-22,True
2463,Lakshmi Reddy,Female,59,56-65,13,4,Standard,2025-05-10,True
2464,Nandini Naidu,Female,63,56-65,25,3,Premium,2025-09-11,True
2465,Siddharth Kumar,Male,53,46-55,26,1,Standard,2025-05-12,True
2466,Aishwarya Singh,Female,21,18-25,5,2,Standard,2025-03-09,True
2467,Aditya Kumar,Male,23,18-25,21,4,Standard,2025-04-20,True
2468,Riya Reddy,Female,27,26-35,24,6,Standard,2025-06-06,True
2469,Riya Pillai,Female,48,46-55,29,2,Standard,2025-12-12,True
2470,Karan Gupta,Male,58,56-65,12,3,Premium,2025-08-29,True
2471,Priya Gupta,Female,47,46-55,20,3,Standard,2025-12-13,True
2472,Vikram Rao,Male,62,56-65,12,5,Standard,2025-01-19,True
2473,Arjun Reddy,Male,54,46-55,22,1,Premium,2025-10-25,True
2474,Rahul Mehta,Male,45,36-45,18,4,Inactive,2025-12-26,False
2475,Swati Das,Female,52,46-55,29,4,Standard,2025-09-21,True
2476,Sneha Patel,Female,47,46-55,13,1,Inactive,2025-09-14,False
2477,Kavya Verma,Female,34,26-35,1,5,Standard,2025-12-03,True
2478,Siddharth Reddy,Male,54,46-55,2,4,Premium,2025-03-08,True
2479,Karan Nair,Male,20,18-25,2,4,Premium,2025-09-28,True
2480,Karan Das,Male,64,56-65,21,2,Premium,2025-04-28,True
2481,Divya Nair,Female,50,46-55,14,3,VIP,2025-09-16,True
2482,Arjun Patel,Male,54,46-55,17,4,Standard,2025-03-17,True
2483,Rahul Reddy,Male,28,26-35,7,6,Standard,2025-03-17,True
2484,Aditya Naidu,Male,39,36-45,1,2,Standard,2025-01-11,True
2485,Akash Iyer,Male,42,36-45,8,3,VIP,2025-08-21,True
2486,Siddharth Reddy,Male,57,56-65,1,1,Standard,2025-10-18,True
2487,Arjun Nair,Male,25,18-25,13,1,VIP,2025-02-17,True
2488,Ishita Mehta,Female,65,56-65,21,2,Standard,2025-09-11,True
2489,Anil Verma,Male,65,56-65,27,5,Premium,2025-10-23,True
2490,Swati Joshi,Female,57,56-65,2,4,Premium,2025-06-22,True
2491,Divya Pillai,Female,23,18-25,28,5,VIP,2025-07-18,True
2492,Aarav Sharma,Male,19,18-25,30,5,VIP,2025-09-21,True
2493,Meera Patel,Female,33,26-35,14,1,Premium,2025-05-06,True
2494,Priya Naidu,Female,24,18-25,17,1,Standard,2025-10-12,True
2495,Swati Nair,Female,39,36-45,17,2,VIP,2025-06-08,True
2496,Aarav Patel,Male,58,56-65,9,6,Standard,2025-06-15,True
2497,Vikram Singh,Male,44,36-45,1,4,Premium,2025-11-07,True
2498,Kavya Das,Female,63,56-65,9,4,Standard,2025-01-28,True
2499,Aarav Iyer,Male,26,26-35,9,6,Premium,2025-12-28,True
2500,Nikhil Iyer,Male,27,26-35,30,2,Standard,2025-11-02,True
2501,Ananya Kumar,Female,43,36-45,5,1,Standard,2025-02-05,True
2502,Kavya Joshi,Female,38,36-45,29,2,Premium,2025-07-03,True
2503,Karan Nair,Male,28,26-35,30,2,Standard,2025-01-05,True
2504,Priya Kumar,Female,57,56-65,4,5,Inactive,2025-10-10,False
2505,Priya Iyer,Female,25,18-25,22,4,Inactive,2025-11-18,False
2506,Harsh Gupta,Male,38,36-45,12,5,Standard,2025-07-23,True
2507,Anil Sharma,Male,21,18-25,15,5,Standard,2025-08-07,True
2508,Ananya Sharma,Female,23,18-25,5,5,Standard,2025-02-14,True
2509,Arjun Joshi,Male,65,56-65,30,2,Premium,2025-10-18,True
2510,Priya Rao,Female,23,18-25,5,1,Standard,2025-09-30,True
2511,Ananya Verma,Female,65,56-65,14,4,Standard,2025-05-13,True
2512,Neha Joshi,Female,20,18-25,29,3,Premium,2025-08-14,True
2513,Aishwarya Pillai,Female,58,56-65,10,4,Standard,2025-11-15,True
2514,Aditya Patel,Male,18,18-25,12,4,Premium,2025-04-15,True
2515,Shreya Pillai,Female,27,26-35,9,2,VIP,2025-02-12,True
2516,Neha Iyer,Female,28,26-35,6,3,Premium,2025-03-06,True
2517,Meera Kumar,Female,43,36-45,15,1,Premium,2025-12-27,True
2518,Lakshmi Rao,Female,62,56-65,26,4,Inactive,2025-03-08,False
2519,Priya Naidu,Female,57,56-65,29,4,Standard,2025-10-07,True
2520,Divya Pillai,Female,35,26-35,26,5,Standard,2025-02-11,True
2521,Siddharth Sharma,Male,58,56-65,7,3,Standard,2025-02-25,True
2522,Divya Das,Female,48,46-55,10,2,Standard,2025-05-20,True
2523,Vikram Sharma,Male,37,36-45,24,4,Premium,2025-10-08,True
2524,Arjun Kumar,Male,23,18-25,11,6,Standard,2025-07-02,True
2525,Aditya Nair,Male,54,46-55,26,2,Standard,2025-12-20,True
2526,Riya Nair,Female,59,56-65,27,1,Standard,2025-12-30,True
2527,Riya Patel,Female,52,46-55,18,1,Standard,2025-01-02,True
2528,Aishwarya Nair,Female,32,26-35,11,6,Standard,2025-09-15,True
2529,Nikhil Reddy,Male,51,46-55,17,3,Standard,2025-01-12,True
2530,Neha Nair,Female,19,18-25,12,1,VIP,2025-04-04,True
2531,Rahul Pillai,Male,41,36-45,10,2,Standard,2025-04-06,True
2532,Vivek Sharma,Male,25,18-25,23,4,Standard,2025-09-28,True
2533,Ananya Pillai,Female,33,26-35,16,2,Premium,2025-09-16,True
2534,Ananya Sharma,Female,30,26-35,6,1,Inactive,2025-04-14,False
2535,Siddharth Verma,Male,53,46-55,27,5,Premium,2025-01-26,True
2536,Arjun Mehta,Male,35,26-35,2,1,Premium,2025-09-01,True
2537,Rohan Reddy,Male,62,56-65,16,6,Premium,2025-11-30,True
2538,Ananya Mehta,Female,65,56-65,4,6,Premium,2025-03-21,True
2539,Meera Joshi,Female,57,56-65,25,1,Standard,2025-10-25,True
2540,Nandini Gupta,Female,47,46-55,27,5,Standard,2025-01-05,True
2541,Arjun Patel,Male,46,46-55,11,2,Standard,2025-03-03,True
2542,Varun Naidu,Male,28,26-35,18,5,Premium,2025-09-25,True
2543,Varun Kumar,Male,47,46-55,20,1,Standard,2025-08-01,True
2544,Karan Sharma,Male,53,46-55,23,5,Standard,2025-03-21,True
2545,Anil Patel,Male,61,56-65,20,5,Standard,2025-09-04,True
2546,Riya Reddy,Female,52,46-55,7,4,Standard,2025-08-18,True
2547,Divya Pillai,Female,24,18-25,29,1,Standard,2025-01-08,True
2548,Riya Rao,Female,47,46-55,28,5,Standard,2025-05-12,True
2549,Aishwarya Mehta,Female,26,26-35,7,4,Inactive,2025-03-25,False
2550,Karan Das,Male,20,18-25,26,4,Premium,2025-10-10,True
2551,Nandini Verma,Female,34,26-35,13,6,Standard,2025-08-15,True
2552,Priya Singh,Female,57,56-65,23,1,Premium,2025-07-06,True
2553,Arjun Rao,Male,21,18-25,24,1,Premium,2025-03-16,True
2554,Priya Sharma,Female,48,46-55,30,1,Standard,2025-11-29,True
2555,Lakshmi Mehta,Female,28,26-35,10,2,Standard,2025-11-14,True
2556,Siddharth Kumar,Male,36,36-45,18,3,Standard,2025-01-06,True
2557,Lakshmi Reddy,Female,65,56-65,14,5,Standard,2025-01-08,True
2558,Nandini Patel,Female,20,18-25,5,1,Standard,2025-09-01,True
2559,Riya Mehta,Female,63,56-65,18,4,Standard,2025-05-06,True
2560,Manish Pillai,Male,57,56-65,28,3,Standard,2025-02-17,True
2561,Aditya Sharma,Male,25,18-25,29,3,Inactive,2025-08-04,False
2562,Riya Kumar,Female,49,46-55,17,5,Premium,2025-03-04,True
2563,Shreya Patel,Female,53,46-55,11,3,Premium,2025-02-26,True
2564,Akash Mehta,Male,22,18-25,29,4,Inactive,2025-06-18,False
2565,Rahul Patel,Male,55,46-55,12,5,Standard,2025-07-05,True
2566,Sneha Singh,Female,58,56-65,2,6,Standard,2025-04-27,True
2567,Ananya Kumar,Female,36,36-45,26,3,Premium,2025-07-09,True
2568,Neha Mehta,Female,47,46-55,15,2,Standard,2025-02-22,True
2569,Varun Patel,Male,21,18-25,27,5,Standard,2025-05-15,True
2570,Divya Gupta,Female,32,26-35,16,6,Standard,2025-09-07,True
2571,Kavya Patel,Female,51,46-55,1,2,Standard,2025-02-07,True
2572,Divya Pillai,Female,38,36-45,23,4,Standard,2025-03-24,True
2573,Aditya Nair,Male,43,36-45,22,5,Standard,2025-08-19,True
2574,Akash Iyer,Male,37,36-45,2,4,Standard,2025-01-06,True
2575,Meera Naidu,Female,42,36-45,22,2,Premium,2025-12-28,True
2576,Aditya Patel,Male,64,56-65,18,4,Standard,2025-07-03,True
2577,Rohan Naidu,Male,51,46-55,14,6,Standard,2025-01-27,True
2578,Lakshmi Gupta,Female,62,56-65,1,3,Premium,2025-07-21,True
2579,Rahul Sharma,Male,62,56-65,11,3,Standard,2025-06-27,True
2580,Manish Iyer,Male,56,56-65,25,2,Standard,2025-02-12,True
2581,Ishita Pillai,Female,46,46-55,14,3,Standard,2025-12-16,True
2582,Neha Verma,Female,21,18-25,24,4,Premium,2025-09-13,True
2583,Pooja Nair,Female,28,26-35,14,1,Premium,2025-05-04,True
2584,Sneha Pillai,Female,29,26-35,16,2,Premium,2025-03-08,True
2585,Swati Patel,Female,29,26-35,2,6,Premium,2025-03-17,True
2586,Priya Reddy,Female,22,18-25,27,4,Standard,2025-09-08,True
2587,Ishita Reddy,Female,49,46-55,4,4,Premium,2025-03-22,True
2588,Priya Nair,Female,35,26-35,27,5,Standard,2025-01-17,True
2589,Sneha Reddy,Female,45,36-45,19,1,Premium,2025-04-02,True
2590,Aarav Naidu,Male,29,26-35,24,4,Inactive,2025-10-19,False
2591,Arjun Naidu,Male,35,26-35,6,6,Standard,2025-02-09,True
2592,Karan Iyer,Male,19,18-25,28,1,Premium,2025-01-10,True
2593,Harsh Reddy,Male,43,36-45,30,2,Premium,2025-06-25,True
2594,Aarav Nair,Male,55,46-55,7,2,Premium,2025-04-04,True
2595,Lakshmi Nair,Female,42,36-45,19,2,Premium,2025-08-14,True
2596,Siddharth Nair,Male,46,46-55,14,2,Inactive,2025-01-03,False
2597,Siddharth Sharma,Male,65,56-65,13,3,Standard,2025-06-29,True
2598,Priya Joshi,Female,56,56-65,8,6,Standard,2025-12-25,True
2599,Harsh Verma,Male,29,26-35,18,1,Standard,2025-07-18,True
2600,Aditya Gupta,Male,21,18-25,10,5,Standard,2025-08-09,True
2601,Shreya Singh,Female,59,56-65,11,2,Standard,2025-11-26,True
2602,Pooja Patel,Female,55,46-55,16,3,Standard,2025-07-11,True
2603,Varun Joshi,Male,18,18-25,17,5,Premium,2025-08-03,True
2604,Pooja Mehta,Female,44,36-45,28,1,Standard,2025-12-07,True
2605,Siddharth Pillai,Male,28,26-35,20,1,Premium,2025-07-10,True
2606,Lakshmi Pillai,Female,33,26-35,20,1,Standard,2025-01-18,True
2607,Rahul Naidu,Male,28,26-35,12,2,Standard,2025-03-27,True
2608,Aditya Reddy,Male,20,18-25,5,3,Inactive,2025-06-19,False
2609,Nandini Sharma,Female,25,18-25,20,6,Standard,2025-06-18,True
2610,Rohan Pillai,Male,43,36-45,19,5,Premium,2025-05-26,True
2611,Siddharth Patel,Male,33,26-35,7,2,Standard,2025-03-25,True
2612,Sneha Sharma,Female,52,46-55,1,3,Premium,2025-11-27,True
2613,Arjun Kumar,Male,35,26-35,25,3,Premium,2025-01-30,True
2614,Riya Rao,Female,56,56-65,13,3,Inactive,2025-11-10,False
2615,Aarav Reddy,Male,27,26-35,8,4,Standard,2025-08-24,True
2616,Ishita Rao,Female,35,26-35,6,1,Inactive,2025-07-16,False
2617,Siddharth Mehta,Male,35,26-35,21,1,Premium,2025-06-25,True
2618,Siddharth Kumar,Male,29,26-35,13,4,Standard,2025-09-04,True
2619,Aishwarya Joshi,Female,43,36-45,5,4,Standard,2025-06-13,True
2620,Manish Pillai,Male,50,46-55,21,4,Standard,2025-03-14,True
2621,Anil Das,Male,45,36-45,4,4,Standard,2025-01-03,True
2622,Manish Joshi,Male,52,46-55,29,3,Standard,2025-02-01,True
2623,Rahul Joshi,Male,24,18-25,3,3,Premium,2025-07-01,True
2624,Aditya Reddy,Male,35,26-35,7,6,Standard,2025-11-24,True
2625,Vikram Patel,Male,60,56-65,27,1,Standard,2025-10-30,True
2626,Meera Kumar,Female,34,26-35,15,5,Inactive,2025-07-11,False
2627,Nandini Kumar,Female,27,26-35,3,5,Premium,2025-05-11,True
2628,Swati Naidu,Female,52,46-55,26,1,Premium,2025-01-04,True
2629,Riya Iyer,Female,48,46-55,16,1,Standard,2025-10-22,True
2630,Rohan Naidu,Male,33,26-35,25,2,VIP,2025-08-09,True
2631,Priya Rao,Female,57,56-65,2,2,Premium,2025-12-07,True
2632,Neha Nair,Female,21,18-25,29,5,Standard,2025-07-03,True
2633,Vivek Joshi,Male,52,46-55,6,3,Premium,2025-09-02,True
2634,Karan Mehta,Male,29,26-35,1,6,Standard,2025-03-06,True
2635,Aditya Nair,Male,31,26-35,28,6,Premium,2025-02-11,True
2636,Sneha Iyer,Female,28,26-35,6,2,Standard,2025-02-24,True
2637,Aditya Joshi,Male,60,56-65,30,6,Premium,2025-06-03,True
2638,Sneha Iyer,Female,44,36-45,7,5,Premium,2025-11-27,True
2639,Arjun Pillai,Male,28,26-35,26,2,Standard,2025-05-28,True
2640,Siddharth Sharma,Male,18,18-25,20,6,Standard,2025-12-22,True
2641,Ananya Kumar,Female,44,36-45,13,1,Premium,2025-06-25,True
2642,Siddharth Rao,Male,45,36-45,7,2,Premium,2025-11-28,True
2643,Aarav Joshi,Male,32,26-35,20,1,Premium,2025-10-22,True
2644,Rohan Rao,Male,30,26-35,18,5,Standard,2025-08-26,True
2645,Arjun Das,Male,32,26-35,13,1,Standard,2025-01-11,True
2646,Varun Verma,Male,60,56-65,2,3,Standard,2025-12-17,True
2647,Nandini Pillai,Female,21,18-25,16,4,Standard,2025-04-22,True
2648,Ananya Sharma,Female,54,46-55,11,2,Standard,2025-08-05,True
2649,Varun Pillai,Male,45,36-45,22,2,Standard,2025-04-16,True
2650,Harsh Singh,Male,25,18-25,1,6,Inactive,2025-11-13,False
2651,Kavya Joshi,Female,23,18-25,14,3,Standard,2025-02-20,True
2652,Pooja Nair,Female,36,36-45,4,6,Standard,2025-08-29,True
2653,Divya Rao,Female,48,46-55,14,1,Standard,2025-05-09,True
2654,Sneha Das,Female,20,18-25,27,3,Premium,2025-08-31,True
2655,Nandini Rao,Female,24,18-25,17,5,VIP,2025-09-11,True
2656,Rahul Nair,Male,62,56-65,6,1,Standard,2025-04-23,True
2657,Kavya Nair,Female,35,26-35,3,4,Standard,2025-08-08,True
2658,Riya Patel,Female,50,46-55,27,4,Standard,2025-01-06,True
2659,Aditya Pillai,Male,36,36-45,25,5,Standard,2025-03-12,True
2660,Divya Das,Female,20,18-25,9,6,Standard,2025-08-11,True
2661,Priya Gupta,Female,18,18-25,1,5,Standard,2025-06-22,True
2662,Shreya Joshi,Female,35,26-35,6,1,Standard,2025-06-14,True
2663,Vivek Mehta,Male,20,18-25,19,2,Standard,2025-12-11,True
2664,Ananya Nair,Female,49,46-55,28,6,Premium,2025-05-31,True
2665,Varun Iyer,Male,51,46-55,9,3,Standard,2025-07-12,True
2666,Akash Mehta,Male,46,46-55,27,6,Inactive,2025-06-29,False
2667,Kavya Naidu,Female,44,36-45,28,4,Premium,2025-04-30,True
2668,Divya Naidu,Female,22,18-25,12,6,Standard,2025-09-23,True
2669,Nandini Iyer,Female,65,56-65,20,5,Standard,2025-08-20,True
2670,Lakshmi Joshi,Female,28,26-35,19,1,Standard,2025-06-21,True
2671,Nikhil Verma,Male,59,56-65,27,5,Standard,2025-05-01,True
2672,Neha Mehta,Female,45,36-45,2,3,Standard,2025-05-07,True
2673,Kavya Naidu,Female,45,36-45,19,5,Standard,2025-09-05,True
2674,Meera Patel,Female,19,18-25,27,4,Premium,2025-03-03,True
2675,Rahul Joshi,Male,29,26-35,14,4,Standard,2025-10-22,True
2676,Riya Reddy,Female,57,56-65,1,5,Standard,2025-08-09,True
2677,Aishwarya Iyer,Female,39,36-45,22,5,Standard,2025-08-30,True
2678,Siddharth Singh,Male,31,26-35,10,6,Standard,2025-12-22,True
2679,Neha Sharma,Female,65,56-65,28,3,Standard,2025-01-12,True
2680,Ishita Kumar,Female,26,26-35,27,1,Standard,2025-11-28,True
2681,Riya Joshi,Female,22,18-25,18,4,Standard,2025-07-28,True
2682,Aishwarya Kumar,Female,21,18-25,25,1,Standard,2025-12-13,True
2683,Varun Patel,Male,55,46-55,19,2,Standard,2025-11-12,True
2684,Manish Das,Male,52,46-55,30,2,Standard,2025-08-03,True
2685,Lakshmi Mehta,Female,31,26-35,25,2,Standard,2025-01-04,True
2686,Nandini Pillai,Female,37,36-45,20,3,Standard,2025-03-22,True
2687,Rohan Joshi,Male,62,56-65,19,5,Standard,2025-02-14,True
2688,Aditya Nair,Male,61,56-65,21,5,Standard,2025-07-03,True
2689,Shreya Sharma,Female,42,36-45,20,2,Standard,2025-10-03,True
2690,Aishwarya Sharma,Female,41,36-45,9,5,VIP,2025-05-20,True
2691,Akash Naidu,Male,50,46-55,24,3,Standard,2025-01-28,True
2692,Harsh Pillai,Male,62,56-65,22,6,Premium,2025-02-27,True
2693,Shreya Iyer,Female,18,18-25,13,6,Standard,2025-12-06,True
2694,Manish Reddy,Male,39,36-45,29,6,Premium,2025-01-27,True
2695,Karan Gupta,Male,34,26-35,29,5,Inactive,2025-12-03,False
2696,Anil Pillai,Male,59,56-65,17,1,Standard,2025-08-18,True
2697,Arjun Verma,Male,21,18-25,30,5,Inactive,2025-07-31,False
2698,Ananya Verma,Female,21,18-25,7,1,Standard,2025-09-23,True
2699,Varun Kumar,Male,43,36-45,5,5,Premium,2025-10-09,True
2700,Manish Pillai,Male,36,36-45,27,3,Standard,2025-01-16,True
2701,Varun Kumar,Male,51,46-55,17,6,Standard,2025-10-17,True
2702,Manish Gupta,Male,47,46-55,21,3,Standard,2025-01-02,True
2703,Lakshmi Das,Female,61,56-65,4,6,Premium,2025-02-26,True
2704,Harsh Verma,Male,43,36-45,13,2,Standard,2025-03-10,True
2705,Rohan Das,Male,25,18-25,15,1,Premium,2025-08-04,True
2706,Manish Naidu,Male,34,26-35,9,3,Premium,2025-07-15,True
2707,Manish Nair,Male,39,36-45,17,6,Standard,2025-01-04,True
2708,Rahul Sharma,Male,65,56-65,24,3,Premium,2025-03-15,True
2709,Sneha Gupta,Female,41,36-45,7,4,Standard,2025-03-21,True
2710,Varun Rao,Male,33,26-35,1,2,Standard,2025-08-20,True
2711,Nandini Pillai,Female,63,56-65,2,2,Standard,2025-08-18,True
2712,Rahul Naidu,Male,36,36-45,8,4,Premium,2025-12-20,True
2713,Ananya Rao,Female,40,36-45,8,6,Standard,2025-02-10,True
2714,Riya Rao,Female,35,26-35,22,1,Inactive,2025-07-24,False
2715,Nandini Naidu,Female,50,46-55,18,2,Premium,2025-10-19,True
2716,Shreya Patel,Female,51,46-55,12,3,Inactive,2025-07-24,False
2717,Sneha Patel,Female,26,26-35,8,4,Standard,2025-08-26,True
2718,Kavya Das,Female,22,18-25,5,3,Standard,2025-09-06,True
2719,Rahul Joshi,Male,21,18-25,9,2,Standard,2025-03-26,True
2720,Ishita Das,Female,26,26-35,1,4,Standard,2025-08-21,True
2721,Sneha Patel,Female,40,36-45,13,5,Inactive,2025-11-04,False
2722,Siddharth Naidu,Male,65,56-65,20,6,Standard,2025-10-11,True
2723,Nandini Singh,Female,53,46-55,17,4,Standard,2025-04-06,True
2724,Lakshmi Mehta,Female,45,36-45,1,3,Standard,2025-03-30,True
2725,Akash Pillai,Male,34,26-35,29,5,Standard,2025-04-13,True
2726,Harsh Das,Male,23,18-25,5,2,Standard,2025-02-04,True
2727,Kavya Sharma,Female,59,56-65,22,6,Standard,2025-11-12,True
2728,Harsh Nair,Male,65,56-65,21,6,Standard,2025-05-26,True
2729,Rohan Nair,Male,25,18-25,1,2,Standard,2025-06-14,True
2730,Anil Gupta,Male,52,46-55,16,2,Standard,2025-08-11,True
2731,Nandini Gupta,Female,42,36-45,10,2,Standard,2025-12-24,True
2732,Vikram Naidu,Male,18,18-25,11,5,Inactive,2025-11-29,False
2733,Aarav Iyer,Male,29,26-35,8,3,Standard,2025-09-06,True
2734,Neha Das,Female,24,18-25,20,3,Standard,2025-03-06,True
2735,Manish Pillai,Male,41,36-45,13,5,Standard,2025-08-31,True
2736,Aishwarya Gupta,Female,18,18-25,15,5,Standard,2025-09-27,True
2737,Ishita Rao,Female,48,46-55,5,6,Inactive,2025-11-25,False
2738,Nandini Pillai,Female,18,18-25,10,2,Standard,2025-05-12,True
2739,Nikhil Kumar,Male,38,36-45,8,1,Standard,2025-11-13,True
2740,Nandini Singh,Female,24,18-25,1,1,Standard,2025-11-25,True
2741,Arjun Verma,Male,40,36-45,2,2,Premium,2025-12-06,True
2742,Aarav Kumar,Male,62,56-65,11,5,Standard,2025-02-06,True
2743,Akash Verma,Male,30,26-35,7,4,Standard,2025-04-05,True
2744,Nandini Nair,Female,35,26-35,28,4,Standard,2025-05-19,True
2745,Neha Sharma,Female,46,46-55,24,5,Standard,2025-04-26,True
2746,Priya Naidu,Female,18,18-25,23,4,Standard,2025-11-08,True
2747,Harsh Verma,Male,58,56-65,2,6,Premium,2025-07-02,True
2748,Varun Joshi,Male,33,26-35,22,2,Standard,2025-02-10,True
2749,Pooja Singh,Female,30,26-35,9,1,Standard,2025-07-01,True
2750,Aditya Rao,Male,52,46-55,24,1,Premium,2025-06-14,True
2751,Kavya Nair,Female,63,56-65,26,5,Standard,2025-11-05,True
2752,Anil Singh,Male,21,18-25,21,4,Standard,2025-05-26,True
2753,Siddharth Patel,Male,18,18-25,23,3,Standard,2025-10-04,True
2754,Ananya Mehta,Female,33,26-35,20,6,Standard,2025-10-04,True
2755,Manish Patel,Male,55,46-55,13,4,Premium,2025-01-21,True
2756,Akash Rao,Male,52,46-55,18,4,Standard,2025-12-22,True
2757,Manish Verma,Male,52,46-55,18,1,Standard,2025-11-08,True
2758,Priya Naidu,Female,42,36-45,10,6,Standard,2025-04-15,True
2759,Aditya Joshi,Male,44,36-45,5,2,Standard,2025-08-28,True
2760,Kavya Pillai,Female,19,18-25,17,5,Inactive,2025-08-10,False
2761,Ananya Iyer,Female,64,56-65,20,5,VIP,2025-11-02,True
2762,Aarav Gupta,Male,63,56-65,4,5,Standard,2025-12-21,True
2763,Nandini Patel,Female,23,18-25,3,2,Premium,2025-07-19,True
2764,Priya Reddy,Female,39,36-45,18,3,Standard,2025-06-25,True
2765,Harsh Singh,Male,33,26-35,6,6,Standard,2025-07-26,True
2766,Vikram Verma,Male,61,56-65,22,2,Standard,2025-11-04,True
2767,Meera Sharma,Female,48,46-55,16,3,Standard,2025-09-03,True
2768,Vivek Iyer,Male,61,56-65,29,6,Premium,2025-04-11,True
2769,Varun Mehta,Male,22,18-25,10,4,Premium,2025-10-21,True
2770,Swati Patel,Female,54,46-55,9,4,Standard,2025-07-18,True
2771,Sneha Pillai,Female,44,36-45,6,2,Premium,2025-07-12,True
2772,Aditya Patel,Male,18,18-25,5,6,Premium,2025-06-04,True
2773,Rahul Rao,Male,49,46-55,27,5,Inactive,2025-01-04,False
2774,Anil Singh,Male,51,46-55,13,1,Premium,2025-07-21,True
2775,Aarav Singh,Male,43,36-45,8,4,Standard,2025-03-08,True
2776,Manish Gupta,Male,45,36-45,9,1,Standard,2025-01-06,True
2777,Siddharth Sharma,Male,55,46-55,4,2,Premium,2025-11-24,True
2778,Rahul Rao,Male,26,26-35,1,5,Standard,2025-04-13,True
2779,Riya Rao,Female,54,46-55,15,6,Standard,2025-02-27,True
2780,Karan Sharma,Male,21,18-25,20,6,Standard,2025-08-26,True
2781,Lakshmi Pillai,Female,49,46-55,30,3,Standard,2025-05-20,True
2782,Aarav Rao,Male,36,36-45,24,5,Inactive,2025-05-25,False
2783,Lakshmi Rao,Female,32,26-35,17,1,Standard,2025-10-15,True
2784,Nikhil Iyer,Male,56,56-65,13,3,Standard,2025-05-26,True
2785,Riya Rao,Female,43,36-45,13,2,Standard,2025-12-18,True
2786,Sneha Reddy,Female,49,46-55,20,4,Standard,2025-07-14,True
2787,Rohan Mehta,Male,44,36-45,4,4,Standard,2025-08-05,True
2788,Varun Sharma,Male,36,36-45,15,6,Standard,2025-07-27,True
2789,Rahul Patel,Male,40,36-45,26,1,Standard,2025-02-06,True
2790,Aishwarya Gupta,Female,18,18-25,3,4,Premium,2025-02-16,True
2791,Shreya Mehta,Female,24,18-25,11,4,Standard,2025-10-20,True
2792,Aditya Kumar,Male,29,26-35,9,3,Standard,2025-06-17,True
2793,Shreya Das,Female,34,26-35,2,6,Standard,2025-07-07,True
2794,Arjun Gupta,Male,38,36-45,23,4,Standard,2025-08-24,True
2795,Siddharth Naidu,Male,65,56-65,3,6,Inactive,2025-11-23,False
2796,Neha Joshi,Female,37,36-45,28,6,Standard,2025-06-19,True
2797,Lakshmi Reddy,Female,53,46-55,8,2,Premium,2025-09-11,True
2798,Meera Gupta,Female,53,46-55,15,4,Standard,2025-12-18,True
2799,Ananya Mehta,Female,29,26-35,8,6,Premium,2025-02-15,True
2800,Aishwarya Pillai,Female,18,18-25,26,6,Standard,2025-01-14,True
2801,Neha Verma,Female,33,26-35,7,2,Standard,2025-12-28,True
2802,Aishwarya Mehta,Female,61,56-65,5,2,Premium,2025-05-29,True
2803,Ananya Kumar,Female,53,46-55,30,2,Premium,2025-07-22,True
2804,Neha Das,Female,55,46-55,21,2,Standard,2025-05-02,True
2805,Rohan Joshi,Male,52,46-55,28,3,Standard,2025-05-03,True
2806,Aarav Das,Male,24,18-25,9,6,Inactive,2025-02-03,False
2807,Ishita Patel,Female,32,26-35,25,2,Standard,2025-04-19,True
2808,Shreya Gupta,Female,22,18-25,20,5,Premium,2025-01-05,True
2809,Pooja Pillai,Female,38,36-45,28,1,Standard,2025-06-25,True
2810,Anil Singh,Male,21,18-25,30,4,Standard,2025-11-08,True
2811,Rohan Iyer,Male,32,26-35,4,1,Premium,2025-05-26,True
2812,Rohan Gupta,Male,27,26-35,6,4,Inactive,2025-03-19,False
2813,Varun Verma,Male,47,46-55,15,2,Standard,2025-09-17,True
2814,Karan Singh,Male,37,36-45,24,4,Premium,2025-01-02,True
2815,Akash Rao,Male,21,18-25,8,4,Standard,2025-06-10,True
2816,Siddharth Iyer,Male,37,36-45,5,6,Premium,2025-01-20,True
2817,Riya Joshi,Female,37,36-45,24,1,Standard,2025-01-10,True
2818,Shreya Mehta,Female,41,36-45,17,2,Standard,2025-07-10,True
2819,Vivek Naidu,Male,45,36-45,27,2,Standard,2025-12-28,True
2820,Aishwarya Mehta,Female,50,46-55,22,3,Premium,2025-07-26,True
2821,Neha Joshi,Female,22,18-25,10,5,Standard,2025-09-06,True
2822,Arjun Iyer,Male,31,26-35,19,6,Standard,2025-10-22,True
2823,Nandini Das,Female,22,18-25,9,5,Inactive,2025-09-17,False
2824,Ananya Das,Female,65,56-65,20,3,Standard,2025-05-25,True
2825,Rahul Pillai,Male,44,36-45,25,4,Standard,2025-04-24,True
2826,Lakshmi Singh,Female,24,18-25,5,1,Standard,2025-12-27,True
2827,Manish Pillai,Male,24,18-25,11,5,Premium,2025-04-27,True
2828,Ananya Sharma,Female,62,56-65,3,2,Standard,2025-12-24,True
2829,Rahul Naidu,Male,30,26-35,27,5,Inactive,2025-12-27,False
2830,Shreya Nair,Female,29,26-35,27,6,Standard,2025-08-25,True
2831,Priya Pillai,Female,50,46-55,25,5,Premium,2025-03-07,True
2832,Varun Iyer,Male,59,56-65,18,6,Standard,2025-10-07,True
2833,Priya Singh,Female,51,46-55,2,4,VIP,2025-04-13,True
2834,Ishita Gupta,Female,41,36-45,13,3,VIP,2025-11-03,True
2835,Neha Sharma,Female,61,56-65,11,5,Standard,2025-05-18,True
2836,Aishwarya Naidu,Female,61,56-65,18,2,Inactive,2025-11-14,False
2837,Sneha Patel,Female,43,36-45,26,1,Standard,2025-10-21,True
2838,Karan Reddy,Male,42,36-45,13,2,Standard,2025-07-02,True
2839,Swati Verma,Female,61,56-65,17,4,Inactive,2025-06-19,False
2840,Meera Naidu,Female,51,46-55,13,3,Premium,2025-09-10,True
2841,Priya Kumar,Female,34,26-35,16,4,Standard,2025-07-17,True
2842,Pooja Iyer,Female,44,36-45,26,5,Standard,2025-01-30,True
2843,Priya Singh,Female,42,36-45,12,3,Standard,2025-05-12,True
2844,Kavya Reddy,Female,50,46-55,19,5,Standard,2025-03-15,True
2845,Rohan Iyer,Male,44,36-45,30,5,Inactive,2025-01-09,False
2846,Vivek Rao,Male,48,46-55,28,1,Standard,2025-05-06,True
2847,Aishwarya Sharma,Female,57,56-65,10,3,Standard,2025-11-26,True
2848,Ananya Kumar,Female,20,18-25,26,6,Standard,2025-11-10,True
2849,Aarav Das,Male,35,26-35,24,1,Standard,2025-01-07,True
2850,Meera Reddy,Female,56,56-65,16,5,Premium,2025-10-22,True
2851,Sneha Pillai,Female,35,26-35,11,2,Standard,2025-07-05,True
2852,Ishita Nair,Female,51,46-55,1,3,Standard,2025-04-15,True
2853,Riya Mehta,Female,42,36-45,25,6,VIP,2025-01-08,True
2854,Shreya Gupta,Female,58,56-65,8,5,Standard,2025-06-22,True
2855,Rahul Gupta,Male,45,36-45,1,2,Standard,2025-03-17,True
2856,Harsh Patel,Male,23,18-25,12,5,Premium,2025-06-20,True
2857,Ishita Pillai,Female,19,18-25,15,2,Standard,2025-04-27,True
2858,Siddharth Joshi,Male,46,46-55,22,4,Standard,2025-08-24,True
2859,Ishita Rao,Female,25,18-25,22,3,Premium,2025-05-17,True
2860,Rohan Sharma,Male,50,46-55,17,6,Standard,2025-11-25,True
2861,Swati Iyer,Female,35,26-35,4,5,Standard,2025-04-23,True
2862,Anil Singh,Male,19,18-25,24,6,Standard,2025-11-15,True
2863,Sneha Verma,Female,44,36-45,27,4,Standard,2025-02-20,True
2864,Aishwarya Joshi,Female,18,18-25,13,4,Standard,2025-12-03,True
2865,Aditya Reddy,Male,51,46-55,30,1,Standard,2025-05-31,True
2866,Anil Singh,Male,41,36-45,27,3,Standard,2025-10-08,True
2867,Anil Singh,Male,27,26-35,8,2,Standard,2025-12-01,True
2868,Priya Verma,Female,57,56-65,17,5,Standard,2025-03-29,True
2869,Varun Gupta,Male,54,46-55,2,1,Premium,2025-08-08,True
2870,Nandini Nair,Female,63,56-65,18,6,Standard,2025-10-10,True
2871,Riya Verma,Female,46,46-55,19,3,Standard,2025-08-16,True
2872,Shreya Rao,Female,38,36-45,7,5,VIP,2025-10-06,True
2873,Vivek Verma,Male,65,56-65,7,4,Standard,2025-02-03,True
2874,Shreya Das,Female,21,18-25,18,5,Standard,2025-11-08,True
2875,Sneha Singh,Female,53,46-55,7,5,Standard,2025-07-30,True
2876,Akash Sharma,Male,27,26-35,1,6,Standard,2025-05-02,True
2877,Meera Reddy,Female,29,26-35,4,6,Standard,2025-11-20,True
2878,Swati Reddy,Female,53,46-55,29,5,Premium,2025-11-28,True
2879,Nandini Gupta,Female,24,18-25,17,2,Standard,2025-09-08,True
2880,Anil Singh,Male,42,36-45,23,5,Standard,2025-08-21,True
2881,Rohan Verma,Male,27,26-35,19,5,Standard,2025-04-29,True
2882,Vikram Naidu,Male,63,56-65,17,6,Inactive,2025-08-12,False
2883,Ishita Naidu,Female,47,46-55,30,1,Standard,2025-08-04,True
2884,Pooja Verma,Female,50,46-55,20,4,Premium,2025-04-26,True
2885,Aditya Rao,Male,62,56-65,15,1,Standard,2025-02-21,True
2886,Vivek Mehta,Male,60,56-65,29,2,Standard,2025-11-20,True
2887,Manish Pillai,Male,38,36-45,15,6,Inactive,2025-07-03,False
2888,Manish Reddy,Male,51,46-55,16,5,Premium,2025-04-24,True
2889,Swati Pillai,Female,35,26-35,9,1,VIP,2025-10-03,True
2890,Arjun Reddy,Male,37,36-45,3,3,VIP,2025-11-30,True
2891,Harsh Kumar,Male,32,26-35,21,3,Standard,2025-10-02,True
2892,Priya Rao,Female,58,56-65,25,4,Premium,2025-11-05,True
2893,Nikhil Sharma,Male,55,46-55,21,4,Standard,2025-08-17,True
2894,Vivek Naidu,Male,27,26-35,8,6,Inactive,2025-11-18,False
2895,Pooja Singh,Female,50,46-55,10,3,Standard,2025-05-31,True
2896,Anil Mehta,Male,32,26-35,27,4,Standard,2025-06-02,True
2897,Arjun Singh,Male,31,26-35,5,5,Standard,2025-09-13,True
2898,Vivek Reddy,Male,40,36-45,19,4,Premium,2025-03-24,True
2899,Manish Verma,Male,32,26-35,4,5,Standard,2025-04-17,True
2900,Rahul Das,Male,23,18-25,11,5,Premium,2025-06-05,True
2901,Vivek Patel,Male,32,26-35,6,3,Premium,2025-07-10,True
2902,Akash Rao,Male,58,56-65,24,3,Standard,2025-07-19,True
2903,Varun Naidu,Male,31,26-35,10,3,Premium,2025-12-30,True
2904,Neha Kumar,Female,64,56-65,4,3,Standard,2025-10-06,True
2905,Meera Reddy,Female,58,56-65,16,3,Premium,2025-11-09,True
2906,Karan Reddy,Male,46,46-55,1,3,Standard,2025-03-26,True
2907,Akash Gupta,Male,24,18-25,13,5,Standard,2025-05-27,True
2908,Rohan Mehta,Male,37,36-45,27,3,Standard,2025-01-30,True
2909,Nandini Iyer,Female,31,26-35,23,4,Standard,2025-03-07,True
2910,Akash Singh,Male,36,36-45,22,6,Inactive,2025-04-14,False
2911,Harsh Kumar,Male,45,36-45,28,6,Premium,2025-01-16,True
2912,Swati Pillai,Female,29,26-35,4,5,Standard,2025-08-20,True
2913,Priya Das,Female,65,56-65,13,4,VIP,2025-01-01,True
2914,Aditya Joshi,Male,43,36-45,30,2,Premium,2025-01-17,True
2915,Harsh Pillai,Male,26,26-35,5,6,Standard,2025-11-11,True
2916,Arjun Naidu,Male,31,26-35,24,4,Inactive,2025-10-11,False
2917,Anil Singh,Male,49,46-55,12,5,Standard,2025-08-20,True
2918,Aditya Kumar,Male,58,56-65,10,3,Standard,2025-05-31,True
2919,Siddharth Kumar,Male,31,26-35,8,3,Standard,2025-07-22,True
2920,Neha Naidu,Female,37,36-45,5,4,Standard,2025-07-16,True
2921,Varun Mehta,Male,26,26-35,13,2,Standard,2025-07-02,True
2922,Lakshmi Das,Female,58,56-65,11,3,Standard,2025-04-04,True
2923,Meera Verma,Female,42,36-45,28,3,Standard,2025-01-24,True
2924,Rohan Naidu,Male,53,46-55,11,1,Inactive,2025-06-21,False
2925,Priya Joshi,Female,64,56-65,7,3,Premium,2025-05-11,True
2926,Shreya Kumar,Female,29,26-35,18,5,Standard,2025-08-29,True
2927,Rohan Reddy,Male,34,26-35,30,3,Premium,2025-12-23,True
2928,Aditya Gupta,Male,48,46-55,10,5,Standard,2025-02-17,True
2929,Vikram Joshi,Male,55,46-55,15,5,Standard,2025-06-12,True
2930,Arjun Kumar,Male,62,56-65,1,3,Standard,2025-05-05,True
2931,Shreya Gupta,Female,45,36-45,14,1,Standard,2025-09-28,True
2932,Divya Sharma,Female,21,18-25,4,6,Standard,2025-05-05,True
2933,Vikram Patel,Male,55,46-55,3,3,Standard,2025-04-28,True
2934,Shreya Iyer,Female,44,36-45,6,6,Premium,2025-09-06,True
2935,Akash Verma,Male,24,18-25,2,5,Standard,2025-06-13,True
2936,Kavya Kumar,Female,39,36-45,25,4,Standard,2025-10-08,True
2937,Rahul Pillai,Male,45,36-45,27,5,Standard,2025-02-06,True
2938,Kavya Kumar,Female,63,56-65,24,2,Standard,2025-04-05,True
2939,Aarav Kumar,Male,50,46-55,14,3,Inactive,2025-12-20,False
2940,Lakshmi Joshi,Female,19,18-25,22,3,Inactive,2025-03-12,False
2941,Vikram Joshi,Male,24,18-25,4,3,Standard,2025-07-29,True
2942,Ananya Reddy,Female,38,36-45,3,3,Standard,2025-03-14,True
2943,Arjun Pillai,Male,43,36-45,14,2,Premium,2025-03-14,True
2944,Rahul Pillai,Male,26,26-35,9,1,Standard,2025-10-28,True
2945,Rahul Gupta,Male,29,26-35,2,3,Standard,2025-02-18,True
2946,Vivek Reddy,Male,25,18-25,25,2,Standard,2025-04-25,True
2947,Rohan Patel,Male,59,56-65,6,3,Standard,2025-03-01,True
2948,Rahul Patel,Male,64,56-65,20,3,Premium,2025-12-14,True
2949,Pooja Kumar,Female,31,26-35,10,2,Standard,2025-06-02,True
2950,Neha Mehta,Female,18,18-25,6,3,Standard,2025-04-09,True
2951,Sneha Joshi,Female,21,18-25,24,5,Inactive,2025-05-07,False
2952,Riya Verma,Female,58,56-65,22,4,Premium,2025-05-05,True
2953,Meera Das,Female,53,46-55,21,6,Standard,2025-04-29,True
2954,Neha Pillai,Female,23,18-25,11,6,Standard,2025-07-26,True
2955,Nandini Rao,Female,54,46-55,28,1,Premium,2025-07-19,True
2956,Aditya Mehta,Male,33,26-35,28,6,Standard,2025-08-02,True
2957,Kavya Reddy,Female,35,26-35,16,3,Standard,2025-10-25,True
2958,Sneha Nair,Female,46,46-55,25,3,Inactive,2025-07-21,False
2959,Swati Rao,Female,60,56-65,8,3,Standard,2025-12-19,True
2960,Sneha Mehta,Female,58,56-65,29,5,Standard,2025-05-08,True
2961,Vikram Patel,Male,63,56-65,25,4,Standard,2025-06-02,True
2962,Aditya Verma,Male,23,18-25,6,6,Standard,2025-08-03,True
2963,Nikhil Gupta,Male,53,46-55,30,2,Standard,2025-12-04,True
2964,Neha Iyer,Female,39,36-45,17,6,Standard,2025-01-14,True
2965,Riya Reddy,Female,43,36-45,24,5,Standard,2025-10-30,True
2966,Siddharth Das,Male,52,46-55,26,6,Standard,2025-04-25,True
2967,Arjun Singh,Male,50,46-55,21,2,Standard,2025-05-06,True
2968,Varun Mehta,Male,31,26-35,16,2,Standard,2025-03-27,True
2969,Arjun Nair,Male,52,46-55,20,4,VIP,2025-12-31,True
2970,Akash Naidu,Male,26,26-35,13,6,Standard,2025-03-09,True
2971,Vikram Singh,Male,30,26-35,19,3,Standard,2025-04-05,True
2972,Meera Nair,Female,27,26-35,24,5,Inactive,2025-11-21,False
2973,Karan Pillai,Male,62,56-65,10,3,Standard,2025-04-08,True
2974,Varun Kumar,Male,65,56-65,30,5,Standard,2025-06-03,True
2975,Rohan Singh,Male,54,46-55,9,5,Standard,2025-12-08,True
2976,Rahul Gupta,Male,44,36-45,23,4,Standard,2025-02-15,True
2977,Shreya Gupta,Female,19,18-25,14,6,Standard,2025-06-18,True
2978,Siddharth Reddy,Male,20,18-25,4,4,Standard,2025-10-20,True
2979,Arjun Singh,Male,63,56-65,8,5,Premium,2025-01-18,True
2980,Rohan Patel,Male,32,26-35,9,3,Premium,2025-08-03,True
2981,Meera Mehta,Female,31,26-35,22,3,Standard,2025-01-24,True
2982,Priya Joshi,Female,21,18-25,3,4,Standard,2025-02-07,True
2983,Lakshmi Iyer,Female,23,18-25,4,4,Standard,2025-12-02,True
2984,Harsh Sharma,Male,21,18-25,28,3,Premium,2025-01-20,True
2985,Akash Iyer,Male,44,36-45,28,4,Inactive,2025-07-26,False
2986,Nikhil Reddy,Male,57,56-65,20,1,Standard,2025-04-13,True
2987,Divya Naidu,Female,65,56-65,30,3,Standard,2025-03-21,True
2988,Rohan Rao,Male,30,26-35,3,4,Standard,2025-12-10,True
2989,Varun Pillai,Male,55,46-55,4,2,Inactive,2025-07-15,False
2990,Arjun Rao,Male,48,46-55,4,6,Premium,2025-03-01,True
2991,Anil Kumar,Male,63,56-65,4,5,Premium,2025-01-09,True
2992,Vikram Naidu,Male,47,46-55,22,1,Premium,2025-10-12,True
2993,Vikram Reddy,Male,25,18-25,5,5,Standard,2025-06-12,True
2994,Anil Verma,Male,62,56-65,3,5,Standard,2025-09-19,True
2995,Shreya Singh,Female,36,36-45,28,4,Standard,2025-10-11,True
2996,Aarav Naidu,Male,58,56-65,16,3,Standard,2025-07-14,True
2997,Harsh Das,Male,36,36-45,6,2,Standard,2025-05-26,True
2998,Arjun Joshi,Male,33,26-35,3,3,Standard,2025-11-02,True
2999,Meera Kumar,Female,42,36-45,3,4,Premium,2025-06-22,True
3000,Aditya Kumar,Male,59,56-65,16,6,Standard,2025-03-13,True
3001,Kavya Verma,Female,64,56-65,26,1,Inactive,2025-08-27,False
3002,Divya Iyer,Female,40,36-45,14,4,Standard,2025-11-03,True
3003,Aarav Sharma,Male,41,36-45,4,5,Inactive,2025-12-25,False
3004,Neha Verma,Female,40,36-45,22,4,Standard,2025-09-16,True
3005,Lakshmi Kumar,Female,29,26-35,15,6,Standard,2025-07-19,True
3006,Sneha Mehta,Female,59,56-65,12,4,Standard,2025-01-05,True
3007,Ananya Gupta,Female,20,18-25,3,3,Standard,2025-05-21,True
3008,Vivek Patel,Male,18,18-25,27,4,VIP,2025-08-04,True
3009,Vikram Sharma,Male,62,56-65,17,4,Standard,2025-01-03,True
3010,Manish Pillai,Male,44,36-45,14,5,Standard,2025-02-21,True
3011,Sneha Iyer,Female,27,26-35,1,4,Standard,2025-02-26,True
3012,Aditya Pillai,Male,60,56-65,6,2,Standard,2025-04-03,True
3013,Akash Kumar,Male,36,36-45,1,5,Standard,2025-03-21,True
3014,Aditya Das,Male,55,46-55,20,3,Standard,2025-01-20,True
3015,Shreya Das,Female,25,18-25,8,3,Standard,2025-03-01,True
3016,Aditya Gupta,Male,19,18-25,27,3,VIP,2025-08-15,True
3017,Rahul Mehta,Male,59,56-65,17,5,Premium,2025-08-12,True
3018,Priya Gupta,Female,62,56-65,30,6,Standard,2025-01-21,True
3019,Divya Patel,Female,19,18-25,5,5,Standard,2025-06-03,True
3020,Siddharth Nair,Male,63,56-65,11,2,Standard,2025-03-06,True
3021,Anil Gupta,Male,34,26-35,10,4,Premium,2025-05-28,True
3022,Akash Sharma,Male,29,26-35,3,6,Standard,2025-11-09,True
3023,Aarav Singh,Male,32,26-35,25,3,Premium,2025-11-25,True
3024,Manish Patel,Male,47,46-55,18,5,Standard,2025-02-19,True
3025,Vivek Gupta,Male,57,56-65,24,6,Premium,2025-05-03,True
3026,Ishita Das,Female,18,18-25,11,3,VIP,2025-09-10,True
3027,Ishita Das,Female,37,36-45,23,1,Standard,2025-10-22,True
3028,Vivek Singh,Male,56,56-65,14,5,Standard,2025-07-03,True
3029,Akash Das,Male,52,46-55,14,1,Premium,2025-07-18,True
3030,Neha Verma,Female,33,26-35,8,4,Standard,2025-01-23,True
3031,Karan Rao,Male,27,26-35,15,4,Standard,2025-12-06,True
3032,Vikram Das,Male,53,46-55,2,2,Standard,2025-09-20,True
3033,Aishwarya Verma,Female,64,56-65,13,5,Standard,2025-07-23,True
3034,Kavya Nair,Female,47,46-55,25,4,Standard,2025-01-05,True
3035,Meera Kumar,Female,33,26-35,24,2,Inactive,2025-03-31,False
3036,Vikram Iyer,Male,18,18-25,25,1,Standard,2025-03-06,True
3037,Priya Joshi,Female,39,36-45,11,2,Inactive,2025-07-23,False
3038,Aditya Iyer,Male,39,36-45,11,4,VIP,2025-01-15,True
3039,Sneha Pillai,Female,49,46-55,19,4,Standard,2025-07-08,True
3040,Ananya Patel,Female,31,26-35,8,6,Premium,2025-12-12,True
3041,Pooja Kumar,Female,32,26-35,28,1,Standard,2025-03-13,True
3042,Aishwarya Sharma,Female,35,26-35,1,2,Standard,2025-12-20,True
3043,Varun Kumar,Male,24,18-25,16,3,Inactive,2025-11-04,False
3044,Vivek Kumar,Male,19,18-25,10,1,Standard,2025-04-01,True
3045,Aditya Gupta,Male,33,26-35,19,2,Standard,2025-04-18,True
3046,Nandini Pillai,Female,18,18-25,13,2,Inactive,2025-07-01,False
3047,Rohan Reddy,Male,32,26-35,19,2,Standard,2025-07-03,True
3048,Rahul Kumar,Male,20,18-25,14,1,Standard,2025-10-23,True
3049,Manish Patel,Male,31,26-35,12,5,Standard,2025-02-13,True
3050,Aarav Sharma,Male,59,56-65,1,2,Standard,2025-08-09,True
3051,Karan Kumar,Male,29,26-35,27,3,Premium,2025-05-24,True
3052,Priya Iyer,Female,65,56-65,12,3,Inactive,2025-06-08,False
3053,Nikhil Verma,Male,55,46-55,20,2,Standard,2025-06-26,True
3054,Rahul Joshi,Male,32,26-35,3,4,Standard,2025-10-01,True
3055,Vikram Rao,Male,42,36-45,10,4,Premium,2025-08-16,True
3056,Harsh Joshi,Male,25,18-25,20,3,Inactive,2025-06-30,False
3057,Manish Das,Male,62,56-65,30,1,Inactive,2025-12-10,False
3058,Shreya Singh,Female,44,36-45,23,4,Standard,2025-12-04,True
3059,Meera Naidu,Female,44,36-45,3,2,Standard,2025-10-11,True
3060,Vivek Joshi,Male,59,56-65,11,4,Standard,2025-02-07,True
3061,Rahul Kumar,Male,33,26-35,3,6,Standard,2025-10-08,True
3062,Ananya Singh,Female,58,56-65,27,4,Standard,2025-05-06,True
3063,Rahul Patel,Male,61,56-65,16,1,Standard,2025-02-06,True
3064,Karan Pillai,Male,58,56-65,17,6,Standard,2025-08-01,True
3065,Anil Verma,Male,23,18-25,3,3,Standard,2025-04-09,True
3066,Aarav Sharma,Male,65,56-65,8,4,Premium,2025-05-06,True
3067,Vivek Patel,Male,62,56-65,23,1,Standard,2025-06-26,True
3068,Neha Das,Female,31,26-35,5,4,Standard,2025-05-13,True
3069,Varun Gupta,Male,53,46-55,7,6,Standard,2025-02-06,True
3070,Lakshmi Patel,Female,51,46-55,5,1,Premium,2025-12-08,True
3071,Vivek Singh,Male,40,36-45,6,6,Standard,2025-08-09,True
3072,Nandini Mehta,Female,32,26-35,28,3,Standard,2025-04-04,True
3073,Pooja Rao,Female,32,26-35,26,2,Premium,2025-12-11,True
3074,Pooja Naidu,Female,42,36-45,20,4,Inactive,2025-05-14,False
3075,Divya Nair,Female,55,46-55,14,2,Premium,2025-10-23,True
3076,Swati Rao,Female,25,18-25,1,3,Standard,2025-01-03,True
3077,Ishita Kumar,Female,54,46-55,14,3,Premium,2025-02-26,True
3078,Vivek Gupta,Male,21,18-25,28,4,Premium,2025-08-02,True
3079,Sneha Das,Female,32,26-35,24,3,Standard,2025-10-27,True
3080,Vikram Gupta,Male,35,26-35,28,2,Standard,2025-06-04,True
3081,Nandini Mehta,Female,60,56-65,12,1,Premium,2025-05-30,True
3082,Shreya Iyer,Female,62,56-65,30,6,Standard,2025-05-27,True
3083,Shreya Joshi,Female,54,46-55,15,2,Premium,2025-05-30,True
3084,Varun Sharma,Male,31,26-35,8,6,Standard,2025-05-30,True
3085,Divya Gupta,Female,27,26-35,25,2,Standard,2025-03-21,True
3086,Anil Das,Male,62,56-65,23,3,Premium,2025-07-22,True
3087,Neha Mehta,Female,64,56-65,15,1,Standard,2025-04-23,True
3088,Vivek Pillai,Male,51,46-55,14,2,Standard,2025-03-12,True
3089,Aarav Pillai,Male,21,18-25,29,6,Standard,2025-05-18,True
3090,Karan Pillai,Male,34,26-35,25,5,VIP,2025-04-19,True
3091,Nandini Verma,Female,61,56-65,19,4,Premium,2025-03-27,True
3092,Shreya Joshi,Female,65,56-65,21,1,Standard,2025-06-21,True
3093,Ishita Naidu,Female,36,36-45,29,4,Standard,2025-01-13,True
3094,Lakshmi Singh,Female,35,26-35,19,6,Standard,2025-04-07,True
3095,Vikram Das,Male,41,36-45,25,1,Inactive,2025-04-21,False
3096,Ananya Pillai,Female,59,56-65,29,1,Premium,2025-05-30,True
3097,Priya Verma,Female,40,36-45,26,5,Premium,2025-11-25,True
3098,Akash Naidu,Male,21,18-25,7,5,Standard,2025-01-19,True
3099,Kavya Gupta,Female,22,18-25,2,3,Standard,2025-06-28,True
3100,Neha Naidu,Female,50,46-55,11,1,Premium,2025-04-08,True
3101,Vikram Iyer,Male,59,56-65,7,4,Standard,2025-09-16,True
3102,Rohan Sharma,Male,57,56-65,21,1,Standard,2025-06-12,True
3103,Kavya Verma,Female,25,18-25,16,4,Standard,2025-11-08,True
3104,Rahul Naidu,Male,47,46-55,26,6,Premium,2025-09-27,True
3105,Varun Joshi,Male,24,18-25,14,1,Standard,2025-07-19,True
3106,Riya Iyer,Female,45,36-45,4,1,Standard,2025-07-17,True
3107,Pooja Das,Female,65,56-65,23,5,Standard,2025-07-31,True
3108,Varun Pillai,Male,20,18-25,24,3,Standard,2025-10-02,True
3109,Aditya Patel,Male,34,26-35,12,6,Standard,2025-08-05,True
3110,Shreya Joshi,Female,27,26-35,18,3,VIP,2025-05-07,True
3111,Vikram Kumar,Male,42,36-45,13,6,Standard,2025-12-25,True
3112,Pooja Iyer,Female,20,18-25,3,6,Premium,2025-08-06,True
3113,Divya Verma,Female,56,56-65,28,2,Premium,2025-04-14,True
3114,Rahul Mehta,Male,50,46-55,11,2,Premium,2025-04-02,True
3115,Riya Singh,Female,45,36-45,19,5,Standard,2025-06-12,True
3116,Manish Rao,Male,65,56-65,23,1,Standard,2025-09-23,True
3117,Kavya Singh,Female,24,18-25,8,1,Standard,2025-04-08,True
3118,Akash Naidu,Male,54,46-55,30,4,Premium,2025-01-05,True
3119,Riya Pillai,Female,32,26-35,18,6,VIP,2025-09-01,True
3120,Shreya Naidu,Female,65,56-65,25,1,Premium,2025-05-30,True
3121,Aditya Kumar,Male,62,56-65,24,4,Premium,2025-04-12,True
3122,Harsh Das,Male,21,18-25,1,4,Inactive,2025-03-16,False
3123,Aarav Pillai,Male,27,26-35,23,3,Standard,2025-05-29,True
3124,Aishwarya Naidu,Female,61,56-65,2,3,Standard,2025-12-21,True
3125,Shreya Reddy,Female,57,56-65,27,6,Inactive,2025-03-03,False
3126,Priya Singh,Female,41,36-45,23,5,Premium,2025-07-26,True
3127,Neha Nair,Female,20,18-25,20,5,Standard,2025-05-01,True
3128,Vikram Mehta,Male,35,26-35,1,1,Standard,2025-03-24,True
3129,Sneha Gupta,Female,42,36-45,22,6,Premium,2025-11-16,True
3130,Nikhil Kumar,Male,26,26-35,27,1,Premium,2025-05-05,True
3131,Varun Sharma,Male,41,36-45,23,3,Standard,2025-01-26,True
3132,Aditya Verma,Male,58,56-65,19,1,Premium,2025-01-20,True
3133,Aarav Reddy,Male,43,36-45,23,2,Standard,2025-01-17,True
3134,Karan Rao,Male,53,46-55,19,6,Standard,2025-08-28,True
3135,Ishita Verma,Female,53,46-55,30,2,Standard,2025-09-14,True
3136,Aditya Verma,Male,23,18-25,20,2,Standard,2025-08-30,True
3137,Vivek Nair,Male,42,36-45,8,6,Standard,2025-11-21,True
3138,Nandini Nair,Female,61,56-65,27,2,Standard,2025-04-17,True
3139,Varun Joshi,Male,26,26-35,27,6,Standard,2025-09-23,True
3140,Vikram Singh,Male,52,46-55,11,3,Standard,2025-03-27,True
3141,Meera Kumar,Female,36,36-45,1,1,Standard,2025-12-12,True
3142,Aarav Iyer,Male,43,36-45,22,1,Standard,2025-07-13,True
3143,Aditya Reddy,Male,55,46-55,1,5,Standard,2025-03-15,True
3144,Lakshmi Reddy,Female,43,36-45,21,2,Premium,2025-12-23,True
3145,Rohan Rao,Male,44,36-45,28,6,Inactive,2025-07-15,False
3146,Harsh Sharma,Male,23,18-25,30,1,Standard,2025-01-27,True
3147,Arjun Iyer,Male,46,46-55,17,1,Premium,2025-06-08,True
3148,Rahul Iyer,Male,59,56-65,8,3,Standard,2025-06-21,True
3149,Siddharth Gupta,Male,21,18-25,20,6,Premium,2025-12-28,True
3150,Manish Verma,Male,44,36-45,14,1,Standard,2025-03-29,True
3151,Akash Mehta,Male,23,18-25,5,2,Standard,2025-02-04,True
3152,Nandini Pillai,Female,54,46-55,10,4,VIP,2025-08-23,True
3153,Vivek Rao,Male,63,56-65,8,1,Inactive,2025-02-15,False
3154,Aditya Gupta,Male,53,46-55,7,6,Standard,2025-11-10,True
3155,Shreya Naidu,Female,30,26-35,20,4,Standard,2025-03-13,True
3156,Akash Das,Male,25,18-25,24,3,Standard,2025-04-30,True
3157,Neha Joshi,Female,40,36-45,21,1,Standard,2025-09-06,True
3158,Shreya Joshi,Female,24,18-25,17,4,Premium,2025-03-06,True
3159,Karan Naidu,Male,33,26-35,14,5,Standard,2025-07-03,True
3160,Arjun Joshi,Male,59,56-65,13,6,Premium,2025-03-30,True
3161,Rahul Singh,Male,45,36-45,14,4,Standard,2025-01-06,True
3162,Varun Gupta,Male,43,36-45,3,4,Inactive,2025-06-16,False
3163,Rahul Iyer,Male,59,56-65,20,6,Standard,2025-11-08,True
3164,Varun Nair,Male,55,46-55,19,2,Standard,2025-02-24,True
3165,Aditya Rao,Male,57,56-65,16,4,Standard,2025-11-05,True
3166,Neha Nair,Female,19,18-25,18,2,Inactive,2025-07-09,False
3167,Aditya Sharma,Male,22,18-25,30,6,Inactive,2025-05-29,False
3168,Harsh Verma,Male,24,18-25,29,4,Standard,2025-04-07,True
3169,Vivek Kumar,Male,55,46-55,28,3,Standard,2025-02-17,True
3170,Priya Gupta,Female,25,18-25,27,3,Standard,2025-11-30,True
3171,Riya Sharma,Female,18,18-25,23,5,Standard,2025-12-27,True
3172,Akash Verma,Male,53,46-55,27,4,Standard,2025-01-26,True
3173,Manish Sharma,Male,27,26-35,19,2,Standard,2025-03-18,True
3174,Meera Sharma,Female,22,18-25,21,5,Standard,2025-09-10,True
3175,Sneha Das,Female,19,18-25,13,6,Standard,2025-04-03,True
3176,Rohan Pillai,Male,30,26-35,14,5,Standard,2025-10-15,True
3177,Karan Kumar,Male,20,18-25,1,4,Standard,2025-03-11,True
3178,Riya Kumar,Female,42,36-45,21,6,Standard,2025-10-21,True
3179,Pooja Patel,Female,48,46-55,26,6,VIP,2025-12-24,True
3180,Shreya Naidu,Female,62,56-65,3,6,Standard,2025-12-06,True
3181,Lakshmi Singh,Female,61,56-65,25,4,Premium,2025-10-05,True
3182,Riya Patel,Female,41,36-45,21,3,Standard,2025-05-11,True
3183,Swati Reddy,Female,35,26-35,13,6,Standard,2025-10-02,True
3184,Pooja Naidu,Female,50,46-55,7,6,Standard,2025-04-12,True
3185,Divya Joshi,Female,32,26-35,22,3,Premium,2025-11-19,True
3186,Vivek Singh,Male,49,46-55,7,4,Inactive,2025-06-03,False
3187,Aishwarya Kumar,Female,19,18-25,28,6,Standard,2025-09-26,True
3188,Ananya Naidu,Female,50,46-55,29,5,Standard,2025-11-30,True
3189,Riya Mehta,Female,57,56-65,18,2,Standard,2025-06-03,True
3190,Vivek Joshi,Male,45,36-45,20,6,Standard,2025-07-02,True
3191,Harsh Joshi,Male,37,36-45,11,1,Premium,2025-11-02,True
3192,Akash Nair,Male,43,36-45,15,2,Standard,2025-08-23,True
3193,Vikram Kumar,Male,56,56-65,25,2,Standard,2025-08-17,True
3194,Anil Joshi,Male,49,46-55,30,2,Standard,2025-05-19,True
3195,Meera Gupta,Female,61,56-65,1,2,Standard,2025-08-04,True
3196,Aditya Iyer,Male,40,36-45,4,3,Standard,2025-12-23,True
3197,Vikram Rao,Male,19,18-25,22,2,Inactive,2025-02-18,False
3198,Aishwarya Rao,Female,32,26-35,29,1,Standard,2025-05-16,True
3199,Vivek Patel,Male,49,46-55,20,3,Premium,2025-02-21,True
3200,Rahul Patel,Male,60,56-65,12,5,VIP,2025-03-27,True
3201,Pooja Kumar,Female,47,46-55,27,3,Standard,2025-12-12,True
3202,Lakshmi Kumar,Female,60,56-65,12,1,Standard,2025-09-11,True
3203,Akash Patel,Male,53,46-55,23,6,Standard,2025-02-11,True
3204,Meera Mehta,Female,45,36-45,2,5,Standard,2025-10-27,True
3205,Aditya Reddy,Male,23,18-25,16,6,Inactive,2025-06-05,False
3206,Nandini Rao,Female,38,36-45,25,6,Standard,2025-01-17,True
3207,Sneha Verma,Female,29,26-35,18,1,Standard,2025-08-15,True
3208,Neha Reddy,Female,26,26-35,28,1,Premium,2025-07-11,True
3209,Swati Joshi,Female,65,56-65,6,4,Standard,2025-08-06,True
3210,Akash Nair,Male,51,46-55,4,5,Inactive,2025-12-02,False
3211,Neha Kumar,Female,18,18-25,19,5,Inactive,2025-08-06,False
3212,Arjun Das,Male,45,36-45,8,1,Standard,2025-11-13,True
3213,Priya Singh,Female,65,56-65,16,1,Standard,2025-06-18,True
3214,Anil Pillai,Male,26,26-35,30,6,Standard,2025-04-27,True
3215,Rahul Mehta,Male,31,26-35,9,2,Standard,2025-10-12,True
3216,Vikram Iyer,Male,40,36-45,28,1,Standard,2025-01-30,True
3217,Aditya Das,Male,33,26-35,13,3,Premium,2025-03-16,True
3218,Harsh Joshi,Male,33,26-35,4,2,Standard,2025-07-09,True
3219,Neha Verma,Female,29,26-35,20,5,Premium,2025-05-30,True
3220,Nikhil Nair,Male,58,56-65,9,2,Standard,2025-12-29,True
3221,Manish Nair,Male,33,26-35,14,5,Premium,2025-02-13,True
3222,Manish Gupta,Male,28,26-35,22,5,Standard,2025-11-25,True
3223,Aditya Sharma,Male,44,36-45,5,6,Premium,2025-08-28,True
3224,Karan Naidu,Male,39,36-45,26,1,Inactive,2025-04-20,False
3225,Akash Reddy,Male,45,36-45,5,6,Premium,2025-09-15,True
3226,Aishwarya Pillai,Female,57,56-65,5,2,Standard,2025-07-23,True
3227,Harsh Rao,Male,46,46-55,7,6,Premium,2025-02-28,True
3228,Aditya Kumar,Male,54,46-55,17,6,Standard,2025-11-26,True
3229,Pooja Pillai,Female,56,56-65,24,5,Standard,2025-04-11,True
3230,Vikram Nair,Male,38,36-45,2,1,Standard,2025-03-09,True
3231,Swati Mehta,Female,51,46-55,8,5,Standard,2025-04-20,True
3232,Meera Rao,Female,21,18-25,6,5,Standard,2025-07-23,True
3233,Rohan Gupta,Male,21,18-25,9,1,Premium,2025-04-16,True
3234,Neha Gupta,Female,62,56-65,15,6,Standard,2025-10-02,True
3235,Rohan Mehta,Male,45,36-45,18,5,Standard,2025-05-05,True
3236,Varun Kumar,Male,22,18-25,2,3,Standard,2025-07-12,True
3237,Arjun Iyer,Male,37,36-45,6,2,Standard,2025-12-03,True
3238,Aditya Mehta,Male,33,26-35,6,1,Premium,2025-12-17,True
3239,Anil Mehta,Male,61,56-65,13,5,Premium,2025-07-30,True
3240,Karan Pillai,Male,18,18-25,8,5,Standard,2025-02-14,True
3241,Aishwarya Joshi,Female,42,36-45,20,1,Standard,2025-12-28,True
3242,Meera Verma,Female,45,36-45,16,2,Standard,2025-03-08,True
3243,Vikram Joshi,Male,63,56-65,4,1,Inactive,2025-01-05,False
3244,Priya Singh,Female,33,26-35,9,5,Premium,2025-12-01,True
3245,Priya Kumar,Female,31,26-35,15,1,Standard,2025-02-26,True
3246,Siddharth Nair,Male,59,56-65,10,3,Standard,2025-11-07,True
3247,Sneha Das,Female,43,36-45,12,3,Standard,2025-04-06,True
3248,Neha Verma,Female,23,18-25,8,4,Standard,2025-03-01,True
3249,Riya Kumar,Female,45,36-45,8,5,Standard,2025-07-25,True
3250,Lakshmi Mehta,Female,46,46-55,18,2,Inactive,2025-07-10,False
3251,Shreya Patel,Female,47,46-55,4,2,Premium,2025-09-02,True
3252,Nandini Sharma,Female,28,26-35,24,2,Standard,2025-05-28,True
3253,Priya Nair,Female,37,36-45,26,4,Standard,2025-08-06,True
3254,Nikhil Patel,Male,18,18-25,10,6,Premium,2025-08-02,True
3255,Manish Nair,Male,29,26-35,21,6,Standard,2025-09-19,True
3256,Arjun Das,Male,43,36-45,18,6,Premium,2025-08-01,True
3257,Shreya Sharma,Female,34,26-35,13,3,VIP,2025-07-18,True
3258,Lakshmi Sharma,Female,31,26-35,13,5,VIP,2025-01-02,True
3259,Vikram Iyer,Male,32,26-35,16,6,Standard,2025-07-25,True
3260,Nikhil Pillai,Male,23,18-25,25,3,Standard,2025-03-16,True
3261,Manish Gupta,Male,28,26-35,16,1,Standard,2025-05-24,True
3262,Aarav Naidu,Male,34,26-35,2,4,Standard,2025-10-24,True
3263,Arjun Iyer,Male,46,46-55,6,2,Standard,2025-03-05,True
3264,Aarav Reddy,Male,52,46-55,4,4,Premium,2025-07-25,True
3265,Vivek Pillai,Male,48,46-55,11,6,Standard,2025-09-24,True
3266,Nandini Das,Female,48,46-55,29,3,Standard,2025-11-04,True
3267,Aditya Kumar,Male,26,26-35,4,4,Standard,2025-07-29,True
3268,Neha Rao,Female,51,46-55,24,1,Standard,2025-02-22,True
3269,Karan Reddy,Male,49,46-55,7,6,Premium,2025-12-28,True
3270,Neha Pillai,Female,33,26-35,4,4,Standard,2025-11-02,True
3271,Pooja Pillai,Female,40,36-45,15,2,Premium,2025-02-22,True
3272,Ishita Nair,Female,56,56-65,14,2,Standard,2025-02-06,True
3273,Siddharth Pillai,Male,31,26-35,17,6,Standard,2025-10-27,True
3274,Karan Iyer,Male,28,26-35,23,1,Standard,2025-01-07,True
3275,Priya Singh,Female,49,46-55,12,2,Standard,2025-02-28,True
3276,Aishwarya Mehta,Female,62,56-65,7,4,Inactive,2025-05-04,False
3277,Varun Das,Male,51,46-55,11,3,Premium,2025-01-24,True
3278,Swati Das,Female,21,18-25,8,4,Standard,2025-06-01,True
3279,Divya Mehta,Female,39,36-45,17,2,Standard,2025-05-01,True
3280,Rahul Verma,Male,35,26-35,24,2,Standard,2025-06-14,True
3281,Priya Verma,Female,35,26-35,3,5,Standard,2025-10-13,True
3282,Manish Joshi,Male,34,26-35,27,4,Premium,2025-02-24,True
3283,Nikhil Patel,Male,43,36-45,26,1,Standard,2025-04-30,True
3284,Pooja Nair,Female,24,18-25,27,2,Standard,2025-06-12,True
3285,Arjun Rao,Male,42,36-45,7,1,Standard,2025-08-29,True
3286,Divya Gupta,Female,65,56-65,11,5,Standard,2025-12-23,True
3287,Pooja Naidu,Female,55,46-55,18,4,Standard,2025-01-17,True
3288,Nikhil Reddy,Male,47,46-55,16,6,Standard,2025-11-30,True
3289,Karan Singh,Male,50,46-55,3,1,Standard,2025-11-15,True
3290,Aishwarya Naidu,Female,45,36-45,15,1,Standard,2025-09-03,True
3291,Nikhil Nair,Male,18,18-25,23,2,Standard,2025-11-27,True
3292,Nikhil Pillai,Male,35,26-35,4,6,Premium,2025-04-28,True
3293,Karan Gupta,Male,33,26-35,6,6,Standard,2025-01-08,True
3294,Anil Iyer,Male,24,18-25,21,3,Standard,2025-10-11,True
3295,Sneha Gupta,Female,60,56-65,1,2,Standard,2025-07-08,True
3296,Nikhil Das,Male,37,36-45,15,4,Premium,2025-02-16,True
3297,Manish Joshi,Male,50,46-55,14,6,Standard,2025-05-21,True
3298,Siddharth Mehta,Male,54,46-55,10,1,Standard,2025-11-14,True
3299,Anil Patel,Male,47,46-55,2,3,Standard,2025-06-03,True
3300,Priya Gupta,Female,58,56-65,20,1,Premium,2025-07-17,True
3301,Manish Naidu,Male,22,18-25,1,6,Standard,2025-11-12,True
3302,Sneha Joshi,Female,54,46-55,19,2,VIP,2025-05-04,True
3303,Neha Joshi,Female,42,36-45,14,5,VIP,2025-11-04,True
3304,Harsh Kumar,Male,54,46-55,12,2,Standard,2025-10-19,True
3305,Priya Pillai,Female,22,18-25,21,5,Standard,2025-12-13,True
3306,Vivek Das,Male,32,26-35,26,3,Standard,2025-03-18,True
3307,Ananya Singh,Female,45,36-45,22,2,Standard,2025-07-29,True
3308,Rohan Mehta,Male,37,36-45,22,5,Standard,2025-05-02,True
3309,Aishwarya Verma,Female,41,36-45,4,6,Standard,2025-11-10,True
3310,Swati Sharma,Female,50,46-55,14,3,Standard,2025-05-08,True
3311,Karan Das,Male,26,26-35,18,3,Standard,2025-04-15,True
3312,Nandini Pillai,Female,19,18-25,19,3,Premium,2025-10-14,True
3313,Ishita Nair,Female,48,46-55,27,6,Standard,2025-08-07,True
3314,Kavya Rao,Female,31,26-35,11,5,Premium,2025-07-27,True
3315,Ananya Nair,Female,47,46-55,4,5,Standard,2025-10-31,True
3316,Kavya Kumar,Female,53,46-55,17,4,Standard,2025-05-26,True
3317,Meera Singh,Female,51,46-55,14,4,Standard,2025-10-24,True
3318,Shreya Sharma,Female,44,36-45,23,1,Premium,2025-11-25,True
3319,Vivek Pillai,Male,45,36-45,19,1,Standard,2025-08-14,True
3320,Arjun Sharma,Male,31,26-35,26,5,VIP,2025-08-18,True
3321,Aditya Singh,Male,48,46-55,27,3,Premium,2025-01-01,True
3322,Priya Iyer,Female,64,56-65,17,4,Inactive,2025-12-18,False
3323,Karan Verma,Male,60,56-65,10,3,Premium,2025-04-03,True
3324,Vikram Joshi,Male,31,26-35,12,5,VIP,2025-10-22,True
3325,Ananya Naidu,Female,35,26-35,11,1,Premium,2025-07-29,True
3326,Varun Rao,Male,37,36-45,2,2,Premium,2025-05-16,True
3327,Harsh Iyer,Male,45,36-45,3,4,Standard,2025-03-27,True
3328,Riya Verma,Female,25,18-25,10,1,Standard,2025-12-16,True
3329,Akash Rao,Male,63,56-65,16,4,Premium,2025-06-04,True
3330,Manish Singh,Male,33,26-35,17,6,Standard,2025-07-28,True
3331,Manish Singh,Male,30,26-35,11,5,Standard,2025-02-13,True
3332,Harsh Reddy,Male,27,26-35,15,5,Standard,2025-02-13,True
3333,Aarav Mehta,Male,36,36-45,21,5,Standard,2025-12-29,True
3334,Shreya Rao,Female,51,46-55,13,4,Standard,2025-06-17,True
3335,Sneha Sharma,Female,30,26-35,24,4,Standard,2025-05-25,True
3336,Manish Das,Male,34,26-35,13,5,Standard,2025-05-06,True
3337,Arjun Iyer,Male,22,18-25,22,2,Standard,2025-12-14,True
3338,Priya Verma,Female,63,56-65,27,6,Inactive,2025-08-18,False
3339,Vivek Reddy,Male,46,46-55,10,3,Standard,2025-08-08,True
3340,Manish Singh,Male,26,26-35,13,2,Inactive,2025-08-16,False
3341,Swati Sharma,Female,50,46-55,20,5,Inactive,2025-11-06,False
3342,Nandini Verma,Female,34,26-35,26,4,Inactive,2025-07-11,False
3343,Meera Nair,Female,59,56-65,8,3,Premium,2025-03-12,True
3344,Nandini Patel,Female,46,46-55,24,4,Premium,2025-01-15,True
3345,Varun Singh,Male,47,46-55,14,5,Standard,2025-03-18,True
3346,Vivek Verma,Male,44,36-45,15,3,Standard,2025-06-29,True
3347,Vikram Reddy,Male,22,18-25,11,4,Standard,2025-04-17,True
3348,Siddharth Das,Male,21,18-25,26,1,Standard,2025-05-23,True
3349,Harsh Singh,Male,41,36-45,13,3,Standard,2025-05-29,True
3350,Pooja Patel,Female,51,46-55,26,3,Standard,2025-05-06,True
3351,Sneha Naidu,Female,30,26-35,28,6,Standard,2025-01-17,True
3352,Vivek Sharma,Male,34,26-35,15,1,Standard,2025-02-10,True
3353,Aarav Joshi,Male,33,26-35,27,3,Premium,2025-07-05,True
3354,Priya Reddy,Female,56,56-65,23,5,Standard,2025-07-24,True
3355,Priya Reddy,Female,53,46-55,4,6,Standard,2025-08-18,True
3356,Neha Singh,Female,22,18-25,10,6,Standard,2025-02-17,True
3357,Divya Verma,Female,60,56-65,1,3,Premium,2025-07-30,True
3358,Meera Gupta,Female,42,36-45,18,2,Standard,2025-07-10,True
3359,Aditya Singh,Male,39,36-45,20,5,Standard,2025-11-13,True
3360,Vikram Joshi,Male,28,26-35,23,2,Standard,2025-04-03,True
3361,Varun Singh,Male,36,36-45,28,1,Premium,2025-12-15,True
3362,Siddharth Iyer,Male,45,36-45,6,2,Standard,2025-02-04,True
3363,Anil Reddy,Male,52,46-55,13,4,Standard,2025-08-19,True
3364,Rohan Iyer,Male,55,46-55,27,1,Premium,2025-09-14,True
3365,Sneha Nair,Female,47,46-55,10,3,Standard,2025-06-17,True
3366,Kavya Reddy,Female,19,18-25,30,6,Standard,2025-04-26,True
3367,Meera Patel,Female,40,36-45,3,5,Inactive,2025-12-16,False
3368,Neha Nair,Female,49,46-55,16,3,Standard,2025-04-15,True
3369,Priya Iyer,Female,61,56-65,7,1,Standard,2025-04-11,True
3370,Lakshmi Singh,Female,38,36-45,18,1,VIP,2025-09-27,True
3371,Meera Kumar,Female,62,56-65,4,4,Standard,2025-11-15,True
3372,Harsh Das,Male,51,46-55,10,6,Premium,2025-02-08,True
3373,Akash Singh,Male,39,36-45,12,5,VIP,2025-02-26,True
3374,Shreya Rao,Female,57,56-65,6,2,Premium,2025-02-19,True
3375,Vikram Iyer,Male,54,46-55,3,5,Premium,2025-01-29,True
3376,Akash Reddy,Male,34,26-35,28,4,Standard,2025-11-07,True
3377,Vikram Naidu,Male,28,26-35,4,6,Standard,2025-08-26,True
3378,Harsh Pillai,Male,21,18-25,27,5,Standard,2025-02-02,True
3379,Sneha Verma,Female,30,26-35,10,1,Inactive,2025-06-01,False
3380,Priya Patel,Female,33,26-35,3,3,Standard,2025-04-11,True
3381,Arjun Rao,Male,32,26-35,2,2,Standard,2025-01-06,True
3382,Shreya Iyer,Female,23,18-25,22,6,Standard,2025-07-28,True
3383,Ishita Iyer,Female,37,36-45,22,3,Standard,2025-12-29,True
3384,Aishwarya Joshi,Female,37,36-45,11,3,Standard,2025-04-05,True
3385,Rahul Singh,Male,57,56-65,28,5,Standard,2025-08-02,True
3386,Meera Reddy,Female,57,56-65,30,6,Standard,2025-02-23,True
3387,Meera Singh,Female,62,56-65,20,1,Premium,2025-12-26,True
3388,Rahul Gupta,Male,34,26-35,5,6,Standard,2025-08-02,True
3389,Rahul Gupta,Male,23,18-25,21,4,Standard,2025-03-29,True
3390,Nandini Das,Female,54,46-55,25,4,Inactive,2025-01-16,False
3391,Manish Nair,Male,49,46-55,19,6,Standard,2025-06-26,True
3392,Rahul Gupta,Male,58,56-65,21,6,Standard,2025-03-09,True
3393,Ananya Joshi,Female,30,26-35,6,2,VIP,2025-12-05,True
3394,Lakshmi Pillai,Female,35,26-35,18,3,Premium,2025-05-11,True
3395,Akash Verma,Male,25,18-25,5,5,Standard,2025-04-06,True
3396,Aditya Gupta,Male,50,46-55,29,6,Premium,2025-11-20,True
3397,Ananya Mehta,Female,42,36-45,2,3,Standard,2025-04-04,True
3398,Ananya Singh,Female,40,36-45,28,3,Standard,2025-07-24,True
3399,Ananya Joshi,Female,55,46-55,1,3,Standard,2025-10-27,True
3400,Neha Singh,Female,62,56-65,9,2,Premium,2025-06-18,True
3401,Neha Mehta,Female,26,26-35,8,5,Standard,2025-09-19,True
3402,Swati Naidu,Female,42,36-45,12,4,Premium,2025-11-11,True
3403,Arjun Patel,Male,42,36-45,22,1,Standard,2025-03-12,True
3404,Anil Reddy,Male,24,18-25,26,6,Standard,2025-01-05,True
3405,Shreya Pillai,Female,55,46-55,9,6,Premium,2025-02-10,True
3406,Rohan Iyer,Male,19,18-25,7,3,Premium,2025-05-12,True
3407,Swati Patel,Female,53,46-55,6,6,Standard,2025-10-29,True
3408,Vikram Verma,Male,54,46-55,24,1,Inactive,2025-04-30,False
3409,Shreya Kumar,Female,53,46-55,8,5,Standard,2025-07-29,True
3410,Aishwarya Gupta,Female,21,18-25,27,5,Standard,2025-12-03,True
3411,Shreya Sharma,Female,53,46-55,9,5,Standard,2025-11-17,True
3412,Nandini Mehta,Female,39,36-45,13,6,Standard,2025-03-27,True
3413,Riya Gupta,Female,60,56-65,18,6,Premium,2025-09-27,True
3414,Nikhil Iyer,Male,18,18-25,25,1,Standard,2025-07-11,True
3415,Aarav Singh,Male,50,46-55,17,3,Premium,2025-12-15,True
3416,Shreya Naidu,Female,44,36-45,21,4,Standard,2025-07-24,True
3417,Pooja Mehta,Female,53,46-55,8,4,Inactive,2025-05-24,False
3418,Nandini Das,Female,48,46-55,11,2,Standard,2025-04-13,True
3419,Varun Rao,Male,40,36-45,22,6,Standard,2025-09-15,True
3420,Kavya Iyer,Female,63,56-65,15,3,Standard,2025-12-28,True
3421,Divya Singh,Female,61,56-65,29,2,Standard,2025-03-03,True
3422,Harsh Das,Male,57,56-65,16,4,Standard,2025-11-10,True
3423,Pooja Mehta,Female,38,36-45,3,3,Standard,2025-02-27,True
3424,Shreya Iyer,Female,56,56-65,14,2,Inactive,2025-01-05,False
3425,Siddharth Patel,Male,40,36-45,24,5,Standard,2025-02-26,True
3426,Riya Patel,Female,20,18-25,3,6,Standard,2025-11-24,True
3427,Rahul Naidu,Male,35,26-35,5,2,Premium,2025-04-21,True
3428,Riya Gupta,Female,56,56-65,6,4,Standard,2025-10-18,True
3429,Neha Gupta,Female,62,56-65,2,1,Premium,2025-01-18,True
3430,Ananya Mehta,Female,31,26-35,7,3,Standard,2025-06-20,True
3431,Varun Joshi,Male,33,26-35,12,5,VIP,2025-09-06,True
3432,Anil Rao,Male,38,36-45,9,3,Standard,2025-05-06,True
3433,Anil Singh,Male,20,18-25,20,4,Standard,2025-07-26,True
3434,Varun Kumar,Male,21,18-25,21,3,Standard,2025-12-23,True
3435,Ishita Das,Female,22,18-25,4,5,Premium,2025-06-28,True
3436,Shreya Joshi,Female,58,56-65,30,6,Standard,2025-01-22,True
3437,Arjun Naidu,Male,40,36-45,11,6,Premium,2025-12-03,True
3438,Akash Patel,Male,19,18-25,22,4,Premium,2025-10-09,True
3439,Arjun Naidu,Male,28,26-35,13,2,Standard,2025-11-07,True
3440,Neha Verma,Female,59,56-65,17,3,Standard,2025-08-17,True
3441,Vivek Verma,Male,39,36-45,3,6,Standard,2025-10-19,True
3442,Siddharth Iyer,Male,22,18-25,15,4,Standard,2025-10-21,True
3443,Kavya Reddy,Female,37,36-45,20,2,Standard,2025-08-08,True
3444,Ishita Iyer,Female,29,26-35,17,6,Standard,2025-11-26,True
3445,Meera Das,Female,48,46-55,9,4,Standard,2025-06-13,True
3446,Varun Sharma,Male,41,36-45,11,3,Standard,2025-12-29,True
3447,Manish Pillai,Male,37,36-45,8,4,Standard,2025-02-22,True
3448,Nandini Singh,Female,54,46-55,6,2,Premium,2025-05-17,True
3449,Varun Singh,Male,62,56-65,8,3,Standard,2025-07-04,True
3450,Shreya Reddy,Female,21,18-25,22,1,Premium,2025-11-26,True
3451,Shreya Verma,Female,32,26-35,25,3,Standard,2025-12-06,True
3452,Vivek Naidu,Male,60,56-65,9,6,Standard,2025-06-30,True
3453,Shreya Iyer,Female,39,36-45,13,3,Standard,2025-11-28,True
3454,Kavya Reddy,Female,43,36-45,18,3,Standard,2025-04-20,True
3455,Sneha Patel,Female,27,26-35,18,3,Inactive,2025-06-28,False
3456,Vivek Mehta,Male,61,56-65,24,5,Premium,2025-09-06,True
3457,Nandini Verma,Female,41,36-45,30,5,Standard,2025-01-23,True
3458,Harsh Naidu,Male,51,46-55,25,3,Standard,2025-04-10,True
3459,Sneha Patel,Female,31,26-35,24,6,VIP,2025-06-04,True
3460,Ananya Nair,Female,19,18-25,15,1,Premium,2025-08-16,True
3461,Vikram Joshi,Male,49,46-55,22,5,Premium,2025-12-22,True
3462,Vikram Reddy,Male,53,46-55,12,6,Standard,2025-01-22,True
3463,Varun Nair,Male,41,36-45,23,4,Standard,2025-04-08,True
3464,Priya Sharma,Female,22,18-25,15,3,Standard,2025-01-21,True
3465,Varun Joshi,Male,20,18-25,13,4,Standard,2025-10-22,True
3466,Varun Iyer,Male,45,36-45,23,5,Standard,2025-06-10,True
3467,Karan Naidu,Male,63,56-65,5,1,Standard,2025-05-02,True
3468,Shreya Singh,Female,61,56-65,8,3,Inactive,2025-08-08,False
3469,Aishwarya Rao,Female,61,56-65,26,3,Standard,2025-01-24,True
3470,Ananya Verma,Female,26,26-35,5,5,Standard,2025-02-13,True
3471,Rohan Mehta,Male,40,36-45,27,1,Standard,2025-02-08,True
3472,Aishwarya Sharma,Female,56,56-65,15,3,Standard,2025-11-11,True
3473,Karan Singh,Male,61,56-65,30,2,Premium,2025-10-18,True
3474,Shreya Mehta,Female,22,18-25,23,3,Standard,2025-12-27,True
3475,Manish Sharma,Male,47,46-55,22,6,Standard,2025-11-18,True
3476,Nandini Rao,Female,53,46-55,27,2,Standard,2025-03-31,True
3477,Sneha Gupta,Female,44,36-45,8,6,Standard,2025-05-16,True
3478,Rahul Naidu,Male,50,46-55,28,5,Premium,2025-02-23,True
3479,Harsh Kumar,Male,61,56-65,5,2,Standard,2025-05-16,True
3480,Aditya Pillai,Male,28,26-35,26,4,Standard,2025-09-08,True
3481,Vivek Rao,Male,57,56-65,28,3,Premium,2025-06-13,True
3482,Kavya Gupta,Female,58,56-65,9,4,Inactive,2025-12-25,False
3483,Rahul Rao,Male,61,56-65,27,3,Premium,2025-02-26,True
3484,Harsh Mehta,Male,62,56-65,18,6,Premium,2025-06-25,True
3485,Rohan Singh,Male,46,46-55,7,5,Inactive,2025-12-18,False
3486,Sneha Sharma,Female,31,26-35,18,6,Standard,2025-10-31,True
3487,Varun Pillai,Male,64,56-65,14,5,Standard,2025-05-24,True
3488,Priya Nair,Female,42,36-45,22,2,Premium,2025-05-14,True
3489,Rohan Patel,Male,38,36-45,9,1,Standard,2025-08-15,True
3490,Akash Patel,Male,42,36-45,1,2,Standard,2025-07-22,True
3491,Shreya Naidu,Female,48,46-55,2,6,VIP,2025-12-05,True
3492,Neha Reddy,Female,52,46-55,8,4,Premium,2025-07-11,True
3493,Varun Singh,Male,59,56-65,16,6,Standard,2025-04-05,True
3494,Varun Kumar,Male,20,18-25,10,5,Standard,2025-10-15,True
3495,Manish Nair,Male,24,18-25,17,4,Standard,2025-04-26,True
3496,Karan Pillai,Male,37,36-45,21,3,Standard,2025-08-08,True
3497,Kavya Reddy,Female,55,46-55,20,1,Standard,2025-12-17,True
3498,Siddharth Gupta,Male,19,18-25,13,3,Standard,2025-10-17,True
3499,Meera Sharma,Female,32,26-35,10,2,Standard,2025-02-28,True
3500,Meera Sharma,Female,25,18-25,18,1,Standard,2025-10-21,True
3501,Rohan Singh,Male,52,46-55,5,5,VIP,2025-08-25,True
3502,Sneha Reddy,Female,39,36-45,30,2,Standard,2025-07-23,True
3503,Harsh Pillai,Male,39,36-45,6,4,Standard,2025-02-27,True
3504,Ishita Joshi,Female,19,18-25,18,6,Standard,2025-05-22,True
3505,Rahul Pillai,Male,56,56-65,8,2,Standard,2025-04-29,True
3506,Aishwarya Gupta,Female,57,56-65,21,1,Standard,2025-05-03,True
3507,Nandini Reddy,Female,48,46-55,10,3,Inactive,2025-07-13,False
3508,Harsh Joshi,Male,63,56-65,12,1,Standard,2025-02-11,True
3509,Ananya Naidu,Female,23,18-25,5,5,Standard,2025-06-19,True
3510,Divya Gupta,Female,55,46-55,23,4,Standard,2025-04-23,True
3511,Riya Mehta,Female,56,56-65,15,1,Standard,2025-09-06,True
3512,Rohan Sharma,Male,40,36-45,14,5,Standard,2025-10-21,True
3513,Priya Kumar,Female,34,26-35,30,6,Standard,2025-07-20,True
3514,Divya Mehta,Female,32,26-35,25,6,Standard,2025-04-17,True
3515,Varun Singh,Male,53,46-55,9,1,Standard,2025-07-26,True
3516,Shreya Pillai,Female,60,56-65,14,1,Standard,2025-06-08,True
3517,Meera Pillai,Female,63,56-65,30,5,Standard,2025-11-22,True
3518,Vivek Reddy,Male,58,56-65,25,4,Standard,2025-04-26,True
3519,Vikram Das,Male,44,36-45,24,6,Standard,2025-09-13,True
3520,Nandini Rao,Female,25,18-25,25,1,Standard,2025-10-01,True
3521,Siddharth Nair,Male,62,56-65,28,4,Standard,2025-03-01,True
3522,Aditya Singh,Male,19,18-25,28,3,Standard,2025-01-27,True
3523,Ishita Mehta,Female,55,46-55,29,3,Premium,2025-06-03,True
3524,Neha Pillai,Female,25,18-25,4,1,VIP,2025-10-22,True
3525,Neha Nair,Female,46,46-55,12,3,Standard,2025-06-24,True
3526,Sneha Iyer,Female,54,46-55,26,4,Standard,2025-10-23,True
3527,Vikram Iyer,Male,39,36-45,9,6,Standard,2025-01-06,True
3528,Meera Singh,Female,51,46-55,28,3,Standard,2025-08-11,True
3529,Swati Das,Female,64,56-65,20,2,Inactive,2025-11-29,False
3530,Priya Patel,Female,51,46-55,5,4,Standard,2025-11-16,True
3531,Lakshmi Verma,Female,47,46-55,15,5,Standard,2025-12-01,True
3532,Siddharth Das,Male,44,36-45,5,4,Standard,2025-04-05,True
3533,Priya Gupta,Female,23,18-25,2,4,VIP,2025-03-05,True
3534,Akash Das,Male,44,36-45,6,2,Standard,2025-10-04,True
3535,Vikram Patel,Male,28,26-35,8,2,Premium,2025-01-27,True
3536,Rohan Das,Male,55,46-55,30,2,Standard,2025-07-25,True
3537,Vivek Pillai,Male,42,36-45,19,3,Standard,2025-01-02,True
3538,Ishita Rao,Female,59,56-65,5,2,Standard,2025-07-20,True
3539,Riya Kumar,Female,56,56-65,10,1,Standard,2025-09-04,True
3540,Aarav Mehta,Male,42,36-45,28,3,Premium,2025-10-12,True
3541,Kavya Iyer,Female,48,46-55,25,3,Standard,2025-10-24,True
3542,Vikram Kumar,Male,41,36-45,12,3,Inactive,2025-09-29,False
3543,Aditya Patel,Male,46,46-55,14,3,Inactive,2025-07-06,False
3544,Riya Sharma,Female,48,46-55,18,4,Standard,2025-08-17,True
3545,Ananya Gupta,Female,29,26-35,2,2,VIP,2025-03-28,True
3546,Rohan Naidu,Male,22,18-25,30,4,Premium,2025-11-15,True
3547,Divya Singh,Female,44,36-45,30,2,Inactive,2025-10-23,False
3548,Akash Mehta,Male,48,46-55,19,5,Standard,2025-09-23,True
3549,Aishwarya Pillai,Female,62,56-65,3,3,Premium,2025-10-18,True
3550,Riya Singh,Female,29,26-35,19,1,Standard,2025-07-20,True
3551,Kavya Reddy,Female,45,36-45,1,2,Standard,2025-10-13,True
3552,Varun Sharma,Male,19,18-25,11,1,Standard,2025-09-07,True
3553,Pooja Gupta,Female,23,18-25,5,1,Standard,2025-12-27,True
3554,Arjun Joshi,Male,49,46-55,12,3,Standard,2025-07-23,True
3555,Divya Verma,Female,57,56-65,5,6,Standard,2025-05-18,True
3556,Neha Kumar,Female,47,46-55,11,6,Premium,2025-07-02,True
3557,Karan Gupta,Male,61,56-65,19,4,Standard,2025-01-27,True
3558,Vivek Joshi,Male,43,36-45,2,4,Premium,2025-05-30,True
3559,Rohan Sharma,Male,54,46-55,12,5,Inactive,2025-03-14,False
3560,Nikhil Iyer,Male,31,26-35,13,5,Standard,2025-01-26,True
3561,Vivek Nair,Male,39,36-45,15,5,Standard,2025-09-06,True
3562,Vikram Joshi,Male,60,56-65,18,3,Standard,2025-11-21,True
3563,Ananya Reddy,Female,41,36-45,2,6,Standard,2025-11-08,True
3564,Meera Kumar,Female,19,18-25,20,2,Standard,2025-01-24,True
3565,Vivek Iyer,Male,27,26-35,18,6,Standard,2025-04-27,True
3566,Siddharth Verma,Male,18,18-25,27,3,Premium,2025-09-02,True
3567,Divya Kumar,Female,55,46-55,30,1,VIP,2025-11-20,True
3568,Lakshmi Rao,Female,25,18-25,3,4,Premium,2025-11-27,True
3569,Priya Nair,Female,56,56-65,6,1,Inactive,2025-08-27,False
3570,Nandini Naidu,Female,47,46-55,10,6,VIP,2025-06-08,True
3571,Vikram Iyer,Male,47,46-55,27,2,Standard,2025-03-08,True
3572,Ishita Reddy,Female,51,46-55,30,5,Standard,2025-06-03,True
3573,Swati Verma,Female,33,26-35,25,6,Premium,2025-09-03,True
3574,Anil Mehta,Male,34,26-35,10,2,Standard,2025-06-25,True
3575,Ishita Naidu,Female,47,46-55,17,4,VIP,2025-07-12,True
3576,Shreya Reddy,Female,39,36-45,29,4,Premium,2025-04-25,True
3577,Vivek Kumar,Male,57,56-65,30,5,Premium,2025-05-19,True
3578,Manish Nair,Male,26,26-35,10,4,Standard,2025-01-26,True
3579,Nikhil Sharma,Male,54,46-55,10,1,Standard,2025-07-01,True
3580,Aishwarya Verma,Female,44,36-45,5,3,Standard,2025-12-22,True
3581,Rahul Rao,Male,34,26-35,20,2,Inactive,2025-04-24,False
3582,Riya Das,Female,32,26-35,2,5,Premium,2025-05-18,True
3583,Anil Reddy,Male,61,56-65,11,2,Standard,2025-12-30,True
3584,Harsh Verma,Male,29,26-35,27,2,Premium,2025-05-13,True
3585,Nandini Rao,Female,44,36-45,19,1,Standard,2025-09-25,True
3586,Sneha Naidu,Female,57,56-65,26,2,Standard,2025-09-28,True
3587,Shreya Mehta,Female,37,36-45,6,2,Standard,2025-11-28,True
3588,Ishita Singh,Female,61,56-65,14,6,Standard,2025-02-12,True
3589,Aishwarya Pillai,Female,56,56-65,1,2,Premium,2025-03-25,True
3590,Shreya Joshi,Female,33,26-35,13,3,Premium,2025-03-15,True
3591,Siddharth Sharma,Male,63,56-65,21,1,Premium,2025-07-28,True
3592,Vivek Pillai,Male,59,56-65,10,3,Standard,2025-05-08,True
3593,Pooja Nair,Female,60,56-65,2,6,Inactive,2025-04-01,False
3594,Arjun Singh,Male,57,56-65,16,5,Premium,2025-02-01,True
3595,Shreya Rao,Female,35,26-35,19,2,Standard,2025-04-29,True
3596,Ishita Sharma,Female,35,26-35,11,2,Standard,2025-04-04,True
3597,Sneha Iyer,Female,48,46-55,18,6,Standard,2025-05-08,True
3598,Anil Patel,Male,33,26-35,1,4,Standard,2025-11-19,True
3599,Aarav Kumar,Male,32,26-35,14,3,Standard,2025-05-31,True
3600,Lakshmi Nair,Female,19,18-25,21,5,Standard,2025-08-23,True
3601,Aarav Patel,Male,32,26-35,12,1,Standard,2025-01-25,True
3602,Rohan Pillai,Male,26,26-35,11,1,Standard,2025-02-15,True
3603,Pooja Rao,Female,52,46-55,28,4,Standard,2025-05-17,True
3604,Vikram Kumar,Male,27,26-35,29,6,Standard,2025-06-24,True
3605,Kavya Reddy,Female,23,18-25,19,5,Premium,2025-02-14,True
3606,Aditya Patel,Male,50,46-55,26,1,Inactive,2025-09-22,False
3607,Siddharth Reddy,Male,33,26-35,27,6,Inactive,2025-06-26,False
3608,Aditya Joshi,Male,65,56-65,8,6,Standard,2025-05-11,True
3609,Siddharth Joshi,Male,48,46-55,4,3,Premium,2025-06-10,True
3610,Shreya Reddy,Female,43,36-45,14,2,Standard,2025-11-29,True
3611,Vikram Singh,Male,33,26-35,1,4,Standard,2025-02-08,True
3612,Lakshmi Joshi,Female,45,36-45,8,3,Premium,2025-01-01,True
3613,Neha Reddy,Female,38,36-45,2,3,Standard,2025-10-15,True
3614,Divya Mehta,Female,40,36-45,22,6,Standard,2025-02-09,True
3615,Aishwarya Gupta,Female,31,26-35,23,4,Premium,2025-01-22,True
3616,Arjun Sharma,Male,23,18-25,30,3,Standard,2025-02-19,True
3617,Nikhil Patel,Male,56,56-65,5,4,Standard,2025-10-13,True
3618,Akash Das,Male,31,26-35,2,3,Premium,2025-12-03,True
3619,Karan Patel,Male,53,46-55,17,1,Standard,2025-12-29,True
3620,Priya Iyer,Female,61,56-65,12,4,Inactive,2025-01-24,False
3621,Meera Sharma,Female,60,56-65,19,4,Standard,2025-10-13,True
3622,Karan Verma,Male,29,26-35,17,1,Premium,2025-09-07,True
3623,Vivek Sharma,Male,64,56-65,21,5,Standard,2025-05-29,True
3624,Sneha Gupta,Female,30,26-35,15,2,Standard,2025-08-27,True
3625,Nikhil Joshi,Male,63,56-65,25,1,Inactive,2025-04-24,False
3626,Harsh Singh,Male,56,56-65,15,5,Standard,2025-10-19,True
3627,Priya Gupta,Female,34,26-35,12,3,Standard,2025-08-25,True
3628,Vikram Singh,Male,48,46-55,9,5,Standard,2025-09-27,True
3629,Shreya Rao,Female,22,18-25,28,5,Standard,2025-02-21,True
3630,Karan Nair,Male,40,36-45,14,1,Standard,2025-07-07,True
3631,Aishwarya Nair,Female,33,26-35,30,1,Premium,2025-12-02,True
3632,Aishwarya Das,Female,27,26-35,1,6,Standard,2025-06-27,True
3633,Pooja Mehta,Female,31,26-35,8,4,Standard,2025-05-04,True
3634,Manish Patel,Male,24,18-25,13,4,Standard,2025-10-31,True
3635,Vivek Singh,Male,24,18-25,12,3,Standard,2025-01-07,True
3636,Rahul Nair,Male,60,56-65,2,2,Inactive,2025-05-29,False
3637,Pooja Sharma,Female,60,56-65,2,3,VIP,2025-09-17,True
3638,Manish Das,Male,55,46-55,30,5,Standard,2025-09-11,True
3639,Meera Verma,Female,33,26-35,17,5,Standard,2025-02-19,True
3640,Aishwarya Sharma,Female,30,26-35,26,3,Standard,2025-12-10,True
3641,Aarav Sharma,Male,55,46-55,3,3,Standard,2025-06-07,True
3642,Aarav Verma,Male,62,56-65,23,3,VIP,2025-10-17,True
3643,Pooja Nair,Female,44,36-45,25,4,Standard,2025-12-21,True
3644,Aditya Reddy,Male,51,46-55,20,4,Standard,2025-08-20,True
3645,Meera Singh,Female,21,18-25,1,2,Standard,2025-04-25,True
3646,Ananya Rao,Female,42,36-45,24,4,Premium,2025-02-22,True
3647,Aditya Reddy,Male,60,56-65,12,5,Standard,2025-05-15,True
3648,Anil Iyer,Male,58,56-65,6,5,Standard,2025-02-05,True
3649,Neha Singh,Female,20,18-25,23,5,Premium,2025-04-22,True
3650,Varun Iyer,Male,53,46-55,10,3,Standard,2025-10-26,True
3651,Riya Patel,Female,44,36-45,3,3,Standard,2025-06-15,True
3652,Kavya Nair,Female,27,26-35,1,2,VIP,2025-12-22,True
3653,Vikram Iyer,Male,52,46-55,27,4,Standard,2025-08-25,True
3654,Varun Reddy,Male,37,36-45,12,1,Standard,2025-02-26,True
3655,Nikhil Kumar,Male,42,36-45,22,4,Premium,2025-05-15,True
3656,Siddharth Mehta,Male,33,26-35,22,5,Standard,2025-01-13,True
3657,Shreya Naidu,Female,23,18-25,28,5,Premium,2025-02-22,True
3658,Nikhil Rao,Male,42,36-45,22,6,Premium,2025-09-06,True
3659,Divya Iyer,Female,60,56-65,25,2,VIP,2025-04-23,True
3660,Priya Nair,Female,23,18-25,7,1,Standard,2025-10-15,True
3661,Vikram Sharma,Male,39,36-45,30,1,Standard,2025-06-11,True
3662,Varun Pillai,Male,55,46-55,22,1,Standard,2025-09-15,True
3663,Neha Sharma,Female,54,46-55,24,3,Premium,2025-07-17,True
3664,Priya Nair,Female,60,56-65,27,5,Standard,2025-01-12,True
3665,Arjun Nair,Male,40,36-45,25,4,Standard,2025-03-20,True
3666,Pooja Gupta,Female,48,46-55,20,3,Standard,2025-05-18,True
3667,Rohan Patel,Male,46,46-55,9,3,Standard,2025-09-26,True
3668,Ananya Das,Female,32,26-35,8,5,Standard,2025-11-11,True
3669,Priya Kumar,Female,58,56-65,13,3,Premium,2025-01-09,True
3670,Rahul Singh,Male,46,46-55,12,2,Inactive,2025-12-26,False
3671,Aditya Verma,Male,43,36-45,8,1,Standard,2025-01-14,True
3672,Meera Rao,Female,36,36-45,14,1,Standard,2025-01-20,True
3673,Lakshmi Nair,Female,19,18-25,2,3,VIP,2025-07-24,True
3674,Ishita Nair,Female,53,46-55,13,6,Premium,2025-10-30,True
3675,Divya Nair,Female,51,46-55,3,4,Standard,2025-07-27,True
3676,Aarav Sharma,Male,47,46-55,26,4,Standard,2025-09-06,True
3677,Manish Verma,Male,38,36-45,19,3,Premium,2025-01-19,True
3678,Divya Reddy,Female,25,18-25,30,1,Standard,2025-08-05,True
3679,Aarav Nair,Male,57,56-65,1,2,Inactive,2025-05-18,False
3680,Kavya Reddy,Female,40,36-45,11,5,Standard,2025-04-29,True
3681,Manish Gupta,Male,51,46-55,10,6,Standard,2025-12-26,True
3682,Pooja Kumar,Female,32,26-35,19,1,Standard,2025-04-19,True
3683,Aditya Patel,Male,18,18-25,29,1,Standard,2025-10-27,True
3684,Karan Gupta,Male,43,36-45,12,2,Premium,2025-11-11,True
3685,Meera Pillai,Female,47,46-55,8,1,Inactive,2025-04-21,False
3686,Riya Singh,Female,62,56-65,30,2,Standard,2025-03-19,True
3687,Harsh Joshi,Male,53,46-55,27,3,Standard,2025-06-18,True
3688,Vivek Das,Male,27,26-35,28,4,Standard,2025-08-21,True
3689,Vikram Joshi,Male,23,18-25,30,2,Standard,2025-03-05,True
3690,Lakshmi Das,Female,42,36-45,15,1,Standard,2025-10-14,True
3691,Varun Pillai,Male,32,26-35,27,3,Standard,2025-03-04,True
3692,Sneha Rao,Female,19,18-25,13,6,Standard,2025-04-07,True
3693,Riya Nair,Female,43,36-45,10,4,Standard,2025-12-22,True
3694,Ananya Reddy,Female,36,36-45,22,6,Standard,2025-01-03,True
3695,Siddharth Joshi,Male,33,26-35,9,6,Standard,2025-02-20,True
3696,Neha Joshi,Female,55,46-55,5,3,Standard,2025-11-29,True
3697,Aditya Sharma,Male,57,56-65,30,2,Standard,2025-01-25,True
3698,Harsh Mehta,Male,25,18-25,22,6,Premium,2025-08-06,True
3699,Karan Reddy,Male,55,46-55,15,2,Premium,2025-11-16,True
3700,Rahul Reddy,Male,32,26-35,1,1,Standard,2025-03-13,True
3701,Akash Pillai,Male,37,36-45,22,4,Standard,2025-12-15,True
3702,Shreya Kumar,Female,30,26-35,22,2,Standard,2025-05-15,True
3703,Varun Gupta,Male,47,46-55,21,2,Standard,2025-07-05,True
3704,Swati Singh,Female,22,18-25,20,2,Standard,2025-09-29,True
3705,Anil Kumar,Male,19,18-25,14,2,Standard,2025-07-23,True
3706,Priya Verma,Female,42,36-45,3,6,VIP,2025-04-25,True
3707,Rahul Patel,Male,44,36-45,9,1,Standard,2025-05-03,True
3708,Divya Patel,Female,38,36-45,30,6,Standard,2025-08-25,True
3709,Kavya Sharma,Female,33,26-35,5,2,Standard,2025-10-20,True
3710,Manish Kumar,Male,39,36-45,5,5,Premium,2025-07-25,True
3711,Lakshmi Reddy,Female,29,26-35,13,5,Standard,2025-11-06,True
3712,Nandini Pillai,Female,28,26-35,30,2,Premium,2025-08-01,True
3713,Kavya Nair,Female,61,56-65,17,3,Standard,2025-11-19,True
3714,Riya Joshi,Female,64,56-65,18,4,Premium,2025-03-01,True
3715,Vikram Mehta,Male,32,26-35,8,1,Standard,2025-12-29,True
3716,Aditya Iyer,Male,49,46-55,16,1,Standard,2025-06-28,True
3717,Harsh Gupta,Male,42,36-45,23,2,Standard,2025-11-09,True
3718,Rahul Naidu,Male,40,36-45,19,1,Standard,2025-05-17,True
3719,Aishwarya Verma,Female,28,26-35,4,4,Premium,2025-07-23,True
3720,Swati Sharma,Female,31,26-35,5,2,Standard,2025-10-02,True
3721,Rahul Das,Male,38,36-45,12,6,Standard,2025-09-08,True
3722,Riya Patel,Female,64,56-65,15,5,Premium,2025-09-08,True
3723,Riya Rao,Female,22,18-25,19,6,Standard,2025-08-20,True
3724,Meera Reddy,Female,22,18-25,3,4,VIP,2025-08-22,True
3725,Rohan Joshi,Male,51,46-55,14,2,Inactive,2025-07-21,False
3726,Nandini Singh,Female,24,18-25,4,2,Standard,2025-03-24,True
3727,Rohan Sharma,Male,18,18-25,18,1,VIP,2025-01-17,True
3728,Siddharth Kumar,Male,58,56-65,9,6,Standard,2025-04-25,True
3729,Harsh Reddy,Male,20,18-25,29,4,Standard,2025-04-14,True
3730,Rahul Gupta,Male,46,46-55,8,6,Standard,2025-05-29,True
3731,Sneha Kumar,Female,18,18-25,16,2,Standard,2025-01-12,True
3732,Sneha Iyer,Female,48,46-55,9,6,Standard,2025-03-24,True
3733,Ishita Joshi,Female,45,36-45,25,2,Standard,2025-03-22,True
3734,Pooja Rao,Female,23,18-25,22,6,VIP,2025-02-11,True
3735,Akash Reddy,Male,57,56-65,10,6,Standard,2025-03-07,True
3736,Karan Naidu,Male,29,26-35,7,6,Standard,2025-01-06,True
3737,Sneha Kumar,Female,33,26-35,11,1,Standard,2025-04-29,True
3738,Nikhil Naidu,Male,30,26-35,22,3,Premium,2025-11-24,True
3739,Aishwarya Verma,Female,39,36-45,26,2,VIP,2025-10-21,True
3740,Vivek Iyer,Male,19,18-25,28,5,Standard,2025-07-22,True
3741,Arjun Singh,Male,45,36-45,20,4,Standard,2025-12-13,True
3742,Ananya Patel,Female,31,26-35,28,1,Standard,2025-05-10,True
3743,Aarav Singh,Male,24,18-25,14,4,Standard,2025-01-16,True
3744,Kavya Mehta,Female,65,56-65,11,5,Standard,2025-12-02,True
3745,Varun Singh,Male,37,36-45,5,5,Inactive,2025-12-21,False
3746,Akash Sharma,Male,55,46-55,5,3,Standard,2025-06-12,True
3747,Manish Das,Male,44,36-45,20,5,Inactive,2025-08-01,False
3748,Nikhil Joshi,Male,30,26-35,4,3,Premium,2025-07-10,True
3749,Nikhil Patel,Male,62,56-65,6,2,VIP,2025-01-25,True
3750,Divya Pillai,Female,53,46-55,7,4,Standard,2025-05-01,True
3751,Lakshmi Nair,Female,65,56-65,2,6,Standard,2025-07-27,True
3752,Aditya Joshi,Male,61,56-65,7,5,Premium,2025-02-14,True
3753,Anil Rao,Male,28,26-35,27,3,Standard,2025-04-03,True
3754,Shreya Joshi,Female,52,46-55,18,5,Standard,2025-02-12,True
3755,Kavya Iyer,Female,55,46-55,1,2,Premium,2025-07-03,True
3756,Nikhil Mehta,Male,55,46-55,16,1,Standard,2025-06-08,True
3757,Rahul Das,Male,32,26-35,12,6,Standard,2025-06-01,True
3758,Ishita Naidu,Female,29,26-35,2,3,Standard,2025-07-28,True
3759,Pooja Verma,Female,49,46-55,20,5,Inactive,2025-02-15,False
3760,Manish Patel,Male,46,46-55,19,5,Premium,2025-06-19,True
3761,Neha Kumar,Female,46,46-55,28,3,Premium,2025-02-23,True
3762,Karan Sharma,Male,53,46-55,19,3,Inactive,2025-10-20,False
3763,Lakshmi Sharma,Female,24,18-25,29,3,VIP,2025-04-03,True
3764,Harsh Patel,Male,30,26-35,13,6,Premium,2025-02-01,True
3765,Anil Iyer,Male,30,26-35,9,4,Premium,2025-03-08,True
3766,Aarav Gupta,Male,49,46-55,9,4,Inactive,2025-03-01,False
3767,Nikhil Pillai,Male,54,46-55,20,6,Premium,2025-11-01,True
3768,Varun Reddy,Male,58,56-65,30,3,Premium,2025-04-23,True
3769,Akash Gupta,Male,49,46-55,24,5,Standard,2025-03-16,True
3770,Swati Gupta,Female,53,46-55,28,5,Standard,2025-02-23,True
3771,Riya Patel,Female,54,46-55,15,4,Standard,2025-10-19,True
3772,Manish Sharma,Male,48,46-55,8,4,Standard,2025-11-10,True
3773,Riya Nair,Female,38,36-45,15,6,Inactive,2025-12-04,False
3774,Nandini Mehta,Female,37,36-45,9,1,Standard,2025-07-26,True
3775,Nikhil Singh,Male,26,26-35,13,6,Standard,2025-12-01,True
3776,Vikram Mehta,Male,46,46-55,27,3,Inactive,2025-02-25,False
3777,Ananya Naidu,Female,64,56-65,9,2,Standard,2025-09-21,True
3778,Anil Das,Male,51,46-55,11,6,Premium,2025-01-28,True
3779,Riya Das,Female,63,56-65,26,5,Inactive,2025-07-06,False
3780,Shreya Iyer,Female,32,26-35,30,6,Standard,2025-10-10,True
3781,Karan Verma,Male,51,46-55,10,2,Inactive,2025-12-13,False
3782,Varun Pillai,Male,62,56-65,7,1,Inactive,2025-11-30,False
3783,Harsh Gupta,Male,47,46-55,15,4,Premium,2025-11-23,True
3784,Aditya Gupta,Male,19,18-25,21,6,Standard,2025-04-22,True
3785,Ishita Kumar,Female,27,26-35,7,2,Standard,2025-05-25,True
3786,Rohan Naidu,Male,30,26-35,14,5,Standard,2025-10-11,True
3787,Meera Mehta,Female,20,18-25,24,2,Premium,2025-03-12,True
3788,Pooja Patel,Female,28,26-35,15,2,Standard,2025-06-19,True
3789,Vikram Das,Male,46,46-55,5,3,Standard,2025-03-13,True
3790,Rohan Nair,Male,48,46-55,16,1,Premium,2025-06-18,True
3791,Siddharth Patel,Male,63,56-65,12,3,Standard,2025-01-22,True
3792,Aarav Sharma,Male,44,36-45,4,4,Standard,2025-06-08,True
3793,Lakshmi Naidu,Female,41,36-45,19,3,Premium,2025-02-26,True
3794,Arjun Iyer,Male,54,46-55,8,6,VIP,2025-03-17,True
3795,Meera Joshi,Female,18,18-25,27,4,Standard,2025-07-27,True
3796,Anil Kumar,Male,28,26-35,28,2,Inactive,2025-10-05,False
3797,Manish Joshi,Male,58,56-65,1,3,Standard,2025-10-13,True
3798,Aishwarya Gupta,Female,18,18-25,30,3,Standard,2025-06-24,True
3799,Ananya Kumar,Female,44,36-45,7,6,Standard,2025-09-13,True
3800,Riya Iyer,Female,56,56-65,26,6,Premium,2025-04-29,True
3801,Varun Singh,Male,30,26-35,19,6,Standard,2025-07-30,True
3802,Aarav Iyer,Male,29,26-35,23,6,Standard,2025-07-13,True
3803,Karan Naidu,Male,54,46-55,1,2,Inactive,2025-04-05,False
3804,Aarav Das,Male,46,46-55,12,3,Standard,2025-08-23,True
3805,Karan Gupta,Male,47,46-55,1,6,Standard,2025-02-25,True
3806,Aarav Sharma,Male,31,26-35,19,2,Standard,2025-08-23,True
3807,Ishita Verma,Female,28,26-35,30,1,Premium,2025-10-10,True
3808,Manish Patel,Male,61,56-65,27,2,Standard,2025-02-07,True
3809,Siddharth Naidu,Male,42,36-45,26,6,Standard,2025-06-22,True
3810,Aarav Verma,Male,23,18-25,6,2,Inactive,2025-01-22,False
3811,Anil Iyer,Male,26,26-35,29,2,Standard,2025-08-16,True
3812,Sneha Verma,Female,21,18-25,11,3,Standard,2025-10-05,True
3813,Riya Kumar,Female,53,46-55,30,2,Standard,2025-03-23,True
3814,Arjun Kumar,Male,44,36-45,19,5,Standard,2025-08-01,True
3815,Pooja Iyer,Female,55,46-55,11,2,Standard,2025-07-29,True
3816,Vivek Das,Male,44,36-45,27,6,Standard,2025-05-16,True
3817,Sneha Joshi,Female,58,56-65,9,3,Standard,2025-08-20,True
3818,Swati Nair,Female,48,46-55,16,5,Inactive,2025-05-14,False
3819,Varun Sharma,Male,62,56-65,23,5,Standard,2025-08-28,True
3820,Riya Pillai,Female,21,18-25,14,1,Standard,2025-09-14,True
3821,Lakshmi Kumar,Female,52,46-55,10,2,Standard,2025-11-03,True
3822,Akash Mehta,Male,27,26-35,29,4,Standard,2025-11-26,True
3823,Kavya Reddy,Female,46,46-55,1,1,Premium,2025-02-08,True
3824,Ananya Rao,Female,42,36-45,24,6,Standard,2025-04-14,True
3825,Nikhil Pillai,Male,59,56-65,13,4,Standard,2025-10-23,True
3826,Meera Reddy,Female,27,26-35,15,5,Premium,2025-03-31,True
3827,Sneha Iyer,Female,61,56-65,12,2,Inactive,2025-12-11,False
3828,Priya Pillai,Female,43,36-45,26,1,Standard,2025-11-12,True
3829,Divya Sharma,Female,51,46-55,15,1,Inactive,2025-03-02,False
3830,Ananya Joshi,Female,50,46-55,25,6,Standard,2025-02-22,True
3831,Sneha Sharma,Female,48,46-55,15,6,Premium,2025-08-30,True
3832,Ananya Nair,Female,32,26-35,8,4,Inactive,2025-10-24,False
3833,Swati Verma,Female,56,56-65,13,4,Standard,2025-05-31,True
3834,Priya Gupta,Female,21,18-25,11,1,Premium,2025-10-20,True
3835,Aarav Gupta,Male,48,46-55,2,1,Premium,2025-01-15,True
3836,Aarav Rao,Male,21,18-25,5,3,Standard,2025-03-25,True
3837,Nikhil Gupta,Male,57,56-65,6,1,VIP,2025-03-30,True
3838,Pooja Naidu,Female,57,56-65,26,5,Standard,2025-12-12,True
3839,Meera Patel,Female,56,56-65,14,3,Premium,2025-08-20,True
3840,Kavya Pillai,Female,28,26-35,12,2,Standard,2025-11-12,True
3841,Meera Gupta,Female,28,26-35,2,3,Standard,2025-06-28,True
3842,Varun Nair,Male,20,18-25,26,6,Standard,2025-04-07,True
3843,Varun Naidu,Male,57,56-65,25,2,Premium,2025-07-22,True
3844,Neha Iyer,Female,25,18-25,24,6,Inactive,2025-01-03,False
3845,Pooja Verma,Female,23,18-25,26,4,Standard,2025-07-05,True
3846,Ishita Joshi,Female,43,36-45,17,5,Standard,2025-11-10,True
3847,Akash Sharma,Male,31,26-35,27,3,Standard,2025-01-24,True
3848,Shreya Nair,Female,34,26-35,11,1,Standard,2025-08-12,True
3849,Rahul Nair,Male,41,36-45,25,2,VIP,2025-10-30,True
3850,Arjun Naidu,Male,25,18-25,3,6,Inactive,2025-12-25,False
3851,Riya Joshi,Female,22,18-25,18,3,Standard,2025-09-19,True
3852,Ishita Patel,Female,28,26-35,3,2,Standard,2025-03-02,True
3853,Aarav Pillai,Male,60,56-65,15,6,Standard,2025-12-21,True
3854,Anil Mehta,Male,20,18-25,29,2,Premium,2025-05-16,True
3855,Aditya Das,Male,49,46-55,22,2,Premium,2025-06-01,True
3856,Vivek Das,Male,51,46-55,28,4,Inactive,2025-10-08,False
3857,Nikhil Das,Male,27,26-35,3,3,Standard,2025-11-08,True
3858,Shreya Nair,Female,42,36-45,1,3,Standard,2025-08-22,True
3859,Varun Joshi,Male,53,46-55,30,3,VIP,2025-04-03,True
3860,Vikram Singh,Male,23,18-25,15,2,Standard,2025-05-19,True
3861,Riya Kumar,Female,57,56-65,27,2,Premium,2025-08-08,True
3862,Ishita Iyer,Female,51,46-55,15,4,Standard,2025-09-20,True
3863,Lakshmi Verma,Female,36,36-45,3,2,Standard,2025-11-09,True
3864,Nikhil Naidu,Male,55,46-55,23,2,Premium,2025-01-02,True
3865,Ishita Singh,Female,29,26-35,23,4,VIP,2025-12-24,True
3866,Vikram Singh,Male,33,26-35,17,5,Standard,2025-05-23,True
3867,Riya Nair,Female,48,46-55,20,2,Premium,2025-06-28,True
3868,Priya Naidu,Female,22,18-25,12,4,Standard,2025-12-28,True
3869,Nikhil Naidu,Male,33,26-35,28,1,Inactive,2025-08-27,False
3870,Manish Singh,Male,39,36-45,20,3,Premium,2025-04-29,True
3871,Karan Sharma,Male,26,26-35,23,2,Premium,2025-05-04,True
3872,Aarav Patel,Male,46,46-55,22,2,Premium,2025-09-09,True
3873,Akash Singh,Male,58,56-65,21,2,Standard,2025-06-30,True
3874,Aishwarya Pillai,Female,22,18-25,26,1,Standard,2025-10-06,True
3875,Varun Iyer,Male,29,26-35,18,4,Premium,2025-07-22,True
3876,Priya Rao,Female,62,56-65,29,3,Premium,2025-06-19,True
3877,Neha Patel,Female,40,36-45,14,3,Standard,2025-09-25,True
3878,Rahul Gupta,Male,53,46-55,22,5,Standard,2025-03-29,True
3879,Neha Das,Female,20,18-25,30,3,Standard,2025-07-19,True
3880,Sneha Iyer,Female,50,46-55,29,2,Inactive,2025-09-30,False
3881,Shreya Naidu,Female,20,18-25,11,2,Standard,2025-04-23,True
3882,Vivek Das,Male,52,46-55,18,4,Premium,2025-03-27,True
3883,Nikhil Kumar,Male,19,18-25,7,4,Inactive,2025-09-25,False
3884,Kavya Kumar,Female,46,46-55,30,6,Standard,2025-08-07,True
3885,Sneha Verma,Female,27,26-35,17,4,VIP,2025-05-05,True
3886,Aarav Iyer,Male,48,46-55,15,5,Standard,2025-02-10,True
3887,Karan Kumar,Male,60,56-65,18,2,Standard,2025-11-21,True
3888,Nandini Pillai,Female,58,56-65,23,3,Standard,2025-08-06,True
3889,Rohan Gupta,Male,26,26-35,28,4,Premium,2025-01-19,True
3890,Vikram Rao,Male,31,26-35,11,5,Standard,2025-04-22,True
3891,Rahul Mehta,Male,47,46-55,8,6,Premium,2025-03-29,True
3892,Nandini Naidu,Female,46,46-55,30,1,Standard,2025-05-11,True
3893,Harsh Joshi,Male,27,26-35,11,3,Premium,2025-09-24,True
3894,Siddharth Mehta,Male,46,46-55,29,4,Standard,2025-02-23,True
3895,Shreya Iyer,Female,52,46-55,28,1,Standard,2025-11-23,True
3896,Neha Pillai,Female,59,56-65,15,2,Premium,2025-06-25,True
3897,Ishita Sharma,Female,37,36-45,9,5,Premium,2025-12-10,True
3898,Shreya Joshi,Female,32,26-35,7,2,Standard,2025-02-06,True
3899,Vikram Iyer,Male,56,56-65,11,3,Premium,2025-08-13,True
3900,Aarav Gupta,Male,45,36-45,29,2,Standard,2025-06-10,True
3901,Sneha Singh,Female,35,26-35,2,4,Standard,2025-11-01,True
3902,Aishwarya Sharma,Female,23,18-25,5,6,Premium,2025-05-06,True
3903,Nikhil Reddy,Male,33,26-35,24,5,Premium,2025-07-12,True
3904,Akash Patel,Male,33,26-35,12,4,Standard,2025-10-08,True
3905,Aarav Iyer,Male,61,56-65,1,1,Standard,2025-08-23,True
3906,Nandini Mehta,Female,30,26-35,11,4,Standard,2025-12-02,True
3907,Shreya Kumar,Female,50,46-55,25,4,Standard,2025-07-15,True
3908,Ishita Singh,Female,60,56-65,20,3,Premium,2025-12-08,True
3909,Pooja Verma,Female,39,36-45,19,3,Standard,2025-07-08,True
3910,Anil Rao,Male,38,36-45,29,6,Standard,2025-03-10,True
3911,Varun Reddy,Male,37,36-45,17,3,VIP,2025-05-27,True
3912,Akash Patel,Male,57,56-65,12,2,Standard,2025-12-06,True
3913,Sneha Mehta,Female,21,18-25,15,6,Standard,2025-09-14,True
3914,Harsh Mehta,Male,22,18-25,13,6,Premium,2025-11-09,True
3915,Arjun Nair,Male,41,36-45,16,3,Standard,2025-01-31,True
3916,Aarav Mehta,Male,60,56-65,5,4,Premium,2025-05-15,True
3917,Aishwarya Sharma,Female,50,46-55,24,5,VIP,2025-04-07,True
3918,Meera Pillai,Female,33,26-35,6,6,Inactive,2025-03-28,False
3919,Lakshmi Nair,Female,18,18-25,24,6,Standard,2025-08-12,True
3920,Vikram Gupta,Male,19,18-25,19,3,Premium,2025-02-15,True
3921,Aditya Joshi,Male,60,56-65,6,3,Standard,2025-10-18,True
3922,Nikhil Sharma,Male,36,36-45,30,4,Standard,2025-03-11,True
3923,Anil Kumar,Male,38,36-45,10,4,Standard,2025-11-01,True
3924,Harsh Reddy,Male,31,26-35,26,3,Premium,2025-04-30,True
3925,Riya Iyer,Female,63,56-65,12,4,Standard,2025-12-18,True
3926,Swati Kumar,Female,47,46-55,14,5,Standard,2025-05-03,True
3927,Nandini Kumar,Female,25,18-25,25,1,Premium,2025-11-14,True
3928,Anil Joshi,Male,63,56-65,7,5,Standard,2025-02-17,True
3929,Ishita Pillai,Female,37,36-45,18,1,Standard,2025-11-05,True
3930,Akash Iyer,Male,59,56-65,17,6,Standard,2025-07-31,True
3931,Riya Rao,Female,28,26-35,7,1,Standard,2025-10-22,True
3932,Akash Kumar,Male,22,18-25,22,2,Standard,2025-10-15,True
3933,Arjun Verma,Male,27,26-35,8,4,Standard,2025-09-08,True
3934,Vikram Naidu,Male,63,56-65,29,6,Inactive,2025-09-05,False
3935,Aarav Pillai,Male,59,56-65,7,6,Standard,2025-11-13,True
3936,Anil Iyer,Male,48,46-55,10,1,Premium,2025-02-27,True
3937,Nikhil Patel,Male,28,26-35,1,2,Premium,2025-10-31,True
3938,Neha Sharma,Female,49,46-55,3,3,Standard,2025-07-20,True
3939,Ananya Pillai,Female,63,56-65,16,4,Premium,2025-07-03,True
3940,Sneha Patel,Female,22,18-25,27,4,Standard,2025-07-21,True
3941,Vivek Patel,Male,60,56-65,16,6,Standard,2025-11-30,True
3942,Aditya Mehta,Male,62,56-65,25,4,Inactive,2025-01-16,False
3943,Harsh Pillai,Male,54,46-55,20,4,Standard,2025-08-06,True
3944,Nandini Verma,Female,19,18-25,1,3,Standard,2025-11-02,True
3945,Neha Gupta,Female,56,56-65,8,6,Premium,2025-04-22,True
3946,Ananya Sharma,Female,49,46-55,4,6,Standard,2025-01-05,True
3947,Siddharth Verma,Male,22,18-25,9,6,Standard,2025-05-08,True
3948,Rohan Nair,Male,31,26-35,28,1,Standard,2025-10-01,True
3949,Kavya Nair,Female,62,56-65,18,6,Standard,2025-11-30,True
3950,Rohan Verma,Male,39,36-45,20,6,Standard,2025-04-06,True
3951,Akash Pillai,Male,38,36-45,30,5,Standard,2025-07-11,True
3952,Swati Nair,Female,40,36-45,11,1,Premium,2025-10-22,True
3953,Riya Sharma,Female,31,26-35,30,3,Standard,2025-05-01,True
3954,Shreya Iyer,Female,53,46-55,30,2,Standard,2025-07-22,True
3955,Rahul Patel,Male,52,46-55,1,1,Standard,2025-05-11,True
3956,Pooja Iyer,Female,37,36-45,14,4,Standard,2025-08-09,True
3957,Swati Nair,Female,24,18-25,13,2,Standard,2025-01-20,True
3958,Aishwarya Reddy,Female,47,46-55,11,3,Standard,2025-09-04,True
3959,Ananya Reddy,Female,34,26-35,12,5,Standard,2025-02-26,True
3960,Kavya Mehta,Female,23,18-25,12,4,Standard,2025-06-09,True
3961,Nikhil Singh,Male,22,18-25,3,4,Standard,2025-06-07,True
3962,Lakshmi Sharma,Female,30,26-35,29,4,Standard,2025-03-27,True
3963,Swati Joshi,Female,19,18-25,26,3,Premium,2025-05-19,True
3964,Pooja Naidu,Female,34,26-35,6,6,VIP,2025-07-14,True
3965,Lakshmi Pillai,Female,32,26-35,16,4,Standard,2025-01-14,True
3966,Vikram Naidu,Male,61,56-65,9,6,Standard,2025-06-23,True
3967,Meera Singh,Female,45,36-45,1,1,Standard,2025-02-14,True
3968,Siddharth Singh,Male,59,56-65,5,2,Standard,2025-04-23,True
3969,Riya Das,Female,48,46-55,30,3,Standard,2025-11-30,True
3970,Swati Pillai,Female,31,26-35,13,5,Standard,2025-01-29,True
3971,Nandini Gupta,Female,58,56-65,15,1,Inactive,2025-10-27,False
3972,Vikram Sharma,Male,63,56-65,20,5,Standard,2025-07-04,True
3973,Akash Reddy,Male,22,18-25,7,4,Premium,2025-01-10,True
3974,Vikram Pillai,Male,51,46-55,21,3,Standard,2025-08-31,True
3975,Ananya Sharma,Female,62,56-65,14,2,Premium,2025-06-19,True
3976,Lakshmi Joshi,Female,25,18-25,10,2,Standard,2025-05-26,True
3977,Neha Das,Female,39,36-45,10,2,VIP,2025-12-23,True
3978,Nandini Joshi,Female,62,56-65,12,4,Standard,2025-09-14,True
3979,Aarav Reddy,Male,44,36-45,30,6,Premium,2025-02-04,True
3980,Aishwarya Nair,Female,37,36-45,15,5,Standard,2025-06-13,True
3981,Rohan Rao,Male,61,56-65,4,4,Standard,2025-03-25,True
3982,Kavya Naidu,Female,64,56-65,17,5,Standard,2025-12-16,True
3983,Aarav Reddy,Male,46,46-55,1,4,Premium,2025-03-06,True
3984,Meera Gupta,Female,39,36-45,15,4,Inactive,2025-05-03,False
3985,Vivek Nair,Male,54,46-55,10,5,Standard,2025-05-28,True
3986,Manish Joshi,Male,58,56-65,28,2,Standard,2025-03-18,True
3987,Manish Patel,Male,48,46-55,6,6,Standard,2025-07-03,True
3988,Meera Verma,Female,54,46-55,18,1,Standard,2025-03-12,True
3989,Lakshmi Rao,Female,42,36-45,9,6,Premium,2025-02-19,True
3990,Aditya Iyer,Male,53,46-55,5,6,Standard,2025-09-26,True
3991,Ananya Gupta,Female,51,46-55,26,5,Premium,2025-01-02,True
3992,Swati Das,Female,25,18-25,4,4,Standard,2025-07-25,True
3993,Kavya Singh,Female,63,56-65,21,1,Inactive,2025-10-26,False
3994,Aarav Mehta,Male,54,46-55,15,3,Standard,2025-06-04,True
3995,Aishwarya Joshi,Female,60,56-65,17,5,Premium,2025-12-30,True
3996,Rohan Verma,Male,64,56-65,22,4,Inactive,2025-10-14,False
3997,Shreya Sharma,Female,21,18-25,16,5,Standard,2025-03-17,True
3998,Aishwarya Kumar,Female,39,36-45,30,1,Premium,2025-10-12,True
3999,Akash Kumar,Male,28,26-35,13,4,Standard,2025-11-11,True
4000,Meera Singh,Female,44,36-45,24,1,Standard,2025-04-15,True
4001,Vivek Das,Male,59,56-65,12,4,Standard,2025-12-09,True
4002,Arjun Mehta,Male,63,56-65,1,1,VIP,2025-08-30,True
4003,Vivek Mehta,Male,65,56-65,19,1,Premium,2025-09-07,True
4004,Akash Gupta,Male,50,46-55,25,6,Premium,2025-08-11,True
4005,Rahul Sharma,Male,49,46-55,26,6,VIP,2025-09-21,True
4006,Vikram Iyer,Male,35,26-35,20,2,Standard,2025-09-09,True
4007,Divya Verma,Female,44,36-45,30,6,Standard,2025-01-31,True
4008,Riya Nair,Female,61,56-65,28,3,Standard,2025-08-15,True
4009,Karan Verma,Male,43,36-45,12,6,Premium,2025-09-19,True
4010,Akash Reddy,Male,46,46-55,19,3,Standard,2025-01-02,True
4011,Rohan Nair,Male,39,36-45,25,2,Standard,2025-08-12,True
4012,Karan Das,Male,32,26-35,2,2,Premium,2025-12-06,True
4013,Pooja Kumar,Female,41,36-45,15,2,Standard,2025-01-17,True
4014,Riya Mehta,Female,34,26-35,25,1,Standard,2025-02-14,True
4015,Divya Rao,Female,27,26-35,21,2,Standard,2025-09-03,True
4016,Priya Kumar,Female,39,36-45,23,5,Premium,2025-10-22,True
4017,Aarav Joshi,Male,40,36-45,27,2,Premium,2025-07-28,True
4018,Rohan Kumar,Male,49,46-55,14,2,Standard,2025-03-18,True
4019,Swati Singh,Female,28,26-35,25,5,Standard,2025-04-23,True
4020,Meera Kumar,Female,29,26-35,11,5,Standard,2025-04-28,True
4021,Nandini Mehta,Female,64,56-65,23,6,Standard,2025-12-21,True
4022,Sneha Gupta,Female,31,26-35,9,1,Standard,2025-05-17,True
4023,Rohan Patel,Male,30,26-35,22,1,Standard,2025-09-21,True
4024,Akash Nair,Male,41,36-45,13,6,Standard,2025-07-04,True
4025,Lakshmi Iyer,Female,58,56-65,30,1,Standard,2025-02-21,True
4026,Riya Naidu,Female,61,56-65,22,1,Standard,2025-12-04,True
4027,Divya Sharma,Female,59,56-65,21,4,Premium,2025-07-02,True
4028,Kavya Joshi,Female,62,56-65,5,1,Standard,2025-10-04,True
4029,Varun Das,Male,60,56-65,6,4,Standard,2025-03-16,True
4030,Aishwarya Gupta,Female,56,56-65,14,5,Standard,2025-05-15,True
4031,Akash Iyer,Male,31,26-35,21,5,Standard,2025-11-11,True
4032,Lakshmi Naidu,Female,61,56-65,22,5,Standard,2025-02-11,True
4033,Ananya Patel,Female,28,26-35,4,5,Premium,2025-12-12,True
4034,Pooja Mehta,Female,41,36-45,25,1,Premium,2025-03-07,True
4035,Ananya Singh,Female,45,36-45,14,6,Standard,2025-12-10,True
4036,Karan Gupta,Male,47,46-55,8,3,Standard,2025-06-02,True
4037,Aishwarya Kumar,Female,53,46-55,19,3,Standard,2025-01-01,True
4038,Akash Rao,Male,29,26-35,10,2,Standard,2025-03-20,True
4039,Aditya Rao,Male,54,46-55,25,4,Standard,2025-06-01,True
4040,Siddharth Gupta,Male,44,36-45,8,5,Standard,2025-11-02,True
4041,Ananya Patel,Female,53,46-55,19,3,Premium,2025-08-01,True
4042,Neha Mehta,Female,60,56-65,21,3,Standard,2025-09-20,True
4043,Aishwarya Sharma,Female,21,18-25,5,6,Standard,2025-03-16,True
4044,Aishwarya Singh,Female,60,56-65,13,2,VIP,2025-06-29,True
4045,Meera Mehta,Female,47,46-55,7,6,Standard,2025-04-15,True
4046,Lakshmi Iyer,Female,46,46-55,9,5,VIP,2025-08-07,True
4047,Ananya Mehta,Female,24,18-25,19,1,Standard,2025-10-08,True
4048,Neha Joshi,Female,64,56-65,1,6,VIP,2025-03-20,True
4049,Kavya Nair,Female,46,46-55,25,5,Standard,2025-04-12,True
4050,Divya Rao,Female,57,56-65,12,6,Inactive,2025-02-16,False
4051,Neha Mehta,Female,21,18-25,26,5,Standard,2025-09-11,True
4052,Anil Singh,Male,36,36-45,30,6,Standard,2025-10-14,True
4053,Aarav Nair,Male,40,36-45,25,4,Premium,2025-08-03,True
4054,Ishita Pillai,Female,37,36-45,9,4,Standard,2025-04-30,True
4055,Riya Iyer,Female,21,18-25,24,6,Standard,2025-10-21,True
4056,Manish Rao,Male,42,36-45,14,3,Inactive,2025-02-14,False
4057,Varun Iyer,Male,37,36-45,24,4,Standard,2025-10-04,True
4058,Varun Nair,Male,33,26-35,27,3,Standard,2025-07-26,True
4059,Ishita Patel,Female,50,46-55,2,4,Standard,2025-03-18,True
4060,Aarav Iyer,Male,54,46-55,21,5,Standard,2025-07-21,True
4061,Vikram Naidu,Male,32,26-35,10,2,Standard,2025-11-01,True
4062,Sneha Reddy,Female,29,26-35,27,1,Standard,2025-05-01,True
4063,Priya Sharma,Female,51,46-55,18,1,Premium,2025-08-03,True
4064,Neha Singh,Female,18,18-25,29,3,Standard,2025-09-02,True
4065,Kavya Verma,Female,35,26-35,15,4,Standard,2025-12-03,True
4066,Karan Reddy,Male,29,26-35,6,1,Standard,2025-05-02,True
4067,Swati Rao,Female,40,36-45,18,4,Premium,2025-12-26,True
4068,Manish Das,Male,58,56-65,2,1,Standard,2025-06-10,True
4069,Rohan Patel,Male,41,36-45,5,5,Premium,2025-07-25,True
4070,Arjun Pillai,Male,32,26-35,17,3,Standard,2025-01-14,True
4071,Siddharth Rao,Male,48,46-55,7,5,VIP,2025-01-16,True
4072,Rahul Pillai,Male,36,36-45,26,3,Standard,2025-10-05,True
4073,Anil Rao,Male,53,46-55,2,4,Standard,2025-02-16,True
4074,Ishita Das,Female,55,46-55,4,2,Inactive,2025-11-17,False
4075,Ananya Naidu,Female,40,36-45,11,1,Standard,2025-10-31,True
4076,Vivek Naidu,Male,54,46-55,14,5,Standard,2025-12-05,True
4077,Priya Verma,Female,18,18-25,18,1,Standard,2025-03-17,True
4078,Nikhil Kumar,Male,53,46-55,30,6,Inactive,2025-07-07,False
4079,Varun Naidu,Male,62,56-65,4,5,Standard,2025-10-30,True
4080,Rohan Pillai,Male,26,26-35,3,2,Standard,2025-03-11,True
4081,Siddharth Pillai,Male,34,26-35,2,6,VIP,2025-04-20,True
4082,Nandini Gupta,Female,22,18-25,30,4,Standard,2025-06-28,True
4083,Sneha Joshi,Female,46,46-55,9,5,Standard,2025-02-04,True
4084,Anil Singh,Male,65,56-65,5,6,Standard,2025-01-31,True
4085,Ishita Pillai,Female,41,36-45,3,4,Standard,2025-03-28,True
4086,Arjun Iyer,Male,45,36-45,2,6,Standard,2025-03-04,True
4087,Vivek Gupta,Male,63,56-65,21,2,Standard,2025-11-08,True
4088,Rohan Sharma,Male,29,26-35,11,3,Premium,2025-09-11,True
4089,Aarav Singh,Male,27,26-35,8,1,Premium,2025-06-24,True
4090,Divya Gupta,Female,62,56-65,17,6,Premium,2025-02-23,True
4091,Anil Das,Male,63,56-65,13,6,Premium,2025-10-08,True
4092,Vikram Rao,Male,19,18-25,12,2,Standard,2025-01-26,True
4093,Harsh Singh,Male,18,18-25,17,1,Standard,2025-02-22,True
4094,Vikram Nair,Male,65,56-65,26,4,Premium,2025-12-26,True
4095,Nikhil Das,Male,49,46-55,30,1,Premium,2025-10-10,True
4096,Vikram Singh,Male,54,46-55,11,3,Premium,2025-01-16,True
4097,Ananya Das,Female,61,56-65,26,6,Premium,2025-09-14,True
4098,Karan Pillai,Male,26,26-35,23,4,Standard,2025-11-01,True
4099,Manish Das,Male,58,56-65,18,3,Standard,2025-05-13,True
4100,Siddharth Nair,Male,23,18-25,10,2,Standard,2025-05-29,True
4101,Shreya Naidu,Female,59,56-65,15,4,Premium,2025-12-12,True
4102,Shreya Singh,Female,42,36-45,20,1,Premium,2025-04-10,True
4103,Arjun Singh,Male,36,36-45,16,2,Standard,2025-03-05,True
4104,Kavya Gupta,Female,63,56-65,13,5,Premium,2025-03-10,True
4105,Sneha Das,Female,46,46-55,13,1,Standard,2025-03-12,True
4106,Neha Sharma,Female,30,26-35,10,5,Standard,2025-07-24,True
4107,Shreya Gupta,Female,20,18-25,4,4,Standard,2025-09-12,True
4108,Nandini Gupta,Female,36,36-45,2,2,Standard,2025-09-12,True
4109,Rohan Reddy,Male,63,56-65,5,3,Standard,2025-04-14,True
4110,Sneha Rao,Female,65,56-65,13,1,Standard,2025-09-25,True
4111,Ishita Singh,Female,22,18-25,15,2,VIP,2025-01-29,True
4112,Riya Kumar,Female,18,18-25,21,3,Inactive,2025-04-27,False
4113,Aishwarya Mehta,Female,23,18-25,7,6,Standard,2025-07-31,True
4114,Aditya Das,Male,57,56-65,8,3,Standard,2025-03-06,True
4115,Aarav Das,Male,23,18-25,29,2,Inactive,2025-10-24,False
4116,Lakshmi Nair,Female,65,56-65,8,6,Premium,2025-12-24,True
4117,Vikram Pillai,Male,19,18-25,26,5,Inactive,2025-09-06,False
4118,Vikram Joshi,Male,30,26-35,22,6,Premium,2025-10-30,True
4119,Nikhil Pillai,Male,37,36-45,2,2,Standard,2025-09-29,True
4120,Rohan Reddy,Male,31,26-35,16,5,Inactive,2025-12-15,False
4121,Akash Reddy,Male,59,56-65,1,1,Standard,2025-03-19,True
4122,Sneha Singh,Female,40,36-45,15,5,Premium,2025-08-11,True
4123,Manish Rao,Male,41,36-45,17,4,Standard,2025-06-27,True
4124,Karan Patel,Male,62,56-65,10,5,Standard,2025-04-11,True
4125,Nandini Gupta,Female,27,26-35,11,3,Standard,2025-11-24,True
4126,Aishwarya Rao,Female,25,18-25,3,4,Inactive,2025-12-14,False
4127,Akash Sharma,Male,39,36-45,2,2,Standard,2025-10-11,True
4128,Akash Verma,Male,28,26-35,1,3,Standard,2025-07-14,True
4129,Swati Sharma,Female,52,46-55,5,5,Standard,2025-06-14,True
4130,Priya Joshi,Female,60,56-65,5,1,Standard,2025-02-06,True
4131,Nikhil Naidu,Male,42,36-45,18,3,Standard,2025-12-30,True
4132,Karan Kumar,Male,24,18-25,22,6,Premium,2025-12-31,True
4133,Vikram Mehta,Male,34,26-35,8,1,Standard,2025-07-18,True
4134,Vikram Naidu,Male,36,36-45,12,2,Premium,2025-07-15,True
4135,Pooja Joshi,Female,47,46-55,10,3,Inactive,2025-04-20,False
4136,Siddharth Mehta,Male,57,56-65,28,4,Standard,2025-07-05,True
4137,Rohan Pillai,Male,33,26-35,29,3,Premium,2025-03-26,True
4138,Nandini Das,Female,47,46-55,1,1,Standard,2025-04-16,True
4139,Aishwarya Nair,Female,37,36-45,20,5,Premium,2025-10-05,True
4140,Nandini Iyer,Female,63,56-65,14,6,Standard,2025-09-17,True
4141,Vivek Naidu,Male,48,46-55,17,4,Premium,2025-03-08,True
4142,Aditya Das,Male,55,46-55,5,4,Standard,2025-08-12,True
4143,Akash Kumar,Male,49,46-55,29,3,Standard,2025-04-18,True
4144,Arjun Kumar,Male,28,26-35,6,2,Standard,2025-10-13,True
4145,Anil Naidu,Male,46,46-55,1,3,Standard,2025-06-09,True
4146,Harsh Singh,Male,53,46-55,15,3,Premium,2025-09-12,True
4147,Ananya Verma,Female,19,18-25,8,4,Premium,2025-06-30,True
4148,Ananya Sharma,Female,61,56-65,15,4,Inactive,2025-03-13,False
4149,Vivek Iyer,Male,27,26-35,4,2,Standard,2025-03-07,True
4150,Siddharth Pillai,Male,31,26-35,28,5,VIP,2025-03-26,True
4151,Divya Mehta,Female,34,26-35,25,4,Standard,2025-04-21,True
4152,Rohan Pillai,Male,18,18-25,30,3,Standard,2025-10-28,True
4153,Ishita Kumar,Female,60,56-65,25,1,Inactive,2025-07-25,False
4154,Ananya Naidu,Female,35,26-35,18,3,Inactive,2025-02-18,False
4155,Rohan Nair,Male,59,56-65,30,3,Standard,2025-05-22,True
4156,Arjun Iyer,Male,60,56-65,10,4,Standard,2025-05-14,True
4157,Arjun Sharma,Male,42,36-45,24,2,Standard,2025-08-31,True
4158,Vikram Iyer,Male,63,56-65,24,2,Standard,2025-09-28,True
4159,Arjun Joshi,Male,44,36-45,24,3,Premium,2025-10-10,True
4160,Ishita Naidu,Female,34,26-35,6,1,Standard,2025-04-12,True
4161,Rohan Mehta,Male,44,36-45,7,6,Standard,2025-04-01,True
4162,Neha Verma,Female,45,36-45,17,4,Standard,2025-04-18,True
4163,Riya Iyer,Female,45,36-45,3,2,Standard,2025-09-06,True
4164,Ishita Reddy,Female,55,46-55,12,2,VIP,2025-01-13,True
4165,Sneha Singh,Female,49,46-55,28,2,Standard,2025-01-07,True
4166,Nandini Singh,Female,25,18-25,12,1,Standard,2025-04-25,True
4167,Aditya Nair,Male,51,46-55,1,3,Premium,2025-07-31,True
4168,Shreya Das,Female,28,26-35,25,1,Standard,2025-01-07,True
4169,Aarav Pillai,Male,64,56-65,17,4,Premium,2025-05-09,True
4170,Swati Das,Female,19,18-25,10,6,Inactive,2025-12-04,False
4171,Aditya Naidu,Male,48,46-55,8,5,Standard,2025-08-21,True
4172,Shreya Gupta,Female,32,26-35,13,4,Standard,2025-12-12,True
4173,Priya Sharma,Female,29,26-35,25,2,Standard,2025-04-25,True
4174,Aarav Rao,Male,50,46-55,26,4,Standard,2025-03-23,True
4175,Lakshmi Rao,Female,57,56-65,16,1,Premium,2025-07-06,True
4176,Lakshmi Gupta,Female,46,46-55,20,2,Premium,2025-08-28,True
4177,Arjun Reddy,Male,61,56-65,11,3,Standard,2025-08-27,True
4178,Aishwarya Gupta,Female,29,26-35,24,4,VIP,2025-08-06,True
4179,Neha Iyer,Female,53,46-55,23,5,Standard,2025-08-04,True
4180,Aarav Naidu,Male,51,46-55,11,6,Standard,2025-06-27,True
4181,Shreya Pillai,Female,55,46-55,10,2,Inactive,2025-04-10,False
4182,Kavya Nair,Female,49,46-55,2,2,Standard,2025-07-22,True
4183,Meera Singh,Female,40,36-45,20,4,Premium,2025-06-21,True
4184,Meera Joshi,Female,42,36-45,13,5,Standard,2025-05-16,True
4185,Swati Reddy,Female,40,36-45,12,6,Standard,2025-08-15,True
4186,Nandini Rao,Female,59,56-65,2,6,Standard,2025-07-06,True
4187,Varun Verma,Male,28,26-35,20,6,Premium,2025-12-14,True
4188,Pooja Naidu,Female,32,26-35,21,5,Premium,2025-05-02,True
4189,Riya Pillai,Female,40,36-45,9,5,Standard,2025-09-04,True
4190,Aditya Patel,Male,52,46-55,7,2,Standard,2025-07-26,True
4191,Rahul Joshi,Male,56,56-65,4,2,Standard,2025-09-26,True
4192,Nikhil Naidu,Male,35,26-35,26,1,Standard,2025-01-29,True
4193,Priya Rao,Female,18,18-25,24,4,Premium,2025-12-28,True
4194,Nandini Sharma,Female,38,36-45,4,1,Premium,2025-07-28,True
4195,Divya Patel,Female,52,46-55,15,6,Standard,2025-05-30,True
4196,Shreya Nair,Female,59,56-65,14,3,VIP,2025-07-21,True
4197,Swati Sharma,Female,33,26-35,7,2,Inactive,2025-04-11,False
4198,Kavya Reddy,Female,39,36-45,20,2,Premium,2025-10-22,True
4199,Nandini Pillai,Female,22,18-25,2,1,Standard,2025-08-12,True
4200,Varun Mehta,Male,52,46-55,4,6,Standard,2025-07-20,True
4201,Divya Nair,Female,55,46-55,29,4,Standard,2025-04-14,True
4202,Rohan Pillai,Male,19,18-25,14,1,Standard,2025-06-14,True
4203,Nandini Gupta,Female,41,36-45,9,6,Inactive,2025-09-28,False
4204,Vivek Rao,Male,19,18-25,26,3,Premium,2025-12-18,True
4205,Karan Sharma,Male,29,26-35,25,4,Standard,2025-09-28,True
4206,Pooja Singh,Female,48,46-55,2,4,Premium,2025-12-25,True
4207,Rahul Das,Male,29,26-35,8,6,Standard,2025-04-22,True
4208,Rahul Patel,Male,49,46-55,15,3,Standard,2025-09-24,True
4209,Meera Reddy,Female,62,56-65,24,2,Inactive,2025-05-08,False
4210,Neha Naidu,Female,50,46-55,15,1,Standard,2025-01-06,True
4211,Ishita Reddy,Female,20,18-25,21,4,Standard,2025-01-16,True
4212,Kavya Sharma,Female,49,46-55,2,4,Premium,2025-12-15,True
4213,Shreya Iyer,Female,64,56-65,9,5,Inactive,2025-01-06,False
4214,Vikram Iyer,Male,40,36-45,15,2,Premium,2025-12-04,True
4215,Swati Gupta,Female,18,18-25,28,3,Standard,2025-09-03,True
4216,Akash Sharma,Male,57,56-65,1,2,Standard,2025-09-17,True
4217,Harsh Gupta,Male,42,36-45,26,3,Premium,2025-08-08,True
4218,Swati Iyer,Female,38,36-45,24,5,Standard,2025-05-14,True
4219,Lakshmi Sharma,Female,53,46-55,18,6,Standard,2025-10-28,True
4220,Aarav Patel,Male,29,26-35,21,1,Premium,2025-08-12,True
4221,Vivek Joshi,Male,39,36-45,5,4,Premium,2025-03-05,True
4222,Sneha Patel,Female,59,56-65,2,2,Standard,2025-11-15,True
4223,Neha Patel,Female,32,26-35,1,5,Standard,2025-05-06,True
4224,Nandini Singh,Female,40,36-45,9,1,Inactive,2025-01-16,False
4225,Ishita Gupta,Female,55,46-55,4,3,Premium,2025-01-31,True
4226,Manish Verma,Male,31,26-35,30,2,Standard,2025-11-18,True
4227,Aishwarya Reddy,Female,53,46-55,30,3,Standard,2025-04-13,True
4228,Manish Iyer,Male,26,26-35,23,1,Standard,2025-07-16,True
4229,Harsh Naidu,Male,21,18-25,10,5,Premium,2025-01-17,True
4230,Anil Sharma,Male,40,36-45,10,5,Standard,2025-09-22,True
4231,Shreya Mehta,Female,49,46-55,20,4,Standard,2025-09-27,True
4232,Vikram Pillai,Male,63,56-65,11,6,Standard,2025-02-23,True
4233,Nandini Reddy,Female,52,46-55,6,4,Standard,2025-09-21,True
4234,Karan Naidu,Male,35,26-35,28,2,Premium,2025-02-20,True
4235,Sneha Pillai,Female,41,36-45,12,6,Standard,2025-09-28,True
4236,Aditya Naidu,Male,39,36-45,19,1,Premium,2025-03-05,True
4237,Swati Joshi,Female,57,56-65,11,3,Standard,2025-07-18,True
4238,Manish Mehta,Male,39,36-45,1,6,Standard,2025-05-25,True
4239,Anil Joshi,Male,38,36-45,24,1,Standard,2025-05-11,True
4240,Neha Joshi,Female,36,36-45,2,2,Inactive,2025-01-14,False
4241,Lakshmi Pillai,Female,44,36-45,20,3,Standard,2025-12-24,True
4242,Aditya Pillai,Male,39,36-45,17,5,Standard,2025-12-31,True
4243,Manish Kumar,Male,46,46-55,15,3,Premium,2025-08-20,True
4244,Lakshmi Verma,Female,35,26-35,12,5,Standard,2025-12-29,True
4245,Rahul Patel,Male,50,46-55,15,2,Premium,2025-05-08,True
4246,Ishita Verma,Female,57,56-65,2,1,Premium,2025-06-19,True
4247,Ishita Nair,Female,53,46-55,27,3,Premium,2025-08-25,True
4248,Lakshmi Joshi,Female,24,18-25,14,4,Standard,2025-06-24,True
4249,Meera Pillai,Female,49,46-55,4,2,Standard,2025-06-25,True
4250,Anil Kumar,Male,46,46-55,14,4,Premium,2025-01-11,True
4251,Kavya Reddy,Female,27,26-35,30,2,Standard,2025-07-23,True
4252,Aishwarya Mehta,Female,22,18-25,10,3,Inactive,2025-12-22,False
4253,Vikram Reddy,Male,49,46-55,30,6,Standard,2025-05-25,True
4254,Pooja Iyer,Female,33,26-35,26,3,Standard,2025-06-22,True
4255,Lakshmi Singh,Female,29,26-35,4,4,Inactive,2025-12-06,False
4256,Rohan Rao,Male,60,56-65,16,6,Inactive,2025-08-01,False
4257,Divya Sharma,Female,53,46-55,27,5,Standard,2025-10-25,True
4258,Aarav Iyer,Male,44,36-45,25,6,Standard,2025-08-31,True
4259,Aditya Naidu,Male,39,36-45,22,4,Premium,2025-02-17,True
4260,Ishita Patel,Female,32,26-35,13,5,Standard,2025-11-12,True
4261,Vivek Reddy,Male,60,56-65,22,4,Standard,2025-09-23,True
4262,Meera Gupta,Female,19,18-25,3,1,Premium,2025-10-10,True
4263,Siddharth Reddy,Male,23,18-25,4,3,Standard,2025-03-24,True
4264,Kavya Sharma,Female,20,18-25,20,6,Standard,2025-05-02,True
4265,Siddharth Singh,Male,33,26-35,16,5,Premium,2025-12-07,True
4266,Akash Iyer,Male,58,56-65,15,5,Standard,2025-02-02,True
4267,Akash Nair,Male,36,36-45,15,5,Premium,2025-08-20,True
4268,Neha Patel,Female,65,56-65,29,3,Premium,2025-01-05,True
4269,Vikram Iyer,Male,62,56-65,3,2,Premium,2025-07-27,True
4270,Kavya Verma,Female,35,26-35,5,6,Standard,2025-01-16,True
4271,Shreya Gupta,Female,53,46-55,7,6,Premium,2025-11-03,True
4272,Neha Patel,Female,46,46-55,20,6,Standard,2025-12-21,True
4273,Shreya Pillai,Female,37,36-45,9,5,Standard,2025-09-27,True
4274,Meera Reddy,Female,37,36-45,30,3,Standard,2025-10-19,True
4275,Aishwarya Reddy,Female,38,36-45,11,4,Standard,2025-04-11,True
4276,Ananya Kumar,Female,58,56-65,13,5,Premium,2025-10-17,True
4277,Kavya Mehta,Female,55,46-55,13,4,VIP,2025-09-23,True
4278,Anil Reddy,Male,60,56-65,18,2,Standard,2025-03-16,True
4279,Manish Mehta,Male,59,56-65,21,6,Standard,2025-09-09,True
4280,Rahul Naidu,Male,21,18-25,8,4,Standard,2025-10-13,True
4281,Ananya Singh,Female,61,56-65,23,1,Standard,2025-06-04,True
4282,Shreya Iyer,Female,33,26-35,2,3,Standard,2025-07-17,True
4283,Meera Mehta,Female,46,46-55,22,4,Standard,2025-07-10,True
4284,Divya Singh,Female,53,46-55,22,1,Standard,2025-02-04,True
4285,Anil Singh,Male,58,56-65,24,4,Standard,2025-05-11,True
4286,Aishwarya Singh,Female,32,26-35,6,4,Standard,2025-05-11,True
4287,Pooja Patel,Female,34,26-35,26,3,Standard,2025-03-19,True
4288,Manish Iyer,Male,45,36-45,15,3,Standard,2025-07-08,True
4289,Aarav Patel,Male,38,36-45,3,6,Standard,2025-09-28,True
4290,Meera Gupta,Female,19,18-25,26,3,Standard,2025-05-01,True
4291,Aditya Naidu,Male,53,46-55,11,1,Standard,2025-04-07,True
4292,Vivek Kumar,Male,63,56-65,19,5,Standard,2025-08-05,True
4293,Swati Patel,Female,29,26-35,28,4,Standard,2025-01-25,True
4294,Sneha Patel,Female,31,26-35,18,1,Standard,2025-09-16,True
4295,Nikhil Pillai,Male,49,46-55,2,1,Standard,2025-02-11,True
4296,Pooja Verma,Female,59,56-65,25,3,Premium,2025-07-05,True
4297,Aditya Pillai,Male,26,26-35,16,1,Standard,2025-11-14,True
4298,Priya Reddy,Female,36,36-45,7,3,Inactive,2025-09-15,False
4299,Aarav Nair,Male,18,18-25,21,4,Premium,2025-07-07,True
4300,Rohan Sharma,Male,45,36-45,3,1,Standard,2025-03-13,True
4301,Karan Iyer,Male,55,46-55,15,3,Premium,2025-08-24,True
4302,Vikram Verma,Male,33,26-35,27,2,Standard,2025-11-09,True
4303,Varun Nair,Male,33,26-35,26,1,Standard,2025-06-29,True
4304,Nandini Sharma,Female,29,26-35,8,2,Premium,2025-07-02,True
4305,Divya Sharma,Female,44,36-45,25,2,Standard,2025-06-23,True
4306,Karan Verma,Male,26,26-35,29,1,Standard,2025-08-31,True
4307,Rahul Verma,Male,64,56-65,11,1,Premium,2025-07-02,True
4308,Divya Verma,Female,20,18-25,14,5,Standard,2025-02-08,True
4309,Rahul Reddy,Male,62,56-65,17,1,Standard,2025-12-19,True
4310,Harsh Kumar,Male,33,26-35,12,2,Standard,2025-12-23,True
4311,Aarav Gupta,Male,41,36-45,9,5,Standard,2025-06-13,True
4312,Vivek Pillai,Male,44,36-45,11,4,Premium,2025-10-25,True
4313,Aishwarya Kumar,Female,24,18-25,23,5,Standard,2025-04-01,True
4314,Meera Nair,Female,44,36-45,24,5,Standard,2025-12-17,True
4315,Swati Reddy,Female,54,46-55,1,2,Standard,2025-12-01,True
4316,Aditya Joshi,Male,37,36-45,18,5,Standard,2025-01-26,True
4317,Rohan Nair,Male,43,36-45,25,3,Standard,2025-08-02,True
4318,Harsh Patel,Male,18,18-25,11,4,Standard,2025-06-04,True
4319,Varun Joshi,Male,21,18-25,1,5,Premium,2025-03-03,True
4320,Riya Nair,Female,32,26-35,15,4,Standard,2025-02-19,True
4321,Ananya Pillai,Female,65,56-65,9,4,Premium,2025-06-24,True
4322,Akash Naidu,Male,61,56-65,27,2,Premium,2025-11-18,True
4323,Priya Verma,Female,59,56-65,27,5,Standard,2025-08-21,True
4324,Ishita Verma,Female,41,36-45,2,3,Standard,2025-05-02,True
4325,Aarav Mehta,Male,62,56-65,3,1,Premium,2025-10-29,True
4326,Harsh Singh,Male,56,56-65,25,5,Premium,2025-02-07,True
4327,Ishita Patel,Female,42,36-45,10,6,Standard,2025-05-12,True
4328,Ananya Singh,Female,40,36-45,23,6,Standard,2025-07-01,True
4329,Nikhil Rao,Male,54,46-55,7,3,Standard,2025-07-15,True
4330,Ananya Das,Female,34,26-35,13,2,Standard,2025-11-28,True
4331,Neha Kumar,Female,59,56-65,24,2,Standard,2025-03-23,True
4332,Ananya Mehta,Female,26,26-35,30,6,Premium,2025-02-03,True
4333,Akash Singh,Male,50,46-55,28,1,Standard,2025-11-07,True
4334,Karan Pillai,Male,18,18-25,19,6,Standard,2025-10-20,True
4335,Vivek Iyer,Male,22,18-25,21,4,Premium,2025-03-11,True
4336,Swati Singh,Female,60,56-65,6,5,Premium,2025-12-09,True
4337,Shreya Pillai,Female,49,46-55,28,4,Standard,2025-12-10,True
4338,Sneha Joshi,Female,42,36-45,17,2,Standard,2025-10-16,True
4339,Neha Gupta,Female,59,56-65,25,6,Standard,2025-08-11,True
4340,Varun Verma,Male,30,26-35,21,3,Inactive,2025-07-05,False
4341,Swati Mehta,Female,54,46-55,22,1,Inactive,2025-03-27,False
4342,Aarav Rao,Male,25,18-25,7,3,Premium,2025-10-19,True
4343,Riya Nair,Female,64,56-65,17,6,Standard,2025-01-25,True
4344,Pooja Reddy,Female,45,36-45,15,6,Premium,2025-09-26,True
4345,Meera Verma,Female,30,26-35,12,5,Standard,2025-02-27,True
4346,Swati Verma,Female,34,26-35,17,4,Inactive,2025-05-25,False
4347,Shreya Das,Female,33,26-35,12,5,Inactive,2025-12-08,False
4348,Meera Iyer,Female,37,36-45,7,5,Standard,2025-10-24,True
4349,Riya Reddy,Female,29,26-35,12,2,Premium,2025-11-10,True
4350,Aarav Joshi,Male,42,36-45,29,3,Standard,2025-03-18,True
4351,Riya Verma,Female,25,18-25,19,1,VIP,2025-10-22,True
4352,Rohan Rao,Male,33,26-35,22,1,Standard,2025-10-12,True
4353,Divya Patel,Female,20,18-25,11,6,Standard,2025-09-02,True
4354,Aishwarya Patel,Female,39,36-45,27,3,Standard,2025-01-28,True
4355,Siddharth Gupta,Male,35,26-35,25,5,Inactive,2025-05-10,False
4356,Divya Reddy,Female,25,18-25,6,5,Standard,2025-12-07,True
4357,Vikram Joshi,Male,41,36-45,4,4,VIP,2025-03-07,True
4358,Siddharth Patel,Male,23,18-25,15,6,Standard,2025-01-05,True
4359,Siddharth Gupta,Male,35,26-35,22,6,Standard,2025-11-26,True
4360,Aditya Rao,Male,48,46-55,23,6,Standard,2025-10-16,True
4361,Varun Nair,Male,31,26-35,3,2,Standard,2025-11-25,True
4362,Aishwarya Rao,Female,33,26-35,17,6,Standard,2025-09-11,True
4363,Ananya Pillai,Female,55,46-55,5,4,Standard,2025-09-21,True
4364,Nikhil Mehta,Male,30,26-35,13,5,Standard,2025-11-26,True
4365,Neha Kumar,Female,57,56-65,9,2,Standard,2025-10-02,True
4366,Lakshmi Pillai,Female,47,46-55,1,5,Standard,2025-07-24,True
4367,Aishwarya Mehta,Female,55,46-55,21,3,Standard,2025-02-04,True
4368,Vikram Kumar,Male,49,46-55,25,6,Standard,2025-04-09,True
4369,Kavya Pillai,Female,55,46-55,5,1,Inactive,2025-01-01,False
4370,Vivek Iyer,Male,22,18-25,17,5,Standard,2025-11-09,True
4371,Rohan Kumar,Male,58,56-65,19,2,VIP,2025-06-14,True
4372,Akash Nair,Male,50,46-55,29,6,Standard,2025-09-13,True
4373,Vivek Patel,Male,37,36-45,15,3,Standard,2025-07-30,True
4374,Nandini Naidu,Female,61,56-65,6,4,Premium,2025-06-21,True
4375,Kavya Singh,Female,28,26-35,1,2,Inactive,2025-04-29,False
4376,Swati Nair,Female,42,36-45,20,6,Standard,2025-05-08,True
4377,Ananya Verma,Female,23,18-25,25,4,Standard,2025-05-22,True
4378,Neha Naidu,Female,21,18-25,30,5,Inactive,2025-05-13,False
4379,Meera Sharma,Female,64,56-65,22,1,Premium,2025-05-08,True
4380,Aarav Verma,Male,54,46-55,25,3,Standard,2025-03-10,True
4381,Vikram Gupta,Male,65,56-65,3,6,Premium,2025-03-26,True
4382,Meera Reddy,Female,49,46-55,11,4,Standard,2025-11-07,True
4383,Neha Nair,Female,60,56-65,27,1,VIP,2025-06-21,True
4384,Priya Patel,Female,31,26-35,22,2,Standard,2025-01-07,True
4385,Akash Rao,Male,56,56-65,26,1,Standard,2025-06-13,True
4386,Varun Gupta,Male,57,56-65,4,6,Standard,2025-03-29,True
4387,Nikhil Rao,Male,29,26-35,24,3,Standard,2025-10-27,True
4388,Manish Gupta,Male,24,18-25,21,3,Standard,2025-11-08,True
4389,Divya Reddy,Female,36,36-45,4,3,Standard,2025-09-20,True
4390,Swati Joshi,Female,43,36-45,29,5,Standard,2025-05-26,True
4391,Karan Rao,Male,27,26-35,1,1,Premium,2025-01-16,True
4392,Varun Nair,Male,20,18-25,5,1,Standard,2025-06-04,True
4393,Neha Das,Female,50,46-55,17,5,Standard,2025-06-02,True
4394,Nikhil Iyer,Male,27,26-35,15,2,Inactive,2025-11-04,False
4395,Rohan Gupta,Male,42,36-45,15,6,Standard,2025-02-22,True
4396,Kavya Nair,Female,62,56-65,21,5,Premium,2025-06-10,True
4397,Harsh Kumar,Male,64,56-65,4,5,Premium,2025-02-20,True
4398,Aarav Iyer,Male,38,36-45,29,2,Standard,2025-10-01,True
4399,Anil Patel,Male,36,36-45,6,5,Premium,2025-01-07,True
4400,Rahul Naidu,Male,64,56-65,29,6,Inactive,2025-07-22,False
4401,Karan Verma,Male,23,18-25,21,2,Inactive,2025-03-22,False
4402,Rahul Rao,Male,33,26-35,30,3,Standard,2025-08-14,True
4403,Vivek Verma,Male,48,46-55,13,1,Standard,2025-04-12,True
4404,Meera Joshi,Female,45,36-45,23,4,Inactive,2025-06-04,False
4405,Akash Joshi,Male,49,46-55,16,2,Standard,2025-06-23,True
4406,Harsh Nair,Male,62,56-65,2,1,Standard,2025-01-19,True
4407,Nandini Reddy,Female,19,18-25,23,6,Premium,2025-09-10,True
4408,Vikram Mehta,Male,47,46-55,26,2,Standard,2025-06-27,True
4409,Lakshmi Reddy,Female,45,36-45,24,6,Inactive,2025-10-31,False
4410,Siddharth Kumar,Male,49,46-55,28,4,VIP,2025-12-30,True
4411,Siddharth Iyer,Male,38,36-45,23,2,Standard,2025-10-10,True
4412,Harsh Naidu,Male,50,46-55,19,2,Inactive,2025-11-28,False
4413,Manish Gupta,Male,28,26-35,25,4,Standard,2025-01-11,True
4414,Lakshmi Joshi,Female,20,18-25,9,2,Standard,2025-08-22,True
4415,Arjun Iyer,Male,57,56-65,20,3,Standard,2025-02-11,True
4416,Meera Das,Female,55,46-55,6,6,Standard,2025-05-08,True
4417,Swati Verma,Female,64,56-65,2,3,Standard,2025-12-02,True
4418,Varun Verma,Male,41,36-45,1,6,Premium,2025-06-02,True
4419,Meera Das,Female,57,56-65,20,4,Standard,2025-07-13,True
4420,Swati Singh,Female,26,26-35,25,1,Premium,2025-06-16,True
4421,Priya Das,Female,34,26-35,18,3,Standard,2025-03-29,True
4422,Anil Rao,Male,55,46-55,11,3,Premium,2025-04-07,True
4423,Nikhil Rao,Male,57,56-65,3,3,Standard,2025-04-17,True
4424,Priya Naidu,Female,65,56-65,23,1,Standard,2025-06-08,True
4425,Priya Gupta,Female,32,26-35,28,4,Premium,2025-11-06,True
4426,Vivek Rao,Male,64,56-65,1,3,Standard,2025-03-14,True
4427,Rohan Nair,Male,26,26-35,14,6,Standard,2025-08-27,True
4428,Nikhil Patel,Male,61,56-65,6,2,Standard,2025-03-13,True
4429,Varun Reddy,Male,51,46-55,27,5,Standard,2025-04-28,True
4430,Nandini Nair,Female,61,56-65,15,6,Premium,2025-03-13,True
4431,Arjun Naidu,Male,28,26-35,15,6,Standard,2025-05-06,True
4432,Lakshmi Pillai,Female,31,26-35,3,1,Premium,2025-04-16,True
4433,Arjun Naidu,Male,19,18-25,18,5,VIP,2025-01-28,True
4434,Swati Mehta,Female,39,36-45,26,5,Standard,2025-01-14,True
4435,Rohan Pillai,Male,52,46-55,4,5,Standard,2025-08-02,True
4436,Divya Rao,Female,63,56-65,3,6,Standard,2025-02-04,True
4437,Vikram Reddy,Male,63,56-65,9,1,Standard,2025-03-10,True
4438,Neha Reddy,Female,45,36-45,21,5,Standard,2025-11-20,True
4439,Rahul Mehta,Male,22,18-25,10,5,Standard,2025-01-06,True
4440,Manish Kumar,Male,19,18-25,9,2,Standard,2025-05-11,True
4441,Nikhil Patel,Male,37,36-45,10,2,Standard,2025-02-03,True
4442,Harsh Sharma,Male,36,36-45,27,4,Standard,2025-05-30,True
4443,Rohan Reddy,Male,33,26-35,11,3,Premium,2025-10-20,True
4444,Sneha Sharma,Female,64,56-65,16,2,Standard,2025-04-29,True
4445,Neha Mehta,Female,62,56-65,15,2,Standard,2025-02-09,True
4446,Swati Iyer,Female,47,46-55,16,4,Standard,2025-07-09,True
4447,Rohan Iyer,Male,48,46-55,15,6,Premium,2025-11-07,True
4448,Akash Das,Male,32,26-35,20,4,Premium,2025-01-22,True
4449,Divya Verma,Female,32,26-35,2,3,Standard,2025-06-13,True
4450,Swati Iyer,Female,44,36-45,30,5,Standard,2025-08-22,True
4451,Vikram Reddy,Male,52,46-55,18,6,VIP,2025-10-24,True
4452,Riya Nair,Female,64,56-65,22,1,Standard,2025-02-24,True
4453,Lakshmi Verma,Female,38,36-45,17,3,Premium,2025-02-24,True
4454,Aishwarya Gupta,Female,43,36-45,24,2,Premium,2025-06-06,True
4455,Harsh Patel,Male,55,46-55,6,4,Standard,2025-05-09,True
4456,Karan Patel,Male,51,46-55,11,4,Standard,2025-01-28,True
4457,Meera Reddy,Female,40,36-45,7,4,Standard,2025-01-29,True
4458,Pooja Gupta,Female,59,56-65,12,6,Standard,2025-06-13,True
4459,Kavya Naidu,Female,20,18-25,15,5,Standard,2025-08-22,True
4460,Swati Iyer,Female,51,46-55,18,5,Inactive,2025-03-26,False
4461,Harsh Reddy,Male,20,18-25,24,1,Standard,2025-12-08,True
4462,Anil Nair,Male,19,18-25,25,5,Premium,2025-02-04,True
4463,Harsh Kumar,Male,36,36-45,13,1,Standard,2025-09-09,True
4464,Anil Nair,Male,24,18-25,29,1,Inactive,2025-06-09,False
4465,Neha Verma,Female,23,18-25,17,4,Standard,2025-08-10,True
4466,Harsh Nair,Male,37,36-45,27,4,Standard,2025-10-08,True
4467,Shreya Reddy,Female,25,18-25,26,1,Inactive,2025-09-15,False
4468,Shreya Mehta,Female,18,18-25,8,2,Standard,2025-01-25,True
4469,Meera Nair,Female,32,26-35,26,1,Standard,2025-07-12,True
4470,Riya Iyer,Female,54,46-55,20,4,Standard,2025-12-14,True
4471,Harsh Patel,Male,58,56-65,25,1,VIP,2025-09-20,True
4472,Harsh Verma,Male,46,46-55,20,5,Standard,2025-10-30,True
4473,Vikram Singh,Male,54,46-55,6,3,Standard,2025-09-28,True
4474,Arjun Naidu,Male,61,56-65,7,1,Standard,2025-05-28,True
4475,Rahul Patel,Male,23,18-25,27,3,Inactive,2025-12-19,False
4476,Nandini Rao,Female,24,18-25,17,1,Standard,2025-02-11,True
4477,Ananya Sharma,Female,33,26-35,9,2,Inactive,2025-08-24,False
4478,Aishwarya Joshi,Female,27,26-35,12,4,Standard,2025-01-15,True
4479,Aishwarya Singh,Female,26,26-35,11,1,Standard,2025-04-16,True
4480,Arjun Pillai,Male,39,36-45,9,1,Standard,2025-01-14,True
4481,Aarav Singh,Male,18,18-25,16,1,Standard,2025-10-26,True
4482,Aarav Mehta,Male,20,18-25,12,2,VIP,2025-06-08,True
4483,Sneha Gupta,Female,45,36-45,26,4,Premium,2025-07-07,True
4484,Akash Nair,Male,60,56-65,5,3,Standard,2025-07-29,True
4485,Manish Rao,Male,60,56-65,25,5,Standard,2025-05-19,True
4486,Karan Mehta,Male,62,56-65,3,5,Premium,2025-06-11,True
4487,Varun Mehta,Male,38,36-45,18,2,Standard,2025-11-25,True
4488,Ananya Iyer,Female,24,18-25,9,5,Premium,2025-06-09,True
4489,Rahul Mehta,Male,30,26-35,5,2,Standard,2025-04-28,True
4490,Divya Sharma,Female,62,56-65,7,6,Standard,2025-11-27,True
4491,Akash Iyer,Male,19,18-25,11,1,Inactive,2025-09-11,False
4492,Ananya Pillai,Female,49,46-55,23,6,Standard,2025-11-19,True
4493,Riya Patel,Female,41,36-45,9,3,Inactive,2025-07-03,False
4494,Vikram Joshi,Male,62,56-65,16,4,Standard,2025-05-21,True
4495,Kavya Mehta,Female,55,46-55,8,1,Standard,2025-01-28,True
4496,Karan Sharma,Male,42,36-45,19,5,Premium,2025-07-19,True
4497,Divya Singh,Female,26,26-35,24,6,Premium,2025-04-17,True
4498,Shreya Das,Female,32,26-35,26,5,Standard,2025-05-29,True
4499,Ananya Das,Female,24,18-25,5,1,Premium,2025-01-13,True
4500,Sneha Pillai,Female,41,36-45,9,3,Standard,2025-01-23,True
4501,Harsh Singh,Male,21,18-25,19,5,Premium,2025-03-14,True
4502,Shreya Sharma,Female,46,46-55,19,2,Standard,2025-12-09,True
4503,Nikhil Verma,Male,36,36-45,7,1,Premium,2025-04-22,True
4504,Aditya Sharma,Male,59,56-65,27,2,VIP,2025-10-27,True
4505,Aishwarya Gupta,Female,58,56-65,20,5,Inactive,2025-05-13,False
4506,Sneha Verma,Female,53,46-55,19,3,Premium,2025-08-07,True
4507,Harsh Pillai,Male,49,46-55,19,3,Premium,2025-06-22,True
4508,Ishita Joshi,Female,65,56-65,29,3,Standard,2025-08-22,True
4509,Rahul Verma,Male,64,56-65,7,6,Premium,2025-05-28,True
4510,Varun Joshi,Male,24,18-25,17,2,Standard,2025-12-16,True
4511,Lakshmi Sharma,Female,28,26-35,7,5,Inactive,2025-07-21,False
4512,Varun Singh,Male,24,18-25,15,4,Inactive,2025-05-19,False
4513,Harsh Gupta,Male,35,26-35,2,3,Standard,2025-12-06,True
4514,Priya Reddy,Female,28,26-35,18,4,Standard,2025-03-04,True
4515,Aditya Sharma,Male,26,26-35,23,2,Standard,2025-01-20,True
4516,Riya Gupta,Female,36,36-45,22,6,Standard,2025-09-27,True
4517,Varun Mehta,Male,44,36-45,16,4,Standard,2025-11-16,True
4518,Aditya Joshi,Male,34,26-35,7,2,VIP,2025-08-22,True
4519,Nikhil Mehta,Male,26,26-35,23,4,Standard,2025-08-03,True
4520,Arjun Pillai,Male,40,36-45,4,1,Standard,2025-09-08,True
4521,Riya Kumar,Female,22,18-25,9,2,Standard,2025-12-23,True
4522,Lakshmi Das,Female,60,56-65,26,4,Inactive,2025-06-25,False
4523,Vivek Verma,Male,22,18-25,12,3,Standard,2025-01-14,True
4524,Sneha Sharma,Female,53,46-55,19,5,Standard,2025-04-24,True
4525,Manish Mehta,Male,54,46-55,12,1,Standard,2025-04-30,True
4526,Shreya Pillai,Female,32,26-35,4,2,VIP,2025-05-21,True
4527,Nikhil Nair,Male,51,46-55,11,1,Premium,2025-12-17,True
4528,Meera Naidu,Female,41,36-45,20,6,Standard,2025-09-27,True
4529,Karan Iyer,Male,63,56-65,1,1,Standard,2025-03-30,True
4530,Akash Gupta,Male,58,56-65,16,1,Premium,2025-03-04,True
4531,Pooja Kumar,Female,33,26-35,20,6,Standard,2025-01-20,True
4532,Rohan Patel,Male,22,18-25,27,3,Premium,2025-11-16,True
4533,Pooja Reddy,Female,47,46-55,12,4,Standard,2025-03-27,True
4534,Aarav Pillai,Male,53,46-55,17,5,Standard,2025-01-02,True
4535,Priya Verma,Female,39,36-45,1,2,Inactive,2025-05-24,False
4536,Rohan Naidu,Male,19,18-25,2,4,Standard,2025-09-10,True
4537,Divya Joshi,Female,49,46-55,11,3,Standard,2025-01-03,True
4538,Ishita Mehta,Female,24,18-25,10,3,Standard,2025-08-13,True
4539,Anil Patel,Male,43,36-45,14,5,Standard,2025-08-17,True
4540,Akash Singh,Male,39,36-45,4,5,Inactive,2025-05-28,False
4541,Aarav Nair,Male,32,26-35,21,5,Standard,2025-01-24,True
4542,Lakshmi Singh,Female,27,26-35,4,4,Standard,2025-04-10,True
4543,Ishita Pillai,Female,30,26-35,28,5,Inactive,2025-02-24,False
4544,Riya Naidu,Female,63,56-65,25,4,VIP,2025-08-15,True
4545,Ishita Iyer,Female,65,56-65,27,6,Premium,2025-09-30,True
4546,Shreya Nair,Female,57,56-65,3,1,Standard,2025-08-12,True
4547,Meera Kumar,Female,45,36-45,10,1,Standard,2025-12-01,True
4548,Divya Das,Female,38,36-45,7,4,Standard,2025-03-23,True
4549,Ishita Patel,Female,25,18-25,14,6,Standard,2025-11-02,True
4550,Anil Naidu,Male,34,26-35,8,4,Standard,2025-01-02,True
4551,Ananya Verma,Female,58,56-65,19,2,Standard,2025-09-18,True
4552,Pooja Singh,Female,55,46-55,6,4,Premium,2025-03-13,True
4553,Vivek Mehta,Male,32,26-35,22,6,VIP,2025-06-25,True
4554,Priya Kumar,Female,41,36-45,13,4,Inactive,2025-02-07,False
4555,Vivek Patel,Male,18,18-25,1,5,Standard,2025-09-17,True
4556,Riya Das,Female,25,18-25,12,2,Standard,2025-06-24,True
4557,Neha Sharma,Female,18,18-25,19,5,Premium,2025-06-20,True
4558,Riya Iyer,Female,31,26-35,14,6,Standard,2025-04-16,True
4559,Rohan Naidu,Male,35,26-35,3,2,Standard,2025-12-01,True
4560,Rahul Das,Male,50,46-55,11,4,Standard,2025-11-12,True
4561,Nandini Joshi,Female,46,46-55,27,1,Premium,2025-08-07,True
4562,Aarav Verma,Male,35,26-35,13,1,Premium,2025-05-07,True
4563,Ananya Sharma,Female,35,26-35,24,5,Premium,2025-09-07,True
4564,Lakshmi Nair,Female,30,26-35,13,5,Standard,2025-11-23,True
4565,Aishwarya Iyer,Female,62,56-65,15,4,Standard,2025-07-03,True
4566,Swati Verma,Female,37,36-45,27,1,Standard,2025-07-11,True
4567,Neha Reddy,Female,51,46-55,5,3,Premium,2025-06-07,True
4568,Vikram Kumar,Male,49,46-55,17,3,Standard,2025-05-09,True
4569,Nikhil Joshi,Male,56,56-65,17,5,Standard,2025-12-29,True
4570,Meera Das,Female,29,26-35,3,6,Standard,2025-04-23,True
4571,Arjun Rao,Male,54,46-55,26,1,Standard,2025-03-04,True
4572,Vivek Kumar,Male,60,56-65,23,1,Standard,2025-09-19,True
4573,Lakshmi Mehta,Female,40,36-45,14,4,Inactive,2025-09-05,False
4574,Aditya Pillai,Male,60,56-65,9,1,Standard,2025-12-23,True
4575,Neha Sharma,Female,36,36-45,11,4,Premium,2025-10-23,True
4576,Anil Reddy,Male,43,36-45,22,6,Standard,2025-07-25,True
4577,Lakshmi Mehta,Female,60,56-65,15,4,Inactive,2025-08-31,False
4578,Neha Singh,Female,34,26-35,16,4,Standard,2025-01-05,True
4579,Nandini Gupta,Female,26,26-35,19,4,Premium,2025-04-05,True
4580,Varun Rao,Male,21,18-25,10,5,Standard,2025-09-28,True
4581,Siddharth Iyer,Male,50,46-55,16,2,Standard,2025-05-22,True
4582,Rahul Sharma,Male,45,36-45,3,6,Standard,2025-01-21,True
4583,Lakshmi Das,Female,28,26-35,20,5,Standard,2025-11-27,True
4584,Riya Gupta,Female,35,26-35,2,1,Standard,2025-06-06,True
4585,Nandini Singh,Female,30,26-35,19,1,Premium,2025-02-14,True
4586,Aishwarya Sharma,Female,30,26-35,3,5,VIP,2025-05-03,True
4587,Vivek Sharma,Male,23,18-25,4,1,Standard,2025-12-09,True
4588,Karan Rao,Male,34,26-35,17,5,Standard,2025-06-13,True
4589,Sneha Joshi,Female,36,36-45,12,2,Standard,2025-02-08,True
4590,Aishwarya Singh,Female,56,56-65,15,3,Premium,2025-09-25,True
4591,Aditya Reddy,Male,46,46-55,19,5,Standard,2025-12-31,True
4592,Manish Patel,Male,39,36-45,12,4,Inactive,2025-11-13,False
4593,Lakshmi Patel,Female,60,56-65,7,5,Standard,2025-12-30,True
4594,Meera Nair,Female,22,18-25,15,6,Standard,2025-12-16,True
4595,Lakshmi Sharma,Female,62,56-65,4,5,Standard,2025-02-26,True
4596,Sneha Nair,Female,45,36-45,30,5,Standard,2025-12-27,True
4597,Siddharth Patel,Male,43,36-45,26,6,Inactive,2025-05-26,False
4598,Karan Iyer,Male,41,36-45,27,1,Standard,2025-04-08,True
4599,Shreya Das,Female,64,56-65,27,5,Standard,2025-01-03,True
4600,Manish Naidu,Male,49,46-55,27,1,Standard,2025-11-14,True
4601,Nandini Joshi,Female,65,56-65,22,2,Standard,2025-12-05,True
4602,Sneha Reddy,Female,26,26-35,4,3,Standard,2025-11-21,True
4603,Lakshmi Rao,Female,64,56-65,26,4,Standard,2025-05-19,True
4604,Swati Kumar,Female,27,26-35,2,1,Standard,2025-04-22,True
4605,Siddharth Patel,Male,61,56-65,12,1,Standard,2025-03-09,True
4606,Sneha Rao,Female,33,26-35,22,5,Standard,2025-05-01,True
4607,Manish Verma,Male,38,36-45,11,5,Premium,2025-02-03,True
4608,Lakshmi Kumar,Female,21,18-25,5,3,Standard,2025-06-27,True
4609,Varun Nair,Male,41,36-45,1,6,Premium,2025-05-07,True
4610,Akash Sharma,Male,55,46-55,21,5,Standard,2025-03-13,True
4611,Kavya Sharma,Female,37,36-45,30,2,Premium,2025-01-07,True
4612,Shreya Reddy,Female,60,56-65,18,2,Standard,2025-12-20,True
4613,Anil Kumar,Male,49,46-55,16,6,Standard,2025-07-01,True
4614,Kavya Verma,Female,43,36-45,3,4,Standard,2025-04-26,True
4615,Pooja Nair,Female,53,46-55,30,1,Premium,2025-04-03,True
4616,Neha Singh,Female,24,18-25,11,6,Standard,2025-10-23,True
4617,Siddharth Nair,Male,29,26-35,15,6,Standard,2025-02-05,True
4618,Ananya Naidu,Female,59,56-65,4,2,Premium,2025-04-24,True
4619,Siddharth Sharma,Male,45,36-45,6,4,Premium,2025-11-10,True
4620,Divya Kumar,Female,36,36-45,26,4,Standard,2025-10-17,True
4621,Vivek Kumar,Male,56,56-65,28,5,Standard,2025-02-27,True
4622,Rahul Verma,Male,40,36-45,20,2,Premium,2025-06-11,True
4623,Meera Naidu,Female,23,18-25,10,2,Premium,2025-08-04,True
4624,Rahul Sharma,Male,63,56-65,13,6,Standard,2025-02-15,True
4625,Aarav Joshi,Male,35,26-35,27,3,Standard,2025-04-21,True
4626,Kavya Nair,Female,34,26-35,7,2,Standard,2025-08-03,True
4627,Vikram Kumar,Male,28,26-35,23,6,Standard,2025-11-19,True
4628,Rahul Naidu,Male,46,46-55,13,6,Standard,2025-08-25,True
4629,Vivek Gupta,Male,50,46-55,29,4,Inactive,2025-06-13,False
4630,Priya Sharma,Female,56,56-65,30,2,Premium,2025-04-22,True
4631,Aarav Sharma,Male,55,46-55,2,1,Standard,2025-03-13,True
4632,Divya Joshi,Female,45,36-45,21,4,Inactive,2025-06-19,False
4633,Neha Rao,Female,53,46-55,14,1,Standard,2025-06-08,True
4634,Meera Sharma,Female,33,26-35,10,3,Standard,2025-04-23,True
4635,Nikhil Nair,Male,42,36-45,12,6,Premium,2025-07-31,True
4636,Nandini Mehta,Female,22,18-25,11,3,Premium,2025-06-20,True
4637,Varun Rao,Male,49,46-55,7,3,Inactive,2025-02-04,False
4638,Priya Mehta,Female,64,56-65,27,4,Standard,2025-07-03,True
4639,Lakshmi Das,Female,44,36-45,11,4,Premium,2025-11-24,True
4640,Nikhil Patel,Male,46,46-55,24,3,Standard,2025-07-22,True
4641,Divya Nair,Female,58,56-65,5,1,Standard,2025-03-07,True
4642,Priya Joshi,Female,34,26-35,11,3,Standard,2025-07-08,True
4643,Varun Gupta,Male,26,26-35,8,4,Standard,2025-02-05,True
4644,Sneha Naidu,Female,45,36-45,10,2,Standard,2025-08-30,True
4645,Akash Reddy,Male,32,26-35,26,4,Standard,2025-03-15,True
4646,Aarav Das,Male,30,26-35,12,6,Standard,2025-12-10,True
4647,Siddharth Kumar,Male,28,26-35,20,6,Standard,2025-12-11,True
4648,Ishita Singh,Female,26,26-35,18,3,Premium,2025-12-13,True
4649,Aishwarya Das,Female,21,18-25,30,5,Premium,2025-12-04,True
4650,Riya Verma,Female,43,36-45,15,6,Standard,2025-08-13,True
4651,Vikram Nair,Male,43,36-45,14,4,Standard,2025-10-15,True
4652,Karan Naidu,Male,61,56-65,27,1,Standard,2025-06-08,True
4653,Akash Singh,Male,50,46-55,6,6,Premium,2025-01-09,True
4654,Pooja Das,Female,29,26-35,11,6,Standard,2025-04-05,True
4655,Neha Das,Female,27,26-35,7,2,Premium,2025-03-23,True
4656,Aishwarya Gupta,Female,37,36-45,23,4,Inactive,2025-11-07,False
4657,Varun Sharma,Male,64,56-65,22,3,Standard,2025-12-11,True
4658,Vikram Gupta,Male,34,26-35,29,4,Standard,2025-06-30,True
4659,Anil Nair,Male,56,56-65,24,6,Standard,2025-07-13,True
4660,Sneha Iyer,Female,53,46-55,13,6,Standard,2025-08-30,True
4661,Vikram Nair,Male,56,56-65,29,3,Premium,2025-12-15,True
4662,Priya Iyer,Female,45,36-45,20,6,Premium,2025-04-28,True
4663,Kavya Sharma,Female,53,46-55,18,2,Standard,2025-02-21,True
4664,Akash Sharma,Male,25,18-25,13,5,Standard,2025-08-04,True
4665,Harsh Kumar,Male,59,56-65,27,2,Standard,2025-05-07,True
4666,Arjun Mehta,Male,61,56-65,29,2,Premium,2025-02-09,True
4667,Aishwarya Reddy,Female,50,46-55,25,3,Standard,2025-03-20,True
4668,Siddharth Reddy,Male,41,36-45,5,2,Standard,2025-07-22,True
4669,Manish Reddy,Male,36,36-45,25,1,Standard,2025-03-27,True
4670,Ananya Kumar,Female,33,26-35,4,5,Standard,2025-04-06,True
4671,Vivek Reddy,Male,29,26-35,20,3,Premium,2025-05-06,True
4672,Manish Mehta,Male,47,46-55,16,6,Premium,2025-12-24,True
4673,Aarav Joshi,Male,18,18-25,23,1,Standard,2025-02-10,True
4674,Neha Pillai,Female,39,36-45,27,2,Standard,2025-05-31,True
4675,Divya Patel,Female,34,26-35,7,5,Inactive,2025-09-04,False
4676,Aditya Naidu,Male,22,18-25,11,3,Standard,2025-11-13,True
4677,Arjun Verma,Male,58,56-65,2,6,Standard,2025-03-10,True
4678,Sneha Iyer,Female,29,26-35,29,1,Standard,2025-11-16,True
4679,Manish Joshi,Male,64,56-65,17,1,Standard,2025-04-14,True
4680,Meera Joshi,Female,54,46-55,21,1,Standard,2025-02-27,True
4681,Meera Gupta,Female,18,18-25,1,3,Premium,2025-04-20,True
4682,Vikram Joshi,Male,22,18-25,18,2,Premium,2025-06-29,True
4683,Nikhil Verma,Male,42,36-45,6,3,Premium,2025-03-25,True
4684,Rohan Reddy,Male,24,18-25,14,4,Premium,2025-03-26,True
4685,Rahul Naidu,Male,42,36-45,16,6,Premium,2025-02-12,True
4686,Shreya Iyer,Female,25,18-25,4,4,Inactive,2025-08-28,False
4687,Swati Kumar,Female,56,56-65,1,2,Standard,2025-09-17,True
4688,Nandini Nair,Female,28,26-35,14,4,Standard,2025-03-29,True
4689,Siddharth Das,Male,37,36-45,3,4,Premium,2025-06-23,True
4690,Manish Pillai,Male,19,18-25,10,6,Premium,2025-02-09,True
4691,Riya Reddy,Female,21,18-25,22,3,Standard,2025-06-13,True
4692,Akash Nair,Male,50,46-55,11,2,Standard,2025-09-08,True
4693,Ananya Patel,Female,49,46-55,17,3,Standard,2025-01-26,True
4694,Akash Gupta,Male,64,56-65,8,1,Standard,2025-12-04,True
4695,Nandini Sharma,Female,39,36-45,30,5,Standard,2025-01-04,True
4696,Varun Naidu,Male,28,26-35,15,2,Standard,2025-08-15,True
4697,Anil Joshi,Male,26,26-35,18,2,Standard,2025-12-20,True
4698,Rahul Sharma,Male,41,36-45,4,1,Standard,2025-04-09,True
4699,Ananya Singh,Female,30,26-35,28,4,Standard,2025-11-13,True
4700,Aditya Sharma,Male,29,26-35,10,1,Standard,2025-12-12,True
4701,Meera Joshi,Female,35,26-35,28,4,Premium,2025-08-24,True
4702,Manish Singh,Male,35,26-35,18,3,Inactive,2025-08-14,False
4703,Lakshmi Iyer,Female,53,46-55,13,2,Standard,2025-05-11,True
4704,Varun Joshi,Male,60,56-65,20,1,Standard,2025-12-17,True
4705,Rohan Iyer,Male,60,56-65,17,1,Premium,2025-02-21,True
4706,Nandini Naidu,Female,39,36-45,23,4,Standard,2025-08-26,True
4707,Neha Naidu,Female,22,18-25,19,3,Standard,2025-01-15,True
4708,Varun Sharma,Male,54,46-55,5,1,Standard,2025-02-08,True
4709,Nandini Verma,Female,20,18-25,5,2,Standard,2025-05-09,True
4710,Aishwarya Nair,Female,46,46-55,17,2,Standard,2025-06-15,True
4711,Nikhil Kumar,Male,21,18-25,20,3,Standard,2025-04-04,True
4712,Divya Das,Female,53,46-55,16,2,Standard,2025-03-31,True
4713,Sneha Das,Female,56,56-65,29,2,Premium,2025-12-25,True
4714,Lakshmi Gupta,Female,58,56-65,1,2,Standard,2025-11-10,True
4715,Siddharth Iyer,Male,43,36-45,22,4,Standard,2025-09-28,True
4716,Riya Singh,Female,36,36-45,18,3,Standard,2025-05-08,True
4717,Aditya Joshi,Male,43,36-45,26,6,Premium,2025-11-05,True
4718,Akash Joshi,Male,53,46-55,14,6,Standard,2025-03-21,True
4719,Aishwarya Rao,Female,32,26-35,27,2,Premium,2025-07-19,True
4720,Aarav Pillai,Male,24,18-25,14,4,Standard,2025-01-31,True
4721,Vikram Joshi,Male,26,26-35,3,3,Standard,2025-12-19,True
4722,Sneha Pillai,Female,44,36-45,7,4,Premium,2025-10-12,True
4723,Sneha Naidu,Female,31,26-35,7,3,Standard,2025-05-17,True
4724,Pooja Mehta,Female,63,56-65,4,6,Inactive,2025-12-01,False
4725,Aishwarya Nair,Female,36,36-45,30,2,Standard,2025-06-23,True
4726,Lakshmi Das,Female,34,26-35,10,5,Standard,2025-03-27,True
4727,Manish Iyer,Male,52,46-55,23,3,Standard,2025-06-03,True
4728,Aishwarya Iyer,Female,25,18-25,29,3,Standard,2025-03-04,True
4729,Kavya Mehta,Female,49,46-55,21,5,Standard,2025-07-18,True
4730,Sneha Das,Female,56,56-65,29,5,Inactive,2025-03-30,False
4731,Shreya Joshi,Female,31,26-35,11,2,Standard,2025-09-28,True
4732,Pooja Mehta,Female,59,56-65,19,1,Premium,2025-02-01,True
4733,Pooja Mehta,Female,25,18-25,9,3,Inactive,2025-11-30,False
4734,Harsh Iyer,Male,32,26-35,28,3,Standard,2025-12-18,True
4735,Aarav Rao,Male,47,46-55,27,5,Standard,2025-04-11,True
4736,Aarav Joshi,Male,50,46-55,3,2,VIP,2025-05-03,True
4737,Divya Gupta,Female,61,56-65,27,4,Inactive,2025-06-07,False
4738,Nikhil Sharma,Male,58,56-65,3,3,Standard,2025-08-04,True
4739,Priya Joshi,Female,19,18-25,13,5,Standard,2025-08-17,True
4740,Ishita Reddy,Female,27,26-35,26,1,Standard,2025-12-25,True
4741,Karan Rao,Male,18,18-25,14,1,Standard,2025-02-12,True
4742,Ishita Sharma,Female,24,18-25,4,2,Standard,2025-04-08,True
4743,Karan Sharma,Male,18,18-25,30,3,Standard,2025-09-04,True
4744,Akash Naidu,Male,57,56-65,18,4,VIP,2025-09-19,True
4745,Manish Kumar,Male,25,18-25,30,2,Standard,2025-02-10,True
4746,Swati Joshi,Female,57,56-65,18,3,Standard,2025-08-25,True
4747,Riya Singh,Female,57,56-65,20,6,Standard,2025-05-14,True
4748,Aarav Naidu,Male,21,18-25,21,1,Standard,2025-05-19,True
4749,Vikram Singh,Male,18,18-25,21,4,Standard,2025-05-07,True
4750,Priya Joshi,Female,40,36-45,19,3,Premium,2025-06-14,True
4751,Shreya Rao,Female,60,56-65,16,6,Premium,2025-09-08,True
4752,Siddharth Patel,Male,19,18-25,11,3,Standard,2025-12-04,True
4753,Karan Verma,Male,45,36-45,1,4,Standard,2025-01-21,True
4754,Ishita Patel,Female,56,56-65,9,6,Standard,2025-01-03,True
4755,Nandini Pillai,Female,32,26-35,19,1,Inactive,2025-06-24,False
4756,Swati Sharma,Female,26,26-35,17,3,Standard,2025-11-13,True
4757,Neha Joshi,Female,18,18-25,28,5,Standard,2025-12-13,True
4758,Lakshmi Naidu,Female,43,36-45,1,4,Standard,2025-03-29,True
4759,Aarav Reddy,Male,50,46-55,10,2,Standard,2025-07-14,True
4760,Nandini Gupta,Female,36,36-45,30,1,Premium,2025-03-08,True
4761,Pooja Das,Female,36,36-45,2,5,Premium,2025-11-21,True
4762,Aditya Singh,Male,41,36-45,8,3,Standard,2025-05-06,True
4763,Riya Verma,Female,64,56-65,19,3,Standard,2025-08-02,True
4764,Riya Mehta,Female,38,36-45,15,2,Premium,2025-10-14,True
4765,Swati Naidu,Female,65,56-65,5,3,Standard,2025-06-19,True
4766,Neha Verma,Female,55,46-55,28,6,Standard,2025-06-16,True
4767,Vivek Kumar,Male,48,46-55,19,6,Inactive,2025-11-15,False
4768,Ishita Gupta,Female,45,36-45,11,2,Standard,2025-09-12,True
4769,Meera Pillai,Female,55,46-55,30,5,Standard,2025-04-25,True
4770,Kavya Sharma,Female,46,46-55,1,1,Premium,2025-06-25,True
4771,Rahul Nair,Male,27,26-35,14,5,Standard,2025-06-13,True
4772,Vivek Joshi,Male,52,46-55,11,1,Standard,2025-11-08,True
4773,Neha Joshi,Female,33,26-35,11,2,Standard,2025-06-09,True
4774,Nikhil Singh,Male,65,56-65,6,1,Standard,2025-03-14,True
4775,Karan Mehta,Male,33,26-35,7,3,Standard,2025-09-27,True
4776,Divya Verma,Female,30,26-35,15,2,Standard,2025-06-28,True
4777,Manish Patel,Male,62,56-65,17,1,Premium,2025-11-10,True
4778,Varun Reddy,Male,42,36-45,2,2,Premium,2025-12-13,True
4779,Aarav Iyer,Male,41,36-45,10,3,Standard,2025-05-08,True
4780,Meera Mehta,Female,45,36-45,2,6,Standard,2025-11-06,True
4781,Arjun Patel,Male,48,46-55,30,5,Premium,2025-12-17,True
4782,Aarav Das,Male,33,26-35,30,4,VIP,2025-07-31,True
4783,Shreya Mehta,Female,47,46-55,15,2,Standard,2025-08-22,True
4784,Kavya Rao,Female,40,36-45,10,3,Standard,2025-05-09,True
4785,Siddharth Rao,Male,62,56-65,9,2,Premium,2025-02-26,True
4786,Anil Sharma,Male,26,26-35,13,5,Standard,2025-04-16,True
4787,Vivek Sharma,Male,52,46-55,20,6,Standard,2025-05-08,True
4788,Manish Naidu,Male,23,18-25,7,3,VIP,2025-06-09,True
4789,Pooja Joshi,Female,19,18-25,15,1,Standard,2025-08-10,True
4790,Harsh Mehta,Male,45,36-45,1,4,Premium,2025-06-13,True
4791,Nikhil Pillai,Male,37,36-45,10,5,Standard,2025-08-04,True
4792,Divya Patel,Female,65,56-65,9,6,Standard,2025-10-24,True
4793,Aishwarya Sharma,Female,29,26-35,19,3,Standard,2025-09-02,True
4794,Aditya Kumar,Male,60,56-65,2,2,Premium,2025-07-04,True
4795,Varun Verma,Male,25,18-25,6,3,Standard,2025-09-29,True
4796,Siddharth Gupta,Male,63,56-65,19,3,Standard,2025-02-12,True
4797,Meera Joshi,Female,39,36-45,20,5,Premium,2025-10-26,True
4798,Pooja Pillai,Female,43,36-45,22,3,Inactive,2025-08-10,False
4799,Riya Rao,Female,27,26-35,8,5,Standard,2025-07-09,True
4800,Vikram Pillai,Male,27,26-35,29,6,Standard,2025-07-07,True
4801,Kavya Verma,Female,18,18-25,26,1,Standard,2025-09-07,True
4802,Riya Sharma,Female,25,18-25,29,6,Standard,2025-01-23,True
4803,Karan Verma,Male,27,26-35,25,6,Inactive,2025-01-23,False
4804,Anil Iyer,Male,62,56-65,1,1,Standard,2025-02-09,True
4805,Shreya Naidu,Female,63,56-65,2,6,Standard,2025-08-05,True
4806,Manish Patel,Male,24,18-25,14,1,Standard,2025-09-07,True
4807,Harsh Gupta,Male,65,56-65,3,4,Standard,2025-06-15,True
4808,Varun Rao,Male,36,36-45,21,2,Premium,2025-12-08,True
4809,Vivek Kumar,Male,53,46-55,25,4,Premium,2025-06-23,True
4810,Aditya Gupta,Male,21,18-25,14,4,Standard,2025-06-27,True
4811,Swati Verma,Female,25,18-25,23,3,Standard,2025-08-02,True
4812,Vivek Singh,Male,44,36-45,18,5,VIP,2025-10-17,True
4813,Karan Naidu,Male,65,56-65,8,4,Standard,2025-06-24,True
4814,Pooja Reddy,Female,62,56-65,14,1,Standard,2025-04-17,True
4815,Neha Patel,Female,29,26-35,5,3,Inactive,2025-02-08,False
4816,Aditya Singh,Male,56,56-65,13,1,Standard,2025-03-16,True
4817,Lakshmi Das,Female,46,46-55,28,6,Standard,2025-12-25,True
4818,Ishita Verma,Female,53,46-55,10,5,Premium,2025-09-17,True
4819,Swati Patel,Female,23,18-25,19,4,Inactive,2025-01-30,False
4820,Sneha Verma,Female,58,56-65,2,3,Standard,2025-04-04,True
4821,Harsh Rao,Male,54,46-55,24,1,Standard,2025-01-03,True
4822,Rahul Verma,Male,36,36-45,13,5,Inactive,2025-01-06,False
4823,Varun Singh,Male,31,26-35,4,5,Premium,2025-08-06,True
4824,Varun Gupta,Male,59,56-65,1,5,Standard,2025-07-18,True
4825,Karan Mehta,Male,27,26-35,6,2,Standard,2025-08-02,True
4826,Aishwarya Gupta,Female,65,56-65,12,4,Standard,2025-05-29,True
4827,Harsh Das,Male,51,46-55,10,1,Standard,2025-01-05,True
4828,Rohan Pillai,Male,65,56-65,6,4,Standard,2025-03-07,True
4829,Riya Iyer,Female,29,26-35,23,4,Standard,2025-07-15,True
4830,Nikhil Mehta,Male,38,36-45,5,6,Premium,2025-07-31,True
4831,Arjun Iyer,Male,50,46-55,23,2,Standard,2025-10-04,True
4832,Manish Pillai,Male,45,36-45,28,6,Standard,2025-09-16,True
4833,Sneha Gupta,Female,22,18-25,18,3,Standard,2025-12-07,True
4834,Nikhil Reddy,Male,24,18-25,21,2,Standard,2025-09-06,True
4835,Harsh Patel,Male,58,56-65,13,4,Standard,2025-11-30,True
4836,Shreya Kumar,Female,50,46-55,3,6,Standard,2025-06-17,True
4837,Pooja Sharma,Female,30,26-35,7,6,Standard,2025-03-30,True
4838,Ananya Pillai,Female,32,26-35,16,3,Standard,2025-04-12,True
4839,Manish Patel,Male,27,26-35,23,3,Standard,2025-12-19,True
4840,Swati Rao,Female,44,36-45,15,1,Standard,2025-05-08,True
4841,Aditya Singh,Male,50,46-55,15,5,Premium,2025-03-06,True
4842,Pooja Kumar,Female,36,36-45,28,5,Standard,2025-02-06,True
4843,Sneha Mehta,Female,64,56-65,20,5,Standard,2025-03-28,True
4844,Anil Joshi,Male,22,18-25,11,1,Standard,2025-09-12,True
4845,Kavya Das,Female,23,18-25,8,4,Standard,2025-06-30,True
4846,Neha Pillai,Female,40,36-45,5,5,Inactive,2025-03-27,False
4847,Nikhil Mehta,Male,42,36-45,4,5,Standard,2025-12-29,True
4848,Anil Pillai,Male,26,26-35,19,3,Standard,2025-06-01,True
4849,Manish Pillai,Male,65,56-65,27,3,Standard,2025-09-03,True
4850,Nandini Singh,Female,22,18-25,24,2,Inactive,2025-10-02,False
4851,Pooja Gupta,Female,39,36-45,1,6,Inactive,2025-01-18,False
4852,Nikhil Rao,Male,56,56-65,12,6,Standard,2025-04-07,True
4853,Rohan Das,Male,62,56-65,21,6,Standard,2025-10-30,True
4854,Karan Mehta,Male,18,18-25,30,1,Standard,2025-03-20,True
4855,Ananya Singh,Female,42,36-45,4,5,Standard,2025-07-29,True
4856,Nikhil Iyer,Male,49,46-55,18,1,Inactive,2025-08-13,False
4857,Aarav Gupta,Male,26,26-35,1,2,Inactive,2025-12-31,False
4858,Akash Iyer,Male,24,18-25,3,2,Premium,2025-11-13,True
4859,Neha Pillai,Female,48,46-55,14,2,Premium,2025-04-13,True
4860,Aishwarya Nair,Female,34,26-35,17,2,Inactive,2025-07-12,False
4861,Neha Verma,Female,18,18-25,15,6,Standard,2025-01-02,True
4862,Neha Gupta,Female,38,36-45,16,3,Premium,2025-10-29,True
4863,Shreya Verma,Female,20,18-25,11,3,Standard,2025-11-04,True
4864,Arjun Singh,Male,34,26-35,24,5,Premium,2025-06-24,True
4865,Neha Naidu,Female,53,46-55,21,5,VIP,2025-12-05,True
4866,Harsh Rao,Male,51,46-55,17,4,Standard,2025-03-24,True
4867,Aishwarya Reddy,Female,26,26-35,19,2,Premium,2025-03-07,True
4868,Kavya Verma,Female,50,46-55,29,1,Standard,2025-09-22,True
4869,Vikram Sharma,Male,23,18-25,25,3,Premium,2025-11-08,True
4870,Riya Joshi,Female,18,18-25,2,1,Standard,2025-01-29,True
4871,Varun Patel,Male,51,46-55,17,3,Standard,2025-12-30,True
4872,Manish Nair,Male,64,56-65,16,3,Standard,2025-10-21,True
4873,Vivek Das,Male,58,56-65,2,5,Standard,2025-02-24,True
4874,Ishita Singh,Female,49,46-55,3,5,Standard,2025-01-07,True
4875,Kavya Kumar,Female,60,56-65,18,6,Premium,2025-03-31,True
4876,Meera Reddy,Female,24,18-25,3,5,Standard,2025-06-30,True
4877,Nandini Joshi,Female,18,18-25,19,3,Standard,2025-02-02,True
4878,Aditya Das,Male,46,46-55,20,5,Standard,2025-12-16,True
4879,Harsh Mehta,Male,26,26-35,8,5,Standard,2025-08-03,True
4880,Neha Pillai,Female,45,36-45,2,6,Standard,2025-09-26,True
4881,Lakshmi Pillai,Female,22,18-25,29,2,Premium,2025-01-09,True
4882,Siddharth Das,Male,48,46-55,18,2,Standard,2025-12-09,True
4883,Aarav Iyer,Male,24,18-25,17,2,Standard,2025-10-19,True
4884,Manish Das,Male,61,56-65,27,4,Standard,2025-07-15,True
4885,Akash Kumar,Male,18,18-25,16,1,Standard,2025-02-10,True
4886,Priya Patel,Female,32,26-35,27,1,Standard,2025-08-01,True
4887,Aditya Verma,Male,46,46-55,13,4,Standard,2025-12-27,True
4888,Harsh Sharma,Male,32,26-35,2,2,VIP,2025-08-16,True
4889,Riya Verma,Female,35,26-35,2,3,Premium,2025-04-06,True
4890,Manish Pillai,Male,18,18-25,7,4,Standard,2025-09-29,True
4891,Priya Das,Female,59,56-65,6,3,Standard,2025-03-31,True
4892,Pooja Rao,Female,47,46-55,3,2,Inactive,2025-05-25,False
4893,Shreya Nair,Female,62,56-65,12,1,Standard,2025-04-28,True
4894,Pooja Mehta,Female,29,26-35,12,4,VIP,2025-06-02,True
4895,Vivek Rao,Male,26,26-35,24,4,Premium,2025-10-21,True
4896,Nikhil Reddy,Male,51,46-55,12,1,Standard,2025-02-27,True
4897,Swati Singh,Female,48,46-55,29,2,Standard,2025-06-26,True
4898,Aditya Verma,Male,45,36-45,10,6,VIP,2025-11-29,True
4899,Ananya Gupta,Female,44,36-45,25,5,Standard,2025-04-14,True
4900,Arjun Pillai,Male,55,46-55,8,3,Premium,2025-04-01,True
4901,Pooja Iyer,Female,45,36-45,2,2,Inactive,2025-06-03,False
4902,Neha Patel,Female,62,56-65,8,2,Standard,2025-05-06,True
4903,Ishita Naidu,Female,41,36-45,5,3,Standard,2025-06-23,True
4904,Aditya Pillai,Male,39,36-45,24,4,Premium,2025-11-23,True
4905,Karan Patel,Male,52,46-55,18,1,Standard,2025-03-27,True
4906,Meera Joshi,Female,27,26-35,15,1,Standard,2025-12-10,True
4907,Riya Kumar,Female,63,56-65,30,6,Standard,2025-10-24,True
4908,Swati Nair,Female,48,46-55,14,6,VIP,2025-04-21,True
4909,Ananya Patel,Female,61,56-65,18,3,Standard,2025-10-14,True
4910,Riya Pillai,Female,62,56-65,6,4,Standard,2025-04-07,True
4911,Harsh Das,Male,27,26-35,6,6,Standard,2025-12-31,True
4912,Anil Joshi,Male,32,26-35,5,5,Standard,2025-07-20,True
4913,Aditya Patel,Male,61,56-65,19,3,Standard,2025-09-14,True
4914,Kavya Rao,Female,41,36-45,9,1,Standard,2025-06-12,True
4915,Arjun Nair,Male,18,18-25,2,2,Standard,2025-04-14,True
4916,Akash Kumar,Male,45,36-45,16,2,Standard,2025-11-10,True
4917,Vikram Verma,Male,55,46-55,27,5,Inactive,2025-07-04,False
4918,Priya Singh,Female,50,46-55,19,6,Standard,2025-04-10,True
4919,Harsh Joshi,Male,41,36-45,2,5,Premium,2025-07-28,True
4920,Neha Nair,Female,58,56-65,7,3,Standard,2025-12-15,True
4921,Rohan Sharma,Male,54,46-55,6,3,Standard,2025-11-03,True
4922,Neha Verma,Female,60,56-65,7,4,Standard,2025-05-05,True
4923,Vivek Iyer,Male,36,36-45,13,1,Standard,2025-07-21,True
4924,Akash Mehta,Male,18,18-25,8,2,Standard,2025-11-08,True
4925,Akash Pillai,Male,36,36-45,26,6,Standard,2025-11-20,True
4926,Karan Mehta,Male,33,26-35,9,6,Premium,2025-12-15,True
4927,Rohan Reddy,Male,21,18-25,23,6,Standard,2025-07-12,True
4928,Sneha Mehta,Female,27,26-35,17,3,Standard,2025-02-07,True
4929,Riya Sharma,Female,52,46-55,21,3,Premium,2025-07-13,True
4930,Rahul Naidu,Male,54,46-55,12,1,Standard,2025-01-01,True
4931,Divya Singh,Female,23,18-25,2,4,Premium,2025-01-23,True
4932,Rahul Pillai,Male,42,36-45,29,1,Standard,2025-11-23,True
4933,Varun Nair,Male,57,56-65,22,3,Premium,2025-11-16,True
4934,Anil Pillai,Male,64,56-65,13,2,Inactive,2025-05-23,False
4935,Aarav Singh,Male,42,36-45,21,4,Standard,2025-08-29,True
4936,Vivek Pillai,Male,27,26-35,30,1,Standard,2025-04-01,True
4937,Sneha Naidu,Female,31,26-35,25,5,Standard,2025-05-11,True
4938,Varun Reddy,Male,22,18-25,21,1,Premium,2025-11-12,True
4939,Ananya Kumar,Female,33,26-35,22,6,Standard,2025-01-16,True
4940,Neha Verma,Female,24,18-25,9,5,Premium,2025-12-03,True
4941,Harsh Reddy,Male,49,46-55,25,1,Standard,2025-06-12,True
4942,Kavya Joshi,Female,22,18-25,6,5,Inactive,2025-10-10,False
4943,Vikram Mehta,Male,55,46-55,6,2,Premium,2025-09-17,True
4944,Aditya Mehta,Male,59,56-65,6,1,Premium,2025-12-15,True
4945,Sneha Reddy,Female,46,46-55,28,4,Standard,2025-03-22,True
4946,Ishita Singh,Female,28,26-35,11,1,Premium,2025-09-02,True
4947,Nikhil Kumar,Male,35,26-35,24,5,Premium,2025-06-01,True
4948,Aarav Patel,Male,62,56-65,25,2,Premium,2025-03-28,True
4949,Kavya Das,Female,43,36-45,27,2,Standard,2025-04-28,True
4950,Kavya Sharma,Female,61,56-65,27,2,Standard,2025-05-12,True
4951,Siddharth Das,Male,55,46-55,9,2,Standard,2025-07-02,True
4952,Rohan Patel,Male,19,18-25,17,4,Premium,2025-05-28,True
4953,Meera Patel,Female,26,26-35,19,6,Standard,2025-01-11,True
4954,Ananya Mehta,Female,35,26-35,30,6,Standard,2025-02-24,True
4955,Ishita Sharma,Female,38,36-45,4,5,Standard,2025-09-07,True
4956,Arjun Sharma,Male,57,56-65,2,4,Standard,2025-10-21,True
4957,Siddharth Reddy,Male,62,56-65,3,4,Premium,2025-01-06,True
4958,Rohan Joshi,Male,34,26-35,12,4,Premium,2025-12-19,True
4959,Lakshmi Iyer,Female,43,36-45,11,6,Inactive,2025-04-17,False
4960,Kavya Mehta,Female,35,26-35,20,4,Premium,2025-08-15,True
4961,Rohan Singh,Male,42,36-45,24,1,Premium,2025-08-29,True
4962,Priya Kumar,Female,18,18-25,18,1,Standard,2025-09-22,True
4963,Akash Gupta,Male,27,26-35,12,2,Standard,2025-10-27,True
4964,Ananya Nair,Female,31,26-35,19,2,Standard,2025-01-10,True
4965,Karan Das,Male,63,56-65,11,4,Inactive,2025-07-11,False
4966,Nikhil Naidu,Male,45,36-45,14,5,Standard,2025-01-27,True
4967,Manish Joshi,Male,24,18-25,14,2,Standard,2025-08-24,True
4968,Sneha Nair,Female,59,56-65,18,1,Standard,2025-07-17,True
4969,Sneha Das,Female,50,46-55,8,5,Standard,2025-11-16,True
4970,Aishwarya Das,Female,41,36-45,5,6,Premium,2025-01-22,True
4971,Aishwarya Kumar,Female,56,56-65,26,5,Premium,2025-05-29,True
4972,Arjun Reddy,Male,34,26-35,20,5,Premium,2025-08-22,True
4973,Kavya Joshi,Female,49,46-55,7,6,Standard,2025-08-26,True
4974,Vikram Mehta,Male,55,46-55,20,1,Standard,2025-10-01,True
4975,Siddharth Nair,Male,41,36-45,27,4,Inactive,2025-06-22,False
4976,Shreya Patel,Female,57,56-65,13,1,Standard,2025-04-13,True
4977,Ananya Rao,Female,48,46-55,7,4,Premium,2025-10-25,True
4978,Anil Sharma,Male,51,46-55,28,6,Premium,2025-12-28,True
4979,Lakshmi Rao,Female,45,36-45,20,6,Standard,2025-08-31,True
4980,Harsh Reddy,Male,61,56-65,17,6,Standard,2025-08-21,True
4981,Manish Joshi,Male,45,36-45,30,5,Standard,2025-09-17,True
4982,Sneha Patel,Female,44,36-45,8,3,Standard,2025-05-16,True
4983,Shreya Iyer,Female,63,56-65,14,4,Inactive,2025-02-26,False
4984,Karan Rao,Male,48,46-55,23,2,Standard,2025-03-15,True
4985,Rahul Pillai,Male,49,46-55,25,5,Premium,2025-09-18,True
4986,Lakshmi Gupta,Female,28,26-35,9,5,Inactive,2025-10-26,False
4987,Siddharth Naidu,Male,43,36-45,1,6,Standard,2025-12-23,True
4988,Meera Iyer,Female,39,36-45,29,3,Premium,2025-02-01,True
4989,Aishwarya Verma,Female,44,36-45,7,1,Standard,2025-07-26,True
4990,Ananya Verma,Female,25,18-25,14,5,Standard,2025-12-30,True
4991,Vikram Joshi,Male,37,36-45,1,1,Premium,2025-01-19,True
4992,Pooja Singh,Female,20,18-25,5,2,VIP,2025-01-27,True
4993,Kavya Mehta,Female,20,18-25,15,5,Standard,2025-09-26,True
4994,Rahul Joshi,Male,53,46-55,17,6,Premium,2025-06-06,True
4995,Varun Naidu,Male,31,26-35,24,3,Standard,2025-09-06,True
4996,Anil Pillai,Male,41,36-45,4,6,Inactive,2025-09-03,False
4997,Harsh Singh,Male,44,36-45,21,3,Inactive,2025-08-17,False
4998,Divya Naidu,Female,47,46-55,27,5,Premium,2025-05-05,True
4999,Lakshmi Reddy,Female,21,18-25,27,6,VIP,2025-12-23,True
5000,Aditya Gupta,Male,63,56-65,19,1,Standard,2025-09-11,True
5001,Priya Iyer,Female,38,36-45,7,6,Premium,2025-02-24,True
5002,Kavya Naidu,Female,32,26-35,23,1,VIP,2025-03-22,True
5003,Neha Mehta,Female,21,18-25,2,3,Premium,2025-07-29,True
5004,Nandini Verma,Female,47,46-55,12,2,VIP,2025-08-13,True
5005,Rahul Naidu,Male,46,46-55,19,6,Standard,2025-08-13,True
5006,Aishwarya Joshi,Female,38,36-45,1,4,Premium,2025-04-02,True
5007,Sneha Das,Female,64,56-65,20,1,Standard,2025-10-08,True
5008,Varun Naidu,Male,64,56-65,14,4,Premium,2025-03-27,True
5009,Ananya Kumar,Female,65,56-65,12,3,Standard,2025-11-24,True
5010,Siddharth Reddy,Male,38,36-45,17,3,Inactive,2025-05-20,False
5011,Sneha Rao,Female,44,36-45,2,3,Standard,2025-09-20,True
5012,Manish Sharma,Male,61,56-65,7,4,Standard,2025-02-25,True
5013,Swati Mehta,Female,62,56-65,12,1,Standard,2025-02-03,True
5014,Vikram Sharma,Male,62,56-65,20,4,Premium,2025-03-21,True
5015,Vivek Pillai,Male,63,56-65,14,4,Standard,2025-06-15,True
5016,Meera Sharma,Female,38,36-45,8,6,Standard,2025-11-18,True
5017,Nikhil Pillai,Male,44,36-45,19,3,Standard,2025-03-27,True
5018,Lakshmi Reddy,Female,47,46-55,18,6,Standard,2025-02-04,True
5019,Akash Sharma,Male,39,36-45,15,2,Standard,2025-08-16,True
5020,Kavya Rao,Female,39,36-45,27,3,Standard,2025-03-03,True
5021,Varun Sharma,Male,65,56-65,12,6,Standard,2025-07-06,True
5022,Siddharth Rao,Male,20,18-25,18,4,Premium,2025-05-17,True
5023,Priya Kumar,Female,30,26-35,11,6,Premium,2025-12-24,True
5024,Meera Kumar,Female,38,36-45,18,4,Premium,2025-05-07,True
5025,Neha Sharma,Female,20,18-25,13,6,Standard,2025-02-02,True
5026,Priya Verma,Female,55,46-55,28,4,Standard,2025-10-27,True
5027,Varun Naidu,Male,51,46-55,9,5,Standard,2025-03-30,True
5028,Riya Patel,Female,35,26-35,25,3,Standard,2025-11-27,True
5029,Manish Reddy,Male,57,56-65,16,4,Standard,2025-05-18,True
5030,Riya Reddy,Female,43,36-45,9,6,Standard,2025-12-25,True
5031,Riya Rao,Female,33,26-35,5,2,Standard,2025-05-14,True
5032,Ananya Joshi,Female,61,56-65,17,1,Inactive,2025-01-02,False
5033,Vikram Iyer,Male,62,56-65,4,2,Standard,2025-11-12,True
5034,Ananya Mehta,Female,53,46-55,20,6,Standard,2025-06-04,True
5035,Harsh Kumar,Male,43,36-45,17,1,Premium,2025-05-08,True
5036,Nikhil Sharma,Male,51,46-55,28,1,Standard,2025-10-31,True
5037,Aditya Pillai,Male,59,56-65,30,5,Standard,2025-01-09,True
5038,Rohan Nair,Male,63,56-65,27,1,Standard,2025-02-27,True
5039,Aditya Singh,Male,63,56-65,8,3,Inactive,2025-09-23,False
5040,Riya Mehta,Female,55,46-55,19,1,VIP,2025-05-01,True
5041,Arjun Singh,Male,62,56-65,14,5,Standard,2025-03-12,True
5042,Rahul Naidu,Male,36,36-45,29,4,Inactive,2025-08-05,False
5043,Sneha Iyer,Female,25,18-25,5,6,Premium,2025-10-17,True
5044,Karan Mehta,Male,28,26-35,2,4,Standard,2025-09-18,True
5045,Ishita Naidu,Female,62,56-65,24,3,Premium,2025-07-19,True
5046,Vivek Das,Male,27,26-35,1,2,Premium,2025-05-13,True
5047,Pooja Singh,Female,61,56-65,12,4,Premium,2025-08-03,True
5048,Pooja Verma,Female,50,46-55,21,1,Standard,2025-10-22,True
5049,Nandini Sharma,Female,37,36-45,8,5,Premium,2025-05-29,True
5050,Karan Nair,Male,40,36-45,2,5,Premium,2025-12-28,True
5051,Aishwarya Mehta,Female,26,26-35,25,2,Standard,2025-03-17,True
5052,Lakshmi Joshi,Female,53,46-55,30,4,Standard,2025-04-06,True
5053,Priya Naidu,Female,31,26-35,22,5,Premium,2025-07-05,True
5054,Kavya Rao,Female,52,46-55,13,1,Standard,2025-06-15,True
5055,Siddharth Patel,Male,37,36-45,29,1,Standard,2025-11-21,True
5056,Nandini Kumar,Female,61,56-65,21,4,Standard,2025-10-07,True
5057,Siddharth Kumar,Male,18,18-25,14,5,Standard,2025-04-11,True
5058,Aditya Gupta,Male,56,56-65,14,2,Inactive,2025-08-12,False
5059,Rahul Patel,Male,44,36-45,18,2,Standard,2025-06-24,True
5060,Anil Nair,Male,25,18-25,18,2,Standard,2025-06-26,True
5061,Meera Verma,Female,53,46-55,27,6,Standard,2025-03-10,True
5062,Arjun Pillai,Male,47,46-55,16,1,Standard,2025-03-08,True
5063,Pooja Pillai,Female,19,18-25,5,6,Premium,2025-05-27,True
5064,Shreya Patel,Female,41,36-45,22,2,VIP,2025-11-25,True
5065,Swati Patel,Female,57,56-65,3,1,Standard,2025-05-03,True
5066,Vivek Iyer,Male,45,36-45,27,6,VIP,2025-10-21,True
5067,Anil Singh,Male,45,36-45,21,4,Inactive,2025-05-12,False
5068,Shreya Gupta,Female,58,56-65,5,1,Standard,2025-12-05,True
5069,Vikram Sharma,Male,53,46-55,8,5,Premium,2025-10-13,True
5070,Karan Sharma,Male,23,18-25,21,5,Premium,2025-11-14,True
5071,Meera Patel,Female,30,26-35,28,6,Inactive,2025-03-14,False
5072,Aditya Patel,Male,55,46-55,8,5,Standard,2025-07-04,True
5073,Shreya Verma,Female,29,26-35,15,4,Standard,2025-06-23,True
5074,Rahul Reddy,Male,60,56-65,26,5,Standard,2025-02-17,True
5075,Anil Naidu,Male,36,36-45,17,3,Standard,2025-12-31,True
5076,Aishwarya Iyer,Female,32,26-35,19,4,Standard,2025-10-05,True
5077,Sneha Mehta,Female,19,18-25,25,6,Standard,2025-06-19,True
5078,Aditya Gupta,Male,50,46-55,26,5,Premium,2025-01-29,True
5079,Ishita Joshi,Female,64,56-65,27,2,Standard,2025-06-24,True
5080,Rahul Gupta,Male,58,56-65,2,2,Inactive,2025-06-12,False
5081,Neha Reddy,Female,44,36-45,23,6,Standard,2025-05-29,True
5082,Swati Verma,Female,59,56-65,15,5,Standard,2025-10-19,True
5083,Aishwarya Joshi,Female,44,36-45,24,1,Premium,2025-06-16,True
5084,Riya Gupta,Female,38,36-45,26,5,VIP,2025-02-28,True
5085,Swati Verma,Female,29,26-35,8,6,Standard,2025-02-14,True
5086,Shreya Patel,Female,49,46-55,16,5,Standard,2025-04-11,True
5087,Lakshmi Pillai,Female,40,36-45,10,5,Inactive,2025-09-10,False
5088,Ishita Reddy,Female,63,56-65,16,5,Standard,2025-03-11,True
5089,Aarav Iyer,Male,63,56-65,21,1,Standard,2025-05-11,True
5090,Akash Pillai,Male,44,36-45,22,4,Standard,2025-06-13,True
5091,Aditya Verma,Male,38,36-45,19,3,Premium,2025-01-22,True
5092,Shreya Reddy,Female,58,56-65,23,6,Inactive,2025-01-08,False
5093,Aarav Joshi,Male,34,26-35,21,3,Standard,2025-04-04,True
5094,Sneha Gupta,Female,29,26-35,16,6,Standard,2025-12-21,True
5095,Neha Rao,Female,63,56-65,22,2,Premium,2025-04-12,True
5096,Aditya Reddy,Male,47,46-55,4,5,Premium,2025-02-02,True
5097,Manish Patel,Male,34,26-35,7,2,Premium,2025-08-26,True
5098,Meera Verma,Female,61,56-65,16,4,Standard,2025-03-08,True
5099,Riya Pillai,Female,39,36-45,18,4,Standard,2025-02-05,True
5100,Vikram Joshi,Male,59,56-65,19,4,Standard,2025-08-29,True
5101,Priya Gupta,Female,61,56-65,21,2,Standard,2025-07-31,True
5102,Manish Das,Male,56,56-65,2,4,VIP,2025-07-21,True
5103,Ishita Mehta,Female,49,46-55,27,6,Standard,2025-02-16,True
5104,Priya Mehta,Female,28,26-35,10,2,Standard,2025-12-03,True
5105,Harsh Joshi,Male,21,18-25,7,2,Standard,2025-10-21,True
5106,Swati Kumar,Female,41,36-45,11,5,Premium,2025-07-14,True
5107,Aishwarya Rao,Female,64,56-65,1,4,Inactive,2025-02-17,False
5108,Manish Verma,Male,29,26-35,17,6,Standard,2025-08-25,True
5109,Kavya Joshi,Female,44,36-45,24,6,Inactive,2025-02-06,False
5110,Manish Singh,Male,23,18-25,9,5,Premium,2025-04-15,True
5111,Meera Naidu,Female,33,26-35,4,5,Premium,2025-08-14,True
5112,Neha Joshi,Female,37,36-45,9,2,Premium,2025-10-26,True
5113,Priya Gupta,Female,56,56-65,27,3,VIP,2025-04-22,True
5114,Aarav Gupta,Male,43,36-45,7,4,Premium,2025-01-28,True
5115,Meera Reddy,Female,42,36-45,9,1,Standard,2025-12-31,True
5116,Vivek Nair,Male,50,46-55,4,1,Standard,2025-04-11,True
5117,Swati Gupta,Female,60,56-65,21,2,Standard,2025-03-23,True
5118,Lakshmi Gupta,Female,28,26-35,25,5,Premium,2025-07-20,True
5119,Shreya Verma,Female,62,56-65,2,3,Standard,2025-10-27,True
5120,Varun Reddy,Male,29,26-35,23,5,Inactive,2025-07-16,False
5121,Aditya Nair,Male,63,56-65,18,2,Inactive,2025-09-02,False
5122,Aarav Gupta,Male,26,26-35,19,2,Standard,2025-02-23,True
5123,Rahul Singh,Male,50,46-55,19,2,Standard,2025-01-11,True
5124,Arjun Patel,Male,45,36-45,25,5,Standard,2025-07-04,True
5125,Shreya Reddy,Female,62,56-65,5,6,Standard,2025-05-17,True
5126,Nikhil Gupta,Male,59,56-65,12,1,Standard,2025-07-31,True
5127,Varun Singh,Male,60,56-65,30,3,Standard,2025-03-21,True
5128,Nikhil Rao,Male,41,36-45,29,2,Standard,2025-09-09,True
5129,Vivek Naidu,Male,45,36-45,7,1,Standard,2025-03-17,True
5130,Siddharth Naidu,Male,32,26-35,26,2,Standard,2025-08-13,True
5131,Priya Rao,Female,64,56-65,29,2,Premium,2025-11-29,True
5132,Kavya Verma,Female,28,26-35,14,5,Premium,2025-09-13,True
5133,Neha Nair,Female,61,56-65,12,3,Standard,2025-09-24,True
5134,Arjun Mehta,Male,18,18-25,30,1,Inactive,2025-06-30,False
5135,Akash Iyer,Male,21,18-25,30,5,Standard,2025-06-08,True
5136,Riya Sharma,Female,65,56-65,22,3,Standard,2025-06-13,True
5137,Arjun Sharma,Male,53,46-55,29,6,Standard,2025-08-04,True
5138,Ishita Verma,Female,34,26-35,9,4,Standard,2025-08-17,True
5139,Neha Patel,Female,42,36-45,26,6,Premium,2025-05-05,True
5140,Rohan Nair,Male,46,46-55,15,3,Standard,2025-04-28,True
5141,Varun Das,Male,27,26-35,5,6,Premium,2025-09-15,True
5142,Siddharth Naidu,Male,22,18-25,12,1,Standard,2025-04-16,True
5143,Aishwarya Nair,Female,38,36-45,2,3,Inactive,2025-03-01,False
5144,Ananya Rao,Female,58,56-65,1,3,Premium,2025-01-14,True
5145,Nandini Naidu,Female,59,56-65,19,4,Standard,2025-07-01,True
5146,Shreya Patel,Female,44,36-45,13,1,Premium,2025-06-12,True
5147,Siddharth Iyer,Male,23,18-25,15,3,Premium,2025-07-19,True
5148,Pooja Patel,Female,57,56-65,15,6,Standard,2025-08-19,True
5149,Divya Joshi,Female,56,56-65,22,6,Standard,2025-07-05,True
5150,Priya Patel,Female,25,18-25,26,6,Standard,2025-05-15,True
5151,Riya Joshi,Female,56,56-65,30,4,Standard,2025-10-17,True
5152,Sneha Rao,Female,48,46-55,9,4,Standard,2025-08-13,True
5153,Arjun Kumar,Male,32,26-35,17,3,Standard,2025-07-16,True
5154,Harsh Pillai,Male,57,56-65,3,5,Premium,2025-08-29,True
5155,Pooja Verma,Female,55,46-55,28,6,VIP,2025-03-06,True
5156,Vivek Das,Male,20,18-25,21,1,Inactive,2025-06-15,False
5157,Aditya Nair,Male,40,36-45,24,1,Standard,2025-10-09,True
5158,Kavya Sharma,Female,38,36-45,24,5,Standard,2025-06-05,True
5159,Vikram Singh,Male,26,26-35,28,6,Standard,2025-03-10,True
5160,Siddharth Patel,Male,33,26-35,29,1,Premium,2025-06-22,True
5161,Rohan Rao,Male,30,26-35,29,6,Premium,2025-06-10,True
5162,Siddharth Singh,Male,28,26-35,17,2,Standard,2025-07-26,True
5163,Akash Verma,Male,53,46-55,16,6,Standard,2025-11-30,True
5164,Harsh Joshi,Male,48,46-55,7,4,Standard,2025-01-25,True
5165,Shreya Patel,Female,55,46-55,21,5,Premium,2025-07-17,True
5166,Ananya Das,Female,49,46-55,22,5,Inactive,2025-09-15,False
5167,Lakshmi Rao,Female,18,18-25,26,1,Standard,2025-07-06,True
5168,Varun Joshi,Male,26,26-35,20,4,Standard,2025-01-14,True
5169,Aarav Naidu,Male,46,46-55,20,2,Standard,2025-03-17,True
5170,Pooja Kumar,Female,46,46-55,17,2,Standard,2025-01-09,True
5171,Ishita Nair,Female,60,56-65,3,6,Standard,2025-02-04,True
5172,Shreya Rao,Female,31,26-35,19,5,VIP,2025-08-15,True
5173,Vikram Mehta,Male,58,56-65,11,5,Premium,2025-10-11,True
5174,Meera Sharma,Female,50,46-55,22,5,Standard,2025-12-31,True
5175,Riya Patel,Female,62,56-65,18,1,Premium,2025-06-23,True
5176,Sneha Singh,Female,51,46-55,7,5,Inactive,2025-01-18,False
5177,Swati Joshi,Female,19,18-25,12,1,Premium,2025-07-29,True
5178,Shreya Kumar,Female,22,18-25,25,2,Standard,2025-10-08,True
5179,Akash Verma,Male,19,18-25,27,2,Premium,2025-06-20,True
5180,Varun Das,Male,53,46-55,25,2,VIP,2025-10-21,True
5181,Vikram Reddy,Male,32,26-35,16,1,Standard,2025-08-07,True
5182,Siddharth Sharma,Male,51,46-55,12,5,Standard,2025-05-14,True
5183,Vivek Singh,Male,51,46-55,30,1,Standard,2025-10-02,True
5184,Neha Rao,Female,60,56-65,14,1,Inactive,2025-09-01,False
5185,Pooja Naidu,Female,40,36-45,19,3,Standard,2025-06-17,True
5186,Priya Mehta,Female,18,18-25,11,6,Standard,2025-08-15,True
5187,Lakshmi Gupta,Female,26,26-35,12,1,Standard,2025-12-19,True
5188,Aarav Gupta,Male,52,46-55,30,3,Standard,2025-03-19,True
5189,Aditya Verma,Male,50,46-55,10,3,Standard,2025-01-24,True
5190,Rahul Nair,Male,25,18-25,1,3,Standard,2025-08-28,True
5191,Ishita Patel,Female,25,18-25,13,4,Standard,2025-08-08,True
5192,Arjun Rao,Male,58,56-65,12,6,Standard,2025-04-29,True
5193,Ananya Joshi,Female,35,26-35,15,6,Standard,2025-01-22,True
5194,Pooja Iyer,Female,37,36-45,2,6,Standard,2025-11-17,True
5195,Ananya Singh,Female,54,46-55,20,6,Standard,2025-06-08,True
5196,Ishita Patel,Female,39,36-45,14,6,Standard,2025-11-29,True
5197,Anil Gupta,Male,32,26-35,26,6,Standard,2025-07-26,True
5198,Shreya Kumar,Female,28,26-35,10,3,Standard,2025-02-19,True
5199,Ananya Iyer,Female,64,56-65,8,2,Premium,2025-06-01,True
5200,Vikram Nair,Male,59,56-65,21,5,Premium,2025-07-25,True
5201,Manish Das,Male,20,18-25,25,1,Standard,2025-04-19,True
5202,Vikram Joshi,Male,64,56-65,18,5,Standard,2025-11-20,True
5203,Vivek Rao,Male,24,18-25,10,1,Standard,2025-08-13,True
5204,Siddharth Das,Male,50,46-55,15,2,Premium,2025-10-30,True
5205,Anil Singh,Male,44,36-45,18,5,Premium,2025-04-28,True
5206,Neha Das,Female,24,18-25,22,2,Standard,2025-02-21,True
5207,Kavya Rao,Female,34,26-35,30,4,Standard,2025-08-13,True
5208,Arjun Kumar,Male,40,36-45,8,4,Standard,2025-10-31,True
5209,Neha Kumar,Female,28,26-35,26,5,Standard,2025-11-24,True
5210,Shreya Nair,Female,41,36-45,2,5,Standard,2025-09-16,True
5211,Priya Verma,Female,32,26-35,21,2,Standard,2025-09-11,True
5212,Anil Singh,Male,20,18-25,29,3,Premium,2025-02-12,True
5213,Nandini Naidu,Female,34,26-35,15,1,Standard,2025-05-16,True
5214,Riya Reddy,Female,41,36-45,6,4,VIP,2025-12-16,True
5215,Siddharth Naidu,Male,44,36-45,24,5,VIP,2025-05-12,True
5216,Manish Gupta,Male,54,46-55,26,1,Premium,2025-08-26,True
5217,Vikram Das,Male,50,46-55,16,4,Standard,2025-10-08,True
5218,Varun Patel,Male,56,56-65,13,3,Standard,2025-03-30,True
5219,Meera Singh,Female,18,18-25,23,4,Standard,2025-06-09,True
5220,Kavya Pillai,Female,35,26-35,1,2,Standard,2025-06-30,True
5221,Vikram Kumar,Male,38,36-45,12,3,Standard,2025-03-15,True
5222,Swati Kumar,Female,23,18-25,7,5,Standard,2025-12-19,True
5223,Pooja Reddy,Female,18,18-25,19,6,Premium,2025-11-18,True
5224,Riya Kumar,Female,48,46-55,11,1,Premium,2025-09-15,True
5225,Akash Naidu,Male,35,26-35,21,5,Inactive,2025-12-23,False
5226,Varun Kumar,Male,48,46-55,3,2,Standard,2025-01-17,True
5227,Manish Das,Male,31,26-35,16,5,Inactive,2025-05-08,False
5228,Karan Verma,Male,28,26-35,15,2,Premium,2025-03-06,True
5229,Shreya Naidu,Female,64,56-65,14,4,Premium,2025-06-21,True
5230,Siddharth Gupta,Male,36,36-45,25,4,Standard,2025-12-28,True
5231,Riya Nair,Female,55,46-55,22,2,Inactive,2025-05-29,False
5232,Ishita Das,Female,30,26-35,26,1,Standard,2025-11-23,True
5233,Sneha Pillai,Female,64,56-65,25,4,Standard,2025-11-06,True
5234,Anil Gupta,Male,39,36-45,8,4,Premium,2025-11-27,True
5235,Harsh Kumar,Male,20,18-25,7,1,Premium,2025-12-31,True
5236,Vivek Reddy,Male,48,46-55,15,5,Standard,2025-01-22,True
5237,Akash Gupta,Male,52,46-55,8,2,Standard,2025-12-07,True
5238,Akash Sharma,Male,24,18-25,13,4,Premium,2025-03-22,True
5239,Karan Kumar,Male,52,46-55,2,1,Standard,2025-09-28,True
5240,Aishwarya Reddy,Female,25,18-25,12,3,Standard,2025-05-04,True
5241,Divya Naidu,Female,24,18-25,12,4,Premium,2025-06-12,True
5242,Aarav Gupta,Male,42,36-45,25,4,Standard,2025-04-04,True
5243,Nikhil Singh,Male,40,36-45,2,3,VIP,2025-07-30,True
5244,Harsh Kumar,Male,37,36-45,28,4,Standard,2025-03-16,True
5245,Priya Gupta,Female,53,46-55,23,2,Premium,2025-11-25,True
5246,Harsh Mehta,Male,33,26-35,11,1,Inactive,2025-03-06,False
5247,Aarav Iyer,Male,36,36-45,2,1,Standard,2025-11-11,True
5248,Lakshmi Gupta,Female,19,18-25,13,2,Premium,2025-02-02,True
5249,Siddharth Das,Male,48,46-55,21,3,VIP,2025-09-29,True
5250,Neha Naidu,Female,41,36-45,2,5,Standard,2025-07-20,True
5251,Arjun Nair,Male,20,18-25,15,2,Standard,2025-09-27,True
5252,Priya Naidu,Female,35,26-35,25,2,Standard,2025-01-06,True
5253,Aarav Naidu,Male,21,18-25,11,6,Standard,2025-01-21,True
5254,Ananya Gupta,Female,29,26-35,21,3,Standard,2025-06-17,True
5255,Ishita Iyer,Female,63,56-65,18,5,Standard,2025-03-28,True
5256,Aishwarya Iyer,Female,25,18-25,29,3,Inactive,2025-03-20,False
5257,Rahul Kumar,Male,54,46-55,15,6,VIP,2025-06-17,True
5258,Ananya Reddy,Female,36,36-45,19,6,Standard,2025-12-17,True
5259,Shreya Mehta,Female,41,36-45,10,2,Standard,2025-07-25,True
5260,Pooja Das,Female,35,26-35,15,5,Standard,2025-11-19,True
5261,Nikhil Nair,Male,45,36-45,7,4,Standard,2025-09-25,True
5262,Varun Pillai,Male,40,36-45,12,6,Standard,2025-05-24,True
5263,Divya Patel,Female,52,46-55,16,3,Premium,2025-09-13,True
5264,Ananya Das,Female,55,46-55,2,6,Standard,2025-03-16,True
5265,Manish Naidu,Male,22,18-25,26,2,VIP,2025-12-28,True
5266,Vikram Patel,Male,31,26-35,8,1,Standard,2025-08-04,True
5267,Kavya Sharma,Female,25,18-25,2,1,Standard,2025-11-13,True
5268,Anil Naidu,Male,31,26-35,11,2,Premium,2025-03-27,True
5269,Harsh Singh,Male,21,18-25,22,5,VIP,2025-05-22,True
5270,Harsh Singh,Male,43,36-45,27,2,Standard,2025-05-30,True
5271,Anil Iyer,Male,27,26-35,7,1,Standard,2025-12-20,True
5272,Priya Das,Female,55,46-55,10,3,Premium,2025-01-24,True
5273,Riya Reddy,Female,56,56-65,22,6,Standard,2025-02-07,True
5274,Aarav Pillai,Male,39,36-45,14,4,Standard,2025-07-03,True
5275,Harsh Singh,Male,32,26-35,12,5,Standard,2025-08-10,True
5276,Aditya Kumar,Male,34,26-35,4,2,Standard,2025-12-27,True
5277,Harsh Naidu,Male,51,46-55,26,4,Standard,2025-07-23,True
5278,Pooja Joshi,Female,45,36-45,1,2,Standard,2025-04-09,True
5279,Lakshmi Verma,Female,46,46-55,15,3,Standard,2025-01-23,True
5280,Shreya Reddy,Female,49,46-55,11,2,Premium,2025-12-16,True
5281,Swati Mehta,Female,61,56-65,25,3,VIP,2025-06-11,True
5282,Lakshmi Iyer,Female,57,56-65,23,5,Premium,2025-07-25,True
5283,Arjun Verma,Male,24,18-25,11,1,Standard,2025-05-15,True
5284,Rahul Nair,Male,62,56-65,26,5,Standard,2025-06-06,True
5285,Shreya Patel,Female,22,18-25,30,6,Inactive,2025-08-16,False
5286,Anil Joshi,Male,48,46-55,29,6,Standard,2025-01-01,True
5287,Neha Das,Female,38,36-45,10,3,Standard,2025-09-01,True
5288,Rohan Nair,Male,18,18-25,29,1,Premium,2025-09-10,True
5289,Lakshmi Naidu,Female,23,18-25,15,1,Standard,2025-01-19,True
5290,Arjun Gupta,Male,26,26-35,15,2,Premium,2025-12-07,True
5291,Varun Kumar,Male,19,18-25,8,3,Standard,2025-08-05,True
5292,Ananya Sharma,Female,22,18-25,19,1,Premium,2025-06-12,True
5293,Nandini Kumar,Female,43,36-45,24,1,Premium,2025-10-11,True
5294,Vivek Nair,Male,22,18-25,4,4,Standard,2025-12-19,True
5295,Vikram Gupta,Male,63,56-65,27,1,Standard,2025-08-31,True
5296,Lakshmi Nair,Female,60,56-65,13,4,Premium,2025-09-28,True
5297,Rahul Patel,Male,21,18-25,21,4,Premium,2025-03-06,True
5298,Harsh Reddy,Male,45,36-45,30,5,Standard,2025-09-23,True
5299,Priya Gupta,Female,62,56-65,11,5,Standard,2025-12-19,True
5300,Neha Rao,Female,27,26-35,3,4,Standard,2025-04-07,True
5301,Arjun Singh,Male,35,26-35,19,3,Standard,2025-06-15,True
5302,Priya Reddy,Female,62,56-65,29,2,VIP,2025-12-01,True
5303,Anil Patel,Male,59,56-65,22,3,Premium,2025-05-04,True
5304,Harsh Gupta,Male,18,18-25,16,5,Standard,2025-11-24,True
5305,Divya Singh,Female,54,46-55,27,6,Standard,2025-07-12,True
5306,Arjun Iyer,Male,51,46-55,8,1,Standard,2025-06-15,True
5307,Meera Nair,Female,49,46-55,10,4,Standard,2025-04-25,True
5308,Meera Pillai,Female,59,56-65,28,5,Standard,2025-11-05,True
5309,Ananya Reddy,Female,60,56-65,14,5,Standard,2025-07-05,True
5310,Arjun Gupta,Male,62,56-65,16,3,VIP,2025-10-16,True
5311,Varun Sharma,Male,23,18-25,30,6,Standard,2025-07-23,True
5312,Kavya Gupta,Female,19,18-25,24,5,Standard,2025-06-17,True
5313,Ananya Das,Female,40,36-45,16,5,Standard,2025-05-17,True
5314,Swati Kumar,Female,42,36-45,13,5,Premium,2025-11-07,True
5315,Vikram Reddy,Male,45,36-45,21,1,Standard,2025-05-18,True
5316,Harsh Joshi,Male,64,56-65,24,6,Premium,2025-04-01,True
5317,Divya Gupta,Female,57,56-65,1,5,Inactive,2025-12-02,False
5318,Karan Iyer,Male,30,26-35,3,1,Standard,2025-03-02,True
5319,Lakshmi Das,Female,39,36-45,20,2,Standard,2025-03-24,True
5320,Rohan Reddy,Male,29,26-35,11,4,Standard,2025-01-02,True
5321,Akash Pillai,Male,40,36-45,25,4,Standard,2025-08-24,True
5322,Vikram Reddy,Male,30,26-35,9,2,Premium,2025-04-07,True
5323,Rohan Rao,Male,59,56-65,16,2,Premium,2025-04-03,True
5324,Manish Naidu,Male,37,36-45,24,2,Standard,2025-01-18,True
5325,Ishita Patel,Female,48,46-55,9,1,Standard,2025-02-03,True
5326,Sneha Rao,Female,21,18-25,28,6,Standard,2025-12-06,True
5327,Aishwarya Pillai,Female,59,56-65,26,1,Standard,2025-07-03,True
5328,Shreya Das,Female,63,56-65,20,2,Standard,2025-04-04,True
5329,Aishwarya Verma,Female,55,46-55,12,4,Standard,2025-11-17,True
5330,Karan Gupta,Male,22,18-25,5,5,Standard,2025-02-23,True
5331,Manish Naidu,Male,58,56-65,3,2,Standard,2025-01-16,True
5332,Pooja Patel,Female,41,36-45,25,6,Premium,2025-07-27,True
5333,Divya Pillai,Female,36,36-45,23,6,Standard,2025-03-13,True
5334,Rahul Patel,Male,28,26-35,30,1,Premium,2025-09-26,True
5335,Lakshmi Joshi,Female,48,46-55,2,6,Standard,2025-02-23,True
5336,Varun Sharma,Male,51,46-55,12,5,VIP,2025-04-16,True
5337,Ishita Kumar,Female,25,18-25,8,1,Premium,2025-10-11,True
5338,Rahul Singh,Male,59,56-65,2,5,VIP,2025-11-02,True
5339,Varun Reddy,Male,41,36-45,4,5,Premium,2025-10-06,True
5340,Kavya Joshi,Female,56,56-65,18,5,Premium,2025-10-04,True
5341,Rohan Verma,Male,58,56-65,9,6,Premium,2025-04-29,True
5342,Arjun Patel,Male,31,26-35,15,1,Standard,2025-07-22,True
5343,Vikram Pillai,Male,41,36-45,11,3,Premium,2025-01-08,True
5344,Aditya Naidu,Male,32,26-35,30,3,Premium,2025-09-23,True
5345,Vivek Patel,Male,34,26-35,18,6,Standard,2025-09-19,True
5346,Manish Iyer,Male,29,26-35,19,6,Standard,2025-06-14,True
5347,Harsh Naidu,Male,26,26-35,24,5,Standard,2025-10-11,True
5348,Aditya Iyer,Male,49,46-55,24,3,Standard,2025-07-10,True
5349,Riya Nair,Female,24,18-25,11,2,Standard,2025-01-09,True
5350,Neha Singh,Female,61,56-65,29,4,Premium,2025-12-24,True
5351,Aishwarya Mehta,Female,32,26-35,3,1,VIP,2025-08-09,True
5352,Arjun Das,Male,39,36-45,11,6,Standard,2025-09-08,True
5353,Nikhil Reddy,Male,30,26-35,9,6,Standard,2025-11-15,True
5354,Varun Sharma,Male,31,26-35,16,5,Standard,2025-08-01,True
5355,Harsh Iyer,Male,55,46-55,5,1,Standard,2025-07-09,True
5356,Aarav Verma,Male,27,26-35,26,1,Premium,2025-08-18,True
5357,Sneha Nair,Female,45,36-45,18,3,Inactive,2025-05-05,False
5358,Aditya Naidu,Male,38,36-45,2,4,Inactive,2025-03-10,False
5359,Aditya Joshi,Male,32,26-35,13,4,Standard,2025-01-13,True
5360,Sneha Naidu,Female,65,56-65,24,1,Standard,2025-12-05,True
5361,Vivek Patel,Male,38,36-45,23,6,Premium,2025-10-03,True
5362,Siddharth Das,Male,44,36-45,18,6,Standard,2025-06-17,True
5363,Swati Joshi,Female,64,56-65,18,1,Standard,2025-05-31,True
5364,Aarav Rao,Male,34,26-35,2,6,Standard,2025-07-09,True
5365,Neha Verma,Female,35,26-35,1,5,Standard,2025-07-21,True
5366,Riya Rao,Female,56,56-65,24,5,Standard,2025-01-13,True
5367,Rohan Naidu,Male,34,26-35,28,6,Premium,2025-06-28,True
5368,Karan Gupta,Male,48,46-55,1,5,Standard,2025-05-20,True
5369,Pooja Nair,Female,51,46-55,9,1,Inactive,2025-01-07,False
5370,Anil Nair,Male,20,18-25,1,3,Standard,2025-07-03,True
5371,Ishita Verma,Female,42,36-45,17,2,VIP,2025-08-14,True
5372,Sneha Rao,Female,44,36-45,1,3,Inactive,2025-10-10,False
5373,Vivek Nair,Male,43,36-45,14,2,Standard,2025-02-12,True
5374,Akash Sharma,Male,62,56-65,16,5,Standard,2025-09-17,True
5375,Rahul Gupta,Male,24,18-25,26,4,Standard,2025-07-10,True
5376,Akash Gupta,Male,25,18-25,12,5,Standard,2025-05-04,True
5377,Aditya Sharma,Male,46,46-55,28,1,Standard,2025-11-20,True
5378,Meera Nair,Female,48,46-55,26,4,VIP,2025-12-05,True
5379,Lakshmi Patel,Female,24,18-25,21,1,Premium,2025-03-22,True
5380,Arjun Das,Male,47,46-55,13,4,Standard,2025-07-12,True
5381,Karan Iyer,Male,34,26-35,30,3,Standard,2025-05-25,True
5382,Riya Gupta,Female,50,46-55,20,2,Standard,2025-12-07,True
5383,Rahul Iyer,Male,22,18-25,28,1,Premium,2025-08-16,True
5384,Vikram Joshi,Male,61,56-65,22,3,Premium,2025-11-01,True
5385,Harsh Das,Male,47,46-55,24,6,Standard,2025-05-17,True
5386,Divya Naidu,Female,54,46-55,10,1,Standard,2025-06-08,True
5387,Pooja Pillai,Female,52,46-55,9,4,VIP,2025-10-24,True
5388,Manish Joshi,Male,36,36-45,18,6,Standard,2025-10-14,True
5389,Manish Verma,Male,33,26-35,16,4,Standard,2025-09-02,True
5390,Riya Nair,Female,54,46-55,16,2,Standard,2025-05-08,True
5391,Nandini Kumar,Female,40,36-45,4,5,Standard,2025-03-04,True
5392,Sneha Pillai,Female,52,46-55,19,4,Standard,2025-08-23,True
5393,Neha Joshi,Female,43,36-45,25,1,Standard,2025-03-03,True
5394,Anil Rao,Male,28,26-35,13,3,Standard,2025-11-29,True
5395,Arjun Verma,Male,45,36-45,28,5,Premium,2025-01-08,True
5396,Neha Mehta,Female,46,46-55,11,5,Standard,2025-12-01,True
5397,Swati Mehta,Female,31,26-35,26,6,Standard,2025-08-01,True
5398,Ananya Gupta,Female,37,36-45,28,3,Standard,2025-09-04,True
5399,Vikram Sharma,Male,40,36-45,26,4,Standard,2025-01-29,True
5400,Aditya Joshi,Male,19,18-25,23,1,VIP,2025-05-12,True
5401,Ananya Gupta,Female,57,56-65,23,5,Standard,2025-06-15,True
5402,Aditya Singh,Male,58,56-65,7,4,Premium,2025-10-09,True
5403,Pooja Rao,Female,64,56-65,11,6,Standard,2025-12-11,True
5404,Aishwarya Patel,Female,39,36-45,23,3,Inactive,2025-01-02,False
5405,Ananya Das,Female,39,36-45,7,1,Standard,2025-08-29,True
5406,Akash Gupta,Male,63,56-65,23,2,Standard,2025-12-11,True
5407,Ananya Joshi,Female,53,46-55,19,3,Premium,2025-11-27,True
5408,Nandini Singh,Female,19,18-25,8,4,Inactive,2025-11-09,False
5409,Harsh Gupta,Male,29,26-35,25,4,Premium,2025-05-16,True
5410,Manish Naidu,Male,56,56-65,27,3,Standard,2025-01-29,True
5411,Ishita Pillai,Female,43,36-45,26,1,Standard,2025-09-11,True
5412,Meera Iyer,Female,34,26-35,5,3,Standard,2025-05-28,True
5413,Siddharth Reddy,Male,42,36-45,7,6,Standard,2025-12-18,True
5414,Riya Kumar,Female,39,36-45,20,2,Standard,2025-11-07,True
5415,Aditya Singh,Male,57,56-65,16,5,Standard,2025-03-14,True
5416,Aarav Verma,Male,60,56-65,2,1,Standard,2025-06-07,True
5417,Rahul Patel,Male,48,46-55,10,2,VIP,2025-10-21,True
5418,Harsh Mehta,Male,35,26-35,20,3,Standard,2025-12-23,True
5419,Meera Das,Female,58,56-65,12,5,Standard,2025-12-22,True
5420,Siddharth Pillai,Male,37,36-45,14,3,Standard,2025-02-24,True
5421,Akash Verma,Male,56,56-65,29,1,Premium,2025-10-30,True
5422,Priya Reddy,Female,59,56-65,5,1,Premium,2025-10-16,True
5423,Aditya Das,Male,42,36-45,14,6,Standard,2025-03-20,True
5424,Siddharth Naidu,Male,36,36-45,27,2,Standard,2025-09-04,True
5425,Lakshmi Pillai,Female,61,56-65,24,3,Standard,2025-06-03,True
5426,Aishwarya Verma,Female,64,56-65,16,2,Standard,2025-06-16,True
5427,Nikhil Patel,Male,18,18-25,27,6,Standard,2025-03-11,True
5428,Varun Das,Male,31,26-35,27,1,Standard,2025-06-18,True
5429,Aishwarya Kumar,Female,45,36-45,15,5,Standard,2025-12-02,True
5430,Meera Mehta,Female,62,56-65,17,2,Standard,2025-10-13,True
5431,Riya Joshi,Female,49,46-55,19,2,Premium,2025-09-27,True
5432,Nandini Das,Female,23,18-25,26,2,VIP,2025-08-15,True
5433,Akash Verma,Male,48,46-55,9,4,Standard,2025-11-12,True
5434,Aarav Nair,Male,19,18-25,15,4,Premium,2025-03-26,True
5435,Nandini Das,Female,42,36-45,11,2,Standard,2025-06-12,True
5436,Aishwarya Reddy,Female,60,56-65,17,1,Standard,2025-05-16,True
5437,Nikhil Naidu,Male,18,18-25,15,1,Standard,2025-05-24,True
5438,Harsh Joshi,Male,33,26-35,15,1,Inactive,2025-04-03,False
5439,Pooja Verma,Female,51,46-55,30,1,Standard,2025-07-03,True
5440,Ananya Reddy,Female,55,46-55,7,3,Standard,2025-02-10,True
5441,Anil Reddy,Male,64,56-65,11,5,Standard,2025-04-26,True
5442,Vivek Patel,Male,48,46-55,2,6,Standard,2025-02-03,True
5443,Kavya Das,Female,30,26-35,3,4,VIP,2025-09-13,True
5444,Aarav Kumar,Male,24,18-25,23,6,Inactive,2025-08-16,False
5445,Varun Patel,Male,33,26-35,27,5,Standard,2025-01-23,True
5446,Vivek Naidu,Male,18,18-25,4,6,Standard,2025-03-29,True
5447,Sneha Reddy,Female,53,46-55,20,2,Inactive,2025-03-23,False
5448,Ananya Sharma,Female,44,36-45,3,2,Standard,2025-12-21,True
5449,Lakshmi Singh,Female,21,18-25,6,6,Standard,2025-05-19,True
5450,Aditya Iyer,Male,64,56-65,2,3,Standard,2025-10-13,True
5451,Harsh Sharma,Male,37,36-45,11,1,Standard,2025-05-05,True
5452,Nikhil Reddy,Male,54,46-55,11,5,Inactive,2025-11-18,False
5453,Ananya Pillai,Female,27,26-35,16,4,Standard,2025-12-26,True
5454,Riya Naidu,Female,49,46-55,16,5,Standard,2025-06-17,True
5455,Lakshmi Iyer,Female,39,36-45,13,2,Standard,2025-05-20,True
5456,Rahul Nair,Male,43,36-45,28,3,Standard,2025-05-15,True
5457,Riya Reddy,Female,64,56-65,25,4,Standard,2025-02-24,True
5458,Varun Mehta,Male,49,46-55,4,1,Standard,2025-02-19,True
5459,Ananya Rao,Female,53,46-55,1,1,Standard,2025-06-19,True
5460,Lakshmi Verma,Female,20,18-25,18,2,Premium,2025-07-15,True
5461,Lakshmi Sharma,Female,34,26-35,9,6,Premium,2025-05-23,True
5462,Siddharth Naidu,Male,34,26-35,25,2,Standard,2025-11-19,True
5463,Akash Iyer,Male,21,18-25,23,3,Standard,2025-03-05,True
5464,Varun Gupta,Male,50,46-55,22,4,Inactive,2025-04-01,False
5465,Divya Nair,Female,57,56-65,15,1,Standard,2025-07-30,True
5466,Vikram Kumar,Male,18,18-25,15,4,Standard,2025-12-01,True
5467,Aarav Singh,Male,52,46-55,3,3,Standard,2025-08-30,True
5468,Manish Naidu,Male,32,26-35,20,6,Standard,2025-07-30,True
5469,Manish Sharma,Male,38,36-45,9,1,Premium,2025-06-15,True
5470,Aarav Mehta,Male,49,46-55,14,1,Premium,2025-08-23,True
5471,Riya Reddy,Female,63,56-65,24,5,Standard,2025-08-18,True
5472,Divya Nair,Female,29,26-35,17,3,Inactive,2025-07-05,False
5473,Neha Reddy,Female,51,46-55,21,4,Inactive,2025-09-04,False
5474,Karan Singh,Male,49,46-55,5,6,Premium,2025-04-01,True
5475,Vikram Das,Male,25,18-25,9,2,Standard,2025-03-19,True
5476,Aditya Kumar,Male,46,46-55,6,6,Standard,2025-04-24,True
5477,Karan Pillai,Male,47,46-55,30,3,Standard,2025-09-26,True
5478,Rahul Gupta,Male,20,18-25,12,5,Standard,2025-05-27,True
5479,Meera Naidu,Female,43,36-45,19,6,VIP,2025-10-04,True
5480,Arjun Kumar,Male,60,56-65,25,2,Standard,2025-03-08,True
5481,Akash Patel,Male,44,36-45,4,6,Standard,2025-01-20,True
5482,Aditya Verma,Male,60,56-65,2,1,Premium,2025-03-28,True
5483,Nikhil Gupta,Male,43,36-45,23,2,Standard,2025-07-10,True
5484,Ishita Rao,Female,57,56-65,4,3,Standard,2025-07-13,True
5485,Karan Joshi,Male,44,36-45,5,5,Premium,2025-06-27,True
5486,Lakshmi Pillai,Female,65,56-65,7,4,Standard,2025-07-04,True
5487,Vivek Singh,Male,50,46-55,16,2,Inactive,2025-02-01,False
5488,Rahul Rao,Male,35,26-35,12,1,VIP,2025-01-11,True
5489,Ishita Nair,Female,19,18-25,20,4,Premium,2025-04-15,True
5490,Lakshmi Reddy,Female,52,46-55,30,2,Standard,2025-03-02,True
5491,Aarav Gupta,Male,18,18-25,14,4,Standard,2025-05-28,True
5492,Vivek Joshi,Male,54,46-55,8,1,Standard,2025-02-01,True
5493,Nikhil Mehta,Male,38,36-45,27,6,Standard,2025-10-01,True
5494,Lakshmi Sharma,Female,42,36-45,9,5,Standard,2025-08-29,True
5495,Ishita Mehta,Female,18,18-25,10,3,Standard,2025-01-27,True
5496,Swati Iyer,Female,33,26-35,2,3,Standard,2025-12-02,True
5497,Rahul Pillai,Male,47,46-55,14,3,VIP,2025-01-03,True
5498,Aditya Naidu,Male,58,56-65,26,1,Standard,2025-11-16,True
5499,Lakshmi Verma,Female,39,36-45,10,4,Standard,2025-01-01,True
5500,Sneha Verma,Female,37,36-45,1,4,Standard,2025-06-16,True
5501,Varun Kumar,Male,40,36-45,11,2,Standard,2025-03-13,True
5502,Priya Rao,Female,41,36-45,29,1,Standard,2025-05-10,True
5503,Priya Reddy,Female,46,46-55,18,5,Premium,2025-06-26,True
5504,Nikhil Rao,Male,25,18-25,7,5,Standard,2025-09-29,True
5505,Priya Iyer,Female,19,18-25,12,6,Standard,2025-03-07,True
5506,Nikhil Naidu,Male,18,18-25,16,3,Standard,2025-05-21,True
5507,Priya Rao,Female,45,36-45,19,5,Inactive,2025-04-19,False
5508,Harsh Mehta,Male,27,26-35,16,4,Standard,2025-07-15,True
5509,Shreya Patel,Female,50,46-55,15,5,Standard,2025-03-19,True
5510,Sneha Pillai,Female,31,26-35,20,1,Standard,2025-07-31,True
5511,Karan Mehta,Male,20,18-25,15,1,Premium,2025-03-05,True
5512,Varun Patel,Male,57,56-65,28,3,Standard,2025-06-10,True
5513,Siddharth Patel,Male,45,36-45,13,5,Standard,2025-06-02,True
5514,Karan Rao,Male,61,56-65,23,2,Standard,2025-06-11,True
5515,Pooja Singh,Female,53,46-55,25,1,Premium,2025-10-26,True
5516,Priya Naidu,Female,36,36-45,13,6,Standard,2025-02-25,True
5517,Ishita Iyer,Female,55,46-55,16,4,Standard,2025-12-11,True
5518,Rahul Patel,Male,18,18-25,9,2,Standard,2025-04-24,True
5519,Arjun Gupta,Male,54,46-55,13,1,Standard,2025-11-09,True
5520,Varun Sharma,Male,34,26-35,1,1,Standard,2025-10-07,True
5521,Lakshmi Singh,Female,45,36-45,17,3,Premium,2025-11-30,True
5522,Karan Sharma,Male,65,56-65,6,4,Premium,2025-11-07,True
5523,Neha Patel,Female,44,36-45,17,1,VIP,2025-09-06,True
5524,Akash Sharma,Male,53,46-55,25,5,Inactive,2025-03-17,False
5525,Rohan Naidu,Male,20,18-25,19,4,Standard,2025-10-25,True
5526,Vikram Verma,Male,49,46-55,2,6,Standard,2025-09-26,True
5527,Sneha Reddy,Female,18,18-25,19,5,Premium,2025-12-02,True
5528,Nandini Patel,Female,43,36-45,15,5,Inactive,2025-12-18,False
5529,Akash Gupta,Male,59,56-65,3,4,Standard,2025-01-06,True
5530,Karan Mehta,Male,43,36-45,28,5,Standard,2025-03-23,True
5531,Ishita Sharma,Female,37,36-45,24,2,Standard,2025-05-17,True
5532,Pooja Iyer,Female,19,18-25,14,5,Standard,2025-11-02,True
5533,Rahul Gupta,Male,36,36-45,4,6,Premium,2025-11-06,True
5534,Ananya Patel,Female,25,18-25,2,5,Standard,2025-10-14,True
5535,Siddharth Iyer,Male,40,36-45,29,6,Premium,2025-08-22,True
5536,Vivek Mehta,Male,35,26-35,29,5,Standard,2025-06-12,True
5537,Lakshmi Joshi,Female,47,46-55,30,6,Standard,2025-04-04,True
5538,Rohan Reddy,Male,60,56-65,17,6,Premium,2025-08-01,True
5539,Ananya Rao,Female,58,56-65,20,5,Standard,2025-04-24,True
5540,Akash Verma,Male,64,56-65,18,1,Standard,2025-09-26,True
5541,Anil Gupta,Male,39,36-45,23,2,Standard,2025-09-27,True
5542,Ananya Nair,Female,23,18-25,11,3,VIP,2025-02-20,True
5543,Manish Joshi,Male,46,46-55,7,6,Premium,2025-03-03,True
5544,Meera Rao,Female,42,36-45,5,3,Standard,2025-05-10,True
5545,Rohan Pillai,Male,25,18-25,16,5,Standard,2025-01-20,True
5546,Meera Pillai,Female,57,56-65,16,4,Standard,2025-06-08,True
5547,Anil Naidu,Male,46,46-55,17,3,Standard,2025-01-07,True
5548,Aditya Verma,Male,46,46-55,10,4,Inactive,2025-03-13,False
5549,Siddharth Das,Male,62,56-65,16,5,Premium,2025-06-25,True
5550,Aditya Naidu,Male,39,36-45,22,3,Standard,2025-08-05,True
5551,Shreya Kumar,Female,57,56-65,6,5,VIP,2025-03-24,True
5552,Nikhil Singh,Male,48,46-55,20,3,Standard,2025-02-20,True
5553,Riya Nair,Female,24,18-25,8,5,Premium,2025-04-30,True
5554,Meera Iyer,Female,51,46-55,7,2,Premium,2025-10-02,True
5555,Sneha Kumar,Female,40,36-45,21,3,Standard,2025-08-04,True
5556,Siddharth Singh,Male,45,36-45,3,1,Standard,2025-09-12,True
5557,Meera Iyer,Female,21,18-25,18,3,Standard,2025-02-10,True
5558,Nandini Mehta,Female,55,46-55,6,4,Standard,2025-07-07,True
5559,Manish Singh,Male,20,18-25,2,6,Premium,2025-07-31,True
5560,Nandini Singh,Female,58,56-65,27,1,Standard,2025-05-26,True
5561,Siddharth Naidu,Male,23,18-25,1,1,Standard,2025-07-02,True
5562,Kavya Rao,Female,37,36-45,30,6,Standard,2025-08-31,True
5563,Nandini Singh,Female,26,26-35,21,6,Premium,2025-11-30,True
5564,Harsh Pillai,Male,18,18-25,30,6,Premium,2025-03-08,True
5565,Meera Gupta,Female,53,46-55,19,5,Inactive,2025-08-23,False
5566,Aarav Verma,Male,30,26-35,6,1,Standard,2025-07-24,True
5567,Aarav Joshi,Male,46,46-55,2,6,Standard,2025-02-03,True
5568,Vivek Verma,Male,23,18-25,7,6,Inactive,2025-01-01,False
5569,Aditya Sharma,Male,19,18-25,14,3,VIP,2025-08-04,True
5570,Aishwarya Nair,Female,54,46-55,21,3,Standard,2025-03-13,True
5571,Meera Gupta,Female,40,36-45,2,3,Inactive,2025-05-26,False
5572,Lakshmi Verma,Female,61,56-65,28,3,VIP,2025-01-08,True
5573,Akash Rao,Male,62,56-65,19,3,Premium,2025-10-09,True
5574,Pooja Rao,Female,56,56-65,21,5,Standard,2025-04-06,True
5575,Vikram Joshi,Male,22,18-25,22,3,Standard,2025-09-29,True
5576,Harsh Patel,Male,21,18-25,26,1,Premium,2025-04-29,True
5577,Anil Gupta,Male,33,26-35,21,2,Standard,2025-12-27,True
5578,Kavya Gupta,Female,36,36-45,8,2,VIP,2025-10-31,True
5579,Pooja Gupta,Female,47,46-55,17,4,Inactive,2025-09-13,False
5580,Lakshmi Joshi,Female,21,18-25,10,4,Inactive,2025-03-08,False
5581,Meera Gupta,Female,43,36-45,24,3,Inactive,2025-09-04,False
5582,Harsh Pillai,Male,65,56-65,26,5,Premium,2025-02-22,True
5583,Karan Verma,Male,58,56-65,29,6,Standard,2025-11-02,True
5584,Divya Nair,Female,36,36-45,6,5,Standard,2025-05-07,True
5585,Karan Gupta,Male,34,26-35,5,1,Standard,2025-07-02,True
5586,Ishita Verma,Female,21,18-25,30,2,Standard,2025-01-01,True
5587,Meera Rao,Female,48,46-55,19,5,Standard,2025-09-28,True
5588,Aishwarya Nair,Female,61,56-65,12,4,Standard,2025-03-17,True
5589,Vikram Patel,Male,34,26-35,9,1,Standard,2025-01-14,True
5590,Karan Pillai,Male,59,56-65,7,1,Inactive,2025-05-03,False
5591,Ishita Gupta,Female,36,36-45,8,3,Inactive,2025-10-04,False
5592,Nandini Rao,Female,57,56-65,1,6,VIP,2025-03-05,True
5593,Akash Kumar,Male,22,18-25,21,1,Standard,2025-06-07,True
5594,Arjun Gupta,Male,50,46-55,3,3,Premium,2025-10-11,True
5595,Harsh Verma,Male,58,56-65,15,1,Standard,2025-01-15,True
5596,Ananya Das,Female,41,36-45,21,6,Standard,2025-03-08,True
5597,Meera Patel,Female,29,26-35,15,4,Standard,2025-12-03,True
5598,Rahul Singh,Male,39,36-45,15,2,Premium,2025-11-07,True
5599,Vikram Joshi,Male,49,46-55,2,4,VIP,2025-11-25,True
5600,Varun Das,Male,51,46-55,16,4,Standard,2025-11-30,True
5601,Siddharth Das,Male,57,56-65,14,2,Premium,2025-09-23,True
5602,Pooja Nair,Female,35,26-35,4,6,Standard,2025-04-25,True
5603,Shreya Joshi,Female,54,46-55,5,5,Premium,2025-11-06,True
5604,Arjun Singh,Male,40,36-45,4,3,Standard,2025-03-26,True
5605,Lakshmi Nair,Female,46,46-55,28,5,VIP,2025-02-20,True
5606,Meera Rao,Female,65,56-65,8,2,Inactive,2025-02-06,False
5607,Ishita Mehta,Female,32,26-35,3,6,Standard,2025-09-11,True
5608,Lakshmi Singh,Female,22,18-25,20,4,Premium,2025-07-14,True
5609,Meera Sharma,Female,27,26-35,4,1,Premium,2025-03-29,True
5610,Divya Singh,Female,37,36-45,22,5,Standard,2025-09-25,True
5611,Ananya Mehta,Female,18,18-25,12,1,Premium,2025-04-27,True
5612,Vivek Gupta,Male,44,36-45,7,1,Standard,2025-04-21,True
5613,Nandini Naidu,Female,42,36-45,20,2,Standard,2025-11-21,True
5614,Nikhil Pillai,Male,49,46-55,10,6,Standard,2025-04-06,True
5615,Karan Naidu,Male,50,46-55,22,5,Standard,2025-02-09,True
5616,Sneha Gupta,Female,34,26-35,25,2,Standard,2025-12-03,True
5617,Varun Rao,Male,46,46-55,20,2,Standard,2025-11-30,True
5618,Kavya Gupta,Female,56,56-65,9,1,Standard,2025-12-04,True
5619,Pooja Gupta,Female,54,46-55,25,6,Standard,2025-12-09,True
5620,Akash Nair,Male,18,18-25,19,6,Premium,2025-08-17,True
5621,Vivek Rao,Male,46,46-55,28,2,Standard,2025-06-19,True
5622,Manish Verma,Male,21,18-25,11,6,Standard,2025-06-28,True
5623,Manish Naidu,Male,25,18-25,26,1,Inactive,2025-02-15,False
5624,Shreya Kumar,Female,19,18-25,16,3,Standard,2025-07-11,True
5625,Neha Naidu,Female,22,18-25,20,4,Premium,2025-12-18,True
5626,Riya Sharma,Female,23,18-25,24,3,Standard,2025-05-20,True
5627,Harsh Reddy,Male,18,18-25,6,4,Standard,2025-07-13,True
5628,Shreya Rao,Female,44,36-45,28,6,Premium,2025-07-22,True
5629,Swati Verma,Female,30,26-35,24,2,Standard,2025-06-04,True
5630,Harsh Sharma,Male,39,36-45,1,4,Standard,2025-03-19,True
5631,Rohan Sharma,Male,57,56-65,26,3,Standard,2025-12-26,True
5632,Arjun Nair,Male,62,56-65,16,6,Standard,2025-02-20,True
5633,Nandini Rao,Female,32,26-35,28,4,Premium,2025-01-07,True
5634,Aishwarya Mehta,Female,36,36-45,6,5,VIP,2025-12-30,True
5635,Manish Naidu,Male,44,36-45,5,5,Premium,2025-11-29,True
5636,Priya Rao,Female,21,18-25,16,1,Standard,2025-07-23,True
5637,Karan Das,Male,21,18-25,8,4,Standard,2025-06-19,True
5638,Vikram Reddy,Male,25,18-25,15,6,Standard,2025-12-15,True
5639,Shreya Das,Female,45,36-45,22,2,Standard,2025-05-26,True
5640,Shreya Sharma,Female,54,46-55,30,5,Standard,2025-08-25,True
5641,Ishita Singh,Female,22,18-25,28,2,Premium,2025-09-19,True
5642,Aarav Iyer,Male,60,56-65,25,4,Standard,2025-08-29,True
5643,Nandini Das,Female,52,46-55,17,5,Premium,2025-08-22,True
5644,Ishita Singh,Female,51,46-55,24,4,Standard,2025-04-01,True
5645,Kavya Naidu,Female,50,46-55,6,6,Premium,2025-01-19,True
5646,Priya Naidu,Female,38,36-45,9,4,Standard,2025-07-01,True
5647,Arjun Mehta,Male,30,26-35,28,2,Premium,2025-12-03,True
5648,Arjun Pillai,Male,38,36-45,13,4,Standard,2025-02-03,True
5649,Ananya Iyer,Female,28,26-35,30,5,Standard,2025-07-27,True
5650,Ishita Gupta,Female,25,18-25,21,2,Standard,2025-06-16,True
5651,Siddharth Nair,Male,60,56-65,21,2,Premium,2025-12-05,True
5652,Aditya Naidu,Male,54,46-55,14,6,VIP,2025-02-13,True
5653,Arjun Naidu,Male,59,56-65,27,5,Standard,2025-02-08,True
5654,Karan Mehta,Male,55,46-55,26,1,Premium,2025-11-01,True
5655,Vikram Singh,Male,64,56-65,10,3,Standard,2025-06-27,True
5656,Aditya Reddy,Male,56,56-65,25,2,Premium,2025-09-11,True
5657,Vivek Joshi,Male,58,56-65,3,5,Inactive,2025-03-24,False
5658,Riya Pillai,Female,52,46-55,20,1,Standard,2025-08-07,True
5659,Manish Singh,Male,51,46-55,3,3,Standard,2025-11-24,True
5660,Nandini Joshi,Female,42,36-45,4,1,Standard,2025-03-19,True
5661,Sneha Sharma,Female,44,36-45,29,4,VIP,2025-06-25,True
5662,Divya Kumar,Female,35,26-35,22,1,Standard,2025-09-06,True
5663,Swati Verma,Female,29,26-35,10,1,Standard,2025-02-12,True
5664,Priya Joshi,Female,51,46-55,28,4,Standard,2025-10-13,True
5665,Sneha Mehta,Female,27,26-35,22,3,Standard,2025-08-28,True
5666,Kavya Gupta,Female,24,18-25,20,3,Premium,2025-09-17,True
5667,Rahul Rao,Male,22,18-25,20,5,Standard,2025-07-26,True
5668,Rohan Nair,Male,57,56-65,27,2,Inactive,2025-08-15,False
5669,Swati Mehta,Female,48,46-55,2,5,Standard,2025-12-14,True
5670,Karan Iyer,Male,29,26-35,8,5,Standard,2025-07-09,True
5671,Aishwarya Joshi,Female,35,26-35,9,5,Standard,2025-09-25,True
5672,Arjun Reddy,Male,38,36-45,21,3,Standard,2025-02-21,True
5673,Nandini Reddy,Female,31,26-35,20,5,Standard,2025-07-08,True
5674,Rahul Naidu,Male,31,26-35,16,3,Premium,2025-11-09,True
5675,Aishwarya Reddy,Female,47,46-55,11,2,Standard,2025-04-23,True
5676,Vikram Patel,Male,34,26-35,23,2,Standard,2025-06-28,True
5677,Riya Das,Female,45,36-45,11,4,Standard,2025-04-12,True
5678,Aditya Sharma,Male,18,18-25,14,6,Standard,2025-06-16,True
5679,Anil Nair,Male,51,46-55,6,5,Standard,2025-12-14,True
5680,Akash Singh,Male,29,26-35,12,6,Standard,2025-04-03,True
5681,Vivek Joshi,Male,65,56-65,15,1,Premium,2025-03-22,True
5682,Nandini Iyer,Female,47,46-55,24,2,Standard,2025-07-08,True
5683,Divya Kumar,Female,61,56-65,5,4,Standard,2025-12-28,True
5684,Karan Verma,Male,41,36-45,28,1,Standard,2025-03-11,True
5685,Swati Sharma,Female,31,26-35,27,3,Premium,2025-05-27,True
5686,Shreya Naidu,Female,39,36-45,25,4,Standard,2025-12-23,True
5687,Aishwarya Joshi,Female,49,46-55,3,2,Inactive,2025-10-30,False
5688,Ananya Iyer,Female,19,18-25,28,6,Inactive,2025-06-20,False
5689,Akash Kumar,Male,52,46-55,30,5,VIP,2025-04-01,True
5690,Manish Mehta,Male,32,26-35,22,5,Premium,2025-08-20,True
5691,Nandini Patel,Female,59,56-65,16,4,Standard,2025-02-28,True
5692,Manish Rao,Male,42,36-45,5,2,Standard,2025-12-03,True
5693,Harsh Nair,Male,44,36-45,27,3,Premium,2025-03-09,True
5694,Priya Patel,Female,51,46-55,2,4,Standard,2025-07-12,True
5695,Anil Joshi,Male,45,36-45,19,5,Standard,2025-11-03,True
5696,Pooja Reddy,Female,20,18-25,13,6,Standard,2025-03-19,True
5697,Arjun Singh,Male,27,26-35,19,5,Inactive,2025-07-13,False
5698,Vikram Joshi,Male,29,26-35,16,5,Standard,2025-02-24,True
5699,Rohan Singh,Male,59,56-65,7,6,Standard,2025-06-20,True
5700,Lakshmi Kumar,Female,38,36-45,21,1,Standard,2025-06-03,True
5701,Rahul Patel,Male,38,36-45,6,5,Standard,2025-12-12,True
5702,Manish Iyer,Male,50,46-55,25,5,Inactive,2025-01-16,False
5703,Arjun Naidu,Male,18,18-25,15,1,Premium,2025-04-15,True
5704,Ananya Patel,Female,44,36-45,17,1,Standard,2025-10-13,True
5705,Kavya Mehta,Female,35,26-35,7,4,Standard,2025-04-12,True
5706,Karan Pillai,Male,63,56-65,23,4,Inactive,2025-08-02,False
5707,Vivek Iyer,Male,32,26-35,25,1,Standard,2025-09-16,True
5708,Harsh Nair,Male,32,26-35,17,3,Standard,2025-10-30,True
5709,Ishita Verma,Female,39,36-45,25,4,Premium,2025-04-01,True
5710,Akash Reddy,Male,53,46-55,25,1,Standard,2025-08-30,True
5711,Shreya Kumar,Female,56,56-65,3,6,Inactive,2025-04-27,False
5712,Arjun Kumar,Male,42,36-45,12,5,Standard,2025-01-04,True
5713,Aarav Kumar,Male,61,56-65,7,1,Standard,2025-02-28,True
5714,Riya Mehta,Female,19,18-25,10,2,Premium,2025-09-10,True
5715,Divya Iyer,Female,53,46-55,3,1,Standard,2025-03-27,True
5716,Karan Patel,Male,19,18-25,28,3,Standard,2025-08-21,True
5717,Anil Singh,Male,23,18-25,18,5,Standard,2025-04-26,True
5718,Anil Sharma,Male,19,18-25,29,1,Standard,2025-04-03,True
5719,Priya Patel,Female,43,36-45,28,6,Standard,2025-11-30,True
5720,Arjun Patel,Male,60,56-65,15,1,Premium,2025-12-01,True
5721,Vivek Das,Male,37,36-45,1,1,Premium,2025-07-18,True
5722,Priya Pillai,Female,63,56-65,8,4,Standard,2025-03-15,True
5723,Sneha Sharma,Female,58,56-65,24,3,Standard,2025-10-20,True
5724,Karan Joshi,Male,31,26-35,23,6,Standard,2025-05-04,True
5725,Aditya Sharma,Male,25,18-25,13,6,Standard,2025-02-04,True
5726,Vikram Pillai,Male,54,46-55,9,4,Inactive,2025-09-06,False
5727,Aarav Naidu,Male,41,36-45,22,1,Premium,2025-02-21,True
5728,Rohan Gupta,Male,26,26-35,1,5,Standard,2025-10-28,True
5729,Vikram Sharma,Male,48,46-55,10,1,Standard,2025-10-18,True
5730,Neha Rao,Female,33,26-35,8,5,Premium,2025-04-26,True
5731,Shreya Nair,Female,30,26-35,8,5,Standard,2025-09-16,True
5732,Nikhil Sharma,Male,19,18-25,26,5,Standard,2025-12-16,True
5733,Shreya Rao,Female,20,18-25,3,6,Standard,2025-11-28,True
5734,Vikram Singh,Male,41,36-45,1,1,Standard,2025-11-21,True
5735,Nandini Pillai,Female,41,36-45,17,6,Premium,2025-05-29,True
5736,Nandini Joshi,Female,36,36-45,21,2,Standard,2025-11-27,True
5737,Rahul Patel,Male,28,26-35,1,1,Standard,2025-11-04,True
5738,Karan Joshi,Male,19,18-25,27,5,Standard,2025-06-28,True
5739,Varun Rao,Male,25,18-25,30,6,Standard,2025-08-25,True
5740,Meera Rao,Female,19,18-25,9,4,Standard,2025-03-23,True
5741,Manish Gupta,Male,50,46-55,21,3,Inactive,2025-11-06,False
5742,Pooja Singh,Female,52,46-55,29,6,Standard,2025-11-24,True
5743,Riya Kumar,Female,18,18-25,5,1,VIP,2025-10-12,True
5744,Priya Naidu,Female,19,18-25,27,2,Standard,2025-04-27,True
5745,Shreya Singh,Female,36,36-45,3,3,Standard,2025-12-30,True
5746,Priya Gupta,Female,55,46-55,30,4,Inactive,2025-06-22,False
5747,Arjun Pillai,Male,36,36-45,12,5,Standard,2025-10-14,True
5748,Aarav Kumar,Male,58,56-65,20,1,Inactive,2025-10-26,False
5749,Kavya Verma,Female,30,26-35,11,4,Inactive,2025-05-11,False
5750,Harsh Verma,Male,62,56-65,5,5,Standard,2025-02-17,True
5751,Harsh Das,Male,19,18-25,19,5,Inactive,2025-05-14,False
5752,Ananya Gupta,Female,51,46-55,4,3,Standard,2025-08-15,True
5753,Rahul Pillai,Male,30,26-35,14,1,Standard,2025-01-31,True
5754,Ananya Kumar,Female,29,26-35,12,2,Premium,2025-04-14,True
5755,Rohan Nair,Male,65,56-65,3,4,VIP,2025-10-07,True
5756,Anil Das,Male,40,36-45,10,1,Standard,2025-01-17,True
5757,Karan Patel,Male,46,46-55,20,1,Standard,2025-10-11,True
5758,Akash Reddy,Male,46,46-55,7,5,Premium,2025-11-09,True
5759,Ishita Gupta,Female,24,18-25,1,5,Standard,2025-11-30,True
5760,Neha Reddy,Female,26,26-35,26,1,Premium,2025-05-26,True
5761,Kavya Joshi,Female,44,36-45,27,4,Standard,2025-07-02,True
5762,Sneha Rao,Female,21,18-25,18,3,Inactive,2025-01-30,False
5763,Manish Pillai,Male,37,36-45,8,5,Standard,2025-08-28,True
5764,Anil Das,Male,55,46-55,29,2,Standard,2025-03-15,True
5765,Meera Rao,Female,24,18-25,9,2,Premium,2025-06-15,True
5766,Sneha Sharma,Female,33,26-35,6,6,Standard,2025-07-29,True
5767,Nandini Das,Female,25,18-25,18,1,Standard,2025-09-28,True
5768,Harsh Rao,Male,29,26-35,17,2,Premium,2025-01-22,True
5769,Aishwarya Sharma,Female,45,36-45,16,2,Premium,2025-10-05,True
5770,Harsh Sharma,Male,32,26-35,18,5,Standard,2025-08-09,True
5771,Shreya Mehta,Female,43,36-45,19,2,Premium,2025-10-25,True
5772,Nikhil Sharma,Male,39,36-45,1,4,Standard,2025-01-18,True
5773,Shreya Nair,Female,37,36-45,12,6,Premium,2025-10-30,True
5774,Anil Nair,Male,33,26-35,17,4,Standard,2025-10-10,True
5775,Aishwarya Reddy,Female,62,56-65,30,6,Premium,2025-07-31,True
5776,Neha Das,Female,38,36-45,20,4,Standard,2025-04-03,True
5777,Aishwarya Kumar,Female,63,56-65,16,2,Standard,2025-04-27,True
5778,Riya Sharma,Female,30,26-35,22,6,Standard,2025-01-21,True
5779,Neha Singh,Female,38,36-45,22,1,Inactive,2025-05-16,False
5780,Manish Patel,Male,37,36-45,7,1,Standard,2025-11-30,True
5781,Rahul Das,Male,50,46-55,15,4,Standard,2025-11-25,True
5782,Ananya Naidu,Female,40,36-45,26,6,Standard,2025-08-30,True
5783,Rahul Gupta,Male,35,26-35,6,2,Standard,2025-05-09,True
5784,Varun Patel,Male,52,46-55,2,1,Standard,2025-05-15,True
5785,Vikram Reddy,Male,30,26-35,12,6,Standard,2025-08-12,True
5786,Karan Reddy,Male,22,18-25,4,6,Inactive,2025-08-25,False
5787,Lakshmi Naidu,Female,28,26-35,1,4,Standard,2025-09-04,True
5788,Nikhil Rao,Male,37,36-45,4,3,Standard,2025-06-28,True
5789,Nandini Nair,Female,46,46-55,29,2,Standard,2025-07-22,True
5790,Ishita Kumar,Female,43,36-45,13,2,Premium,2025-01-08,True
5791,Aishwarya Iyer,Female,30,26-35,2,1,Standard,2025-08-31,True
5792,Karan Rao,Male,45,36-45,1,5,Standard,2025-12-14,True
5793,Lakshmi Reddy,Female,50,46-55,22,5,Premium,2025-03-08,True
5794,Kavya Singh,Female,63,56-65,6,5,Standard,2025-02-03,True
5795,Aishwarya Nair,Female,62,56-65,13,1,Inactive,2025-10-07,False
5796,Aishwarya Mehta,Female,45,36-45,27,2,Standard,2025-12-20,True
5797,Akash Reddy,Male,30,26-35,15,2,Standard,2025-04-14,True
5798,Vikram Rao,Male,18,18-25,21,2,Premium,2025-09-26,True
5799,Vikram Das,Male,25,18-25,21,1,Standard,2025-05-11,True
5800,Nikhil Verma,Male,30,26-35,18,6,Inactive,2025-10-12,False
5801,Rohan Naidu,Male,32,26-35,30,6,Standard,2025-12-24,True
5802,Manish Verma,Male,62,56-65,25,5,Standard,2025-06-26,True
5803,Manish Das,Male,29,26-35,12,6,Standard,2025-03-31,True
5804,Rohan Singh,Male,49,46-55,3,4,Standard,2025-09-15,True
5805,Priya Naidu,Female,64,56-65,16,5,Standard,2025-09-19,True
5806,Kavya Das,Female,18,18-25,16,2,Standard,2025-05-09,True
5807,Aarav Rao,Male,62,56-65,1,2,Standard,2025-10-02,True
5808,Rahul Iyer,Male,50,46-55,22,2,Standard,2025-11-05,True
5809,Lakshmi Gupta,Female,54,46-55,8,1,Premium,2025-04-05,True
5810,Meera Iyer,Female,24,18-25,9,4,Standard,2025-06-12,True
5811,Vivek Mehta,Male,44,36-45,19,5,Standard,2025-03-31,True
5812,Varun Kumar,Male,58,56-65,10,5,Premium,2025-02-13,True
5813,Neha Mehta,Female,61,56-65,27,2,Standard,2025-12-22,True
5814,Shreya Iyer,Female,19,18-25,3,6,Standard,2025-01-20,True
5815,Vikram Joshi,Male,22,18-25,28,2,VIP,2025-05-11,True
5816,Shreya Reddy,Female,28,26-35,2,5,Standard,2025-05-26,True
5817,Kavya Iyer,Female,39,36-45,13,2,Standard,2025-11-28,True
5818,Swati Reddy,Female,48,46-55,30,2,Standard,2025-08-20,True
5819,Neha Sharma,Female,63,56-65,14,2,Standard,2025-06-19,True
5820,Nikhil Patel,Male,44,36-45,18,5,Standard,2025-07-04,True
5821,Kavya Reddy,Female,62,56-65,14,5,Standard,2025-08-01,True
5822,Lakshmi Joshi,Female,33,26-35,22,2,Premium,2025-07-10,True
5823,Riya Reddy,Female,50,46-55,9,3,Standard,2025-09-04,True
5824,Lakshmi Iyer,Female,41,36-45,19,2,Standard,2025-06-23,True
5825,Karan Reddy,Male,52,46-55,22,5,Inactive,2025-04-09,False
5826,Kavya Nair,Female,52,46-55,29,5,Inactive,2025-04-08,False
5827,Ananya Nair,Female,26,26-35,9,3,Standard,2025-07-19,True
5828,Meera Sharma,Female,27,26-35,4,4,Standard,2025-06-20,True
5829,Anil Singh,Male,24,18-25,24,1,Inactive,2025-08-13,False
5830,Aishwarya Mehta,Female,28,26-35,19,3,Premium,2025-09-18,True
5831,Vikram Patel,Male,49,46-55,9,1,Standard,2025-10-09,True
5832,Akash Joshi,Male,42,36-45,11,3,Standard,2025-07-31,True
5833,Siddharth Pillai,Male,55,46-55,15,1,Premium,2025-09-15,True
5834,Siddharth Mehta,Male,31,26-35,22,1,Standard,2025-01-17,True
5835,Manish Verma,Male,41,36-45,19,3,Premium,2025-02-03,True
5836,Pooja Verma,Female,41,36-45,12,3,Standard,2025-04-19,True
5837,Akash Reddy,Male,18,18-25,22,6,Premium,2025-01-02,True
5838,Neha Sharma,Female,39,36-45,11,4,Premium,2025-05-26,True
5839,Aarav Das,Male,43,36-45,1,1,Premium,2025-03-01,True
5840,Lakshmi Mehta,Female,61,56-65,28,1,Standard,2025-02-10,True
5841,Neha Singh,Female,19,18-25,26,6,Standard,2025-07-11,True
5842,Ishita Verma,Female,62,56-65,19,1,Standard,2025-04-28,True
5843,Nandini Das,Female,46,46-55,11,4,Premium,2025-05-15,True
5844,Riya Sharma,Female,42,36-45,18,2,VIP,2025-08-02,True
5845,Aditya Patel,Male,33,26-35,28,5,Premium,2025-06-08,True
5846,Ishita Singh,Female,42,36-45,24,1,Premium,2025-12-17,True
5847,Akash Verma,Male,38,36-45,17,5,Standard,2025-11-24,True
5848,Rohan Singh,Male,32,26-35,10,5,Standard,2025-03-12,True
5849,Priya Naidu,Female,54,46-55,29,2,Standard,2025-03-26,True
5850,Manish Joshi,Male,56,56-65,7,1,Standard,2025-05-31,True
5851,Arjun Gupta,Male,28,26-35,3,2,Premium,2025-06-15,True
5852,Nandini Verma,Female,56,56-65,20,5,Standard,2025-04-05,True
5853,Neha Singh,Female,53,46-55,16,2,Inactive,2025-01-30,False
5854,Meera Patel,Female,44,36-45,12,4,VIP,2025-08-15,True
5855,Manish Gupta,Male,41,36-45,4,1,Standard,2025-09-06,True
5856,Shreya Singh,Female,49,46-55,20,3,Standard,2025-11-26,True
5857,Nikhil Kumar,Male,64,56-65,5,3,Standard,2025-04-22,True
5858,Priya Das,Female,44,36-45,16,3,Standard,2025-03-02,True
5859,Aarav Pillai,Male,56,56-65,10,3,Standard,2025-03-25,True
5860,Lakshmi Nair,Female,31,26-35,18,6,Standard,2025-10-29,True
5861,Neha Das,Female,35,26-35,4,2,Standard,2025-05-19,True
5862,Nandini Iyer,Female,56,56-65,19,4,Standard,2025-09-03,True
5863,Aishwarya Das,Female,23,18-25,10,1,Standard,2025-10-27,True
5864,Nikhil Joshi,Male,57,56-65,10,5,Standard,2025-05-30,True
5865,Shreya Nair,Female,29,26-35,15,1,Standard,2025-05-20,True
5866,Swati Kumar,Female,48,46-55,18,4,Standard,2025-05-10,True
5867,Nandini Gupta,Female,28,26-35,18,4,Standard,2025-06-12,True
5868,Vivek Das,Male,33,26-35,20,1,Inactive,2025-07-15,False
5869,Rohan Verma,Male,52,46-55,6,5,Inactive,2025-01-16,False
5870,Aditya Singh,Male,51,46-55,20,5,Standard,2025-01-10,True
5871,Divya Verma,Female,48,46-55,15,1,Standard,2025-01-16,True
5872,Rohan Das,Male,59,56-65,22,5,Premium,2025-11-18,True
5873,Aditya Singh,Male,46,46-55,27,5,Inactive,2025-09-02,False
5874,Riya Gupta,Female,43,36-45,27,2,VIP,2025-09-04,True
5875,Akash Singh,Male,29,26-35,14,4,Premium,2025-09-28,True
5876,Priya Singh,Female,32,26-35,26,2,Standard,2025-10-01,True
5877,Rohan Sharma,Male,30,26-35,5,6,Standard,2025-12-17,True
5878,Kavya Sharma,Female,57,56-65,9,4,Premium,2025-05-22,True
5879,Shreya Sharma,Female,38,36-45,8,4,VIP,2025-05-08,True
5880,Ishita Gupta,Female,39,36-45,10,1,Standard,2025-07-14,True
5881,Aarav Naidu,Male,52,46-55,21,1,Premium,2025-09-29,True
5882,Anil Nair,Male,50,46-55,6,5,Standard,2025-12-12,True
5883,Vivek Sharma,Male,40,36-45,8,4,Standard,2025-07-01,True
5884,Divya Singh,Female,57,56-65,14,5,Premium,2025-11-04,True
5885,Anil Patel,Male,30,26-35,3,3,Standard,2025-05-20,True
5886,Anil Rao,Male,58,56-65,15,3,Standard,2025-03-16,True
5887,Neha Iyer,Female,44,36-45,28,1,Standard,2025-08-18,True
5888,Harsh Patel,Male,32,26-35,8,3,Premium,2025-06-09,True
5889,Aarav Reddy,Male,53,46-55,9,3,Standard,2025-07-13,True
5890,Karan Pillai,Male,63,56-65,22,2,Premium,2025-07-06,True
5891,Nikhil Singh,Male,36,36-45,3,1,Standard,2025-02-02,True
5892,Lakshmi Patel,Female,60,56-65,6,6,Premium,2025-04-19,True
5893,Meera Singh,Female,41,36-45,23,3,Premium,2025-03-07,True
5894,Rohan Mehta,Male,52,46-55,9,6,Inactive,2025-08-21,False
5895,Karan Nair,Male,37,36-45,22,1,Standard,2025-09-20,True
5896,Nikhil Iyer,Male,56,56-65,4,3,Premium,2025-04-19,True
5897,Lakshmi Pillai,Female,58,56-65,9,2,Premium,2025-08-09,True
5898,Vivek Iyer,Male,60,56-65,28,4,Standard,2025-09-12,True
5899,Vivek Mehta,Male,33,26-35,26,5,Premium,2025-06-20,True
5900,Rohan Joshi,Male,34,26-35,25,1,Standard,2025-02-15,True
5901,Ananya Rao,Female,62,56-65,29,5,Standard,2025-05-14,True
5902,Harsh Rao,Male,60,56-65,30,3,Standard,2025-06-29,True
5903,Rahul Sharma,Male,43,36-45,20,1,Standard,2025-02-25,True
5904,Siddharth Mehta,Male,64,56-65,12,5,Standard,2025-03-21,True
5905,Aishwarya Mehta,Female,18,18-25,8,1,Standard,2025-06-08,True
5906,Harsh Das,Male,34,26-35,9,2,Standard,2025-05-11,True
5907,Aarav Das,Male,28,26-35,25,6,Standard,2025-07-01,True
5908,Varun Iyer,Male,49,46-55,8,1,Standard,2025-04-07,True
5909,Vivek Sharma,Male,33,26-35,25,3,Premium,2025-04-18,True
5910,Nikhil Das,Male,28,26-35,29,4,Premium,2025-12-15,True
5911,Riya Joshi,Female,41,36-45,23,3,Inactive,2025-07-15,False
5912,Anil Iyer,Male,37,36-45,20,4,Premium,2025-08-15,True
5913,Vivek Mehta,Male,32,26-35,20,2,Premium,2025-04-17,True
5914,Aarav Das,Male,61,56-65,12,1,Inactive,2025-09-16,False
5915,Riya Verma,Female,53,46-55,15,5,Inactive,2025-09-29,False
5916,Manish Pillai,Male,54,46-55,11,4,Premium,2025-09-18,True
5917,Siddharth Verma,Male,51,46-55,7,1,Standard,2025-11-05,True
5918,Nandini Rao,Female,58,56-65,21,5,Standard,2025-05-30,True
5919,Riya Mehta,Female,58,56-65,23,6,Standard,2025-05-30,True
5920,Nandini Singh,Female,28,26-35,22,3,Standard,2025-08-28,True
5921,Anil Patel,Male,28,26-35,15,1,Inactive,2025-11-24,False
5922,Pooja Iyer,Female,46,46-55,27,3,Standard,2025-01-17,True
5923,Aarav Verma,Male,39,36-45,29,6,Inactive,2025-01-24,False
5924,Neha Mehta,Female,55,46-55,30,1,VIP,2025-04-17,True
5925,Manish Singh,Male,34,26-35,30,5,VIP,2025-04-08,True
5926,Aarav Kumar,Male,37,36-45,21,3,Premium,2025-01-07,True
5927,Aishwarya Gupta,Female,24,18-25,19,4,Standard,2025-11-16,True
5928,Arjun Reddy,Male,29,26-35,2,2,Standard,2025-04-03,True
5929,Nikhil Singh,Male,57,56-65,26,6,Standard,2025-08-10,True
5930,Manish Mehta,Male,43,36-45,14,6,Standard,2025-01-15,True
5931,Swati Das,Female,32,26-35,12,2,Standard,2025-03-11,True
5932,Akash Patel,Male,24,18-25,22,2,Standard,2025-07-17,True
5933,Manish Pillai,Male,51,46-55,8,2,Standard,2025-10-19,True
5934,Aarav Pillai,Male,49,46-55,10,1,Standard,2025-07-13,True
5935,Aishwarya Sharma,Female,53,46-55,13,1,Standard,2025-12-06,True
5936,Arjun Singh,Male,49,46-55,5,2,VIP,2025-07-15,True
5937,Kavya Verma,Female,25,18-25,2,4,Standard,2025-08-09,True
5938,Meera Patel,Female,49,46-55,30,4,Premium,2025-03-26,True
5939,Vikram Reddy,Male,52,46-55,4,1,Standard,2025-11-08,True
5940,Akash Gupta,Male,34,26-35,16,5,Premium,2025-01-24,True
5941,Manish Reddy,Male,47,46-55,2,6,Standard,2025-08-27,True
5942,Swati Rao,Female,52,46-55,21,3,Standard,2025-10-31,True
5943,Anil Patel,Male,64,56-65,8,4,Premium,2025-06-13,True
5944,Riya Verma,Female,56,56-65,3,1,Premium,2025-11-13,True
5945,Nikhil Pillai,Male,48,46-55,17,3,Premium,2025-06-11,True
5946,Rohan Mehta,Male,20,18-25,18,1,Premium,2025-04-10,True
5947,Lakshmi Patel,Female,19,18-25,9,5,Standard,2025-08-26,True
5948,Aarav Sharma,Male,27,26-35,13,4,Standard,2025-06-27,True
5949,Harsh Joshi,Male,57,56-65,14,3,Standard,2025-08-06,True
5950,Akash Kumar,Male,39,36-45,3,1,Premium,2025-11-21,True
5951,Aarav Patel,Male,40,36-45,17,2,Premium,2025-03-31,True
5952,Aishwarya Gupta,Female,33,26-35,28,1,Premium,2025-05-13,True
5953,Akash Naidu,Male,62,56-65,17,6,Standard,2025-02-24,True
5954,Harsh Rao,Male,50,46-55,1,3,Premium,2025-01-31,True
5955,Pooja Gupta,Female,47,46-55,30,4,Standard,2025-08-16,True
5956,Nikhil Singh,Male,51,46-55,4,1,Premium,2025-12-04,True
5957,Neha Naidu,Female,45,36-45,8,3,Standard,2025-08-03,True
5958,Aishwarya Pillai,Female,59,56-65,15,1,Standard,2025-01-04,True
5959,Divya Singh,Female,51,46-55,21,4,VIP,2025-06-07,True
5960,Vikram Verma,Male,33,26-35,12,5,Standard,2025-10-19,True
5961,Aishwarya Gupta,Female,47,46-55,10,2,Standard,2025-08-16,True
5962,Divya Das,Female,54,46-55,21,6,Standard,2025-04-24,True
5963,Priya Singh,Female,58,56-65,29,4,Premium,2025-12-09,True
5964,Manish Verma,Male,65,56-65,27,1,Standard,2025-01-09,True
5965,Swati Gupta,Female,21,18-25,22,4,Premium,2025-06-29,True
5966,Siddharth Das,Male,42,36-45,24,6,Standard,2025-04-25,True
5967,Manish Nair,Male,49,46-55,30,4,Premium,2025-08-03,True
5968,Nikhil Reddy,Male,41,36-45,21,6,Premium,2025-12-18,True
5969,Rohan Mehta,Male,50,46-55,25,3,Standard,2025-12-16,True
5970,Karan Kumar,Male,53,46-55,24,5,Premium,2025-07-29,True
5971,Ananya Gupta,Female,30,26-35,1,5,Standard,2025-02-12,True
5972,Vikram Naidu,Male,30,26-35,9,5,Standard,2025-08-11,True
5973,Nikhil Naidu,Male,51,46-55,16,4,Premium,2025-05-08,True
5974,Shreya Kumar,Female,36,36-45,29,6,Premium,2025-08-26,True
5975,Sneha Reddy,Female,52,46-55,16,6,Standard,2025-07-28,True
5976,Shreya Nair,Female,26,26-35,20,6,Standard,2025-05-01,True
5977,Divya Verma,Female,19,18-25,20,6,Inactive,2025-03-30,False
5978,Priya Singh,Female,61,56-65,6,5,Standard,2025-06-09,True
5979,Kavya Iyer,Female,27,26-35,13,2,Premium,2025-04-25,True
5980,Vivek Naidu,Male,29,26-35,11,5,Standard,2025-10-14,True
5981,Neha Singh,Female,32,26-35,9,1,Standard,2025-08-15,True
5982,Kavya Naidu,Female,47,46-55,14,3,Premium,2025-03-08,True
5983,Neha Pillai,Female,57,56-65,13,5,Premium,2025-02-28,True
5984,Ishita Kumar,Female,22,18-25,16,3,Standard,2025-07-10,True
5985,Manish Iyer,Male,37,36-45,11,3,Standard,2025-11-17,True
5986,Ananya Gupta,Female,19,18-25,12,4,Standard,2025-09-27,True
5987,Varun Singh,Male,44,36-45,10,5,Standard,2025-04-26,True
5988,Arjun Kumar,Male,47,46-55,14,1,Premium,2025-04-11,True
5989,Ishita Nair,Female,52,46-55,6,6,Inactive,2025-03-07,False
5990,Pooja Kumar,Female,36,36-45,27,5,Standard,2025-01-08,True
5991,Anil Rao,Male,33,26-35,10,1,Premium,2025-06-30,True
5992,Neha Reddy,Female,34,26-35,4,1,Standard,2025-02-25,True
5993,Manish Reddy,Male,36,36-45,22,4,Standard,2025-12-05,True
5994,Manish Kumar,Male,54,46-55,17,6,Premium,2025-09-24,True
5995,Kavya Iyer,Female,63,56-65,1,6,Standard,2025-02-07,True
5996,Anil Verma,Male,49,46-55,23,1,Inactive,2025-07-17,False
5997,Aishwarya Pillai,Female,56,56-65,1,5,Standard,2025-05-19,True
5998,Ishita Naidu,Female,34,26-35,1,5,Standard,2025-10-03,True
5999,Rahul Das,Male,58,56-65,2,4,Standard,2025-11-13,True
6000,Pooja Iyer,Female,65,56-65,10,1,Standard,2025-08-26,True
6001,Kavya Rao,Female,26,26-35,27,4,Standard,2025-03-08,True
6002,Anil Kumar,Male,33,26-35,18,4,Standard,2025-07-31,True
6003,Aarav Iyer,Male,18,18-25,12,5,Standard,2025-03-03,True
6004,Aarav Joshi,Male,33,26-35,1,1,Standard,2025-10-03,True
6005,Akash Singh,Male,51,46-55,24,4,Premium,2025-12-02,True
6006,Aarav Naidu,Male,30,26-35,1,4,VIP,2025-10-05,True
6007,Anil Mehta,Male,45,36-45,19,6,Standard,2025-12-29,True
6008,Neha Gupta,Female,43,36-45,6,1,Standard,2025-12-23,True
6009,Siddharth Iyer,Male,21,18-25,15,1,Standard,2025-03-06,True
6010,Swati Kumar,Female,57,56-65,22,2,Standard,2025-06-07,True
6011,Manish Iyer,Male,44,36-45,7,3,Premium,2025-06-06,True
6012,Nikhil Naidu,Male,42,36-45,7,5,Premium,2025-10-04,True
6013,Meera Gupta,Female,35,26-35,20,3,Standard,2025-11-09,True
6014,Harsh Mehta,Male,65,56-65,8,2,Premium,2025-09-16,True
6015,Shreya Pillai,Female,27,26-35,29,5,Standard,2025-12-02,True
6016,Manish Iyer,Male,56,56-65,4,4,Standard,2025-06-29,True
6017,Lakshmi Iyer,Female,49,46-55,12,2,Standard,2025-10-28,True
6018,Priya Nair,Female,64,56-65,19,5,Standard,2025-12-13,True
6019,Priya Singh,Female,47,46-55,19,3,Standard,2025-01-22,True
6020,Varun Das,Male,50,46-55,20,6,Standard,2025-06-18,True
6021,Lakshmi Iyer,Female,23,18-25,26,1,Standard,2025-03-03,True
6022,Meera Kumar,Female,50,46-55,9,3,Standard,2025-09-05,True
6023,Ishita Nair,Female,20,18-25,27,1,Standard,2025-04-05,True
6024,Pooja Joshi,Female,52,46-55,27,1,Inactive,2025-09-10,False
6025,Aarav Pillai,Male,21,18-25,18,6,Standard,2025-01-11,True
6026,Siddharth Naidu,Male,49,46-55,10,2,Inactive,2025-12-03,False
6027,Shreya Rao,Female,61,56-65,5,6,Inactive,2025-03-07,False
6028,Pooja Pillai,Female,62,56-65,25,3,Standard,2025-01-13,True
6029,Neha Pillai,Female,56,56-65,24,1,Standard,2025-12-01,True
6030,Rahul Mehta,Male,31,26-35,13,2,Standard,2025-11-14,True
6031,Riya Verma,Female,61,56-65,2,1,Premium,2025-03-01,True
6032,Karan Naidu,Male,59,56-65,15,2,Standard,2025-08-06,True
6033,Siddharth Rao,Male,48,46-55,23,4,Premium,2025-09-30,True
6034,Shreya Nair,Female,47,46-55,13,2,Inactive,2025-01-28,False
6035,Aditya Verma,Male,26,26-35,22,5,Premium,2025-02-18,True
6036,Aarav Joshi,Male,62,56-65,27,4,Standard,2025-06-07,True
6037,Akash Sharma,Male,34,26-35,29,2,Standard,2025-04-10,True
6038,Aditya Mehta,Male,54,46-55,16,3,Standard,2025-08-10,True
6039,Anil Iyer,Male,48,46-55,13,3,Inactive,2025-07-04,False
6040,Pooja Kumar,Female,39,36-45,17,4,Premium,2025-10-04,True
6041,Ananya Joshi,Female,45,36-45,25,4,VIP,2025-09-02,True
6042,Manish Singh,Male,37,36-45,28,5,Standard,2025-01-27,True
6043,Rahul Rao,Male,40,36-45,9,4,Standard,2025-05-08,True
6044,Vikram Verma,Male,57,56-65,17,3,Standard,2025-11-17,True
6045,Kavya Verma,Female,18,18-25,10,1,Standard,2025-01-19,True
6046,Meera Joshi,Female,42,36-45,7,2,Standard,2025-06-21,True
6047,Vivek Reddy,Male,51,46-55,4,5,Standard,2025-10-01,True
6048,Nandini Pillai,Female,41,36-45,21,5,Standard,2025-03-25,True
6049,Siddharth Iyer,Male,24,18-25,22,2,Premium,2025-03-19,True
6050,Priya Das,Female,60,56-65,20,4,Premium,2025-02-14,True
6051,Akash Sharma,Male,24,18-25,23,6,Standard,2025-08-24,True
6052,Nandini Patel,Female,42,36-45,2,3,VIP,2025-10-31,True
6053,Ishita Kumar,Female,46,46-55,4,3,Standard,2025-05-19,True
6054,Kavya Das,Female,31,26-35,21,3,Standard,2025-09-22,True
6055,Nikhil Iyer,Male,44,36-45,3,4,Standard,2025-09-27,True
6056,Riya Verma,Female,42,36-45,10,6,Standard,2025-10-04,True
6057,Aishwarya Reddy,Female,57,56-65,14,6,Premium,2025-12-22,True
6058,Nandini Das,Female,65,56-65,2,6,Premium,2025-04-10,True
6059,Rahul Singh,Male,19,18-25,12,3,Standard,2025-02-01,True
6060,Anil Gupta,Male,52,46-55,25,3,Inactive,2025-11-15,False
6061,Divya Mehta,Female,46,46-55,14,5,Standard,2025-02-18,True
6062,Karan Iyer,Male,23,18-25,8,1,Standard,2025-04-18,True
6063,Harsh Iyer,Male,62,56-65,23,2,Premium,2025-02-25,True
6064,Nikhil Patel,Male,65,56-65,9,3,Standard,2025-04-01,True
6065,Swati Iyer,Female,21,18-25,24,2,Standard,2025-09-13,True
6066,Anil Reddy,Male,42,36-45,6,6,Premium,2025-06-20,True
6067,Anil Mehta,Male,36,36-45,20,2,Standard,2025-03-10,True
6068,Swati Sharma,Female,27,26-35,7,1,Standard,2025-01-18,True
6069,Akash Joshi,Male,22,18-25,2,4,Standard,2025-09-06,True
6070,Aishwarya Pillai,Female,36,36-45,9,2,Standard,2025-01-02,True
6071,Manish Naidu,Male,65,56-65,13,2,Standard,2025-05-23,True
6072,Nikhil Singh,Male,58,56-65,6,5,Standard,2025-09-11,True
6073,Harsh Kumar,Male,39,36-45,5,1,Premium,2025-02-15,True
6074,Meera Gupta,Female,64,56-65,8,3,Standard,2025-03-08,True
6075,Manish Singh,Male,50,46-55,12,1,Premium,2025-12-04,True
6076,Divya Rao,Female,28,26-35,13,1,Premium,2025-05-06,True
6077,Kavya Gupta,Female,48,46-55,5,2,Premium,2025-07-04,True
6078,Aarav Mehta,Male,43,36-45,29,1,Inactive,2025-04-26,False
6079,Aarav Nair,Male,41,36-45,21,5,Inactive,2025-03-11,False
6080,Pooja Pillai,Female,58,56-65,6,2,Standard,2025-01-19,True
6081,Neha Iyer,Female,60,56-65,8,2,VIP,2025-07-25,True
6082,Akash Rao,Male,55,46-55,18,1,Standard,2025-05-14,True
6083,Siddharth Das,Male,46,46-55,10,5,Standard,2025-01-22,True
6084,Vivek Rao,Male,63,56-65,12,4,Standard,2025-04-14,True
6085,Varun Das,Male,65,56-65,5,4,Standard,2025-12-11,True
6086,Ananya Nair,Female,34,26-35,15,3,Standard,2025-06-11,True
6087,Aditya Singh,Male,61,56-65,27,4,Standard,2025-11-01,True
6088,Manish Singh,Male,38,36-45,18,4,Standard,2025-12-31,True
6089,Rahul Patel,Male,28,26-35,10,2,Standard,2025-02-01,True
6090,Aishwarya Joshi,Female,22,18-25,19,1,Premium,2025-10-16,True
6091,Nandini Pillai,Female,24,18-25,24,2,Standard,2025-10-30,True
6092,Harsh Gupta,Male,23,18-25,28,3,Inactive,2025-03-17,False
6093,Vivek Kumar,Male,53,46-55,13,1,Standard,2025-03-22,True
6094,Meera Pillai,Female,25,18-25,9,1,Standard,2025-05-28,True
6095,Kavya Kumar,Female,27,26-35,9,6,Standard,2025-05-03,True
6096,Rahul Patel,Male,62,56-65,5,6,Standard,2025-04-08,True
6097,Varun Iyer,Male,56,56-65,6,5,Standard,2025-12-06,True
6098,Aditya Sharma,Male,59,56-65,19,4,Premium,2025-04-30,True
6099,Aishwarya Mehta,Female,28,26-35,20,3,Inactive,2025-03-01,False
6100,Neha Kumar,Female,55,46-55,9,6,Standard,2025-09-07,True
6101,Kavya Sharma,Female,52,46-55,25,5,Standard,2025-07-05,True
6102,Karan Reddy,Male,35,26-35,1,5,Standard,2025-01-21,True
6103,Karan Patel,Male,33,26-35,13,1,Premium,2025-03-04,True
6104,Neha Verma,Female,64,56-65,6,4,Premium,2025-04-12,True
6105,Sneha Das,Female,27,26-35,10,3,Standard,2025-10-20,True
6106,Swati Verma,Female,47,46-55,7,5,Standard,2025-06-03,True
6107,Akash Kumar,Male,22,18-25,9,4,Standard,2025-04-06,True
6108,Akash Pillai,Male,32,26-35,7,5,Standard,2025-09-14,True
6109,Sneha Joshi,Female,28,26-35,7,3,Standard,2025-03-16,True
6110,Meera Sharma,Female,55,46-55,28,6,VIP,2025-01-22,True
6111,Vikram Nair,Male,22,18-25,6,3,Standard,2025-10-30,True
6112,Vikram Mehta,Male,41,36-45,13,4,Standard,2025-11-27,True
6113,Siddharth Joshi,Male,32,26-35,29,6,Standard,2025-08-01,True
6114,Nikhil Das,Male,62,56-65,7,2,Standard,2025-02-27,True
6115,Lakshmi Patel,Female,39,36-45,18,6,Premium,2025-04-17,True
6116,Divya Gupta,Female,55,46-55,12,5,Premium,2025-11-09,True
6117,Aditya Patel,Male,20,18-25,19,6,Standard,2025-09-04,True
6118,Ishita Rao,Female,21,18-25,17,6,Inactive,2025-06-26,False
6119,Sneha Patel,Female,29,26-35,24,6,Standard,2025-09-04,True
6120,Akash Singh,Male,22,18-25,18,4,Standard,2025-06-02,True
6121,Meera Verma,Female,36,36-45,15,6,Standard,2025-11-14,True
6122,Vikram Iyer,Male,33,26-35,24,3,Inactive,2025-07-14,False
6123,Ananya Iyer,Female,58,56-65,25,4,Standard,2025-03-13,True
6124,Nandini Pillai,Female,60,56-65,1,6,Premium,2025-12-13,True
6125,Riya Mehta,Female,58,56-65,22,6,Standard,2025-02-26,True
6126,Anil Mehta,Male,41,36-45,12,6,Standard,2025-02-06,True
6127,Karan Gupta,Male,44,36-45,15,4,Standard,2025-11-28,True
6128,Ananya Joshi,Female,38,36-45,19,4,Standard,2025-04-13,True
6129,Nandini Nair,Female,28,26-35,27,3,Standard,2025-04-12,True
6130,Aarav Singh,Male,38,36-45,9,6,Standard,2025-07-28,True
6131,Vikram Patel,Male,37,36-45,28,1,Premium,2025-04-17,True
6132,Priya Rao,Female,27,26-35,29,6,Premium,2025-01-23,True
6133,Aditya Gupta,Male,44,36-45,18,2,Standard,2025-07-06,True
6134,Nikhil Reddy,Male,65,56-65,6,2,Inactive,2025-03-25,False
6135,Kavya Das,Female,46,46-55,10,4,Standard,2025-08-13,True
6136,Kavya Nair,Female,28,26-35,17,4,Premium,2025-01-19,True
6137,Meera Joshi,Female,19,18-25,15,5,Standard,2025-02-05,True
6138,Arjun Kumar,Male,36,36-45,27,3,Standard,2025-07-20,True
6139,Sneha Reddy,Female,25,18-25,24,5,Premium,2025-12-01,True
6140,Aarav Nair,Male,34,26-35,19,1,Standard,2025-02-01,True
6141,Sneha Joshi,Female,30,26-35,23,1,Premium,2025-10-19,True
6142,Aarav Nair,Male,54,46-55,20,2,VIP,2025-05-29,True
6143,Anil Nair,Male,23,18-25,5,1,Standard,2025-05-21,True
6144,Arjun Sharma,Male,40,36-45,12,1,Standard,2025-09-25,True
6145,Divya Rao,Female,20,18-25,13,4,Standard,2025-07-03,True
6146,Vikram Reddy,Male,34,26-35,17,2,Standard,2025-07-26,True
6147,Siddharth Rao,Male,25,18-25,9,6,Standard,2025-01-27,True
6148,Arjun Rao,Male,32,26-35,18,4,VIP,2025-03-04,True
6149,Arjun Naidu,Male,63,56-65,14,2,Standard,2025-02-19,True
6150,Aishwarya Mehta,Female,41,36-45,20,2,Standard,2025-02-23,True
6151,Pooja Sharma,Female,58,56-65,9,6,Standard,2025-06-12,True
6152,Aishwarya Reddy,Female,62,56-65,2,4,Premium,2025-04-06,True
6153,Aarav Verma,Male,27,26-35,11,6,Standard,2025-06-06,True
6154,Nandini Joshi,Female,65,56-65,6,3,Inactive,2025-10-08,False
6155,Swati Mehta,Female,20,18-25,24,5,Standard,2025-06-12,True
6156,Vivek Patel,Male,44,36-45,2,1,Premium,2025-10-26,True
6157,Harsh Reddy,Male,55,46-55,4,6,Premium,2025-01-14,True
6158,Rahul Pillai,Male,64,56-65,28,5,Premium,2025-10-28,True
6159,Manish Joshi,Male,59,56-65,6,5,Premium,2025-06-06,True
6160,Aditya Joshi,Male,55,46-55,28,3,Premium,2025-05-16,True
6161,Vikram Joshi,Male,39,36-45,27,1,Standard,2025-11-27,True
6162,Varun Patel,Male,52,46-55,30,6,Standard,2025-07-21,True
6163,Lakshmi Nair,Female,53,46-55,3,1,Standard,2025-03-29,True
6164,Nikhil Naidu,Male,47,46-55,5,3,Premium,2025-09-10,True
6165,Shreya Das,Female,51,46-55,8,6,Standard,2025-02-04,True
6166,Varun Sharma,Male,50,46-55,23,2,Standard,2025-11-09,True
6167,Manish Rao,Male,23,18-25,23,6,Standard,2025-02-19,True
6168,Shreya Das,Female,29,26-35,2,5,Standard,2025-08-10,True
6169,Priya Pillai,Female,63,56-65,13,6,Standard,2025-03-19,True
6170,Swati Reddy,Female,61,56-65,5,4,Premium,2025-01-30,True
6171,Ishita Singh,Female,25,18-25,3,1,Standard,2025-05-03,True
6172,Nikhil Das,Male,29,26-35,22,6,VIP,2025-07-20,True
6173,Aishwarya Mehta,Female,44,36-45,1,5,Premium,2025-04-16,True
6174,Vivek Das,Male,56,56-65,21,3,Standard,2025-07-27,True
6175,Neha Sharma,Female,63,56-65,11,3,Standard,2025-11-29,True
6176,Aditya Pillai,Male,21,18-25,22,5,Standard,2025-08-02,True
6177,Aditya Sharma,Male,62,56-65,23,5,Premium,2025-06-29,True
6178,Lakshmi Singh,Female,36,36-45,10,1,Premium,2025-02-04,True
6179,Vikram Patel,Male,44,36-45,3,4,Standard,2025-04-03,True
6180,Varun Singh,Male,23,18-25,19,1,Standard,2025-06-08,True
6181,Karan Verma,Male,51,46-55,9,5,Standard,2025-02-17,True
6182,Shreya Nair,Female,54,46-55,27,6,Standard,2025-09-02,True
6183,Shreya Rao,Female,41,36-45,1,6,Inactive,2025-01-21,False
6184,Aishwarya Pillai,Female,49,46-55,11,6,Premium,2025-02-23,True
6185,Nandini Verma,Female,40,36-45,21,6,Premium,2025-11-14,True
6186,Ananya Joshi,Female,52,46-55,8,5,Premium,2025-10-26,True
6187,Rohan Singh,Male,49,46-55,10,5,Premium,2025-07-22,True
6188,Pooja Pillai,Female,31,26-35,25,3,Inactive,2025-06-11,False
6189,Vikram Gupta,Male,62,56-65,16,3,Premium,2025-09-12,True
6190,Akash Reddy,Male,28,26-35,2,4,Premium,2025-01-14,True
6191,Varun Iyer,Male,23,18-25,28,1,Standard,2025-03-15,True
6192,Akash Kumar,Male,33,26-35,9,1,Standard,2025-11-02,True
6193,Siddharth Verma,Male,40,36-45,16,6,Premium,2025-07-01,True
6194,Anil Singh,Male,43,36-45,3,5,Premium,2025-05-14,True
6195,Kavya Naidu,Female,56,56-65,2,3,Standard,2025-12-10,True
6196,Swati Reddy,Female,45,36-45,21,2,Standard,2025-08-27,True
6197,Sneha Singh,Female,24,18-25,1,3,Standard,2025-01-20,True
6198,Nikhil Singh,Male,19,18-25,24,2,Standard,2025-07-31,True
6199,Swati Rao,Female,55,46-55,5,1,Standard,2025-07-16,True
6200,Lakshmi Nair,Female,57,56-65,19,2,Standard,2025-08-19,True
6201,Pooja Patel,Female,56,56-65,3,5,Standard,2025-05-31,True
6202,Neha Reddy,Female,58,56-65,10,3,Premium,2025-04-25,True
6203,Lakshmi Patel,Female,42,36-45,25,6,Standard,2025-02-01,True
6204,Shreya Rao,Female,32,26-35,25,6,Standard,2025-07-20,True
6205,Arjun Iyer,Male,63,56-65,7,6,Premium,2025-01-09,True
6206,Rahul Nair,Male,55,46-55,6,6,Premium,2025-06-25,True
6207,Vivek Patel,Male,36,36-45,13,6,Inactive,2025-02-10,False
6208,Priya Mehta,Female,28,26-35,4,4,Premium,2025-09-25,True
6209,Ananya Reddy,Female,19,18-25,13,4,Standard,2025-11-15,True
6210,Divya Gupta,Female,28,26-35,23,3,Standard,2025-08-04,True
6211,Divya Kumar,Female,54,46-55,7,5,Standard,2025-11-23,True
6212,Manish Gupta,Male,37,36-45,24,3,Standard,2025-04-30,True
6213,Aishwarya Iyer,Female,30,26-35,24,3,Premium,2025-07-19,True
6214,Akash Reddy,Male,34,26-35,10,5,VIP,2025-03-12,True
6215,Riya Rao,Female,32,26-35,6,6,Premium,2025-02-09,True
6216,Meera Naidu,Female,30,26-35,1,4,Premium,2025-02-23,True
6217,Harsh Nair,Male,63,56-65,17,6,Standard,2025-01-12,True
6218,Aditya Sharma,Male,50,46-55,23,6,Premium,2025-05-03,True
6219,Riya Rao,Female,22,18-25,6,5,Standard,2025-11-27,True
6220,Pooja Nair,Female,23,18-25,17,2,Standard,2025-09-24,True
6221,Vikram Gupta,Male,49,46-55,25,6,Premium,2025-01-13,True
6222,Riya Naidu,Female,37,36-45,8,5,Standard,2025-04-13,True
6223,Nandini Gupta,Female,21,18-25,21,6,Standard,2025-08-08,True
6224,Shreya Pillai,Female,39,36-45,11,1,Standard,2025-06-13,True
6225,Riya Naidu,Female,58,56-65,21,4,Standard,2025-07-20,True
6226,Aishwarya Patel,Female,42,36-45,3,3,Standard,2025-05-24,True
6227,Aditya Mehta,Male,23,18-25,27,4,Standard,2025-06-11,True
6228,Neha Joshi,Female,22,18-25,21,3,Premium,2025-12-20,True
6229,Nikhil Nair,Male,59,56-65,8,4,Standard,2025-08-16,True
6230,Nikhil Verma,Male,61,56-65,12,6,Standard,2025-07-18,True
6231,Vikram Pillai,Male,43,36-45,1,1,Standard,2025-02-14,True
6232,Kavya Sharma,Female,64,56-65,2,1,Standard,2025-06-17,True
6233,Meera Iyer,Female,30,26-35,29,6,Standard,2025-08-07,True
6234,Varun Iyer,Male,33,26-35,21,5,Standard,2025-06-18,True
6235,Ananya Kumar,Female,32,26-35,10,4,Standard,2025-02-28,True
6236,Varun Nair,Male,60,56-65,29,1,Standard,2025-03-25,True
6237,Nandini Rao,Female,59,56-65,25,4,Inactive,2025-04-03,False
6238,Anil Gupta,Male,42,36-45,16,3,Standard,2025-05-09,True
6239,Meera Pillai,Female,34,26-35,1,2,Standard,2025-09-19,True
6240,Siddharth Verma,Male,41,36-45,20,3,Standard,2025-06-02,True
6241,Rahul Gupta,Male,21,18-25,28,5,Standard,2025-05-12,True
6242,Shreya Pillai,Female,43,36-45,12,5,Standard,2025-11-09,True
6243,Arjun Iyer,Male,64,56-65,21,4,Standard,2025-11-07,True
6244,Vivek Verma,Male,21,18-25,9,2,Standard,2025-03-17,True
6245,Priya Pillai,Female,40,36-45,25,6,Standard,2025-11-29,True
6246,Aishwarya Sharma,Female,26,26-35,27,5,Standard,2025-05-03,True
6247,Kavya Nair,Female,29,26-35,26,3,Standard,2025-05-13,True
6248,Vikram Joshi,Male,45,36-45,17,5,Premium,2025-11-18,True
6249,Akash Joshi,Male,46,46-55,13,2,Premium,2025-12-03,True
6250,Varun Kumar,Male,37,36-45,15,4,Standard,2025-10-09,True
6251,Aishwarya Verma,Female,52,46-55,3,3,Standard,2025-07-26,True
6252,Arjun Joshi,Male,49,46-55,7,4,Inactive,2025-02-13,False
6253,Nikhil Iyer,Male,64,56-65,16,2,Standard,2025-11-24,True
6254,Anil Reddy,Male,54,46-55,23,1,Standard,2025-03-03,True
6255,Sneha Nair,Female,65,56-65,22,6,Premium,2025-09-25,True
6256,Shreya Naidu,Female,43,36-45,6,6,Standard,2025-06-09,True
6257,Ishita Gupta,Female,58,56-65,6,2,Standard,2025-10-10,True
6258,Shreya Sharma,Female,61,56-65,15,1,Standard,2025-11-23,True
6259,Divya Gupta,Female,54,46-55,12,4,Standard,2025-10-02,True
6260,Swati Kumar,Female,30,26-35,11,2,Standard,2025-01-14,True
6261,Vikram Mehta,Male,22,18-25,8,4,Standard,2025-03-07,True
6262,Shreya Pillai,Female,24,18-25,3,3,Standard,2025-04-06,True
6263,Arjun Iyer,Male,25,18-25,27,5,Standard,2025-11-06,True
6264,Varun Pillai,Male,19,18-25,14,4,Standard,2025-12-08,True
6265,Vivek Pillai,Male,25,18-25,7,1,Standard,2025-06-02,True
6266,Aishwarya Iyer,Female,30,26-35,7,4,Standard,2025-06-15,True
6267,Vivek Patel,Male,41,36-45,8,2,Premium,2025-03-31,True
6268,Aarav Reddy,Male,28,26-35,11,3,Standard,2025-11-02,True
6269,Vikram Das,Male,55,46-55,22,5,Standard,2025-08-18,True
6270,Ananya Patel,Female,24,18-25,23,4,Standard,2025-12-03,True
6271,Aditya Iyer,Male,30,26-35,6,1,Standard,2025-04-21,True
6272,Kavya Rao,Female,42,36-45,26,2,Premium,2025-11-12,True
6273,Karan Iyer,Male,45,36-45,8,4,Premium,2025-12-09,True
6274,Swati Nair,Female,55,46-55,17,1,Standard,2025-04-10,True
6275,Harsh Singh,Male,46,46-55,25,2,Standard,2025-07-13,True
6276,Vikram Kumar,Male,55,46-55,10,2,Premium,2025-02-09,True
6277,Siddharth Pillai,Male,29,26-35,9,4,Standard,2025-11-19,True
6278,Ananya Singh,Female,56,56-65,22,4,Standard,2025-10-22,True
6279,Akash Verma,Male,26,26-35,28,1,Premium,2025-04-21,True
6280,Nikhil Das,Male,57,56-65,17,2,Premium,2025-11-02,True
6281,Arjun Rao,Male,18,18-25,25,6,Inactive,2025-12-13,False
6282,Ishita Rao,Female,37,36-45,16,4,Standard,2025-02-01,True
6283,Divya Sharma,Female,33,26-35,2,3,Premium,2025-01-04,True
6284,Meera Joshi,Female,35,26-35,28,4,Standard,2025-12-25,True
6285,Arjun Pillai,Male,35,26-35,7,2,Premium,2025-09-10,True
6286,Aishwarya Kumar,Female,24,18-25,24,1,VIP,2025-05-17,True
6287,Ishita Gupta,Female,65,56-65,21,6,Standard,2025-12-16,True
6288,Ishita Joshi,Female,24,18-25,20,4,VIP,2025-11-15,True
6289,Siddharth Pillai,Male,22,18-25,8,4,Standard,2025-08-02,True
6290,Swati Das,Female,26,26-35,1,3,Inactive,2025-06-04,False
6291,Harsh Singh,Male,19,18-25,29,5,Inactive,2025-02-08,False
6292,Nandini Iyer,Female,18,18-25,4,1,VIP,2025-12-05,True
6293,Nikhil Singh,Male,19,18-25,20,4,Standard,2025-07-06,True
6294,Manish Nair,Male,56,56-65,16,2,Standard,2025-10-26,True
6295,Ananya Reddy,Female,41,36-45,7,3,Standard,2025-01-15,True
6296,Aishwarya Kumar,Female,40,36-45,14,6,Standard,2025-10-15,True
6297,Vivek Mehta,Male,37,36-45,20,4,Standard,2025-10-10,True
6298,Pooja Rao,Female,24,18-25,22,4,Standard,2025-05-25,True
6299,Vivek Rao,Male,58,56-65,29,4,Standard,2025-05-29,True
6300,Arjun Naidu,Male,58,56-65,19,2,Standard,2025-11-17,True
6301,Rohan Iyer,Male,59,56-65,25,5,Standard,2025-07-24,True
6302,Shreya Gupta,Female,19,18-25,20,6,Inactive,2025-03-21,False
6303,Akash Naidu,Male,39,36-45,22,5,Standard,2025-01-22,True
6304,Swati Patel,Female,56,56-65,9,2,Standard,2025-09-21,True
6305,Aditya Mehta,Male,52,46-55,27,6,Standard,2025-04-13,True
6306,Rohan Verma,Male,19,18-25,7,4,Premium,2025-03-20,True
6307,Aditya Iyer,Male,53,46-55,14,5,Standard,2025-07-01,True
6308,Nikhil Sharma,Male,47,46-55,9,5,Standard,2025-04-07,True
6309,Ananya Joshi,Female,55,46-55,12,6,Premium,2025-01-08,True
6310,Ananya Joshi,Female,22,18-25,18,1,Premium,2025-07-17,True
6311,Varun Naidu,Male,20,18-25,1,1,Inactive,2025-09-21,False
6312,Kavya Joshi,Female,60,56-65,4,6,VIP,2025-03-11,True
6313,Manish Nair,Male,50,46-55,30,1,Premium,2025-05-26,True
6314,Sneha Rao,Female,38,36-45,29,2,Standard,2025-06-15,True
6315,Neha Reddy,Female,35,26-35,9,1,Inactive,2025-12-06,False
6316,Ananya Reddy,Female,21,18-25,20,2,Standard,2025-03-16,True
6317,Priya Verma,Female,45,36-45,4,1,Premium,2025-09-21,True
6318,Rahul Nair,Male,63,56-65,2,5,Standard,2025-03-11,True
6319,Nandini Reddy,Female,26,26-35,4,4,Standard,2025-10-16,True
6320,Divya Reddy,Female,62,56-65,28,6,Standard,2025-03-26,True
6321,Rohan Joshi,Male,19,18-25,4,4,Premium,2025-06-22,True
6322,Meera Singh,Female,59,56-65,15,2,Standard,2025-11-28,True
6323,Karan Iyer,Male,37,36-45,4,3,Standard,2025-03-28,True
6324,Harsh Iyer,Male,19,18-25,24,4,Standard,2025-01-29,True
6325,Aishwarya Iyer,Female,61,56-65,28,6,Standard,2025-06-25,True
6326,Ananya Das,Female,64,56-65,9,2,Standard,2025-10-06,True
6327,Karan Kumar,Male,39,36-45,15,4,Standard,2025-09-14,True
6328,Sneha Verma,Female,36,36-45,30,1,Inactive,2025-07-10,False
6329,Anil Naidu,Male,40,36-45,24,4,Inactive,2025-10-21,False
6330,Aditya Rao,Male,39,36-45,3,5,Standard,2025-07-08,True
6331,Siddharth Singh,Male,34,26-35,8,6,Standard,2025-09-05,True
6332,Rahul Iyer,Male,37,36-45,5,3,Standard,2025-11-26,True
6333,Siddharth Iyer,Male,21,18-25,22,2,Standard,2025-02-08,True
6334,Sneha Singh,Female,38,36-45,25,1,Standard,2025-05-15,True
6335,Aarav Nair,Male,58,56-65,11,4,Standard,2025-05-06,True
6336,Vikram Rao,Male,42,36-45,5,6,Standard,2025-01-31,True
6337,Vikram Pillai,Male,22,18-25,8,1,Standard,2025-02-03,True
6338,Neha Nair,Female,37,36-45,6,1,Standard,2025-09-02,True
6339,Vivek Rao,Male,39,36-45,22,5,Standard,2025-09-02,True
6340,Ananya Gupta,Female,26,26-35,14,1,Standard,2025-07-24,True
6341,Ishita Das,Female,65,56-65,17,4,Standard,2025-12-10,True
6342,Meera Mehta,Female,37,36-45,3,1,Standard,2025-08-18,True
6343,Riya Nair,Female,57,56-65,20,4,Premium,2025-12-28,True
6344,Aishwarya Patel,Female,54,46-55,14,5,Standard,2025-02-27,True
6345,Siddharth Pillai,Male,36,36-45,16,3,Premium,2025-07-02,True
6346,Rahul Sharma,Male,24,18-25,3,2,Premium,2025-09-05,True
6347,Nikhil Nair,Male,27,26-35,5,6,Standard,2025-04-25,True
6348,Manish Joshi,Male,26,26-35,7,5,Standard,2025-04-19,True
6349,Karan Naidu,Male,22,18-25,14,4,Standard,2025-12-07,True
6350,Kavya Gupta,Female,37,36-45,30,4,Standard,2025-02-28,True
6351,Siddharth Iyer,Male,63,56-65,19,3,Premium,2025-03-02,True
6352,Shreya Iyer,Female,47,46-55,5,2,Premium,2025-09-11,True
6353,Aditya Gupta,Male,41,36-45,30,5,Standard,2025-06-04,True
6354,Rohan Singh,Male,29,26-35,24,3,Standard,2025-05-27,True
6355,Swati Das,Female,31,26-35,15,1,Standard,2025-10-10,True
6356,Pooja Pillai,Female,19,18-25,17,6,Standard,2025-08-24,True
6357,Arjun Naidu,Male,49,46-55,17,3,Standard,2025-01-31,True
6358,Nikhil Verma,Male,34,26-35,25,5,Standard,2025-06-07,True
6359,Varun Das,Male,31,26-35,13,4,Standard,2025-06-08,True
6360,Riya Joshi,Female,47,46-55,4,1,Standard,2025-02-04,True
6361,Nikhil Verma,Male,63,56-65,15,6,Premium,2025-08-26,True
6362,Ishita Singh,Female,46,46-55,17,6,Premium,2025-08-25,True
6363,Nikhil Patel,Male,59,56-65,21,6,Standard,2025-09-24,True
6364,Aditya Singh,Male,49,46-55,11,3,Standard,2025-06-21,True
6365,Meera Mehta,Female,58,56-65,12,3,Standard,2025-11-23,True
6366,Nikhil Verma,Male,56,56-65,26,6,Premium,2025-11-25,True
6367,Vivek Nair,Male,58,56-65,21,3,Standard,2025-01-11,True
6368,Varun Patel,Male,24,18-25,25,3,Standard,2025-06-29,True
6369,Arjun Gupta,Male,29,26-35,19,6,Standard,2025-12-20,True
6370,Vikram Sharma,Male,41,36-45,12,3,Premium,2025-03-25,True
6371,Nandini Pillai,Female,24,18-25,16,4,Standard,2025-08-09,True
6372,Sneha Naidu,Female,59,56-65,13,3,Inactive,2025-05-19,False
6373,Varun Nair,Male,27,26-35,17,6,Standard,2025-04-05,True
6374,Aarav Nair,Male,22,18-25,1,4,Standard,2025-01-22,True
6375,Sneha Singh,Female,39,36-45,6,6,Premium,2025-12-18,True
6376,Nikhil Nair,Male,50,46-55,15,4,Standard,2025-04-29,True
6377,Sneha Rao,Female,20,18-25,2,5,Standard,2025-03-02,True
6378,Neha Joshi,Female,57,56-65,7,2,Premium,2025-08-05,True
6379,Ananya Singh,Female,54,46-55,13,6,Premium,2025-06-21,True
6380,Kavya Gupta,Female,40,36-45,5,2,Standard,2025-05-16,True
6381,Arjun Naidu,Male,65,56-65,1,1,Standard,2025-01-17,True
6382,Shreya Singh,Female,65,56-65,2,3,Premium,2025-03-15,True
6383,Rahul Reddy,Male,41,36-45,4,6,Inactive,2025-08-27,False
6384,Priya Das,Female,42,36-45,16,5,Premium,2025-07-28,True
6385,Aditya Iyer,Male,45,36-45,12,2,Standard,2025-04-19,True
6386,Lakshmi Kumar,Female,29,26-35,2,4,Premium,2025-04-22,True
6387,Harsh Gupta,Male,20,18-25,30,4,Standard,2025-10-15,True
6388,Kavya Das,Female,56,56-65,28,3,Inactive,2025-10-18,False
6389,Nikhil Singh,Male,49,46-55,30,3,Premium,2025-01-17,True
6390,Varun Mehta,Male,43,36-45,29,6,Standard,2025-09-29,True
6391,Aishwarya Naidu,Female,50,46-55,25,5,Standard,2025-04-16,True
6392,Manish Rao,Male,29,26-35,22,5,Standard,2025-04-24,True
6393,Lakshmi Kumar,Female,27,26-35,7,4,Standard,2025-05-27,True
6394,Karan Gupta,Male,33,26-35,21,2,Standard,2025-11-09,True
6395,Divya Nair,Female,44,36-45,2,3,Premium,2025-03-28,True
6396,Priya Singh,Female,64,56-65,24,3,Standard,2025-08-28,True
6397,Rohan Gupta,Male,55,46-55,19,4,Standard,2025-06-02,True
6398,Priya Joshi,Female,42,36-45,20,6,Standard,2025-12-09,True
6399,Priya Sharma,Female,27,26-35,20,4,Standard,2025-07-07,True
6400,Kavya Reddy,Female,55,46-55,24,1,Standard,2025-09-08,True
6401,Nandini Sharma,Female,28,26-35,20,6,Premium,2025-01-17,True
6402,Ananya Patel,Female,38,36-45,14,2,Standard,2025-04-06,True
6403,Neha Gupta,Female,35,26-35,25,3,Inactive,2025-07-23,False
6404,Vikram Iyer,Male,40,36-45,28,1,Standard,2025-07-27,True
6405,Riya Singh,Female,64,56-65,8,2,Standard,2025-09-06,True
6406,Harsh Reddy,Male,22,18-25,27,4,Standard,2025-06-27,True
6407,Manish Verma,Male,29,26-35,26,5,Standard,2025-03-13,True
6408,Rahul Naidu,Male,56,56-65,5,3,Standard,2025-10-10,True
6409,Pooja Mehta,Female,48,46-55,30,4,Standard,2025-12-14,True
6410,Sneha Kumar,Female,60,56-65,9,3,Premium,2025-09-24,True
6411,Karan Singh,Male,18,18-25,16,5,Standard,2025-12-06,True
6412,Ananya Iyer,Female,30,26-35,24,2,Standard,2025-11-22,True
6413,Aditya Pillai,Male,58,56-65,19,2,Standard,2025-07-27,True
6414,Meera Iyer,Female,19,18-25,18,1,Standard,2025-06-21,True
6415,Aarav Sharma,Male,21,18-25,6,2,Standard,2025-11-12,True
6416,Nikhil Singh,Male,60,56-65,27,1,Premium,2025-11-13,True
6417,Akash Sharma,Male,33,26-35,29,2,Standard,2025-03-14,True
6418,Rohan Mehta,Male,48,46-55,10,4,Standard,2025-10-19,True
6419,Siddharth Kumar,Male,58,56-65,5,6,Premium,2025-09-15,True
6420,Nandini Das,Female,38,36-45,9,2,Standard,2025-03-06,True
6421,Nikhil Joshi,Male,33,26-35,13,6,VIP,2025-04-20,True
6422,Harsh Nair,Male,19,18-25,22,4,Premium,2025-02-13,True
6423,Ishita Iyer,Female,24,18-25,21,6,Standard,2025-09-14,True
6424,Siddharth Mehta,Male,50,46-55,27,1,Standard,2025-02-01,True
6425,Ananya Das,Female,31,26-35,8,4,Standard,2025-05-18,True
6426,Pooja Pillai,Female,26,26-35,6,4,Standard,2025-07-19,True
6427,Aishwarya Mehta,Female,26,26-35,23,6,Standard,2025-04-05,True
6428,Arjun Mehta,Male,38,36-45,12,2,Standard,2025-02-19,True
6429,Ishita Pillai,Female,55,46-55,7,2,Premium,2025-05-10,True
6430,Priya Reddy,Female,63,56-65,22,4,Premium,2025-02-05,True
6431,Ananya Iyer,Female,43,36-45,6,3,Premium,2025-02-24,True
6432,Rohan Das,Male,45,36-45,14,6,Premium,2025-06-24,True
6433,Pooja Pillai,Female,27,26-35,21,5,Premium,2025-09-03,True
6434,Manish Reddy,Male,50,46-55,3,2,Inactive,2025-03-10,False
6435,Varun Kumar,Male,30,26-35,24,5,Premium,2025-10-03,True
6436,Neha Rao,Female,41,36-45,28,1,Premium,2025-08-10,True
6437,Lakshmi Mehta,Female,22,18-25,13,4,Premium,2025-11-29,True
6438,Pooja Das,Female,57,56-65,25,5,VIP,2025-07-14,True
6439,Ishita Verma,Female,43,36-45,2,6,Standard,2025-05-21,True
6440,Ishita Joshi,Female,54,46-55,26,3,Premium,2025-05-01,True
6441,Meera Sharma,Female,65,56-65,9,2,Standard,2025-03-21,True
6442,Ishita Reddy,Female,44,36-45,5,4,Standard,2025-08-29,True
6443,Swati Naidu,Female,35,26-35,5,2,Premium,2025-12-15,True
6444,Sneha Gupta,Female,24,18-25,26,6,Premium,2025-04-09,True
6445,Manish Joshi,Male,61,56-65,19,1,Inactive,2025-05-12,False
6446,Aishwarya Reddy,Female,47,46-55,11,1,Standard,2025-07-07,True
6447,Nikhil Iyer,Male,38,36-45,1,5,Standard,2025-08-31,True
6448,Aarav Nair,Male,38,36-45,7,6,Inactive,2025-02-14,False
6449,Aditya Gupta,Male,45,36-45,24,2,Inactive,2025-12-29,False
6450,Aishwarya Reddy,Female,62,56-65,15,1,VIP,2025-02-03,True
6451,Aishwarya Naidu,Female,30,26-35,25,3,Standard,2025-12-26,True
6452,Nandini Nair,Female,31,26-35,8,6,Premium,2025-03-27,True
6453,Kavya Reddy,Female,49,46-55,26,4,VIP,2025-12-19,True
6454,Aarav Singh,Male,52,46-55,5,5,Inactive,2025-10-31,False
6455,Pooja Mehta,Female,53,46-55,23,1,Standard,2025-06-05,True
6456,Shreya Reddy,Female,61,56-65,18,4,Standard,2025-02-21,True
6457,Karan Joshi,Male,29,26-35,12,3,Standard,2025-06-04,True
6458,Aishwarya Joshi,Female,44,36-45,11,1,Premium,2025-08-11,True
6459,Harsh Patel,Male,44,36-45,15,6,Standard,2025-08-09,True
6460,Karan Pillai,Male,18,18-25,11,3,Standard,2025-01-11,True
6461,Riya Gupta,Female,62,56-65,27,2,Standard,2025-09-13,True
6462,Shreya Sharma,Female,44,36-45,20,3,Inactive,2025-02-09,False
6463,Arjun Verma,Male,51,46-55,27,5,Standard,2025-12-18,True
6464,Ishita Mehta,Female,46,46-55,5,5,VIP,2025-01-27,True
6465,Priya Iyer,Female,45,36-45,6,5,Standard,2025-02-24,True
6466,Lakshmi Verma,Female,53,46-55,30,6,Premium,2025-10-13,True
6467,Swati Nair,Female,49,46-55,9,1,Premium,2025-11-08,True
6468,Manish Rao,Male,40,36-45,8,1,Standard,2025-01-01,True
6469,Neha Pillai,Female,24,18-25,14,1,Standard,2025-05-20,True
6470,Rohan Das,Male,47,46-55,5,4,Standard,2025-08-14,True
6471,Nandini Das,Female,58,56-65,2,5,Standard,2025-07-02,True
6472,Siddharth Rao,Male,43,36-45,7,4,Standard,2025-09-18,True
6473,Meera Rao,Female,28,26-35,17,5,Standard,2025-04-18,True
6474,Siddharth Das,Male,45,36-45,16,5,Premium,2025-06-08,True
6475,Anil Rao,Male,52,46-55,23,6,Standard,2025-02-25,True
6476,Lakshmi Mehta,Female,47,46-55,14,2,Standard,2025-07-20,True
6477,Rahul Rao,Male,63,56-65,21,6,Inactive,2025-04-27,False
6478,Swati Singh,Female,30,26-35,14,4,Standard,2025-02-09,True
6479,Riya Reddy,Female,45,36-45,12,2,Inactive,2025-06-25,False
6480,Pooja Patel,Female,56,56-65,9,3,Standard,2025-10-18,True
6481,Divya Mehta,Female,60,56-65,5,5,Standard,2025-02-01,True
6482,Swati Kumar,Female,51,46-55,11,3,Standard,2025-08-17,True
6483,Nikhil Pillai,Male,57,56-65,10,2,Premium,2025-12-27,True
6484,Vikram Kumar,Male,22,18-25,12,3,Premium,2025-01-17,True
6485,Shreya Pillai,Female,42,36-45,5,3,Inactive,2025-10-09,False
6486,Shreya Nair,Female,20,18-25,10,1,Inactive,2025-07-09,False
6487,Nikhil Gupta,Male,62,56-65,16,6,VIP,2025-01-11,True
6488,Aditya Nair,Male,47,46-55,14,4,Inactive,2025-04-29,False
6489,Varun Mehta,Male,60,56-65,29,4,Standard,2025-06-14,True
6490,Manish Gupta,Male,18,18-25,19,1,Standard,2025-02-20,True
6491,Ananya Verma,Female,28,26-35,27,2,Premium,2025-02-22,True
6492,Swati Sharma,Female,35,26-35,4,6,Standard,2025-09-20,True
6493,Siddharth Kumar,Male,26,26-35,2,5,Standard,2025-12-25,True
6494,Siddharth Sharma,Male,18,18-25,6,5,Standard,2025-02-17,True
6495,Shreya Nair,Female,61,56-65,27,4,Standard,2025-12-29,True
6496,Pooja Rao,Female,26,26-35,8,4,Standard,2025-01-15,True
6497,Ishita Naidu,Female,49,46-55,12,4,Standard,2025-07-12,True
6498,Kavya Kumar,Female,42,36-45,8,2,Premium,2025-11-21,True
6499,Lakshmi Joshi,Female,44,36-45,11,1,Standard,2025-05-29,True
6500,Harsh Sharma,Male,53,46-55,5,3,Standard,2025-08-05,True
6501,Karan Gupta,Male,34,26-35,22,6,Standard,2025-04-14,True
6502,Meera Joshi,Female,54,46-55,8,3,Inactive,2025-03-02,False
6503,Meera Verma,Female,65,56-65,29,6,Inactive,2025-04-15,False
6504,Swati Gupta,Female,59,56-65,8,6,VIP,2025-12-27,True
6505,Priya Iyer,Female,64,56-65,27,2,Standard,2025-09-30,True
6506,Arjun Mehta,Male,42,36-45,22,1,Standard,2025-10-19,True
6507,Rohan Reddy,Male,51,46-55,30,4,Standard,2025-09-24,True
6508,Manish Reddy,Male,60,56-65,26,1,Premium,2025-02-01,True
6509,Anil Pillai,Male,33,26-35,30,5,Premium,2025-10-23,True
6510,Lakshmi Sharma,Female,61,56-65,5,6,Standard,2025-06-12,True
6511,Harsh Rao,Male,45,36-45,10,3,Premium,2025-11-07,True
6512,Aditya Nair,Male,46,46-55,23,2,Standard,2025-10-17,True
6513,Sneha Nair,Female,19,18-25,22,2,Premium,2025-11-15,True
6514,Aarav Patel,Male,22,18-25,16,6,Standard,2025-06-14,True
6515,Siddharth Sharma,Male,56,56-65,21,1,Standard,2025-07-06,True
6516,Sneha Iyer,Female,42,36-45,20,2,Standard,2025-11-24,True
6517,Aarav Singh,Male,63,56-65,16,2,Premium,2025-04-05,True
6518,Neha Rao,Female,31,26-35,25,3,Standard,2025-04-02,True
6519,Ishita Singh,Female,43,36-45,17,5,Standard,2025-10-13,True
6520,Divya Rao,Female,64,56-65,11,6,Standard,2025-12-15,True
6521,Manish Joshi,Male,62,56-65,30,6,Standard,2025-06-07,True
6522,Shreya Das,Female,27,26-35,1,4,Standard,2025-12-20,True
6523,Ananya Patel,Female,61,56-65,5,2,Standard,2025-08-22,True
6524,Ishita Das,Female,21,18-25,5,3,Premium,2025-11-18,True
6525,Siddharth Reddy,Male,19,18-25,7,2,Standard,2025-01-27,True
6526,Manish Verma,Male,26,26-35,17,1,Standard,2025-11-02,True
6527,Sneha Das,Female,39,36-45,27,4,Standard,2025-02-28,True
6528,Karan Patel,Male,47,46-55,2,6,Premium,2025-08-07,True
6529,Rohan Joshi,Male,19,18-25,26,2,Standard,2025-07-18,True
6530,Neha Pillai,Female,52,46-55,20,5,Premium,2025-09-08,True
6531,Neha Kumar,Female,24,18-25,28,2,Standard,2025-06-27,True
6532,Manish Das,Male,41,36-45,13,3,Standard,2025-03-29,True
6533,Nandini Das,Female,20,18-25,19,6,Premium,2025-02-08,True
6534,Shreya Rao,Female,31,26-35,25,4,Standard,2025-08-20,True
6535,Aditya Singh,Male,36,36-45,25,5,Standard,2025-06-09,True
6536,Neha Singh,Female,55,46-55,12,6,Standard,2025-01-03,True
6537,Priya Iyer,Female,44,36-45,28,3,Inactive,2025-01-27,False
6538,Shreya Das,Female,64,56-65,25,5,Standard,2025-06-22,True
6539,Arjun Rao,Male,55,46-55,21,1,Standard,2025-06-19,True
6540,Divya Verma,Female,18,18-25,10,2,Standard,2025-11-09,True
6541,Ishita Rao,Female,20,18-25,28,6,Premium,2025-06-03,True
6542,Neha Pillai,Female,18,18-25,23,6,Standard,2025-04-04,True
6543,Ananya Joshi,Female,36,36-45,4,4,Standard,2025-01-01,True
6544,Aarav Gupta,Male,57,56-65,6,2,Standard,2025-04-25,True
6545,Rahul Das,Male,61,56-65,24,3,Premium,2025-03-10,True
6546,Neha Patel,Female,38,36-45,24,1,Standard,2025-08-26,True
6547,Ishita Pillai,Female,48,46-55,21,1,Standard,2025-12-11,True
6548,Kavya Rao,Female,53,46-55,20,2,Standard,2025-04-25,True
6549,Aditya Iyer,Male,60,56-65,10,5,Premium,2025-12-16,True
6550,Karan Das,Male,40,36-45,8,3,Inactive,2025-11-27,False
6551,Sneha Kumar,Female,53,46-55,23,4,Standard,2025-03-08,True
6552,Siddharth Joshi,Male,20,18-25,3,5,Standard,2025-10-22,True
6553,Aishwarya Mehta,Female,22,18-25,4,1,Standard,2025-05-03,True
6554,Karan Pillai,Male,19,18-25,19,5,Standard,2025-01-28,True
6555,Meera Sharma,Female,36,36-45,22,3,Standard,2025-02-22,True
6556,Lakshmi Gupta,Female,35,26-35,2,1,Standard,2025-09-09,True
6557,Riya Iyer,Female,31,26-35,9,6,Inactive,2025-07-03,False
6558,Sneha Reddy,Female,19,18-25,23,3,Standard,2025-05-31,True
6559,Anil Iyer,Male,29,26-35,18,6,Inactive,2025-07-28,False
6560,Kavya Das,Female,20,18-25,27,4,Standard,2025-06-18,True
6561,Nikhil Rao,Male,37,36-45,4,3,Inactive,2025-03-03,False
6562,Siddharth Patel,Male,47,46-55,12,4,VIP,2025-08-15,True
6563,Meera Naidu,Female,19,18-25,28,6,Premium,2025-08-05,True
6564,Priya Patel,Female,41,36-45,27,1,Standard,2025-10-12,True
6565,Karan Pillai,Male,56,56-65,11,3,Standard,2025-03-23,True
6566,Shreya Joshi,Female,21,18-25,23,4,Premium,2025-03-11,True
6567,Ishita Pillai,Female,60,56-65,4,3,Standard,2025-05-09,True
6568,Karan Naidu,Male,19,18-25,28,5,Standard,2025-03-05,True
6569,Aarav Kumar,Male,63,56-65,8,3,Standard,2025-01-14,True
6570,Pooja Das,Female,63,56-65,25,4,Standard,2025-08-29,True
6571,Nikhil Nair,Male,56,56-65,9,2,Premium,2025-12-05,True
6572,Aishwarya Patel,Female,48,46-55,12,5,Standard,2025-05-18,True
6573,Rohan Joshi,Male,52,46-55,24,4,Standard,2025-01-02,True
6574,Akash Iyer,Male,23,18-25,21,6,Premium,2025-02-14,True
6575,Nikhil Patel,Male,32,26-35,26,4,Premium,2025-03-23,True
6576,Rohan Reddy,Male,35,26-35,8,2,Standard,2025-08-15,True
6577,Manish Verma,Male,24,18-25,5,4,Premium,2025-08-02,True
6578,Rohan Joshi,Male,50,46-55,16,5,Premium,2025-02-05,True
6579,Manish Kumar,Male,29,26-35,24,1,Premium,2025-04-03,True
6580,Vikram Nair,Male,51,46-55,10,6,Standard,2025-06-12,True
6581,Siddharth Verma,Male,50,46-55,25,5,Premium,2025-10-28,True
6582,Shreya Reddy,Female,20,18-25,26,3,Inactive,2025-12-09,False
6583,Ishita Das,Female,19,18-25,1,6,Standard,2025-09-19,True
6584,Sneha Kumar,Female,35,26-35,25,1,Premium,2025-10-04,True
6585,Vivek Gupta,Male,24,18-25,8,4,Standard,2025-05-12,True
6586,Rohan Naidu,Male,21,18-25,27,3,Standard,2025-03-29,True
6587,Swati Mehta,Female,58,56-65,3,4,Standard,2025-06-27,True
6588,Rohan Singh,Male,50,46-55,6,2,Standard,2025-06-21,True
6589,Siddharth Naidu,Male,62,56-65,16,5,Standard,2025-05-28,True
6590,Sneha Reddy,Female,23,18-25,13,4,Standard,2025-03-26,True
6591,Akash Kumar,Male,24,18-25,27,2,Standard,2025-12-03,True
6592,Neha Nair,Female,64,56-65,21,6,Premium,2025-07-19,True
6593,Vivek Das,Male,26,26-35,4,6,Premium,2025-01-23,True
6594,Arjun Patel,Male,35,26-35,9,5,Premium,2025-10-24,True
6595,Ananya Das,Female,26,26-35,27,5,Premium,2025-05-27,True
6596,Pooja Nair,Female,60,56-65,30,6,Premium,2025-08-13,True
6597,Aditya Nair,Male,47,46-55,27,2,Premium,2025-05-28,True
6598,Kavya Mehta,Female,37,36-45,5,6,Premium,2025-07-30,True
6599,Siddharth Nair,Male,55,46-55,1,3,Standard,2025-05-26,True
6600,Kavya Nair,Female,44,36-45,23,3,Standard,2025-05-30,True
6601,Sneha Rao,Female,26,26-35,23,5,Standard,2025-07-21,True
6602,Neha Rao,Female,19,18-25,29,5,Premium,2025-05-09,True
6603,Arjun Verma,Male,53,46-55,10,2,Premium,2025-02-20,True
6604,Harsh Singh,Male,62,56-65,20,5,Inactive,2025-06-24,False
6605,Divya Patel,Female,57,56-65,7,4,Premium,2025-03-09,True
6606,Swati Reddy,Female,41,36-45,9,2,Standard,2025-06-12,True
6607,Nikhil Patel,Male,51,46-55,22,2,Standard,2025-05-28,True
6608,Sneha Kumar,Female,32,26-35,28,4,Inactive,2025-01-23,False
6609,Kavya Naidu,Female,22,18-25,20,4,Premium,2025-01-26,True
6610,Vivek Singh,Male,33,26-35,6,2,Premium,2025-10-13,True
6611,Shreya Patel,Female,32,26-35,12,2,Standard,2025-06-24,True
6612,Manish Verma,Male,41,36-45,12,6,Inactive,2025-04-02,False
6613,Aishwarya Kumar,Female,23,18-25,17,5,VIP,2025-07-09,True
6614,Nikhil Sharma,Male,53,46-55,17,3,Standard,2025-12-19,True
6615,Akash Reddy,Male,24,18-25,26,5,Standard,2025-03-03,True
6616,Nandini Naidu,Female,63,56-65,18,2,Premium,2025-01-02,True
6617,Kavya Patel,Female,30,26-35,22,5,Premium,2025-06-13,True
6618,Aishwarya Mehta,Female,37,36-45,7,2,Standard,2025-12-31,True
6619,Harsh Das,Male,46,46-55,5,6,Standard,2025-10-17,True
6620,Rahul Nair,Male,27,26-35,9,2,VIP,2025-01-17,True
6621,Siddharth Gupta,Male,23,18-25,22,6,Inactive,2025-08-24,False
6622,Arjun Singh,Male,30,26-35,8,2,Standard,2025-12-03,True
6623,Riya Kumar,Female,37,36-45,9,4,Premium,2025-01-15,True
6624,Priya Naidu,Female,26,26-35,3,2,Standard,2025-10-04,True
6625,Lakshmi Das,Female,22,18-25,2,2,Standard,2025-09-15,True
6626,Varun Mehta,Male,28,26-35,9,3,Standard,2025-01-20,True
6627,Neha Das,Female,55,46-55,21,1,Premium,2025-10-04,True
6628,Arjun Reddy,Male,54,46-55,15,4,Standard,2025-08-07,True
6629,Pooja Pillai,Female,21,18-25,30,1,Standard,2025-07-10,True
6630,Kavya Sharma,Female,27,26-35,15,4,Standard,2025-03-06,True
6631,Arjun Singh,Male,26,26-35,11,4,Standard,2025-01-18,True
6632,Rohan Singh,Male,44,36-45,25,5,Premium,2025-05-03,True
6633,Meera Patel,Female,53,46-55,9,4,Inactive,2025-02-16,False
6634,Riya Naidu,Female,41,36-45,17,1,Standard,2025-01-25,True
6635,Arjun Kumar,Male,55,46-55,26,1,Standard,2025-04-10,True
6636,Sneha Rao,Female,25,18-25,3,2,Standard,2025-01-17,True
6637,Harsh Joshi,Male,23,18-25,2,2,Standard,2025-01-13,True
6638,Ananya Singh,Female,47,46-55,22,3,Premium,2025-12-13,True
6639,Sneha Pillai,Female,27,26-35,19,2,Premium,2025-07-21,True
6640,Nandini Mehta,Female,63,56-65,22,3,Standard,2025-02-09,True
6641,Ishita Reddy,Female,37,36-45,12,3,VIP,2025-01-28,True
6642,Karan Rao,Male,32,26-35,12,6,Inactive,2025-05-25,False
6643,Vivek Naidu,Male,31,26-35,15,2,Inactive,2025-05-11,False
6644,Neha Verma,Female,42,36-45,24,2,Premium,2025-09-04,True
6645,Priya Verma,Female,37,36-45,21,4,Standard,2025-07-02,True
6646,Sneha Mehta,Female,27,26-35,10,6,Standard,2025-07-04,True
6647,Kavya Kumar,Female,41,36-45,10,5,Standard,2025-05-20,True
6648,Varun Reddy,Male,57,56-65,27,6,Inactive,2025-01-21,False
6649,Vikram Pillai,Male,50,46-55,20,4,Inactive,2025-04-24,False
6650,Arjun Singh,Male,20,18-25,4,3,Standard,2025-10-17,True
6651,Sneha Naidu,Female,23,18-25,4,6,Premium,2025-06-12,True
6652,Riya Kumar,Female,34,26-35,1,1,Standard,2025-05-14,True
6653,Vivek Gupta,Male,47,46-55,20,1,Standard,2025-10-08,True
6654,Akash Mehta,Male,50,46-55,8,3,Premium,2025-06-30,True
6655,Karan Nair,Male,38,36-45,9,6,Standard,2025-11-10,True
6656,Ishita Das,Female,63,56-65,16,3,Premium,2025-03-24,True
6657,Nikhil Mehta,Male,37,36-45,7,4,Premium,2025-06-17,True
6658,Divya Nair,Female,55,46-55,16,6,Standard,2025-12-21,True
6659,Divya Pillai,Female,59,56-65,28,4,Inactive,2025-09-04,False
6660,Harsh Rao,Male,32,26-35,2,5,Standard,2025-10-06,True
6661,Shreya Iyer,Female,61,56-65,25,5,Standard,2025-11-05,True
6662,Manish Naidu,Male,28,26-35,26,3,Standard,2025-11-25,True
6663,Varun Rao,Male,28,26-35,7,4,Standard,2025-01-05,True
6664,Nikhil Mehta,Male,57,56-65,26,3,Standard,2025-04-08,True
6665,Priya Mehta,Female,53,46-55,28,4,Standard,2025-04-15,True
6666,Aarav Das,Male,63,56-65,8,4,Standard,2025-01-11,True
6667,Vikram Nair,Male,44,36-45,9,1,Standard,2025-12-30,True
6668,Priya Gupta,Female,21,18-25,7,4,Standard,2025-01-08,True
6669,Ishita Mehta,Female,64,56-65,8,2,Premium,2025-09-26,True
6670,Ananya Reddy,Female,23,18-25,15,1,Premium,2025-05-08,True
6671,Ananya Das,Female,47,46-55,4,5,Premium,2025-10-30,True
6672,Akash Verma,Male,48,46-55,26,6,Standard,2025-11-23,True
6673,Karan Mehta,Male,54,46-55,26,2,Standard,2025-09-09,True
6674,Neha Naidu,Female,21,18-25,3,1,Standard,2025-11-08,True
6675,Shreya Nair,Female,21,18-25,1,5,Standard,2025-09-20,True
6676,Rahul Rao,Male,58,56-65,22,6,Standard,2025-02-06,True
6677,Karan Reddy,Male,18,18-25,17,3,Premium,2025-01-21,True
6678,Varun Sharma,Male,19,18-25,4,1,Inactive,2025-03-13,False
6679,Nikhil Reddy,Male,28,26-35,23,4,Standard,2025-11-11,True
6680,Aditya Reddy,Male,65,56-65,2,1,Inactive,2025-02-09,False
6681,Nikhil Singh,Male,54,46-55,7,3,Standard,2025-07-15,True
6682,Neha Das,Female,51,46-55,29,4,Standard,2025-02-26,True
6683,Ishita Nair,Female,23,18-25,3,4,Standard,2025-03-18,True
6684,Aditya Reddy,Male,54,46-55,13,3,Premium,2025-10-30,True
6685,Divya Gupta,Female,42,36-45,4,4,Standard,2025-09-06,True
6686,Vivek Mehta,Male,27,26-35,27,3,Standard,2025-11-01,True
6687,Pooja Rao,Female,20,18-25,6,6,Premium,2025-02-12,True
6688,Anil Rao,Male,34,26-35,21,5,Standard,2025-06-26,True
6689,Ananya Naidu,Female,28,26-35,10,2,Inactive,2025-11-30,False
6690,Karan Patel,Male,33,26-35,12,2,Standard,2025-11-19,True
6691,Kavya Iyer,Female,46,46-55,16,1,VIP,2025-03-20,True
6692,Rahul Sharma,Male,43,36-45,3,6,Premium,2025-03-08,True
6693,Rohan Reddy,Male,51,46-55,14,4,Premium,2025-08-25,True
6694,Kavya Iyer,Female,28,26-35,6,5,Standard,2025-09-13,True
6695,Siddharth Sharma,Male,20,18-25,30,3,Standard,2025-12-24,True
6696,Neha Singh,Female,46,46-55,25,4,Standard,2025-11-20,True
6697,Harsh Joshi,Male,56,56-65,28,4,Inactive,2025-06-09,False
6698,Anil Gupta,Male,20,18-25,9,6,VIP,2025-06-02,True
6699,Nandini Nair,Female,38,36-45,21,5,Premium,2025-07-28,True
6700,Shreya Verma,Female,63,56-65,4,2,Premium,2025-08-19,True
6701,Aditya Patel,Male,34,26-35,6,4,Standard,2025-11-22,True
6702,Akash Naidu,Male,47,46-55,25,2,Premium,2025-03-30,True
6703,Riya Singh,Female,45,36-45,11,3,Standard,2025-05-29,True
6704,Varun Pillai,Male,37,36-45,25,5,Standard,2025-08-08,True
6705,Pooja Gupta,Female,35,26-35,21,1,Premium,2025-01-15,True
6706,Manish Reddy,Male,37,36-45,8,4,Premium,2025-10-16,True
6707,Pooja Naidu,Female,30,26-35,18,5,VIP,2025-03-11,True
6708,Vikram Mehta,Male,39,36-45,24,2,Standard,2025-09-21,True
6709,Rahul Mehta,Male,51,46-55,20,6,Premium,2025-09-05,True
6710,Kavya Das,Female,58,56-65,5,6,Premium,2025-04-24,True
6711,Arjun Patel,Male,32,26-35,26,6,Standard,2025-11-10,True
6712,Anil Rao,Male,61,56-65,15,4,Inactive,2025-02-20,False
6713,Lakshmi Reddy,Female,25,18-25,30,1,Premium,2025-02-25,True
6714,Nandini Kumar,Female,31,26-35,3,3,Standard,2025-10-08,True
6715,Arjun Rao,Male,52,46-55,15,6,Inactive,2025-06-22,False
6716,Siddharth Mehta,Male,22,18-25,13,2,Standard,2025-11-23,True
6717,Ananya Rao,Female,46,46-55,27,6,Premium,2025-03-12,True
6718,Vivek Mehta,Male,41,36-45,3,1,Standard,2025-02-17,True
6719,Aarav Gupta,Male,55,46-55,28,3,Standard,2025-03-13,True
6720,Shreya Patel,Female,26,26-35,25,1,Standard,2025-10-17,True
6721,Sneha Verma,Female,59,56-65,14,6,Standard,2025-11-21,True
6722,Karan Pillai,Male,30,26-35,30,2,Premium,2025-08-02,True
6723,Nikhil Gupta,Male,24,18-25,3,3,Premium,2025-08-23,True
6724,Aishwarya Pillai,Female,56,56-65,17,4,Inactive,2025-05-22,False
6725,Vikram Pillai,Male,29,26-35,14,6,Standard,2025-04-24,True
6726,Harsh Singh,Male,60,56-65,26,3,Premium,2025-05-25,True
6727,Akash Joshi,Male,30,26-35,27,6,Premium,2025-07-31,True
6728,Kavya Joshi,Female,64,56-65,5,6,Standard,2025-06-10,True
6729,Nandini Sharma,Female,40,36-45,18,3,Standard,2025-10-13,True
6730,Shreya Naidu,Female,39,36-45,5,5,Inactive,2025-09-05,False
6731,Manish Nair,Male,39,36-45,27,5,Standard,2025-10-29,True
6732,Rahul Naidu,Male,36,36-45,11,3,Standard,2025-11-30,True
6733,Sneha Reddy,Female,19,18-25,1,1,Standard,2025-07-24,True
6734,Arjun Mehta,Male,48,46-55,15,5,Standard,2025-04-17,True
6735,Nikhil Rao,Male,46,46-55,23,5,Standard,2025-03-07,True
6736,Ishita Kumar,Female,31,26-35,8,5,Standard,2025-01-05,True
6737,Nikhil Gupta,Male,58,56-65,29,2,Premium,2025-04-11,True
6738,Nandini Gupta,Female,29,26-35,28,6,Standard,2025-08-21,True
6739,Meera Joshi,Female,31,26-35,4,2,Standard,2025-07-05,True
6740,Riya Sharma,Female,25,18-25,8,1,Standard,2025-08-16,True
6741,Priya Verma,Female,33,26-35,22,2,Standard,2025-03-14,True
6742,Nandini Das,Female,58,56-65,6,1,Standard,2025-10-24,True
6743,Kavya Patel,Female,53,46-55,16,5,Standard,2025-02-05,True
6744,Aditya Gupta,Male,56,56-65,7,3,Standard,2025-12-15,True
6745,Anil Sharma,Male,40,36-45,26,3,Premium,2025-03-31,True
6746,Neha Kumar,Female,64,56-65,30,4,Standard,2025-05-24,True
6747,Manish Mehta,Male,30,26-35,28,1,Premium,2025-01-01,True
6748,Anil Iyer,Male,44,36-45,22,5,Premium,2025-10-13,True
6749,Sneha Gupta,Female,62,56-65,16,4,Standard,2025-07-23,True
6750,Riya Kumar,Female,21,18-25,23,5,Premium,2025-07-01,True
6751,Vivek Singh,Male,42,36-45,20,5,Premium,2025-03-07,True
6752,Nandini Joshi,Female,43,36-45,17,3,Standard,2025-02-10,True
6753,Kavya Pillai,Female,54,46-55,8,2,Premium,2025-02-14,True
6754,Neha Mehta,Female,58,56-65,23,5,VIP,2025-03-29,True
6755,Swati Pillai,Female,26,26-35,4,5,Premium,2025-12-03,True
6756,Nikhil Patel,Male,44,36-45,8,2,Standard,2025-03-04,True
6757,Nandini Kumar,Female,27,26-35,20,6,Premium,2025-07-24,True
6758,Rohan Joshi,Male,21,18-25,27,4,Standard,2025-11-14,True
6759,Priya Gupta,Female,60,56-65,10,5,Standard,2025-05-19,True
6760,Lakshmi Pillai,Female,30,26-35,1,1,Standard,2025-06-22,True
6761,Swati Verma,Female,48,46-55,30,3,Premium,2025-08-04,True
6762,Nandini Reddy,Female,50,46-55,7,1,Standard,2025-03-31,True
6763,Aishwarya Pillai,Female,33,26-35,23,4,Standard,2025-06-30,True
6764,Swati Iyer,Female,42,36-45,13,1,Standard,2025-06-22,True
6765,Varun Joshi,Male,42,36-45,14,4,Standard,2025-11-25,True
6766,Ananya Iyer,Female,41,36-45,23,2,Premium,2025-08-04,True
6767,Pooja Rao,Female,65,56-65,7,2,VIP,2025-09-12,True
6768,Nandini Reddy,Female,59,56-65,23,3,Standard,2025-01-08,True
6769,Aishwarya Das,Female,45,36-45,17,3,Standard,2025-10-26,True
6770,Ananya Sharma,Female,18,18-25,29,1,Standard,2025-01-04,True
6771,Priya Singh,Female,58,56-65,7,5,Standard,2025-04-21,True
6772,Varun Reddy,Male,54,46-55,4,5,Premium,2025-10-14,True
6773,Siddharth Iyer,Male,48,46-55,29,5,Standard,2025-01-02,True
6774,Vivek Iyer,Male,22,18-25,15,6,Standard,2025-01-05,True
6775,Akash Sharma,Male,51,46-55,14,6,Premium,2025-03-06,True
6776,Karan Kumar,Male,37,36-45,20,1,Standard,2025-11-11,True
6777,Rahul Iyer,Male,24,18-25,30,4,Standard,2025-02-11,True
6778,Shreya Patel,Female,22,18-25,7,1,Premium,2025-08-24,True
6779,Ishita Patel,Female,25,18-25,8,3,VIP,2025-09-08,True
6780,Riya Kumar,Female,40,36-45,11,5,Standard,2025-12-04,True
6781,Priya Reddy,Female,51,46-55,29,2,Premium,2025-08-06,True
6782,Priya Singh,Female,31,26-35,20,1,Standard,2025-06-18,True
6783,Divya Joshi,Female,30,26-35,14,2,Premium,2025-04-10,True
6784,Priya Patel,Female,39,36-45,1,2,Standard,2025-08-31,True
6785,Ishita Singh,Female,58,56-65,17,4,Standard,2025-06-01,True
6786,Swati Rao,Female,37,36-45,23,3,Standard,2025-09-08,True
6787,Siddharth Iyer,Male,60,56-65,6,1,Premium,2025-06-16,True
6788,Shreya Nair,Female,20,18-25,29,3,Premium,2025-06-24,True
6789,Rohan Nair,Male,60,56-65,13,3,Premium,2025-08-01,True
6790,Swati Singh,Female,57,56-65,19,4,Standard,2025-09-09,True
6791,Kavya Verma,Female,49,46-55,3,2,Standard,2025-05-03,True
6792,Vikram Pillai,Male,23,18-25,1,4,Standard,2025-03-11,True
6793,Neha Pillai,Female,42,36-45,12,4,Premium,2025-01-22,True
6794,Nandini Verma,Female,58,56-65,2,2,Standard,2025-07-12,True
6795,Nandini Gupta,Female,49,46-55,15,3,Standard,2025-12-17,True
6796,Aishwarya Das,Female,48,46-55,29,1,Premium,2025-09-24,True
6797,Nikhil Sharma,Male,18,18-25,7,6,Inactive,2025-05-21,False
6798,Siddharth Joshi,Male,33,26-35,11,6,Standard,2025-12-17,True
6799,Anil Naidu,Male,49,46-55,7,6,Standard,2025-01-28,True
6800,Arjun Gupta,Male,18,18-25,14,4,Premium,2025-12-26,True
6801,Priya Pillai,Female,50,46-55,30,3,Premium,2025-09-13,True
6802,Divya Iyer,Female,50,46-55,10,3,Standard,2025-09-09,True
6803,Shreya Joshi,Female,55,46-55,16,1,Premium,2025-02-14,True
6804,Lakshmi Das,Female,36,36-45,14,1,Standard,2025-07-12,True
6805,Harsh Patel,Male,58,56-65,23,5,Standard,2025-10-03,True
6806,Rahul Mehta,Male,49,46-55,22,5,Inactive,2025-07-20,False
6807,Divya Gupta,Female,56,56-65,19,5,Standard,2025-04-28,True
6808,Karan Mehta,Male,39,36-45,2,6,Standard,2025-06-12,True
6809,Vikram Reddy,Male,24,18-25,9,2,Standard,2025-07-28,True
6810,Nandini Reddy,Female,32,26-35,7,3,Standard,2025-11-04,True
6811,Shreya Singh,Female,21,18-25,8,6,Inactive,2025-10-19,False
6812,Nandini Joshi,Female,22,18-25,1,5,VIP,2025-11-20,True
6813,Harsh Joshi,Male,55,46-55,16,1,Standard,2025-09-25,True
6814,Divya Verma,Female,43,36-45,3,2,Standard,2025-07-30,True
6815,Neha Kumar,Female,25,18-25,21,2,Standard,2025-07-26,True
6816,Vikram Joshi,Male,32,26-35,28,1,Standard,2025-12-07,True
6817,Manish Naidu,Male,37,36-45,18,6,Standard,2025-07-05,True
6818,Anil Reddy,Male,29,26-35,28,1,Premium,2025-10-23,True
6819,Vikram Sharma,Male,19,18-25,28,2,VIP,2025-08-19,True
6820,Rohan Singh,Male,63,56-65,9,2,Premium,2025-05-08,True
6821,Arjun Patel,Male,37,36-45,27,6,Standard,2025-11-17,True
6822,Priya Mehta,Female,50,46-55,19,4,Standard,2025-02-08,True
6823,Riya Naidu,Female,48,46-55,20,6,Premium,2025-05-31,True
6824,Manish Das,Male,29,26-35,4,1,Standard,2025-09-11,True
6825,Divya Mehta,Female,26,26-35,3,6,Standard,2025-09-03,True
6826,Ananya Joshi,Female,49,46-55,22,5,Standard,2025-03-15,True
6827,Meera Sharma,Female,60,56-65,28,6,Inactive,2025-10-28,False
6828,Nandini Reddy,Female,57,56-65,29,4,VIP,2025-06-13,True
6829,Siddharth Singh,Male,43,36-45,6,4,Standard,2025-01-27,True
6830,Pooja Naidu,Female,62,56-65,18,6,Standard,2025-03-25,True
6831,Varun Iyer,Male,41,36-45,23,4,Standard,2025-08-26,True
6832,Rahul Reddy,Male,54,46-55,19,5,Inactive,2025-12-22,False
6833,Varun Singh,Male,64,56-65,24,4,Premium,2025-09-08,True
6834,Aarav Kumar,Male,28,26-35,21,4,Standard,2025-03-24,True
6835,Kavya Rao,Female,29,26-35,15,5,Inactive,2025-05-29,False
6836,Aarav Joshi,Male,18,18-25,8,5,Standard,2025-01-21,True
6837,Riya Nair,Female,45,36-45,29,3,Standard,2025-11-02,True
6838,Manish Mehta,Male,52,46-55,14,5,Premium,2025-06-05,True
6839,Swati Nair,Female,56,56-65,23,2,Standard,2025-10-25,True
6840,Rahul Singh,Male,53,46-55,28,4,Standard,2025-12-17,True
6841,Varun Rao,Male,41,36-45,24,4,Premium,2025-05-27,True
6842,Shreya Joshi,Female,62,56-65,29,4,Standard,2025-10-24,True
6843,Vikram Joshi,Male,44,36-45,10,2,Standard,2025-04-24,True
6844,Rahul Kumar,Male,40,36-45,15,3,Standard,2025-03-25,True
6845,Neha Nair,Female,33,26-35,23,3,Standard,2025-05-24,True
6846,Pooja Joshi,Female,59,56-65,21,4,Standard,2025-10-19,True
6847,Manish Singh,Male,45,36-45,6,2,Standard,2025-08-13,True
6848,Ananya Patel,Female,53,46-55,5,6,Inactive,2025-01-31,False
6849,Priya Sharma,Female,21,18-25,5,3,Premium,2025-09-28,True
6850,Kavya Reddy,Female,58,56-65,15,6,Standard,2025-07-19,True
6851,Ishita Patel,Female,60,56-65,28,6,Premium,2025-04-14,True
6852,Akash Patel,Male,64,56-65,7,5,Standard,2025-09-20,True
6853,Akash Joshi,Male,43,36-45,17,5,Standard,2025-09-20,True
6854,Varun Patel,Male,53,46-55,28,6,Standard,2025-07-13,True
6855,Sneha Joshi,Female,27,26-35,8,3,Premium,2025-11-22,True
6856,Varun Iyer,Male,49,46-55,8,6,Standard,2025-10-24,True
6857,Karan Iyer,Male,34,26-35,30,5,Standard,2025-04-17,True
6858,Sneha Das,Female,57,56-65,24,3,Standard,2025-03-20,True
6859,Karan Gupta,Male,58,56-65,14,2,Premium,2025-08-19,True
6860,Shreya Verma,Female,65,56-65,15,5,VIP,2025-12-10,True
6861,Nikhil Das,Male,48,46-55,3,5,Inactive,2025-11-08,False
6862,Aditya Gupta,Male,54,46-55,15,3,Inactive,2025-09-14,False
6863,Rohan Sharma,Male,41,36-45,7,6,Standard,2025-08-06,True
6864,Vikram Kumar,Male,42,36-45,4,1,Standard,2025-05-24,True
6865,Shreya Patel,Female,42,36-45,12,1,Standard,2025-11-07,True
6866,Siddharth Iyer,Male,44,36-45,25,4,Standard,2025-06-04,True
6867,Karan Patel,Male,41,36-45,16,2,Standard,2025-04-15,True
6868,Shreya Mehta,Female,27,26-35,26,4,Standard,2025-01-18,True
6869,Varun Kumar,Male,53,46-55,30,6,Premium,2025-09-18,True
6870,Divya Mehta,Female,18,18-25,1,5,Standard,2025-09-19,True
6871,Neha Naidu,Female,61,56-65,30,6,Premium,2025-05-18,True
6872,Swati Sharma,Female,38,36-45,3,3,Standard,2025-08-28,True
6873,Aditya Joshi,Male,56,56-65,16,3,Premium,2025-06-14,True
6874,Karan Pillai,Male,36,36-45,20,5,Premium,2025-09-07,True
6875,Swati Naidu,Female,54,46-55,20,6,Standard,2025-03-24,True
6876,Nikhil Singh,Male,37,36-45,28,4,Standard,2025-06-15,True
6877,Rohan Sharma,Male,18,18-25,5,4,Standard,2025-07-06,True
6878,Vivek Pillai,Male,48,46-55,27,4,VIP,2025-11-10,True
6879,Riya Naidu,Female,62,56-65,14,6,Premium,2025-12-21,True
6880,Anil Rao,Male,24,18-25,9,3,Standard,2025-11-29,True
6881,Arjun Naidu,Male,45,36-45,17,1,VIP,2025-01-20,True
6882,Pooja Pillai,Female,18,18-25,2,1,Premium,2025-11-13,True
6883,Aditya Rao,Male,51,46-55,29,3,Inactive,2025-04-23,False
6884,Vivek Kumar,Male,34,26-35,9,3,Standard,2025-04-04,True
6885,Rahul Kumar,Male,24,18-25,10,6,Inactive,2025-11-11,False
6886,Kavya Mehta,Female,23,18-25,7,5,Standard,2025-07-11,True
6887,Anil Verma,Male,43,36-45,19,5,Premium,2025-05-03,True
6888,Aditya Singh,Male,55,46-55,11,5,Inactive,2025-09-04,False
6889,Aditya Joshi,Male,60,56-65,22,4,Premium,2025-01-07,True
6890,Nandini Pillai,Female,31,26-35,14,1,Standard,2025-03-13,True
6891,Kavya Sharma,Female,63,56-65,26,5,Standard,2025-04-08,True
6892,Manish Singh,Male,54,46-55,26,5,Standard,2025-02-05,True
6893,Pooja Kumar,Female,52,46-55,15,5,Premium,2025-10-17,True
6894,Sneha Iyer,Female,54,46-55,8,1,Standard,2025-05-27,True
6895,Aditya Kumar,Male,22,18-25,17,3,Standard,2025-01-27,True
6896,Nikhil Reddy,Male,54,46-55,4,2,Standard,2025-12-26,True
6897,Swati Iyer,Female,54,46-55,14,3,Premium,2025-02-04,True
6898,Kavya Sharma,Female,56,56-65,28,2,Premium,2025-08-08,True
6899,Kavya Verma,Female,22,18-25,20,2,Inactive,2025-11-25,False
6900,Manish Rao,Male,34,26-35,17,4,Standard,2025-06-22,True
6901,Neha Kumar,Female,32,26-35,1,6,Standard,2025-01-04,True
6902,Kavya Gupta,Female,43,36-45,28,1,Premium,2025-03-12,True
6903,Anil Rao,Male,21,18-25,14,4,Premium,2025-08-10,True
6904,Vivek Pillai,Male,41,36-45,1,3,Premium,2025-07-04,True
6905,Swati Verma,Female,45,36-45,11,4,Standard,2025-09-01,True
6906,Siddharth Reddy,Male,56,56-65,10,4,Standard,2025-10-18,True
6907,Nikhil Patel,Male,38,36-45,28,2,Premium,2025-10-18,True
6908,Riya Pillai,Female,19,18-25,19,1,Standard,2025-05-20,True
6909,Priya Naidu,Female,37,36-45,6,3,Standard,2025-02-11,True
6910,Arjun Pillai,Male,58,56-65,19,1,Standard,2025-12-11,True
6911,Rohan Verma,Male,46,46-55,7,6,Inactive,2025-02-25,False
6912,Vivek Mehta,Male,33,26-35,1,5,Inactive,2025-10-03,False
6913,Arjun Nair,Male,41,36-45,6,2,Premium,2025-01-07,True
6914,Vikram Singh,Male,31,26-35,26,2,Standard,2025-08-15,True
6915,Meera Kumar,Female,41,36-45,14,3,Premium,2025-10-10,True
6916,Neha Mehta,Female,52,46-55,2,6,Standard,2025-10-11,True
6917,Aarav Sharma,Male,63,56-65,12,5,Standard,2025-12-25,True
6918,Akash Reddy,Male,38,36-45,16,3,Standard,2025-02-17,True
6919,Kavya Patel,Female,61,56-65,18,6,VIP,2025-08-21,True
6920,Akash Gupta,Male,21,18-25,16,4,Premium,2025-05-21,True
6921,Harsh Nair,Male,51,46-55,17,1,Premium,2025-11-21,True
6922,Vikram Nair,Male,45,36-45,14,1,Standard,2025-06-24,True
6923,Priya Verma,Female,23,18-25,2,1,Standard,2025-07-06,True
6924,Nandini Kumar,Female,43,36-45,13,4,Standard,2025-06-10,True
6925,Aishwarya Mehta,Female,58,56-65,22,4,Premium,2025-09-12,True
6926,Neha Rao,Female,56,56-65,20,3,Standard,2025-12-06,True
6927,Vikram Nair,Male,26,26-35,8,5,Standard,2025-04-05,True
6928,Neha Nair,Female,50,46-55,28,3,Standard,2025-11-28,True
6929,Priya Nair,Female,42,36-45,29,2,Standard,2025-04-22,True
6930,Divya Sharma,Female,60,56-65,12,2,Standard,2025-02-12,True
6931,Arjun Gupta,Male,30,26-35,12,4,Standard,2025-08-16,True
6932,Rahul Verma,Male,50,46-55,10,4,Standard,2025-10-23,True
6933,Varun Kumar,Male,65,56-65,6,2,Premium,2025-02-26,True
6934,Riya Singh,Female,22,18-25,20,6,Inactive,2025-07-28,False
6935,Anil Kumar,Male,40,36-45,17,5,Premium,2025-05-20,True
6936,Arjun Patel,Male,58,56-65,23,3,Standard,2025-06-05,True
6937,Akash Verma,Male,37,36-45,15,3,Standard,2025-11-09,True
6938,Sneha Das,Female,58,56-65,14,1,Standard,2025-06-24,True
6939,Shreya Das,Female,54,46-55,26,1,Standard,2025-05-05,True
6940,Kavya Kumar,Female,39,36-45,4,1,Standard,2025-05-14,True
6941,Pooja Reddy,Female,55,46-55,29,6,Standard,2025-03-08,True
6942,Aishwarya Nair,Female,53,46-55,9,1,Standard,2025-02-14,True
6943,Ananya Naidu,Female,59,56-65,22,4,Premium,2025-06-05,True
6944,Pooja Patel,Female,33,26-35,16,6,Inactive,2025-04-02,False
6945,Arjun Pillai,Male,41,36-45,13,5,Standard,2025-12-11,True
6946,Karan Gupta,Male,37,36-45,3,3,Standard,2025-09-01,True
6947,Lakshmi Iyer,Female,35,26-35,1,6,Standard,2025-02-06,True
6948,Divya Reddy,Female,18,18-25,20,1,Standard,2025-09-04,True
6949,Manish Nair,Male,40,36-45,4,3,Standard,2025-10-26,True
6950,Pooja Iyer,Female,30,26-35,18,4,Standard,2025-01-19,True
6951,Sneha Das,Female,43,36-45,14,6,Premium,2025-01-26,True
6952,Aishwarya Naidu,Female,51,46-55,17,1,Standard,2025-09-29,True
6953,Vivek Verma,Male,63,56-65,6,2,Standard,2025-11-01,True
6954,Varun Naidu,Male,19,18-25,26,3,Standard,2025-05-09,True
6955,Ananya Patel,Female,19,18-25,22,1,Standard,2025-07-03,True
6956,Manish Das,Male,57,56-65,2,5,Standard,2025-04-29,True
6957,Aarav Sharma,Male,29,26-35,16,6,Standard,2025-03-13,True
6958,Sneha Kumar,Female,31,26-35,26,4,Standard,2025-06-15,True
6959,Vikram Pillai,Male,31,26-35,5,6,Standard,2025-10-27,True
6960,Vikram Verma,Male,32,26-35,12,2,Standard,2025-08-03,True
6961,Kavya Das,Female,31,26-35,2,3,VIP,2025-10-16,True
6962,Lakshmi Patel,Female,37,36-45,27,3,Standard,2025-06-27,True
6963,Kavya Kumar,Female,44,36-45,2,6,Standard,2025-01-14,True
6964,Sneha Verma,Female,34,26-35,29,1,Standard,2025-12-02,True
6965,Arjun Naidu,Male,42,36-45,10,1,Standard,2025-02-15,True
6966,Karan Rao,Male,44,36-45,10,6,Standard,2025-03-22,True
6967,Lakshmi Nair,Female,29,26-35,14,1,Standard,2025-11-27,True
6968,Rahul Patel,Male,51,46-55,9,2,Standard,2025-11-12,True
6969,Akash Gupta,Male,56,56-65,11,5,Premium,2025-10-15,True
6970,Rahul Rao,Male,22,18-25,21,4,Standard,2025-04-01,True
6971,Ishita Verma,Female,47,46-55,12,4,Standard,2025-09-21,True
6972,Neha Patel,Female,52,46-55,7,4,Standard,2025-08-21,True
6973,Rohan Reddy,Male,65,56-65,1,1,Standard,2025-05-06,True
6974,Manish Mehta,Male,62,56-65,17,4,Standard,2025-12-15,True
6975,Sneha Reddy,Female,37,36-45,10,6,Premium,2025-06-21,True
6976,Meera Mehta,Female,39,36-45,25,4,Standard,2025-12-31,True
6977,Siddharth Singh,Male,51,46-55,7,5,Standard,2025-07-10,True
6978,Aishwarya Sharma,Female,57,56-65,28,2,Inactive,2025-12-19,False
6979,Anil Mehta,Male,39,36-45,6,1,Standard,2025-12-15,True
6980,Riya Singh,Female,44,36-45,28,1,Inactive,2025-08-10,False
6981,Nikhil Nair,Male,48,46-55,4,3,Standard,2025-02-23,True
6982,Akash Sharma,Male,60,56-65,30,1,Standard,2025-01-11,True
6983,Rahul Naidu,Male,24,18-25,23,2,Standard,2025-07-06,True
6984,Rahul Reddy,Male,44,36-45,20,5,Standard,2025-10-12,True
6985,Lakshmi Nair,Female,24,18-25,9,2,Inactive,2025-07-29,False
6986,Manish Kumar,Male,44,36-45,24,6,Standard,2025-06-13,True
6987,Anil Verma,Male,24,18-25,11,6,Standard,2025-11-13,True
6988,Shreya Iyer,Female,46,46-55,16,5,Standard,2025-02-10,True
6989,Manish Rao,Male,56,56-65,4,2,Standard,2025-04-06,True
6990,Anil Kumar,Male,63,56-65,22,4,Standard,2025-05-18,True
6991,Ishita Gupta,Female,20,18-25,7,2,Premium,2025-10-16,True
6992,Arjun Sharma,Male,39,36-45,15,1,Standard,2025-04-13,True
6993,Aditya Nair,Male,39,36-45,11,2,VIP,2025-10-14,True
6994,Neha Gupta,Female,28,26-35,21,4,Standard,2025-04-21,True
6995,Neha Nair,Female,19,18-25,22,5,Standard,2025-11-12,True
6996,Divya Das,Female,23,18-25,20,6,Standard,2025-10-15,True
6997,Shreya Das,Female,43,36-45,19,5,Standard,2025-09-26,True
6998,Siddharth Gupta,Male,25,18-25,29,6,Standard,2025-12-16,True
6999,Kavya Singh,Female,25,18-25,6,2,Inactive,2025-02-12,False
7000,Aarav Kumar,Male,36,36-45,3,3,Standard,2025-06-17,True
7001,Lakshmi Patel,Female,46,46-55,7,3,Standard,2025-08-31,True
7002,Rahul Iyer,Male,55,46-55,20,4,Standard,2025-08-10,True
7003,Nandini Iyer,Female,65,56-65,9,2,Standard,2025-02-04,True
7004,Nikhil Gupta,Male,62,56-65,13,3,Premium,2025-06-06,True
7005,Nandini Verma,Female,31,26-35,26,5,Inactive,2025-07-06,False
7006,Swati Patel,Female,23,18-25,1,3,Standard,2025-12-06,True
7007,Anil Patel,Male,61,56-65,2,6,Standard,2025-10-21,True
7008,Ananya Iyer,Female,58,56-65,18,5,Standard,2025-11-09,True
7009,Ishita Patel,Female,39,36-45,28,5,Standard,2025-03-24,True
7010,Arjun Nair,Male,54,46-55,9,3,Standard,2025-06-26,True
7011,Ananya Singh,Female,26,26-35,21,1,Premium,2025-02-25,True
7012,Manish Nair,Male,21,18-25,21,5,Premium,2025-11-13,True
7013,Aditya Reddy,Male,37,36-45,24,1,Standard,2025-01-31,True
7014,Ananya Gupta,Female,23,18-25,23,2,Standard,2025-05-20,True
7015,Siddharth Joshi,Male,43,36-45,30,2,Standard,2025-04-04,True
7016,Harsh Singh,Male,37,36-45,15,2,Standard,2025-04-23,True
7017,Vikram Rao,Male,31,26-35,20,6,Premium,2025-03-06,True
7018,Ananya Iyer,Female,23,18-25,15,3,Standard,2025-07-08,True
7019,Anil Das,Male,62,56-65,23,6,Standard,2025-11-30,True
7020,Riya Gupta,Female,29,26-35,15,4,Standard,2025-10-19,True
7021,Akash Gupta,Male,53,46-55,4,2,Premium,2025-07-16,True
7022,Priya Naidu,Female,34,26-35,29,2,Standard,2025-11-06,True
7023,Ananya Kumar,Female,18,18-25,20,4,Standard,2025-08-11,True
7024,Aditya Pillai,Male,24,18-25,27,6,Standard,2025-08-29,True
7025,Meera Patel,Female,33,26-35,4,4,Standard,2025-06-29,True
7026,Rohan Verma,Male,56,56-65,16,1,Standard,2025-11-28,True
7027,Varun Mehta,Male,48,46-55,30,3,Standard,2025-07-08,True
7028,Varun Reddy,Male,49,46-55,5,1,Standard,2025-05-03,True
7029,Aarav Sharma,Male,30,26-35,30,2,Standard,2025-08-01,True
7030,Shreya Mehta,Female,34,26-35,30,1,Premium,2025-02-05,True
7031,Aditya Reddy,Male,56,56-65,14,5,Standard,2025-10-04,True
7032,Sneha Kumar,Female,44,36-45,21,4,Standard,2025-04-19,True
7033,Siddharth Naidu,Male,57,56-65,1,2,Standard,2025-06-09,True
7034,Rohan Reddy,Male,40,36-45,27,4,Standard,2025-12-30,True
7035,Neha Verma,Female,23,18-25,7,4,Premium,2025-12-28,True
7036,Aditya Reddy,Male,65,56-65,30,3,Standard,2025-11-24,True
7037,Rohan Kumar,Male,38,36-45,22,2,Standard,2025-06-14,True
7038,Vivek Joshi,Male,56,56-65,15,5,Premium,2025-11-02,True
7039,Pooja Verma,Female,47,46-55,11,5,Standard,2025-06-27,True
7040,Arjun Gupta,Male,56,56-65,16,1,Inactive,2025-07-18,False
7041,Ananya Singh,Female,36,36-45,3,2,Standard,2025-11-25,True
7042,Aditya Nair,Male,20,18-25,5,3,Standard,2025-04-15,True
7043,Anil Verma,Male,39,36-45,1,1,Standard,2025-11-21,True
7044,Rohan Gupta,Male,35,26-35,19,1,Premium,2025-12-12,True
7045,Sneha Singh,Female,56,56-65,21,4,Premium,2025-06-02,True
7046,Varun Naidu,Male,27,26-35,24,1,Premium,2025-05-14,True
7047,Kavya Patel,Female,42,36-45,16,4,Premium,2025-09-04,True
7048,Shreya Gupta,Female,37,36-45,13,4,Premium,2025-07-17,True
7049,Swati Patel,Female,18,18-25,29,1,Standard,2025-03-09,True
7050,Ishita Mehta,Female,53,46-55,24,6,Standard,2025-02-18,True
7051,Ananya Kumar,Female,59,56-65,14,6,Standard,2025-10-18,True
7052,Priya Nair,Female,56,56-65,10,5,Standard,2025-03-03,True
7053,Swati Verma,Female,40,36-45,14,1,Inactive,2025-01-22,False
7054,Akash Nair,Male,55,46-55,11,6,Standard,2025-08-03,True
7055,Vivek Kumar,Male,50,46-55,15,5,Standard,2025-06-07,True
7056,Harsh Sharma,Male,54,46-55,30,4,Standard,2025-07-08,True
7057,Siddharth Naidu,Male,30,26-35,6,6,Premium,2025-09-28,True
7058,Anil Iyer,Male,50,46-55,11,1,Standard,2025-01-29,True
7059,Vikram Joshi,Male,65,56-65,16,6,Premium,2025-02-06,True
7060,Rahul Sharma,Male,26,26-35,16,2,Premium,2025-03-13,True
7061,Vivek Iyer,Male,58,56-65,27,3,Premium,2025-12-26,True
7062,Nikhil Gupta,Male,26,26-35,19,6,VIP,2025-08-26,True
7063,Rahul Patel,Male,20,18-25,26,2,Premium,2025-03-18,True
7064,Rohan Das,Male,52,46-55,20,6,Standard,2025-03-03,True
7065,Manish Mehta,Male,57,56-65,19,4,Standard,2025-05-05,True
7066,Ishita Kumar,Female,46,46-55,18,4,Standard,2025-10-01,True
7067,Rohan Singh,Male,18,18-25,21,5,Standard,2025-10-31,True
7068,Riya Pillai,Female,44,36-45,11,1,Standard,2025-09-18,True
7069,Pooja Verma,Female,35,26-35,7,1,Standard,2025-01-12,True
7070,Divya Reddy,Female,37,36-45,22,6,Inactive,2025-10-13,False
7071,Riya Das,Female,57,56-65,21,1,Premium,2025-03-14,True
7072,Rahul Pillai,Male,55,46-55,17,1,Standard,2025-01-03,True
7073,Aishwarya Naidu,Female,59,56-65,7,5,Standard,2025-02-13,True
7074,Harsh Reddy,Male,62,56-65,21,4,Standard,2025-04-10,True
7075,Manish Rao,Male,18,18-25,15,3,Standard,2025-05-25,True
7076,Aishwarya Pillai,Female,28,26-35,15,1,Standard,2025-10-20,True
7077,Rahul Joshi,Male,51,46-55,9,6,Premium,2025-07-29,True
7078,Manish Singh,Male,55,46-55,7,6,Inactive,2025-04-02,False
7079,Nandini Sharma,Female,51,46-55,24,5,VIP,2025-02-28,True
7080,Aishwarya Kumar,Female,33,26-35,17,1,Standard,2025-06-13,True
7081,Swati Gupta,Female,36,36-45,3,1,Standard,2025-03-23,True
7082,Karan Pillai,Male,64,56-65,11,5,Premium,2025-03-07,True
7083,Lakshmi Naidu,Female,52,46-55,7,5,Premium,2025-04-30,True
7084,Shreya Iyer,Female,22,18-25,26,1,Premium,2025-05-23,True
7085,Neha Pillai,Female,50,46-55,9,4,Standard,2025-12-17,True
7086,Harsh Naidu,Male,24,18-25,25,1,Premium,2025-11-29,True
7087,Aditya Iyer,Male,61,56-65,28,3,Premium,2025-10-10,True
7088,Divya Reddy,Female,25,18-25,27,1,Standard,2025-03-09,True
7089,Harsh Joshi,Male,41,36-45,8,3,Standard,2025-07-23,True
7090,Akash Das,Male,18,18-25,4,3,Inactive,2025-10-03,False
7091,Vivek Kumar,Male,62,56-65,8,3,Premium,2025-07-24,True
7092,Nandini Singh,Female,43,36-45,2,2,Standard,2025-10-26,True
7093,Varun Iyer,Male,58,56-65,18,5,Standard,2025-12-18,True
7094,Priya Iyer,Female,22,18-25,28,5,VIP,2025-04-28,True
7095,Shreya Gupta,Female,46,46-55,24,1,Standard,2025-11-28,True
7096,Shreya Patel,Female,18,18-25,21,5,VIP,2025-03-26,True
7097,Rohan Reddy,Male,63,56-65,3,6,Standard,2025-06-09,True
7098,Vivek Joshi,Male,37,36-45,24,2,Premium,2025-06-08,True
7099,Ishita Verma,Female,52,46-55,21,5,Premium,2025-10-16,True
7100,Aishwarya Nair,Female,55,46-55,30,1,Premium,2025-10-30,True
7101,Neha Iyer,Female,64,56-65,24,5,Standard,2025-01-04,True
7102,Vikram Reddy,Male,57,56-65,12,1,Standard,2025-01-23,True
7103,Aarav Verma,Male,42,36-45,28,4,Standard,2025-12-26,True
7104,Karan Gupta,Male,64,56-65,13,5,Premium,2025-06-09,True
7105,Harsh Gupta,Male,19,18-25,30,5,Standard,2025-06-08,True
7106,Akash Reddy,Male,52,46-55,13,5,Standard,2025-05-24,True
7107,Lakshmi Nair,Female,21,18-25,11,3,Premium,2025-06-08,True
7108,Riya Verma,Female,28,26-35,3,2,Standard,2025-04-11,True
7109,Sneha Sharma,Female,63,56-65,19,1,VIP,2025-05-20,True
7110,Priya Verma,Female,65,56-65,23,2,Standard,2025-11-16,True
7111,Arjun Verma,Male,21,18-25,23,4,Premium,2025-07-12,True
7112,Vivek Verma,Male,26,26-35,4,6,Standard,2025-10-12,True
7113,Vivek Rao,Male,50,46-55,9,6,Premium,2025-01-27,True
7114,Shreya Sharma,Female,41,36-45,23,4,Premium,2025-03-23,True
7115,Pooja Singh,Female,40,36-45,13,6,Standard,2025-06-11,True
7116,Neha Singh,Female,47,46-55,4,3,Premium,2025-02-27,True
7117,Vivek Reddy,Male,26,26-35,2,4,Standard,2025-12-03,True
7118,Nikhil Rao,Male,58,56-65,17,5,Standard,2025-08-05,True
7119,Meera Das,Female,29,26-35,26,4,Premium,2025-06-23,True
7120,Aditya Verma,Male,44,36-45,3,3,Premium,2025-05-02,True
7121,Aditya Pillai,Male,56,56-65,26,6,Standard,2025-01-25,True
7122,Priya Iyer,Female,45,36-45,22,6,Standard,2025-04-08,True
7123,Vivek Nair,Male,31,26-35,9,2,Standard,2025-12-07,True
7124,Divya Rao,Female,31,26-35,5,1,Standard,2025-12-31,True
7125,Rohan Naidu,Male,55,46-55,18,5,Standard,2025-01-08,True
7126,Ananya Sharma,Female,33,26-35,16,4,Standard,2025-12-03,True
7127,Arjun Naidu,Male,37,36-45,2,3,Premium,2025-03-17,True
7128,Shreya Iyer,Female,49,46-55,2,6,Premium,2025-01-24,True
7129,Ishita Sharma,Female,27,26-35,22,4,Standard,2025-05-19,True
7130,Aishwarya Singh,Female,56,56-65,28,1,Premium,2025-02-27,True
7131,Harsh Iyer,Male,44,36-45,29,3,Standard,2025-07-14,True
7132,Karan Das,Male,44,36-45,3,4,Standard,2025-08-16,True
7133,Lakshmi Reddy,Female,47,46-55,30,6,Standard,2025-07-30,True
7134,Lakshmi Gupta,Female,29,26-35,23,4,Standard,2025-05-20,True
7135,Lakshmi Iyer,Female,52,46-55,24,1,Standard,2025-12-20,True
7136,Vikram Rao,Male,28,26-35,26,4,Standard,2025-07-05,True
7137,Harsh Iyer,Male,48,46-55,11,3,Standard,2025-05-16,True
7138,Nandini Pillai,Female,52,46-55,3,5,Premium,2025-10-02,True
7139,Shreya Iyer,Female,55,46-55,23,3,Standard,2025-10-21,True
7140,Anil Das,Male,30,26-35,17,4,Premium,2025-02-11,True
7141,Lakshmi Kumar,Female,19,18-25,4,2,Standard,2025-12-03,True
7142,Aishwarya Iyer,Female,65,56-65,6,5,Premium,2025-06-09,True
7143,Vikram Singh,Male,29,26-35,10,4,Standard,2025-04-11,True
7144,Nandini Verma,Female,29,26-35,7,4,Standard,2025-04-27,True
7145,Aarav Iyer,Male,60,56-65,19,1,Standard,2025-06-01,True
7146,Neha Gupta,Female,50,46-55,10,2,Inactive,2025-04-02,False
7147,Nikhil Sharma,Male,56,56-65,11,3,Inactive,2025-07-18,False
7148,Priya Verma,Female,47,46-55,26,6,Standard,2025-08-30,True
7149,Siddharth Das,Male,22,18-25,23,6,Standard,2025-11-21,True
7150,Neha Verma,Female,44,36-45,3,4,Standard,2025-03-02,True
7151,Harsh Sharma,Male,31,26-35,23,3,VIP,2025-06-13,True
7152,Swati Singh,Female,26,26-35,3,1,Inactive,2025-11-17,False
7153,Rahul Iyer,Male,19,18-25,12,4,Premium,2025-12-26,True
7154,Pooja Sharma,Female,19,18-25,26,1,Standard,2025-02-07,True
7155,Neha Pillai,Female,42,36-45,22,2,Premium,2025-08-18,True
7156,Varun Rao,Male,45,36-45,5,2,Standard,2025-06-13,True
7157,Vivek Naidu,Male,53,46-55,7,5,Standard,2025-08-24,True
7158,Arjun Joshi,Male,32,26-35,21,4,Premium,2025-01-15,True
7159,Sneha Sharma,Female,60,56-65,27,2,Premium,2025-09-23,True
7160,Vivek Mehta,Male,27,26-35,8,6,Premium,2025-07-07,True
7161,Shreya Verma,Female,57,56-65,30,3,Inactive,2025-07-18,False
7162,Aishwarya Pillai,Female,29,26-35,9,1,Inactive,2025-05-31,False
7163,Sneha Singh,Female,59,56-65,18,5,Standard,2025-01-19,True
7164,Shreya Rao,Female,48,46-55,28,6,Inactive,2025-08-12,False
7165,Divya Rao,Female,61,56-65,24,4,Standard,2025-06-03,True
7166,Priya Mehta,Female,62,56-65,19,2,Standard,2025-05-04,True
7167,Neha Iyer,Female,61,56-65,5,6,Standard,2025-07-05,True
7168,Karan Rao,Male,27,26-35,6,6,VIP,2025-04-17,True
7169,Priya Reddy,Female,53,46-55,15,4,Standard,2025-11-18,True
7170,Vikram Nair,Male,53,46-55,29,4,Standard,2025-08-16,True
7171,Riya Patel,Female,55,46-55,15,6,VIP,2025-01-10,True
7172,Arjun Iyer,Male,52,46-55,15,2,Premium,2025-08-03,True
7173,Vivek Singh,Male,60,56-65,18,5,Standard,2025-08-13,True
7174,Swati Naidu,Female,29,26-35,1,3,Standard,2025-06-16,True
7175,Divya Nair,Female,43,36-45,6,2,Standard,2025-05-15,True
7176,Pooja Reddy,Female,52,46-55,24,4,Premium,2025-06-27,True
7177,Arjun Kumar,Male,22,18-25,10,1,Standard,2025-09-24,True
7178,Manish Das,Male,50,46-55,21,4,Standard,2025-08-09,True
7179,Pooja Mehta,Female,24,18-25,30,6,Premium,2025-01-28,True
7180,Varun Sharma,Male,65,56-65,12,5,Standard,2025-01-19,True
7181,Anil Pillai,Male,62,56-65,11,3,Standard,2025-07-18,True
7182,Priya Joshi,Female,26,26-35,9,4,Inactive,2025-07-11,False
7183,Sneha Joshi,Female,60,56-65,30,6,Premium,2025-10-15,True
7184,Riya Naidu,Female,30,26-35,30,3,Standard,2025-03-13,True
7185,Vivek Kumar,Male,28,26-35,26,4,Standard,2025-12-01,True
7186,Akash Sharma,Male,21,18-25,5,1,Standard,2025-01-27,True
7187,Nikhil Mehta,Male,52,46-55,9,4,Inactive,2025-06-11,False
7188,Pooja Verma,Female,61,56-65,16,2,Standard,2025-03-18,True
7189,Rohan Naidu,Male,56,56-65,3,2,Standard,2025-02-03,True
7190,Karan Singh,Male,55,46-55,26,6,Inactive,2025-11-16,False
7191,Aditya Das,Male,50,46-55,21,1,Standard,2025-09-22,True
7192,Aishwarya Kumar,Female,54,46-55,26,4,Standard,2025-06-21,True
7193,Sneha Verma,Female,24,18-25,29,6,Standard,2025-03-15,True
7194,Lakshmi Nair,Female,43,36-45,28,5,Standard,2025-10-05,True
7195,Siddharth Sharma,Male,42,36-45,13,1,Standard,2025-04-12,True
7196,Vivek Singh,Male,27,26-35,30,4,Premium,2025-06-19,True
7197,Sneha Nair,Female,35,26-35,25,3,VIP,2025-05-05,True
7198,Rahul Joshi,Male,51,46-55,22,3,Standard,2025-01-22,True
7199,Varun Nair,Male,55,46-55,8,6,Standard,2025-09-22,True
7200,Manish Reddy,Male,27,26-35,5,1,Premium,2025-06-24,True
7201,Rahul Gupta,Male,61,56-65,17,3,Standard,2025-05-23,True
7202,Aditya Nair,Male,24,18-25,23,4,Standard,2025-04-28,True
7203,Ananya Sharma,Female,52,46-55,28,4,Standard,2025-11-11,True
7204,Harsh Sharma,Male,31,26-35,6,2,Inactive,2025-08-09,False
7205,Varun Patel,Male,36,36-45,25,4,Standard,2025-03-24,True
7206,Shreya Nair,Female,52,46-55,10,4,Standard,2025-02-09,True
7207,Vivek Mehta,Male,31,26-35,5,2,Inactive,2025-10-06,False
7208,Riya Nair,Female,33,26-35,15,6,Premium,2025-05-01,True
7209,Nikhil Rao,Male,53,46-55,11,5,Standard,2025-05-23,True
7210,Ishita Das,Female,44,36-45,18,2,Standard,2025-03-11,True
7211,Rahul Rao,Male,41,36-45,17,5,Standard,2025-11-12,True
7212,Nikhil Patel,Male,19,18-25,16,5,Standard,2025-06-18,True
7213,Ananya Gupta,Female,44,36-45,15,1,Premium,2025-12-27,True
7214,Vivek Pillai,Male,37,36-45,9,6,Standard,2025-08-29,True
7215,Meera Das,Female,46,46-55,3,1,Standard,2025-12-22,True
7216,Riya Iyer,Female,49,46-55,7,1,Standard,2025-03-22,True
7217,Riya Nair,Female,38,36-45,20,6,Premium,2025-10-20,True
7218,Neha Iyer,Female,36,36-45,12,5,Standard,2025-01-07,True
7219,Rohan Pillai,Male,40,36-45,18,6,Premium,2025-03-11,True
7220,Aishwarya Gupta,Female,29,26-35,23,4,Premium,2025-09-09,True
7221,Siddharth Kumar,Male,42,36-45,10,2,Standard,2025-05-01,True
7222,Nandini Kumar,Female,51,46-55,27,5,Standard,2025-08-01,True
7223,Ishita Verma,Female,20,18-25,13,6,Standard,2025-12-30,True
7224,Nikhil Joshi,Male,61,56-65,21,1,Standard,2025-11-19,True
7225,Aishwarya Joshi,Female,60,56-65,23,2,Standard,2025-10-25,True
7226,Riya Sharma,Female,29,26-35,3,1,Premium,2025-09-18,True
7227,Ananya Gupta,Female,20,18-25,1,1,Standard,2025-03-07,True
7228,Aditya Patel,Male,26,26-35,24,2,Standard,2025-10-22,True
7229,Neha Mehta,Female,21,18-25,17,5,Standard,2025-07-16,True
7230,Vivek Verma,Male,25,18-25,27,1,Standard,2025-10-02,True
7231,Vikram Mehta,Male,47,46-55,27,3,Standard,2025-02-21,True
7232,Anil Verma,Male,30,26-35,19,1,Standard,2025-01-30,True
7233,Divya Iyer,Female,58,56-65,24,5,Premium,2025-01-20,True
7234,Varun Naidu,Male,30,26-35,4,4,Premium,2025-06-28,True
7235,Rahul Joshi,Male,37,36-45,29,3,Premium,2025-04-13,True
7236,Nikhil Verma,Male,21,18-25,30,6,Standard,2025-05-21,True
7237,Manish Singh,Male,56,56-65,27,3,Standard,2025-06-10,True
7238,Lakshmi Nair,Female,42,36-45,18,4,Standard,2025-11-22,True
7239,Neha Das,Female,25,18-25,9,2,Standard,2025-01-09,True
7240,Anil Naidu,Male,18,18-25,27,6,Premium,2025-08-16,True
7241,Aishwarya Verma,Female,50,46-55,9,4,Standard,2025-09-01,True
7242,Akash Mehta,Male,29,26-35,7,2,Premium,2025-12-06,True
7243,Rohan Verma,Male,45,36-45,25,2,Standard,2025-04-18,True
7244,Vikram Rao,Male,20,18-25,4,3,Standard,2025-07-27,True
7245,Shreya Iyer,Female,44,36-45,27,4,Standard,2025-01-26,True
7246,Aarav Naidu,Male,40,36-45,20,1,Standard,2025-07-15,True
7247,Manish Joshi,Male,35,26-35,16,5,Standard,2025-11-17,True
7248,Vikram Iyer,Male,60,56-65,19,1,Standard,2025-10-29,True
7249,Lakshmi Naidu,Female,32,26-35,3,3,Inactive,2025-06-27,False
7250,Meera Iyer,Female,21,18-25,21,1,Standard,2025-06-23,True
7251,Pooja Reddy,Female,62,56-65,7,1,Premium,2025-10-10,True
7252,Rohan Verma,Male,21,18-25,22,6,Standard,2025-07-18,True
7253,Ananya Reddy,Female,60,56-65,7,6,Standard,2025-07-07,True
7254,Nandini Reddy,Female,53,46-55,10,2,Standard,2025-07-26,True
7255,Pooja Verma,Female,20,18-25,3,4,VIP,2025-08-18,True
7256,Rohan Pillai,Male,49,46-55,22,1,Standard,2025-04-09,True
7257,Ananya Rao,Female,36,36-45,26,6,Standard,2025-04-05,True
7258,Ishita Patel,Female,23,18-25,21,1,Premium,2025-03-26,True
7259,Shreya Rao,Female,44,36-45,28,6,Premium,2025-01-01,True
7260,Swati Sharma,Female,37,36-45,4,5,Premium,2025-01-06,True
7261,Neha Singh,Female,24,18-25,3,6,Standard,2025-10-23,True
7262,Vivek Reddy,Male,63,56-65,1,4,Standard,2025-04-23,True
7263,Divya Mehta,Female,33,26-35,1,5,Standard,2025-04-12,True
7264,Aishwarya Reddy,Female,34,26-35,19,2,Standard,2025-10-24,True
7265,Akash Gupta,Male,43,36-45,4,6,Standard,2025-10-07,True
7266,Aishwarya Nair,Female,38,36-45,22,3,VIP,2025-05-24,True
7267,Rahul Sharma,Male,44,36-45,26,5,Standard,2025-03-20,True
7268,Riya Rao,Female,51,46-55,25,2,Standard,2025-06-29,True
7269,Manish Joshi,Male,63,56-65,18,4,Standard,2025-05-06,True
7270,Swati Nair,Female,57,56-65,4,6,Standard,2025-09-23,True
7271,Nandini Patel,Female,36,36-45,18,5,Standard,2025-11-08,True
7272,Varun Joshi,Male,28,26-35,30,4,Premium,2025-08-15,True
7273,Vikram Sharma,Male,49,46-55,19,6,Standard,2025-09-14,True
7274,Akash Reddy,Male,42,36-45,22,4,VIP,2025-08-20,True
7275,Arjun Sharma,Male,32,26-35,10,1,VIP,2025-09-09,True
7276,Karan Reddy,Male,49,46-55,10,3,VIP,2025-02-24,True
7277,Meera Das,Female,22,18-25,17,3,Standard,2025-02-01,True
7278,Harsh Sharma,Male,23,18-25,8,2,Premium,2025-11-23,True
7279,Nikhil Reddy,Male,35,26-35,27,5,Standard,2025-01-05,True
7280,Arjun Joshi,Male,33,26-35,27,6,Standard,2025-12-05,True
7281,Siddharth Kumar,Male,47,46-55,25,4,Inactive,2025-05-17,False
7282,Aishwarya Gupta,Female,46,46-55,23,4,Inactive,2025-06-15,False
7283,Priya Iyer,Female,64,56-65,30,6,Standard,2025-10-15,True
7284,Aditya Naidu,Male,62,56-65,21,5,Standard,2025-07-23,True
7285,Ishita Mehta,Female,46,46-55,10,4,Premium,2025-11-19,True
7286,Vikram Iyer,Male,47,46-55,24,6,Standard,2025-12-11,True
7287,Vivek Iyer,Male,32,26-35,8,5,Premium,2025-07-12,True
7288,Neha Reddy,Female,54,46-55,16,5,Premium,2025-07-13,True
7289,Rahul Singh,Male,43,36-45,14,6,Standard,2025-10-21,True
7290,Nikhil Joshi,Male,47,46-55,28,4,Standard,2025-09-15,True
7291,Swati Mehta,Female,42,36-45,12,4,Inactive,2025-06-01,False
7292,Pooja Pillai,Female,56,56-65,15,4,Standard,2025-08-26,True
7293,Neha Verma,Female,31,26-35,23,6,Standard,2025-01-09,True
7294,Anil Verma,Male,38,36-45,2,6,Standard,2025-04-09,True
7295,Harsh Verma,Male,33,26-35,27,2,Standard,2025-05-25,True
7296,Anil Gupta,Male,64,56-65,6,4,Standard,2025-06-22,True
7297,Ananya Verma,Female,33,26-35,21,5,Inactive,2025-07-08,False
7298,Nandini Singh,Female,18,18-25,24,6,Standard,2025-08-24,True
7299,Rahul Reddy,Male,33,26-35,7,1,Standard,2025-08-13,True
7300,Harsh Gupta,Male,50,46-55,17,1,Inactive,2025-12-13,False
7301,Siddharth Gupta,Male,40,36-45,11,4,Premium,2025-01-29,True
7302,Varun Pillai,Male,61,56-65,2,4,Standard,2025-02-05,True
7303,Karan Kumar,Male,30,26-35,22,6,Standard,2025-05-25,True
7304,Harsh Nair,Male,36,36-45,20,1,Standard,2025-08-21,True
7305,Manish Iyer,Male,36,36-45,18,6,Standard,2025-12-27,True
7306,Riya Mehta,Female,28,26-35,10,5,Standard,2025-10-27,True
7307,Aishwarya Nair,Female,30,26-35,14,3,VIP,2025-01-25,True
7308,Priya Singh,Female,27,26-35,21,6,Premium,2025-08-22,True
7309,Vikram Sharma,Male,50,46-55,20,4,Standard,2025-01-30,True
7310,Anil Joshi,Male,33,26-35,5,1,Premium,2025-08-06,True
7311,Ananya Reddy,Female,61,56-65,28,5,Standard,2025-08-26,True
7312,Aarav Nair,Male,39,36-45,23,5,Standard,2025-01-24,True
7313,Riya Reddy,Female,51,46-55,28,5,Standard,2025-01-12,True
7314,Rahul Reddy,Male,33,26-35,4,5,Standard,2025-06-10,True
7315,Rohan Naidu,Male,37,36-45,13,1,Standard,2025-08-31,True
7316,Vikram Reddy,Male,48,46-55,29,6,Standard,2025-07-28,True
7317,Pooja Nair,Female,38,36-45,3,2,Inactive,2025-04-16,False
7318,Pooja Das,Female,22,18-25,14,3,Standard,2025-12-02,True
7319,Neha Patel,Female,19,18-25,23,2,Standard,2025-07-30,True
7320,Divya Singh,Female,39,36-45,1,1,Standard,2025-04-17,True
7321,Sneha Naidu,Female,38,36-45,28,6,VIP,2025-02-14,True
7322,Pooja Patel,Female,43,36-45,9,4,Standard,2025-08-11,True
7323,Nandini Mehta,Female,58,56-65,25,6,Standard,2025-02-20,True
7324,Vikram Reddy,Male,37,36-45,26,3,Premium,2025-05-22,True
7325,Kavya Mehta,Female,55,46-55,3,6,Standard,2025-01-13,True
7326,Manish Nair,Male,30,26-35,12,6,Premium,2025-05-22,True
7327,Anil Singh,Male,31,26-35,20,2,Standard,2025-07-26,True
7328,Priya Mehta,Female,31,26-35,5,4,Standard,2025-11-13,True
7329,Vivek Kumar,Male,45,36-45,25,3,Inactive,2025-05-01,False
7330,Riya Verma,Female,63,56-65,1,6,Standard,2025-03-23,True
7331,Aditya Sharma,Male,56,56-65,4,4,Standard,2025-12-13,True
7332,Manish Patel,Male,43,36-45,5,3,Standard,2025-10-10,True
7333,Pooja Verma,Female,65,56-65,26,1,Standard,2025-11-08,True
7334,Nikhil Nair,Male,54,46-55,24,1,Premium,2025-04-19,True
7335,Anil Sharma,Male,45,36-45,6,2,Standard,2025-04-19,True
7336,Vikram Rao,Male,25,18-25,14,4,Standard,2025-07-24,True
7337,Manish Joshi,Male,54,46-55,14,1,Premium,2025-02-18,True
7338,Sneha Das,Female,27,26-35,8,2,Inactive,2025-12-27,False
7339,Ishita Reddy,Female,33,26-35,24,2,Standard,2025-07-11,True
7340,Aditya Singh,Male,28,26-35,23,5,Premium,2025-06-09,True
7341,Swati Pillai,Female,58,56-65,1,3,VIP,2025-12-21,True
7342,Siddharth Nair,Male,24,18-25,9,4,Standard,2025-08-08,True
7343,Akash Gupta,Male,57,56-65,18,2,Standard,2025-05-29,True
7344,Neha Iyer,Female,28,26-35,27,1,Standard,2025-11-03,True
7345,Ananya Patel,Female,51,46-55,14,6,Premium,2025-12-04,True
7346,Lakshmi Patel,Female,27,26-35,23,2,Standard,2025-03-12,True
7347,Sneha Pillai,Female,45,36-45,7,4,Inactive,2025-10-12,False
7348,Karan Iyer,Male,65,56-65,3,2,Standard,2025-06-25,True
7349,Anil Iyer,Male,49,46-55,27,5,Standard,2025-01-04,True
7350,Kavya Verma,Female,36,36-45,23,1,Standard,2025-05-20,True
7351,Priya Sharma,Female,40,36-45,15,5,Premium,2025-07-17,True
7352,Sneha Mehta,Female,40,36-45,7,2,Standard,2025-05-18,True
7353,Nandini Nair,Female,60,56-65,18,2,Standard,2025-10-23,True
7354,Pooja Naidu,Female,18,18-25,25,5,Standard,2025-09-05,True
7355,Lakshmi Mehta,Female,34,26-35,16,2,Premium,2025-06-14,True
7356,Ananya Naidu,Female,45,36-45,14,2,Premium,2025-02-23,True
7357,Sneha Kumar,Female,19,18-25,10,2,Standard,2025-03-05,True
7358,Ishita Pillai,Female,36,36-45,18,4,Standard,2025-10-27,True
7359,Karan Reddy,Male,40,36-45,6,5,Standard,2025-12-14,True
7360,Aarav Rao,Male,45,36-45,18,2,Premium,2025-10-14,True
7361,Akash Kumar,Male,19,18-25,24,4,Premium,2025-11-01,True
7362,Rahul Sharma,Male,55,46-55,27,2,Standard,2025-01-03,True
7363,Riya Kumar,Female,30,26-35,21,3,Standard,2025-02-11,True
7364,Aarav Joshi,Male,28,26-35,16,5,Premium,2025-10-25,True
7365,Rahul Rao,Male,23,18-25,1,1,Premium,2025-03-28,True
7366,Ishita Iyer,Female,26,26-35,28,3,Standard,2025-10-20,True
7367,Aditya Mehta,Male,57,56-65,23,6,Premium,2025-03-28,True
7368,Riya Sharma,Female,32,26-35,6,2,Standard,2025-11-29,True
7369,Shreya Gupta,Female,20,18-25,1,2,Standard,2025-09-09,True
7370,Harsh Rao,Male,21,18-25,29,4,Standard,2025-07-15,True
7371,Akash Iyer,Male,53,46-55,26,5,Standard,2025-12-12,True
7372,Akash Rao,Male,25,18-25,12,1,Standard,2025-09-19,True
7373,Lakshmi Singh,Female,20,18-25,1,5,Premium,2025-12-20,True
7374,Ishita Nair,Female,25,18-25,4,4,VIP,2025-02-01,True
7375,Karan Nair,Male,50,46-55,24,4,Standard,2025-06-26,True
7376,Harsh Reddy,Male,27,26-35,11,5,Standard,2025-09-24,True
7377,Vikram Mehta,Male,32,26-35,23,2,Inactive,2025-12-17,False
7378,Divya Naidu,Female,60,56-65,14,6,Standard,2025-12-03,True
7379,Harsh Pillai,Male,64,56-65,27,5,Premium,2025-12-11,True
7380,Riya Verma,Female,23,18-25,26,5,Standard,2025-12-02,True
7381,Ananya Sharma,Female,47,46-55,3,5,Premium,2025-12-27,True
7382,Rohan Rao,Male,30,26-35,8,4,Premium,2025-11-16,True
7383,Arjun Gupta,Male,48,46-55,6,2,VIP,2025-11-20,True
7384,Aditya Rao,Male,52,46-55,24,5,Standard,2025-05-07,True
7385,Manish Gupta,Male,35,26-35,22,2,Standard,2025-02-26,True
7386,Aditya Nair,Male,27,26-35,28,1,Premium,2025-09-25,True
7387,Ishita Nair,Female,56,56-65,23,1,Premium,2025-07-17,True
7388,Meera Das,Female,39,36-45,4,4,Standard,2025-07-19,True
7389,Kavya Iyer,Female,25,18-25,9,2,Premium,2025-05-16,True
7390,Harsh Joshi,Male,18,18-25,23,1,Standard,2025-03-01,True
7391,Aarav Naidu,Male,44,36-45,8,5,Standard,2025-05-19,True
7392,Rahul Singh,Male,40,36-45,25,3,Inactive,2025-10-19,False
7393,Priya Gupta,Female,50,46-55,20,6,Standard,2025-10-24,True
7394,Divya Gupta,Female,60,56-65,11,3,Standard,2025-02-27,True
7395,Kavya Pillai,Female,33,26-35,13,5,Premium,2025-11-25,True
7396,Vikram Rao,Male,56,56-65,23,3,Standard,2025-01-15,True
7397,Ishita Nair,Female,21,18-25,17,1,Standard,2025-01-03,True
7398,Ishita Rao,Female,43,36-45,20,5,Standard,2025-04-21,True
7399,Anil Naidu,Male,30,26-35,3,4,VIP,2025-03-28,True
7400,Riya Singh,Female,36,36-45,1,6,Standard,2025-06-27,True
7401,Aditya Das,Male,54,46-55,19,1,Standard,2025-01-11,True
7402,Aarav Singh,Male,46,46-55,4,1,Standard,2025-07-12,True
7403,Priya Sharma,Female,38,36-45,20,2,Standard,2025-07-15,True
7404,Aishwarya Joshi,Female,49,46-55,10,5,Standard,2025-12-31,True
7405,Siddharth Patel,Male,23,18-25,17,3,Premium,2025-07-17,True
7406,Kavya Naidu,Female,54,46-55,8,3,Inactive,2025-09-19,False
7407,Harsh Kumar,Male,44,36-45,17,5,Standard,2025-08-29,True
7408,Swati Gupta,Female,60,56-65,8,2,Standard,2025-01-21,True
7409,Aarav Verma,Male,58,56-65,25,5,Premium,2025-03-07,True
7410,Nikhil Kumar,Male,38,36-45,11,5,Standard,2025-11-15,True
7411,Rahul Joshi,Male,46,46-55,15,4,Standard,2025-02-18,True
7412,Varun Iyer,Male,35,26-35,10,2,Standard,2025-12-25,True
7413,Aarav Nair,Male,60,56-65,5,3,Premium,2025-06-11,True
7414,Priya Kumar,Female,39,36-45,9,3,Standard,2025-08-14,True
7415,Priya Das,Female,43,36-45,3,3,Premium,2025-01-10,True
7416,Vivek Gupta,Male,63,56-65,9,1,Standard,2025-01-11,True
7417,Kavya Naidu,Female,59,56-65,10,3,Standard,2025-11-29,True
7418,Sneha Pillai,Female,25,18-25,14,3,Premium,2025-11-11,True
7419,Nandini Mehta,Female,65,56-65,7,5,Inactive,2025-12-11,False
7420,Varun Naidu,Male,43,36-45,13,6,Standard,2025-03-19,True
7421,Meera Nair,Female,29,26-35,1,2,VIP,2025-06-14,True
7422,Ishita Das,Female,49,46-55,1,4,Inactive,2025-06-27,False
7423,Arjun Kumar,Male,35,26-35,12,1,Standard,2025-04-30,True
7424,Aishwarya Rao,Female,20,18-25,22,5,Standard,2025-02-22,True
7425,Rahul Verma,Male,25,18-25,25,4,Standard,2025-11-07,True
7426,Aditya Kumar,Male,44,36-45,1,1,Standard,2025-08-18,True
7427,Vivek Singh,Male,39,36-45,11,5,Premium,2025-03-07,True
7428,Priya Patel,Female,39,36-45,21,3,Inactive,2025-08-20,False
7429,Arjun Gupta,Male,53,46-55,5,2,Premium,2025-03-09,True
7430,Aarav Kumar,Male,38,36-45,28,6,Standard,2025-07-24,True
7431,Swati Nair,Female,19,18-25,25,4,Premium,2025-07-10,True
7432,Rohan Reddy,Male,22,18-25,11,4,Standard,2025-06-15,True
7433,Sneha Pillai,Female,65,56-65,18,4,Standard,2025-09-18,True
7434,Divya Naidu,Female,33,26-35,8,4,Standard,2025-06-26,True
7435,Vivek Joshi,Male,55,46-55,14,3,Standard,2025-02-02,True
7436,Neha Patel,Female,59,56-65,20,2,Standard,2025-03-09,True
7437,Arjun Singh,Male,53,46-55,23,5,Standard,2025-09-20,True
7438,Vivek Reddy,Male,62,56-65,27,3,Standard,2025-12-11,True
7439,Anil Kumar,Male,41,36-45,4,2,Standard,2025-12-21,True
7440,Vikram Sharma,Male,59,56-65,3,4,Standard,2025-06-05,True
7441,Swati Joshi,Female,39,36-45,21,3,Premium,2025-07-18,True
7442,Sneha Rao,Female,30,26-35,14,4,Standard,2025-03-04,True
7443,Aarav Patel,Male,37,36-45,12,6,Inactive,2025-12-21,False
7444,Priya Gupta,Female,46,46-55,11,4,Premium,2025-11-13,True
7445,Rohan Sharma,Male,21,18-25,30,2,VIP,2025-03-08,True
7446,Varun Reddy,Male,43,36-45,13,3,Standard,2025-04-09,True
7447,Lakshmi Reddy,Female,56,56-65,20,5,Premium,2025-02-03,True
7448,Arjun Rao,Male,26,26-35,20,2,Premium,2025-11-12,True
7449,Nikhil Sharma,Male,44,36-45,26,4,Standard,2025-01-25,True
7450,Nikhil Mehta,Male,23,18-25,16,6,Standard,2025-01-21,True
7451,Aarav Das,Male,25,18-25,1,6,Standard,2025-01-25,True
7452,Sneha Gupta,Female,20,18-25,10,5,Standard,2025-08-02,True
7453,Swati Rao,Female,23,18-25,1,2,Standard,2025-04-18,True
7454,Meera Gupta,Female,29,26-35,5,4,Premium,2025-04-28,True
7455,Nikhil Das,Male,18,18-25,6,3,Standard,2025-05-18,True
7456,Varun Mehta,Male,44,36-45,20,6,Standard,2025-08-31,True
7457,Pooja Nair,Female,31,26-35,19,3,Inactive,2025-03-26,False
7458,Vikram Singh,Male,33,26-35,25,1,Standard,2025-06-01,True
7459,Meera Patel,Female,34,26-35,15,3,Standard,2025-02-03,True
7460,Karan Sharma,Male,64,56-65,17,3,Standard,2025-12-15,True
7461,Akash Kumar,Male,27,26-35,6,2,Standard,2025-05-19,True
7462,Kavya Verma,Female,60,56-65,26,3,Standard,2025-12-07,True
7463,Riya Das,Female,65,56-65,10,3,Inactive,2025-02-11,False
7464,Sneha Reddy,Female,58,56-65,12,4,Premium,2025-02-17,True
7465,Sneha Singh,Female,63,56-65,2,4,Standard,2025-10-24,True
7466,Vikram Patel,Male,52,46-55,5,4,Standard,2025-07-23,True
7467,Harsh Kumar,Male,31,26-35,24,5,Standard,2025-11-23,True
7468,Anil Rao,Male,64,56-65,19,1,Standard,2025-01-06,True
7469,Riya Verma,Female,46,46-55,21,6,Premium,2025-12-13,True
7470,Divya Sharma,Female,33,26-35,28,5,Standard,2025-07-24,True
7471,Sneha Sharma,Female,63,56-65,16,3,Inactive,2025-04-19,False
7472,Vivek Das,Male,23,18-25,25,6,Standard,2025-04-08,True
7473,Akash Naidu,Male,61,56-65,19,1,Premium,2025-06-14,True
7474,Varun Patel,Male,57,56-65,17,3,Premium,2025-06-23,True
7475,Aditya Sharma,Male,43,36-45,17,1,Standard,2025-05-16,True
7476,Sneha Verma,Female,50,46-55,11,4,Standard,2025-03-24,True
7477,Varun Naidu,Male,63,56-65,25,4,Inactive,2025-12-12,False
7478,Lakshmi Joshi,Female,29,26-35,10,2,Premium,2025-06-06,True
7479,Nandini Rao,Female,44,36-45,28,3,Premium,2025-05-18,True
7480,Pooja Patel,Female,59,56-65,2,1,Standard,2025-04-19,True
7481,Akash Nair,Male,38,36-45,11,3,Standard,2025-03-06,True
7482,Rahul Reddy,Male,57,56-65,22,5,Standard,2025-10-14,True
7483,Rohan Reddy,Male,26,26-35,2,3,Standard,2025-10-11,True
7484,Aarav Das,Male,62,56-65,5,6,Inactive,2025-03-19,False
7485,Rahul Joshi,Male,37,36-45,29,1,Standard,2025-10-31,True
7486,Ananya Pillai,Female,61,56-65,13,5,Standard,2025-10-10,True
7487,Karan Joshi,Male,44,36-45,15,3,Premium,2025-12-08,True
7488,Siddharth Gupta,Male,48,46-55,16,2,Premium,2025-10-25,True
7489,Sneha Rao,Female,60,56-65,27,5,Standard,2025-03-01,True
7490,Arjun Patel,Male,41,36-45,11,2,Standard,2025-04-24,True
7491,Meera Patel,Female,45,36-45,24,3,Standard,2025-08-27,True
7492,Karan Verma,Male,58,56-65,11,4,Standard,2025-11-19,True
7493,Vikram Iyer,Male,29,26-35,6,1,Premium,2025-06-19,True
7494,Sneha Sharma,Female,40,36-45,12,3,Inactive,2025-03-25,False
7495,Karan Mehta,Male,65,56-65,24,6,Inactive,2025-10-10,False
7496,Lakshmi Pillai,Female,40,36-45,11,1,Premium,2025-11-02,True
7497,Riya Rao,Female,18,18-25,12,5,Premium,2025-01-28,True
7498,Sneha Kumar,Female,53,46-55,17,3,Standard,2025-10-24,True
7499,Harsh Joshi,Male,52,46-55,21,5,Premium,2025-07-18,True
7500,Arjun Sharma,Male,43,36-45,21,6,Premium,2025-04-03,True
7501,Kavya Nair,Female,64,56-65,7,1,Standard,2025-08-06,True
7502,Vikram Pillai,Male,24,18-25,14,2,Standard,2025-11-23,True
7503,Varun Naidu,Male,34,26-35,23,2,Standard,2025-12-04,True
7504,Ananya Kumar,Female,59,56-65,20,3,Standard,2025-08-15,True
7505,Siddharth Naidu,Male,46,46-55,16,6,Premium,2025-01-25,True
7506,Divya Rao,Female,55,46-55,4,3,Standard,2025-07-03,True
7507,Sneha Naidu,Female,36,36-45,18,4,Standard,2025-06-07,True
7508,Harsh Nair,Male,49,46-55,4,3,Standard,2025-09-23,True
7509,Shreya Pillai,Female,54,46-55,25,3,Standard,2025-12-24,True
7510,Ishita Das,Female,28,26-35,5,5,Standard,2025-08-22,True
7511,Manish Reddy,Male,43,36-45,18,5,Standard,2025-12-24,True
7512,Nandini Singh,Female,62,56-65,8,2,Standard,2025-10-25,True
7513,Shreya Mehta,Female,59,56-65,20,1,Premium,2025-12-02,True
7514,Harsh Naidu,Male,50,46-55,10,2,Premium,2025-07-14,True
7515,Nandini Pillai,Female,47,46-55,9,1,Standard,2025-08-16,True
7516,Lakshmi Singh,Female,65,56-65,13,4,Premium,2025-04-16,True
7517,Priya Singh,Female,36,36-45,8,4,VIP,2025-02-28,True
7518,Karan Mehta,Male,51,46-55,12,5,VIP,2025-03-12,True
7519,Priya Naidu,Female,49,46-55,4,4,Standard,2025-10-08,True
7520,Aditya Singh,Male,58,56-65,8,3,Standard,2025-06-16,True
7521,Aarav Reddy,Male,23,18-25,1,2,Premium,2025-10-13,True
7522,Nikhil Reddy,Male,35,26-35,19,6,Standard,2025-01-28,True
7523,Arjun Joshi,Male,26,26-35,2,1,Premium,2025-08-28,True
7524,Swati Iyer,Female,23,18-25,11,6,Standard,2025-10-29,True
7525,Lakshmi Kumar,Female,30,26-35,25,5,Premium,2025-03-30,True
7526,Pooja Mehta,Female,62,56-65,18,2,Premium,2025-01-05,True
7527,Nikhil Verma,Male,20,18-25,19,2,Standard,2025-07-05,True
7528,Kavya Joshi,Female,30,26-35,14,6,Standard,2025-04-02,True
7529,Meera Verma,Female,21,18-25,6,4,Standard,2025-06-13,True
7530,Neha Singh,Female,45,36-45,20,6,Premium,2025-09-05,True
7531,Siddharth Verma,Male,27,26-35,5,2,Premium,2025-09-25,True
7532,Ananya Iyer,Female,44,36-45,23,2,VIP,2025-05-22,True
7533,Aishwarya Das,Female,46,46-55,12,1,Standard,2025-12-01,True
7534,Nikhil Patel,Male,50,46-55,24,3,Premium,2025-09-14,True
7535,Rahul Iyer,Male,37,36-45,9,1,Inactive,2025-03-20,False
7536,Divya Patel,Female,44,36-45,23,2,Standard,2025-05-22,True
7537,Priya Gupta,Female,61,56-65,29,3,Standard,2025-01-29,True
7538,Kavya Verma,Female,38,36-45,3,3,Standard,2025-11-07,True
7539,Karan Naidu,Male,58,56-65,1,4,Standard,2025-03-08,True
7540,Manish Iyer,Male,27,26-35,1,6,Standard,2025-03-30,True
7541,Divya Sharma,Female,44,36-45,21,4,Standard,2025-11-17,True
7542,Neha Rao,Female,58,56-65,11,2,Standard,2025-04-03,True
7543,Arjun Kumar,Male,50,46-55,18,1,Standard,2025-06-13,True
7544,Harsh Naidu,Male,29,26-35,23,2,Standard,2025-04-26,True
7545,Kavya Kumar,Female,35,26-35,3,4,Standard,2025-10-12,True
7546,Vikram Mehta,Male,52,46-55,19,6,Standard,2025-12-09,True
7547,Manish Kumar,Male,31,26-35,22,2,Standard,2025-06-04,True
7548,Riya Pillai,Female,43,36-45,4,5,Standard,2025-01-24,True
7549,Harsh Iyer,Male,43,36-45,7,2,Inactive,2025-02-26,False
7550,Manish Patel,Male,46,46-55,30,6,Premium,2025-04-02,True
7551,Harsh Nair,Male,40,36-45,22,3,Standard,2025-03-09,True
7552,Varun Sharma,Male,63,56-65,2,3,Inactive,2025-11-09,False
7553,Riya Nair,Female,34,26-35,6,2,Standard,2025-08-20,True
7554,Aarav Patel,Male,49,46-55,9,5,Standard,2025-01-27,True
7555,Harsh Verma,Male,35,26-35,28,2,Standard,2025-01-27,True
7556,Meera Sharma,Female,59,56-65,26,5,Standard,2025-08-21,True
7557,Aishwarya Singh,Female,65,56-65,22,4,Standard,2025-09-17,True
7558,Ishita Iyer,Female,46,46-55,29,4,Inactive,2025-06-12,False
7559,Nandini Patel,Female,32,26-35,8,3,Inactive,2025-09-14,False
7560,Varun Mehta,Male,55,46-55,2,2,Premium,2025-10-31,True
7561,Riya Gupta,Female,21,18-25,11,4,Standard,2025-08-23,True
7562,Riya Reddy,Female,57,56-65,6,4,Inactive,2025-09-26,False
7563,Rahul Joshi,Male,61,56-65,29,1,Standard,2025-03-21,True
7564,Divya Sharma,Female,54,46-55,26,5,Standard,2025-12-03,True
7565,Harsh Verma,Male,38,36-45,14,1,Premium,2025-08-17,True
7566,Aarav Reddy,Male,48,46-55,28,6,Premium,2025-02-02,True
7567,Varun Rao,Male,58,56-65,11,3,Standard,2025-05-31,True
7568,Aishwarya Rao,Female,25,18-25,2,4,Standard,2025-06-02,True
7569,Swati Das,Female,56,56-65,26,5,Standard,2025-12-30,True
7570,Priya Joshi,Female,43,36-45,16,6,Premium,2025-12-31,True
7571,Rohan Sharma,Male,28,26-35,10,5,Standard,2025-12-13,True
7572,Anil Sharma,Male,53,46-55,7,2,Premium,2025-09-03,True
7573,Harsh Rao,Male,63,56-65,11,6,Premium,2025-11-12,True
7574,Aarav Mehta,Male,32,26-35,17,1,Standard,2025-04-16,True
7575,Vivek Naidu,Male,33,26-35,15,6,Standard,2025-12-31,True
7576,Riya Joshi,Female,19,18-25,26,3,Standard,2025-10-07,True
7577,Harsh Das,Male,52,46-55,16,6,Premium,2025-10-17,True
7578,Aishwarya Kumar,Female,62,56-65,6,6,Premium,2025-09-04,True
7579,Siddharth Das,Male,27,26-35,30,5,Premium,2025-12-06,True
7580,Aishwarya Pillai,Female,54,46-55,4,6,Standard,2025-05-22,True
7581,Nandini Verma,Female,53,46-55,14,2,Inactive,2025-04-24,False
7582,Vivek Singh,Male,55,46-55,3,5,Standard,2025-09-03,True
7583,Varun Gupta,Male,42,36-45,23,5,Inactive,2025-07-28,False
7584,Kavya Pillai,Female,35,26-35,19,1,Standard,2025-01-22,True
7585,Aditya Nair,Male,60,56-65,6,4,Standard,2025-06-21,True
7586,Aishwarya Sharma,Female,65,56-65,4,5,Standard,2025-03-11,True
7587,Divya Nair,Female,29,26-35,28,2,Standard,2025-09-01,True
7588,Varun Joshi,Male,41,36-45,6,1,Premium,2025-03-28,True
7589,Riya Joshi,Female,60,56-65,5,2,Standard,2025-05-17,True
7590,Vikram Reddy,Male,64,56-65,13,4,Inactive,2025-04-30,False
7591,Karan Verma,Male,46,46-55,25,3,Standard,2025-08-27,True
7592,Shreya Reddy,Female,59,56-65,19,5,Standard,2025-06-30,True
7593,Nikhil Naidu,Male,37,36-45,13,6,Premium,2025-05-27,True
7594,Siddharth Singh,Male,52,46-55,8,3,Standard,2025-08-12,True
7595,Priya Singh,Female,62,56-65,10,4,Standard,2025-10-17,True
7596,Harsh Verma,Male,48,46-55,25,2,Standard,2025-05-04,True
7597,Anil Naidu,Male,52,46-55,30,1,Standard,2025-01-17,True
7598,Nandini Joshi,Female,48,46-55,18,2,Inactive,2025-03-01,False
7599,Nikhil Singh,Male,31,26-35,16,6,Standard,2025-09-06,True
7600,Rohan Naidu,Male,29,26-35,6,3,Standard,2025-11-16,True
7601,Rohan Das,Male,61,56-65,5,2,Premium,2025-11-29,True
7602,Nandini Rao,Female,34,26-35,22,6,VIP,2025-05-25,True
7603,Sneha Verma,Female,51,46-55,30,4,Premium,2025-05-29,True
7604,Riya Verma,Female,61,56-65,24,6,Premium,2025-08-22,True
7605,Ananya Singh,Female,43,36-45,18,4,Premium,2025-05-14,True
7606,Vivek Sharma,Male,61,56-65,25,4,Standard,2025-11-08,True
7607,Rohan Verma,Male,42,36-45,3,5,VIP,2025-11-06,True
7608,Anil Sharma,Male,52,46-55,16,5,Standard,2025-01-15,True
7609,Rahul Iyer,Male,22,18-25,6,1,Inactive,2025-07-27,False
7610,Aditya Mehta,Male,63,56-65,26,5,Standard,2025-02-08,True
7611,Rahul Naidu,Male,42,36-45,6,2,Premium,2025-02-22,True
7612,Rohan Rao,Male,44,36-45,5,5,Standard,2025-09-07,True
7613,Harsh Iyer,Male,29,26-35,29,5,Premium,2025-02-20,True
7614,Aditya Naidu,Male,62,56-65,5,1,Standard,2025-01-24,True
7615,Akash Kumar,Male,50,46-55,25,6,Standard,2025-11-13,True
7616,Meera Singh,Female,45,36-45,30,6,Standard,2025-04-09,True
7617,Varun Kumar,Male,56,56-65,24,3,Standard,2025-09-01,True
7618,Priya Patel,Female,49,46-55,14,6,Premium,2025-09-29,True
7619,Vikram Joshi,Male,59,56-65,4,6,Standard,2025-10-16,True
7620,Akash Nair,Male,38,36-45,3,5,Standard,2025-05-20,True
7621,Pooja Patel,Female,50,46-55,11,1,Inactive,2025-05-15,False
7622,Aditya Naidu,Male,43,36-45,18,3,Standard,2025-10-25,True
7623,Nikhil Nair,Male,21,18-25,30,1,Standard,2025-03-31,True
7624,Swati Pillai,Female,56,56-65,20,4,Premium,2025-06-23,True
7625,Riya Joshi,Female,60,56-65,23,3,Premium,2025-06-22,True
7626,Anil Joshi,Male,25,18-25,22,2,Standard,2025-09-01,True
7627,Aditya Nair,Male,36,36-45,22,5,Premium,2025-11-17,True
7628,Rohan Gupta,Male,18,18-25,15,5,Standard,2025-05-09,True
7629,Shreya Verma,Female,27,26-35,8,5,Standard,2025-09-24,True
7630,Siddharth Sharma,Male,46,46-55,11,1,Standard,2025-07-25,True
7631,Sneha Singh,Female,48,46-55,20,3,Standard,2025-01-20,True
7632,Aishwarya Verma,Female,64,56-65,5,2,Premium,2025-09-13,True
7633,Kavya Iyer,Female,18,18-25,7,4,Standard,2025-07-02,True
7634,Kavya Sharma,Female,61,56-65,23,2,Premium,2025-11-10,True
7635,Neha Rao,Female,19,18-25,22,3,Standard,2025-06-03,True
7636,Manish Nair,Male,54,46-55,6,2,Premium,2025-07-25,True
7637,Nikhil Kumar,Male,26,26-35,27,5,Standard,2025-02-02,True
7638,Manish Verma,Male,37,36-45,29,5,Standard,2025-11-15,True
7639,Anil Iyer,Male,65,56-65,2,3,Standard,2025-01-18,True
7640,Ananya Gupta,Female,34,26-35,8,3,Standard,2025-07-11,True
7641,Arjun Verma,Male,28,26-35,14,1,Standard,2025-12-11,True
7642,Pooja Singh,Female,30,26-35,30,6,Premium,2025-08-17,True
7643,Priya Mehta,Female,29,26-35,14,3,Standard,2025-11-08,True
7644,Pooja Rao,Female,50,46-55,27,3,Standard,2025-11-04,True
7645,Divya Naidu,Female,50,46-55,27,1,Standard,2025-11-22,True
7646,Siddharth Singh,Male,39,36-45,3,1,VIP,2025-09-17,True
7647,Kavya Gupta,Female,37,36-45,23,4,Standard,2025-09-01,True
7648,Divya Mehta,Female,38,36-45,10,3,Premium,2025-12-16,True
7649,Ananya Singh,Female,20,18-25,17,6,Premium,2025-10-10,True
7650,Vikram Iyer,Male,41,36-45,28,4,Premium,2025-04-29,True
7651,Vivek Verma,Male,63,56-65,12,3,VIP,2025-06-14,True
7652,Pooja Kumar,Female,48,46-55,15,1,Inactive,2025-11-25,False
7653,Nandini Singh,Female,28,26-35,13,4,Standard,2025-10-03,True
7654,Akash Sharma,Male,41,36-45,5,4,Inactive,2025-10-28,False
7655,Aarav Sharma,Male,53,46-55,11,3,Premium,2025-08-05,True
7656,Lakshmi Joshi,Female,44,36-45,2,4,Inactive,2025-07-25,False
7657,Ishita Mehta,Female,30,26-35,28,2,Standard,2025-12-22,True
7658,Akash Iyer,Male,30,26-35,24,2,Standard,2025-10-25,True
7659,Manish Kumar,Male,40,36-45,28,3,Premium,2025-12-18,True
7660,Akash Mehta,Male,58,56-65,6,6,Premium,2025-07-21,True
7661,Neha Rao,Female,31,26-35,9,4,Premium,2025-02-14,True
7662,Siddharth Sharma,Male,19,18-25,5,5,Inactive,2025-01-01,False
7663,Aarav Patel,Male,28,26-35,24,4,Premium,2025-08-27,True
7664,Akash Joshi,Male,50,46-55,27,4,Standard,2025-11-16,True
7665,Karan Kumar,Male,49,46-55,23,4,Standard,2025-03-17,True
7666,Lakshmi Mehta,Female,28,26-35,12,1,Standard,2025-10-21,True
7667,Aditya Patel,Male,41,36-45,7,4,Standard,2025-03-22,True
7668,Priya Das,Female,47,46-55,28,4,Premium,2025-07-12,True
7669,Vikram Kumar,Male,56,56-65,25,2,Standard,2025-12-09,True
7670,Harsh Mehta,Male,48,46-55,29,6,Standard,2025-05-31,True
7671,Neha Sharma,Female,52,46-55,8,3,Inactive,2025-07-12,False
7672,Ishita Reddy,Female,49,46-55,24,3,Standard,2025-04-14,True
7673,Anil Kumar,Male,31,26-35,8,1,Premium,2025-04-26,True
7674,Ishita Verma,Female,42,36-45,6,1,Standard,2025-11-23,True
7675,Vivek Mehta,Male,58,56-65,8,4,Standard,2025-07-14,True
7676,Divya Joshi,Female,65,56-65,14,6,Standard,2025-10-14,True
7677,Anil Patel,Male,57,56-65,23,4,Premium,2025-11-28,True
7678,Varun Iyer,Male,43,36-45,2,2,Standard,2025-11-16,True
7679,Aishwarya Naidu,Female,41,36-45,12,3,VIP,2025-02-04,True
7680,Arjun Gupta,Male,56,56-65,22,5,Standard,2025-12-13,True
7681,Sneha Rao,Female,30,26-35,29,3,Standard,2025-01-04,True
7682,Harsh Das,Male,42,36-45,12,3,Standard,2025-06-22,True
7683,Kavya Rao,Female,61,56-65,22,5,Standard,2025-03-17,True
7684,Aarav Kumar,Male,20,18-25,21,2,Standard,2025-01-01,True
7685,Priya Patel,Female,65,56-65,21,4,Standard,2025-03-09,True
7686,Rahul Naidu,Male,24,18-25,26,1,Standard,2025-09-06,True
7687,Pooja Kumar,Female,23,18-25,2,1,Standard,2025-06-10,True
7688,Sneha Rao,Female,61,56-65,11,6,Premium,2025-07-16,True
7689,Rahul Kumar,Male,57,56-65,2,6,Premium,2025-05-26,True
7690,Varun Reddy,Male,19,18-25,12,4,Standard,2025-03-15,True
7691,Nikhil Pillai,Male,59,56-65,14,5,Standard,2025-01-05,True
7692,Kavya Gupta,Female,51,46-55,21,4,Standard,2025-09-26,True
7693,Akash Gupta,Male,54,46-55,22,6,Standard,2025-07-06,True
7694,Aarav Nair,Male,47,46-55,16,1,Standard,2025-12-24,True
7695,Manish Verma,Male,43,36-45,5,4,Premium,2025-07-05,True
7696,Aishwarya Iyer,Female,28,26-35,15,6,Standard,2025-03-21,True
7697,Riya Mehta,Female,28,26-35,28,2,Standard,2025-04-17,True
7698,Divya Patel,Female,47,46-55,8,6,Standard,2025-04-29,True
7699,Arjun Nair,Male,44,36-45,9,4,Premium,2025-01-16,True
7700,Akash Sharma,Male,56,56-65,11,6,Premium,2025-10-05,True
7701,Swati Kumar,Female,21,18-25,7,5,Premium,2025-03-03,True
7702,Vikram Mehta,Male,35,26-35,7,2,Premium,2025-10-26,True
7703,Vivek Das,Male,55,46-55,29,2,Standard,2025-10-24,True
7704,Swati Sharma,Female,21,18-25,24,5,Inactive,2025-07-26,False
7705,Meera Iyer,Female,43,36-45,12,3,Standard,2025-03-25,True
7706,Sneha Pillai,Female,47,46-55,15,4,Standard,2025-07-07,True
7707,Nandini Mehta,Female,36,36-45,10,2,Standard,2025-06-24,True
7708,Arjun Das,Male,31,26-35,5,3,Standard,2025-08-14,True
7709,Ishita Nair,Female,26,26-35,28,2,Standard,2025-08-06,True
7710,Ananya Das,Female,40,36-45,6,2,Standard,2025-05-21,True
7711,Priya Joshi,Female,36,36-45,6,6,Premium,2025-04-24,True
7712,Shreya Naidu,Female,49,46-55,15,5,Standard,2025-01-26,True
7713,Ishita Patel,Female,51,46-55,13,6,Inactive,2025-07-12,False
7714,Harsh Patel,Male,22,18-25,30,4,Standard,2025-04-22,True
7715,Aishwarya Gupta,Female,37,36-45,30,4,Inactive,2025-11-29,False
7716,Aishwarya Sharma,Female,63,56-65,14,3,Inactive,2025-07-02,False
7717,Varun Naidu,Male,45,36-45,12,3,Inactive,2025-11-19,False
7718,Nandini Naidu,Female,57,56-65,19,1,Standard,2025-10-11,True
7719,Aishwarya Gupta,Female,19,18-25,21,2,Premium,2025-06-14,True
7720,Anil Nair,Male,60,56-65,25,6,Standard,2025-11-23,True
7721,Siddharth Iyer,Male,63,56-65,7,4,Standard,2025-11-16,True
7722,Varun Rao,Male,19,18-25,11,4,Premium,2025-06-27,True
7723,Pooja Mehta,Female,24,18-25,2,4,Inactive,2025-11-01,False
7724,Akash Iyer,Male,43,36-45,26,5,Premium,2025-02-14,True
7725,Divya Iyer,Female,56,56-65,1,1,Premium,2025-08-13,True
7726,Siddharth Verma,Male,18,18-25,27,1,Premium,2025-09-17,True
7727,Manish Reddy,Male,40,36-45,25,4,Premium,2025-04-06,True
7728,Karan Sharma,Male,41,36-45,21,1,Standard,2025-09-04,True
7729,Ishita Sharma,Female,39,36-45,9,2,Standard,2025-07-27,True
7730,Nikhil Mehta,Male,22,18-25,20,3,Standard,2025-01-01,True
7731,Manish Patel,Male,29,26-35,16,6,Premium,2025-12-23,True
7732,Riya Patel,Female,26,26-35,11,4,Premium,2025-03-03,True
7733,Rohan Mehta,Male,20,18-25,26,2,Standard,2025-10-16,True
7734,Aditya Singh,Male,63,56-65,9,2,Inactive,2025-02-11,False
7735,Sneha Mehta,Female,23,18-25,24,1,Standard,2025-07-22,True
7736,Harsh Pillai,Male,22,18-25,26,1,Standard,2025-08-21,True
7737,Manish Reddy,Male,54,46-55,18,4,Premium,2025-06-29,True
7738,Manish Rao,Male,37,36-45,30,3,Standard,2025-10-08,True
7739,Rohan Reddy,Male,27,26-35,12,3,Inactive,2025-01-02,False
7740,Aishwarya Nair,Female,24,18-25,8,3,Premium,2025-06-25,True
7741,Swati Sharma,Female,46,46-55,29,4,Premium,2025-02-26,True
7742,Swati Kumar,Female,58,56-65,19,3,Standard,2025-02-26,True
7743,Arjun Nair,Male,39,36-45,29,2,Standard,2025-11-29,True
7744,Harsh Verma,Male,26,26-35,25,1,Standard,2025-09-30,True
7745,Swati Naidu,Female,40,36-45,22,5,Standard,2025-01-28,True
7746,Rahul Kumar,Male,46,46-55,24,4,Inactive,2025-12-18,False
7747,Rahul Reddy,Male,53,46-55,2,4,Premium,2025-03-06,True
7748,Sneha Verma,Female,55,46-55,7,6,Standard,2025-05-19,True
7749,Lakshmi Reddy,Female,63,56-65,26,5,Standard,2025-06-02,True
7750,Arjun Joshi,Male,18,18-25,28,5,Standard,2025-05-22,True
7751,Aishwarya Pillai,Female,64,56-65,16,1,Standard,2025-05-12,True
7752,Aditya Verma,Male,64,56-65,12,3,Standard,2025-05-03,True
7753,Aishwarya Joshi,Female,34,26-35,19,4,Standard,2025-09-25,True
7754,Divya Das,Female,50,46-55,27,6,Premium,2025-04-10,True
7755,Rahul Naidu,Male,39,36-45,28,2,Standard,2025-04-04,True
7756,Lakshmi Verma,Female,34,26-35,21,4,Standard,2025-04-28,True
7757,Shreya Pillai,Female,25,18-25,8,4,Standard,2025-09-10,True
7758,Swati Rao,Female,26,26-35,6,2,Premium,2025-11-17,True
7759,Nikhil Naidu,Male,20,18-25,2,6,Standard,2025-04-20,True
7760,Sneha Naidu,Female,21,18-25,7,2,Standard,2025-11-24,True
7761,Akash Nair,Male,41,36-45,30,2,Standard,2025-01-28,True
7762,Arjun Rao,Male,60,56-65,24,4,Standard,2025-07-13,True
7763,Ishita Nair,Female,58,56-65,25,2,Standard,2025-07-12,True
7764,Ishita Reddy,Female,56,56-65,19,4,Premium,2025-12-22,True
7765,Vivek Patel,Male,63,56-65,21,3,Standard,2025-06-14,True
7766,Nikhil Kumar,Male,56,56-65,13,4,Standard,2025-06-11,True
7767,Nandini Naidu,Female,27,26-35,18,2,Standard,2025-09-26,True
7768,Priya Singh,Female,44,36-45,13,2,Standard,2025-09-20,True
7769,Siddharth Reddy,Male,24,18-25,11,3,Standard,2025-03-30,True
7770,Ishita Mehta,Female,47,46-55,15,1,Standard,2025-05-13,True
7771,Arjun Naidu,Male,61,56-65,30,6,Standard,2025-08-08,True
7772,Meera Nair,Female,49,46-55,13,3,Standard,2025-08-06,True
7773,Meera Gupta,Female,59,56-65,24,3,Inactive,2025-01-09,False
7774,Pooja Mehta,Female,32,26-35,12,1,Standard,2025-07-07,True
7775,Sneha Pillai,Female,54,46-55,7,2,Standard,2025-08-05,True
7776,Priya Rao,Female,62,56-65,18,2,VIP,2025-04-20,True
7777,Siddharth Pillai,Male,37,36-45,16,4,Standard,2025-08-18,True
7778,Swati Pillai,Female,41,36-45,22,4,Standard,2025-10-08,True
7779,Rohan Mehta,Male,37,36-45,9,1,Standard,2025-10-24,True
7780,Ishita Joshi,Female,65,56-65,25,2,Standard,2025-12-11,True
7781,Vivek Das,Male,24,18-25,26,3,Standard,2025-08-31,True
7782,Harsh Rao,Male,58,56-65,21,6,Standard,2025-04-26,True
7783,Harsh Joshi,Male,23,18-25,23,4,Standard,2025-08-18,True
7784,Lakshmi Pillai,Female,34,26-35,25,4,Standard,2025-09-27,True
7785,Aishwarya Kumar,Female,18,18-25,15,1,VIP,2025-07-26,True
7786,Kavya Pillai,Female,25,18-25,22,5,Inactive,2025-07-21,False
7787,Meera Reddy,Female,50,46-55,23,4,Premium,2025-06-25,True
7788,Nikhil Das,Male,53,46-55,22,4,Premium,2025-06-29,True
7789,Priya Das,Female,22,18-25,19,5,Premium,2025-12-24,True
7790,Meera Mehta,Female,25,18-25,28,1,Inactive,2025-05-28,False
7791,Karan Reddy,Male,37,36-45,5,2,Standard,2025-06-01,True
7792,Priya Kumar,Female,28,26-35,17,6,Premium,2025-09-14,True
7793,Manish Verma,Male,19,18-25,18,1,Standard,2025-08-20,True
7794,Aishwarya Naidu,Female,23,18-25,18,5,Inactive,2025-01-19,False
7795,Vikram Gupta,Male,55,46-55,30,2,Standard,2025-03-03,True
7796,Akash Gupta,Male,40,36-45,9,6,Standard,2025-11-24,True
7797,Lakshmi Kumar,Female,43,36-45,25,2,Standard,2025-09-20,True
7798,Aarav Iyer,Male,45,36-45,14,4,Standard,2025-12-13,True
7799,Nikhil Das,Male,40,36-45,27,6,Standard,2025-04-20,True
7800,Kavya Gupta,Female,20,18-25,27,4,Premium,2025-09-28,True
7801,Rohan Pillai,Male,41,36-45,19,5,Standard,2025-09-06,True
7802,Ishita Gupta,Female,23,18-25,18,6,Standard,2025-09-23,True
7803,Priya Kumar,Female,23,18-25,5,2,Standard,2025-06-29,True
7804,Harsh Verma,Male,20,18-25,23,4,Standard,2025-06-21,True
7805,Karan Nair,Male,63,56-65,26,2,Standard,2025-09-23,True
7806,Ananya Joshi,Female,38,36-45,16,1,Standard,2025-11-14,True
7807,Shreya Joshi,Female,41,36-45,30,3,VIP,2025-01-27,True
7808,Kavya Singh,Female,25,18-25,9,4,Standard,2025-05-06,True
7809,Neha Joshi,Female,20,18-25,4,4,Standard,2025-10-11,True
7810,Shreya Mehta,Female,46,46-55,17,5,Premium,2025-06-07,True
7811,Riya Rao,Female,31,26-35,20,2,Standard,2025-02-08,True
7812,Rahul Singh,Male,64,56-65,1,2,Premium,2025-12-19,True
7813,Priya Gupta,Female,41,36-45,24,4,Premium,2025-05-27,True
7814,Vivek Pillai,Male,65,56-65,7,4,Standard,2025-09-26,True
7815,Manish Patel,Male,46,46-55,3,4,Standard,2025-10-03,True
7816,Varun Nair,Male,43,36-45,26,1,Standard,2025-07-31,True
7817,Kavya Rao,Female,42,36-45,11,4,Standard,2025-04-18,True
7818,Aishwarya Joshi,Female,53,46-55,22,1,Standard,2025-12-04,True
7819,Anil Kumar,Male,31,26-35,28,1,Inactive,2025-04-04,False
7820,Aarav Patel,Male,49,46-55,20,6,Inactive,2025-10-20,False
7821,Anil Sharma,Male,37,36-45,21,5,Premium,2025-04-21,True
7822,Swati Sharma,Female,23,18-25,6,2,Premium,2025-12-26,True
7823,Nikhil Verma,Male,58,56-65,16,6,Standard,2025-02-11,True
7824,Siddharth Kumar,Male,55,46-55,27,6,Standard,2025-01-13,True
7825,Rohan Patel,Male,46,46-55,1,6,Premium,2025-05-17,True
7826,Manish Iyer,Male,38,36-45,2,6,Inactive,2025-12-28,False
7827,Ishita Gupta,Female,23,18-25,30,1,Inactive,2025-11-06,False
7828,Akash Kumar,Male,30,26-35,28,4,Premium,2025-11-16,True
7829,Akash Pillai,Male,27,26-35,25,4,Standard,2025-10-08,True
7830,Nikhil Sharma,Male,63,56-65,22,2,Inactive,2025-10-15,False
7831,Vivek Patel,Male,45,36-45,24,4,Premium,2025-04-12,True
7832,Priya Nair,Female,64,56-65,2,3,Standard,2025-11-07,True
7833,Lakshmi Rao,Female,44,36-45,3,6,Standard,2025-09-16,True
7834,Manish Reddy,Male,18,18-25,13,6,Inactive,2025-11-05,False
7835,Meera Naidu,Female,27,26-35,26,5,Premium,2025-02-02,True
7836,Swati Iyer,Female,55,46-55,23,3,Standard,2025-10-25,True
7837,Manish Gupta,Male,27,26-35,2,1,Inactive,2025-01-20,False
7838,Anil Sharma,Male,48,46-55,6,2,Premium,2025-12-01,True
7839,Kavya Joshi,Female,46,46-55,17,2,Standard,2025-06-08,True
7840,Priya Sharma,Female,50,46-55,18,2,Premium,2025-05-09,True
7841,Aditya Patel,Male,49,46-55,10,2,Premium,2025-02-17,True
7842,Divya Rao,Female,53,46-55,9,4,Standard,2025-04-21,True
7843,Akash Gupta,Male,58,56-65,7,1,Standard,2025-08-13,True
7844,Siddharth Pillai,Male,23,18-25,1,3,Premium,2025-08-16,True
7845,Anil Patel,Male,37,36-45,29,1,Premium,2025-03-20,True
7846,Sneha Rao,Female,20,18-25,11,5,Standard,2025-01-29,True
7847,Riya Kumar,Female,45,36-45,27,5,Premium,2025-10-08,True
7848,Riya Mehta,Female,47,46-55,26,4,Premium,2025-11-09,True
7849,Priya Joshi,Female,48,46-55,30,4,Standard,2025-04-06,True
7850,Sneha Joshi,Female,19,18-25,10,2,Standard,2025-12-30,True
7851,Aarav Reddy,Male,62,56-65,29,3,Premium,2025-09-27,True
7852,Aditya Naidu,Male,55,46-55,21,2,Standard,2025-02-19,True
7853,Varun Singh,Male,53,46-55,6,3,Standard,2025-03-19,True
7854,Aarav Nair,Male,56,56-65,30,4,Inactive,2025-07-06,False
7855,Neha Das,Female,19,18-25,12,1,Standard,2025-10-28,True
7856,Meera Reddy,Female,48,46-55,24,1,Inactive,2025-03-06,False
7857,Harsh Nair,Male,48,46-55,7,1,Premium,2025-10-14,True
7858,Pooja Naidu,Female,26,26-35,13,2,Premium,2025-09-25,True
7859,Kavya Reddy,Female,32,26-35,8,6,Standard,2025-01-28,True
7860,Manish Naidu,Male,22,18-25,2,2,Standard,2025-01-15,True
7861,Rohan Pillai,Male,31,26-35,11,5,Standard,2025-01-13,True
7862,Sneha Verma,Female,37,36-45,22,1,Premium,2025-07-09,True
7863,Lakshmi Sharma,Female,50,46-55,28,5,Standard,2025-07-21,True
7864,Vikram Reddy,Male,42,36-45,4,3,Premium,2025-04-23,True
7865,Ishita Naidu,Female,25,18-25,23,6,Standard,2025-06-07,True
7866,Meera Rao,Female,46,46-55,24,3,Standard,2025-04-30,True
7867,Rohan Sharma,Male,35,26-35,27,1,Premium,2025-12-08,True
7868,Divya Mehta,Female,23,18-25,17,1,Standard,2025-06-29,True
7869,Aditya Sharma,Male,45,36-45,5,5,VIP,2025-10-02,True
7870,Nikhil Joshi,Male,56,56-65,26,5,Standard,2025-10-19,True
7871,Riya Patel,Female,46,46-55,30,2,Standard,2025-11-11,True
7872,Nikhil Iyer,Male,42,36-45,24,3,Premium,2025-06-24,True
7873,Vivek Kumar,Male,26,26-35,1,6,Standard,2025-10-06,True
7874,Riya Verma,Female,61,56-65,22,5,Standard,2025-11-01,True
7875,Priya Patel,Female,29,26-35,25,6,Standard,2025-10-07,True
7876,Manish Rao,Male,56,56-65,4,3,Standard,2025-01-23,True
7877,Nikhil Nair,Male,20,18-25,24,4,Standard,2025-04-26,True
7878,Ananya Sharma,Female,46,46-55,27,4,Premium,2025-11-30,True
7879,Meera Sharma,Female,24,18-25,24,1,Premium,2025-04-23,True
7880,Vivek Naidu,Male,46,46-55,26,2,Standard,2025-10-17,True
7881,Aishwarya Kumar,Female,24,18-25,12,3,Premium,2025-11-12,True
7882,Nandini Naidu,Female,38,36-45,7,1,Standard,2025-10-07,True
7883,Priya Mehta,Female,29,26-35,30,6,VIP,2025-11-25,True
7884,Aarav Kumar,Male,38,36-45,19,2,Premium,2025-10-04,True
7885,Akash Patel,Male,39,36-45,2,6,Standard,2025-08-31,True
7886,Ananya Gupta,Female,51,46-55,19,4,Standard,2025-12-27,True
7887,Nandini Kumar,Female,32,26-35,12,1,Premium,2025-01-20,True
7888,Harsh Singh,Male,37,36-45,6,1,Standard,2025-09-30,True
7889,Priya Singh,Female,64,56-65,8,6,Standard,2025-08-28,True
7890,Varun Gupta,Male,57,56-65,14,5,Premium,2025-04-12,True
7891,Aarav Rao,Male,41,36-45,27,1,Premium,2025-11-29,True
7892,Ananya Mehta,Female,34,26-35,27,3,Standard,2025-04-29,True
7893,Vikram Patel,Male,34,26-35,20,3,Standard,2025-10-18,True
7894,Nikhil Singh,Male,51,46-55,16,3,Standard,2025-09-10,True
7895,Arjun Nair,Male,58,56-65,30,1,Standard,2025-01-11,True
7896,Akash Reddy,Male,61,56-65,26,1,Standard,2025-03-01,True
7897,Ananya Verma,Female,40,36-45,12,5,Premium,2025-03-28,True
7898,Vivek Singh,Male,31,26-35,9,5,Premium,2025-05-28,True
7899,Aarav Rao,Male,31,26-35,10,3,Inactive,2025-11-21,False
7900,Pooja Naidu,Female,40,36-45,1,5,Standard,2025-03-16,True
7901,Anil Singh,Male,23,18-25,8,4,Standard,2025-06-17,True
7902,Varun Patel,Male,27,26-35,30,4,Standard,2025-06-28,True
7903,Kavya Kumar,Female,52,46-55,10,4,Premium,2025-04-20,True
7904,Sneha Sharma,Female,31,26-35,28,2,Standard,2025-03-21,True
7905,Varun Sharma,Male,37,36-45,20,3,Premium,2025-09-02,True
7906,Ananya Kumar,Female,42,36-45,12,3,Standard,2025-05-15,True
7907,Divya Naidu,Female,21,18-25,6,2,Standard,2025-01-15,True
7908,Akash Rao,Male,59,56-65,9,6,Standard,2025-06-16,True
7909,Vikram Patel,Male,60,56-65,17,5,Standard,2025-09-07,True
7910,Lakshmi Das,Female,20,18-25,19,5,Standard,2025-02-16,True
7911,Nikhil Patel,Male,27,26-35,10,1,Premium,2025-05-26,True
7912,Priya Patel,Female,31,26-35,12,3,Premium,2025-05-07,True
7913,Ananya Kumar,Female,38,36-45,11,3,Premium,2025-07-20,True
7914,Vikram Gupta,Male,53,46-55,4,3,Premium,2025-06-30,True
7915,Shreya Gupta,Female,25,18-25,18,1,Premium,2025-10-17,True
7916,Rahul Mehta,Male,60,56-65,21,2,Standard,2025-07-04,True
7917,Akash Gupta,Male,41,36-45,23,1,Standard,2025-01-01,True
7918,Harsh Verma,Male,35,26-35,11,6,Standard,2025-06-28,True
7919,Aditya Sharma,Male,49,46-55,14,2,Inactive,2025-09-01,False
7920,Karan Nair,Male,30,26-35,12,2,Standard,2025-05-30,True
7921,Aishwarya Sharma,Female,49,46-55,2,6,Standard,2025-06-18,True
7922,Harsh Sharma,Male,34,26-35,6,5,Inactive,2025-07-20,False
7923,Rahul Patel,Male,22,18-25,2,2,Standard,2025-09-12,True
7924,Shreya Nair,Female,61,56-65,10,5,Standard,2025-04-27,True
7925,Sneha Reddy,Female,43,36-45,1,5,Standard,2025-09-17,True
7926,Riya Nair,Female,18,18-25,20,2,Standard,2025-04-15,True
7927,Lakshmi Das,Female,62,56-65,29,6,Standard,2025-11-03,True
7928,Aditya Patel,Male,57,56-65,23,3,Standard,2025-02-23,True
7929,Kavya Kumar,Female,63,56-65,26,4,Standard,2025-02-11,True
7930,Anil Singh,Male,65,56-65,16,1,Standard,2025-10-26,True
7931,Karan Singh,Male,46,46-55,8,2,Standard,2025-11-26,True
7932,Meera Mehta,Female,46,46-55,12,5,Standard,2025-05-16,True
7933,Shreya Joshi,Female,29,26-35,1,3,Premium,2025-08-15,True
7934,Ishita Mehta,Female,47,46-55,20,1,Standard,2025-07-24,True
7935,Harsh Pillai,Male,35,26-35,8,5,Premium,2025-07-25,True
7936,Aarav Sharma,Male,47,46-55,19,5,Inactive,2025-03-30,False
7937,Nikhil Patel,Male,58,56-65,25,6,Premium,2025-08-31,True
7938,Riya Patel,Female,60,56-65,21,3,Standard,2025-04-05,True
7939,Arjun Iyer,Male,47,46-55,18,1,Standard,2025-11-26,True
7940,Shreya Patel,Female,39,36-45,24,6,Standard,2025-12-18,True
7941,Aishwarya Nair,Female,37,36-45,25,4,Premium,2025-01-02,True
7942,Siddharth Nair,Male,46,46-55,20,6,Premium,2025-10-31,True
7943,Siddharth Patel,Male,59,56-65,13,6,Premium,2025-03-20,True
7944,Akash Verma,Male,54,46-55,29,2,Standard,2025-07-16,True
7945,Manish Mehta,Male,45,36-45,24,6,Premium,2025-04-29,True
7946,Neha Patel,Female,41,36-45,5,4,Standard,2025-08-20,True
7947,Pooja Sharma,Female,34,26-35,1,6,Standard,2025-04-11,True
7948,Harsh Iyer,Male,54,46-55,2,1,Standard,2025-03-18,True
7949,Aarav Mehta,Male,59,56-65,16,5,Standard,2025-11-25,True
7950,Priya Naidu,Female,51,46-55,6,3,Standard,2025-08-07,True
7951,Ananya Naidu,Female,28,26-35,18,6,Premium,2025-10-15,True
7952,Rahul Kumar,Male,29,26-35,22,3,Standard,2025-02-12,True
7953,Pooja Reddy,Female,48,46-55,23,3,Standard,2025-04-04,True
7954,Pooja Verma,Female,21,18-25,10,2,Standard,2025-04-11,True
7955,Rohan Gupta,Male,64,56-65,17,3,Standard,2025-03-02,True
7956,Harsh Singh,Male,56,56-65,3,4,Standard,2025-10-13,True
7957,Shreya Verma,Female,36,36-45,6,4,Standard,2025-10-11,True
7958,Ananya Gupta,Female,61,56-65,22,4,Premium,2025-06-14,True
7959,Shreya Kumar,Female,21,18-25,25,5,Standard,2025-07-18,True
7960,Riya Kumar,Female,55,46-55,14,4,Premium,2025-08-30,True
7961,Akash Das,Male,22,18-25,23,4,Standard,2025-04-29,True
7962,Nikhil Sharma,Male,19,18-25,30,1,Inactive,2025-10-19,False
7963,Shreya Singh,Female,42,36-45,22,1,Standard,2025-01-13,True
7964,Nikhil Joshi,Male,45,36-45,10,2,Standard,2025-05-08,True
7965,Pooja Kumar,Female,27,26-35,1,5,Standard,2025-05-14,True
7966,Meera Joshi,Female,43,36-45,6,6,Standard,2025-01-12,True
7967,Aditya Nair,Male,59,56-65,27,1,Standard,2025-04-07,True
7968,Pooja Nair,Female,40,36-45,6,3,Standard,2025-07-19,True
7969,Neha Joshi,Female,57,56-65,18,2,Premium,2025-06-15,True
7970,Vivek Das,Male,59,56-65,29,2,Standard,2025-11-12,True
7971,Pooja Gupta,Female,49,46-55,5,1,Inactive,2025-12-06,False
7972,Nikhil Naidu,Male,24,18-25,10,6,Standard,2025-02-21,True
7973,Aishwarya Mehta,Female,29,26-35,17,5,Inactive,2025-09-28,False
7974,Shreya Sharma,Female,56,56-65,22,5,Standard,2025-11-03,True
7975,Akash Das,Male,26,26-35,8,4,Standard,2025-10-24,True
7976,Varun Reddy,Male,60,56-65,4,2,Standard,2025-10-04,True
7977,Anil Singh,Male,63,56-65,18,5,Standard,2025-01-14,True
7978,Siddharth Reddy,Male,27,26-35,21,4,Standard,2025-01-20,True
7979,Aishwarya Gupta,Female,52,46-55,24,4,Premium,2025-09-17,True
7980,Aishwarya Joshi,Female,34,26-35,6,5,VIP,2025-04-28,True
7981,Swati Mehta,Female,49,46-55,7,2,Inactive,2025-01-02,False
7982,Vikram Naidu,Male,23,18-25,9,6,Inactive,2025-04-10,False
7983,Manish Naidu,Male,62,56-65,14,6,Premium,2025-06-09,True
7984,Priya Mehta,Female,18,18-25,27,3,Premium,2025-03-14,True
7985,Aarav Naidu,Male,62,56-65,28,6,Standard,2025-10-07,True
7986,Sneha Joshi,Female,62,56-65,7,2,Standard,2025-02-04,True
7987,Vikram Pillai,Male,28,26-35,29,1,Standard,2025-11-27,True
7988,Neha Verma,Female,38,36-45,28,4,Premium,2025-02-13,True
7989,Priya Rao,Female,44,36-45,3,4,Inactive,2025-02-14,False
7990,Vikram Patel,Male,27,26-35,4,6,Standard,2025-03-20,True
7991,Shreya Mehta,Female,62,56-65,23,4,Inactive,2025-08-25,False
7992,Ananya Patel,Female,38,36-45,21,6,Standard,2025-06-20,True
7993,Divya Nair,Female,25,18-25,28,4,Standard,2025-01-29,True
7994,Ishita Pillai,Female,49,46-55,26,3,Standard,2025-04-04,True
7995,Aishwarya Joshi,Female,63,56-65,1,6,Inactive,2025-06-13,False
7996,Anil Iyer,Male,59,56-65,25,5,Standard,2025-04-14,True
7997,Siddharth Kumar,Male,27,26-35,3,2,Standard,2025-05-10,True
7998,Riya Joshi,Female,20,18-25,7,6,Inactive,2025-07-29,False
7999,Varun Kumar,Male,57,56-65,10,2,Standard,2025-08-23,True
8000,Harsh Nair,Male,39,36-45,4,2,Premium,2025-11-11,True
8001,Meera Gupta,Female,27,26-35,18,6,Standard,2025-09-13,True
8002,Arjun Singh,Male,20,18-25,21,2,Standard,2025-06-01,True
8003,Nandini Singh,Female,41,36-45,24,4,Inactive,2025-02-18,False
8004,Akash Pillai,Male,21,18-25,30,4,Premium,2025-06-12,True
8005,Anil Reddy,Male,24,18-25,2,6,Premium,2025-04-19,True
8006,Karan Pillai,Male,25,18-25,11,4,Standard,2025-10-11,True
8007,Ishita Verma,Female,24,18-25,7,3,VIP,2025-03-08,True
8008,Manish Iyer,Male,61,56-65,27,5,Standard,2025-04-19,True
8009,Meera Kumar,Female,34,26-35,15,5,Standard,2025-07-03,True
8010,Pooja Sharma,Female,50,46-55,11,3,Standard,2025-06-21,True
8011,Karan Das,Male,21,18-25,10,2,Standard,2025-09-21,True
8012,Ishita Gupta,Female,52,46-55,28,3,Premium,2025-07-22,True
8013,Rahul Mehta,Male,42,36-45,19,1,Standard,2025-06-07,True
8014,Aditya Gupta,Male,59,56-65,5,1,Inactive,2025-09-27,False
8015,Rahul Naidu,Male,18,18-25,26,4,Standard,2025-09-30,True
8016,Aditya Patel,Male,19,18-25,6,5,Standard,2025-07-18,True
8017,Shreya Sharma,Female,40,36-45,5,5,Standard,2025-04-30,True
8018,Priya Joshi,Female,27,26-35,30,6,Standard,2025-04-25,True
8019,Aditya Patel,Male,33,26-35,5,6,Premium,2025-09-18,True
8020,Riya Gupta,Female,62,56-65,1,3,Standard,2025-09-06,True
8021,Sneha Kumar,Female,24,18-25,5,6,Standard,2025-06-16,True
8022,Meera Nair,Female,37,36-45,21,5,Standard,2025-12-13,True
8023,Riya Singh,Female,62,56-65,3,1,Standard,2025-10-01,True
8024,Anil Sharma,Male,49,46-55,4,2,Standard,2025-10-25,True
8025,Aishwarya Sharma,Female,57,56-65,21,6,Standard,2025-06-05,True
8026,Ananya Verma,Female,30,26-35,28,4,Standard,2025-05-05,True
8027,Manish Mehta,Male,37,36-45,1,3,Standard,2025-03-23,True
8028,Varun Iyer,Male,39,36-45,14,6,Inactive,2025-04-16,False
8029,Aishwarya Singh,Female,22,18-25,9,3,Standard,2025-03-22,True
8030,Vikram Patel,Male,23,18-25,30,2,Standard,2025-08-06,True
8031,Shreya Verma,Female,40,36-45,13,3,Standard,2025-09-14,True
8032,Karan Patel,Male,31,26-35,25,2,Standard,2025-02-18,True
8033,Divya Pillai,Female,40,36-45,7,1,Premium,2025-12-04,True
8034,Nikhil Iyer,Male,48,46-55,27,1,Standard,2025-02-27,True
8035,Lakshmi Sharma,Female,58,56-65,23,2,Premium,2025-11-15,True
8036,Vikram Mehta,Male,42,36-45,15,5,Standard,2025-12-20,True
8037,Kavya Kumar,Female,39,36-45,25,1,Standard,2025-03-31,True
8038,Rahul Mehta,Male,34,26-35,21,2,Premium,2025-08-10,True
8039,Swati Gupta,Female,46,46-55,22,4,Standard,2025-09-09,True
8040,Vikram Pillai,Male,55,46-55,23,6,Standard,2025-02-14,True
8041,Rohan Kumar,Male,37,36-45,1,4,Standard,2025-11-11,True
8042,Neha Sharma,Female,40,36-45,13,5,Standard,2025-08-18,True
8043,Lakshmi Rao,Female,19,18-25,30,3,Standard,2025-07-03,True
8044,Karan Reddy,Male,45,36-45,24,5,Standard,2025-04-24,True
8045,Rahul Mehta,Male,39,36-45,18,1,Premium,2025-03-28,True
8046,Siddharth Verma,Male,35,26-35,16,4,Premium,2025-01-30,True
8047,Sneha Nair,Female,24,18-25,10,2,Standard,2025-07-12,True
8048,Karan Reddy,Male,43,36-45,2,3,Standard,2025-01-14,True
8049,Sneha Nair,Female,47,46-55,29,4,VIP,2025-01-06,True
8050,Riya Joshi,Female,31,26-35,3,2,Standard,2025-09-28,True
8051,Varun Nair,Male,48,46-55,13,4,Standard,2025-04-25,True
8052,Shreya Joshi,Female,48,46-55,30,2,Premium,2025-05-12,True
8053,Varun Iyer,Male,37,36-45,26,6,Premium,2025-12-08,True
8054,Meera Singh,Female,24,18-25,5,6,Standard,2025-02-24,True
8055,Vikram Pillai,Male,63,56-65,19,5,Standard,2025-08-18,True
8056,Meera Pillai,Female,50,46-55,3,5,Premium,2025-07-28,True
8057,Rahul Pillai,Male,47,46-55,12,4,Inactive,2025-01-06,False
8058,Lakshmi Sharma,Female,53,46-55,14,4,Standard,2025-06-15,True
8059,Divya Nair,Female,51,46-55,3,1,Standard,2025-08-24,True
8060,Karan Rao,Male,43,36-45,20,2,Premium,2025-10-02,True
8061,Lakshmi Rao,Female,22,18-25,30,2,Standard,2025-07-01,True
8062,Akash Sharma,Male,64,56-65,16,5,Premium,2025-08-26,True
8063,Ananya Reddy,Female,44,36-45,19,4,Inactive,2025-01-09,False
8064,Manish Patel,Male,30,26-35,13,2,Standard,2025-07-10,True
8065,Manish Iyer,Male,22,18-25,7,4,Standard,2025-07-18,True
8066,Anil Patel,Male,38,36-45,10,2,Premium,2025-03-25,True
8067,Vikram Rao,Male,52,46-55,26,5,Standard,2025-10-10,True
8068,Nandini Das,Female,41,36-45,5,3,Standard,2025-01-21,True
8069,Vikram Pillai,Male,38,36-45,26,1,Premium,2025-07-24,True
8070,Riya Singh,Female,18,18-25,12,5,Standard,2025-10-19,True
8071,Manish Nair,Male,31,26-35,19,6,Inactive,2025-09-15,False
8072,Aditya Iyer,Male,58,56-65,17,2,Premium,2025-09-08,True
8073,Rahul Reddy,Male,24,18-25,14,5,Standard,2025-12-07,True
8074,Rahul Pillai,Male,52,46-55,20,6,Inactive,2025-04-04,False
8075,Vikram Das,Male,50,46-55,20,4,Inactive,2025-08-11,False
8076,Vivek Joshi,Male,48,46-55,18,1,Inactive,2025-07-07,False
8077,Meera Mehta,Female,53,46-55,23,2,Inactive,2025-02-14,False
8078,Aditya Patel,Male,53,46-55,8,2,Inactive,2025-07-18,False
8079,Kavya Das,Female,30,26-35,10,4,Standard,2025-04-30,True
8080,Meera Kumar,Female,45,36-45,15,5,Standard,2025-06-24,True
8081,Neha Joshi,Female,22,18-25,4,3,Inactive,2025-07-24,False
8082,Anil Singh,Male,18,18-25,20,4,Standard,2025-08-13,True
8083,Nandini Singh,Female,44,36-45,1,6,Inactive,2025-08-30,False
8084,Manish Das,Male,42,36-45,28,1,Standard,2025-11-18,True
8085,Aishwarya Sharma,Female,46,46-55,10,5,Standard,2025-11-03,True
8086,Swati Joshi,Female,62,56-65,5,4,Standard,2025-10-28,True
8087,Ishita Mehta,Female,55,46-55,10,4,Premium,2025-03-20,True
8088,Varun Nair,Male,41,36-45,21,4,Standard,2025-12-21,True
8089,Aishwarya Mehta,Female,53,46-55,14,5,Standard,2025-04-26,True
8090,Manish Singh,Male,51,46-55,9,1,Standard,2025-10-22,True
8091,Pooja Joshi,Female,64,56-65,26,4,Premium,2025-06-25,True
8092,Swati Verma,Female,54,46-55,20,4,Standard,2025-06-26,True
8093,Priya Patel,Female,59,56-65,1,2,Inactive,2025-11-18,False
8094,Vivek Kumar,Male,48,46-55,28,4,Premium,2025-07-21,True
8095,Riya Das,Female,49,46-55,7,5,Standard,2025-12-15,True
8096,Pooja Das,Female,44,36-45,10,4,Premium,2025-02-11,True
8097,Pooja Patel,Female,35,26-35,2,5,VIP,2025-10-22,True
8098,Riya Gupta,Female,40,36-45,4,1,Standard,2025-04-22,True
8099,Nandini Nair,Female,21,18-25,14,1,Standard,2025-02-21,True
8100,Nandini Mehta,Female,29,26-35,14,5,VIP,2025-09-03,True
8101,Harsh Mehta,Male,47,46-55,26,5,Premium,2025-05-03,True
8102,Rahul Mehta,Male,29,26-35,13,2,Inactive,2025-04-13,False
8103,Siddharth Singh,Male,51,46-55,6,3,Standard,2025-02-06,True
8104,Anil Sharma,Male,20,18-25,14,4,Standard,2025-03-22,True
8105,Shreya Reddy,Female,41,36-45,14,5,Standard,2025-08-28,True
8106,Arjun Kumar,Male,57,56-65,27,5,Standard,2025-10-28,True
8107,Meera Rao,Female,36,36-45,3,4,Standard,2025-12-18,True
8108,Aditya Sharma,Male,18,18-25,14,6,Standard,2025-03-26,True
8109,Lakshmi Patel,Female,21,18-25,2,3,Standard,2025-12-01,True
8110,Divya Pillai,Female,39,36-45,20,2,Premium,2025-01-27,True
8111,Harsh Singh,Male,40,36-45,24,6,Standard,2025-08-20,True
8112,Meera Reddy,Female,37,36-45,9,2,Standard,2025-12-04,True
8113,Rohan Naidu,Male,36,36-45,5,1,VIP,2025-10-09,True
8114,Nandini Naidu,Female,29,26-35,3,4,Premium,2025-08-08,True
8115,Divya Verma,Female,59,56-65,26,1,Inactive,2025-12-10,False
8116,Harsh Verma,Male,57,56-65,13,2,VIP,2025-09-05,True
8117,Rahul Patel,Male,20,18-25,9,4,Standard,2025-07-23,True
8118,Ishita Das,Female,52,46-55,1,6,Standard,2025-02-19,True
8119,Meera Singh,Female,40,36-45,18,6,Standard,2025-07-28,True
8120,Rahul Mehta,Male,27,26-35,28,1,Premium,2025-12-17,True
8121,Rahul Reddy,Male,33,26-35,28,1,Standard,2025-10-20,True
8122,Nandini Patel,Female,56,56-65,19,3,Standard,2025-05-31,True
8123,Nikhil Nair,Male,43,36-45,1,6,Inactive,2025-10-13,False
8124,Vikram Joshi,Male,46,46-55,10,1,Inactive,2025-08-28,False
8125,Lakshmi Patel,Female,37,36-45,10,3,Standard,2025-08-28,True
8126,Neha Singh,Female,42,36-45,3,5,Standard,2025-03-29,True
8127,Siddharth Naidu,Male,29,26-35,20,3,Premium,2025-10-28,True
8128,Riya Singh,Female,23,18-25,2,2,Standard,2025-06-23,True
8129,Akash Verma,Male,27,26-35,13,6,Standard,2025-12-22,True
8130,Meera Reddy,Female,64,56-65,4,5,Standard,2025-04-20,True
8131,Siddharth Sharma,Male,35,26-35,11,6,Standard,2025-08-29,True
8132,Siddharth Pillai,Male,23,18-25,20,2,Standard,2025-01-17,True
8133,Akash Rao,Male,55,46-55,2,3,Standard,2025-02-10,True
8134,Lakshmi Singh,Female,40,36-45,28,4,Standard,2025-05-21,True
8135,Rahul Iyer,Male,42,36-45,30,3,Standard,2025-09-22,True
8136,Priya Sharma,Female,24,18-25,22,5,Premium,2025-11-06,True
8137,Rahul Kumar,Male,34,26-35,19,2,Standard,2025-05-15,True
8138,Nikhil Joshi,Male,43,36-45,14,1,Standard,2025-04-01,True
8139,Rahul Sharma,Male,55,46-55,16,4,Standard,2025-10-04,True
8140,Priya Iyer,Female,30,26-35,24,5,Premium,2025-06-22,True
8141,Vikram Patel,Male,29,26-35,26,1,Premium,2025-03-29,True
8142,Pooja Singh,Female,65,56-65,2,3,Standard,2025-09-27,True
8143,Akash Singh,Male,25,18-25,26,4,Inactive,2025-01-02,False
8144,Lakshmi Reddy,Female,30,26-35,11,2,Inactive,2025-06-07,False
8145,Nandini Patel,Female,27,26-35,9,2,Inactive,2025-12-20,False
8146,Shreya Sharma,Female,65,56-65,8,4,Premium,2025-10-25,True
8147,Aditya Verma,Male,19,18-25,16,6,Premium,2025-12-01,True
8148,Siddharth Sharma,Male,62,56-65,9,6,Standard,2025-11-12,True
8149,Anil Naidu,Male,22,18-25,24,4,Standard,2025-04-27,True
8150,Ananya Kumar,Female,62,56-65,14,6,Standard,2025-07-17,True
8151,Sneha Pillai,Female,49,46-55,2,2,Standard,2025-01-20,True
8152,Karan Kumar,Male,24,18-25,1,5,Standard,2025-04-06,True
8153,Harsh Mehta,Male,55,46-55,3,3,Standard,2025-10-23,True
8154,Akash Mehta,Male,34,26-35,27,1,Premium,2025-05-07,True
8155,Manish Reddy,Male,63,56-65,29,5,Standard,2025-09-04,True
8156,Arjun Patel,Male,55,46-55,15,2,Standard,2025-04-02,True
8157,Lakshmi Verma,Female,22,18-25,7,6,Standard,2025-04-29,True
8158,Meera Singh,Female,50,46-55,29,1,Standard,2025-09-05,True
8159,Ishita Singh,Female,36,36-45,6,6,Standard,2025-01-18,True
8160,Divya Mehta,Female,41,36-45,5,3,VIP,2025-10-28,True
8161,Rohan Naidu,Male,51,46-55,11,3,Inactive,2025-04-26,False
8162,Vivek Joshi,Male,47,46-55,21,6,Standard,2025-11-26,True
8163,Riya Joshi,Female,25,18-25,26,5,Standard,2025-03-29,True
8164,Rohan Nair,Male,34,26-35,2,2,Standard,2025-09-17,True
8165,Riya Rao,Female,22,18-25,1,5,Standard,2025-02-22,True
8166,Priya Sharma,Female,51,46-55,22,4,Standard,2025-02-11,True
8167,Ishita Pillai,Female,58,56-65,26,6,Standard,2025-07-23,True
8168,Akash Joshi,Male,46,46-55,22,2,Standard,2025-09-13,True
8169,Shreya Rao,Female,33,26-35,17,5,Standard,2025-08-11,True
8170,Aditya Patel,Male,26,26-35,9,4,Premium,2025-02-27,True
8171,Vivek Naidu,Male,60,56-65,30,1,Standard,2025-11-08,True
8172,Kavya Mehta,Female,36,36-45,14,5,Standard,2025-08-03,True
8173,Harsh Pillai,Male,62,56-65,12,6,Standard,2025-11-12,True
8174,Nikhil Das,Male,19,18-25,16,1,Premium,2025-06-24,True
8175,Siddharth Joshi,Male,42,36-45,10,5,Standard,2025-01-13,True
8176,Swati Singh,Female,22,18-25,28,5,Standard,2025-05-20,True
8177,Sneha Rao,Female,28,26-35,9,4,Premium,2025-03-03,True
8178,Aarav Singh,Male,63,56-65,30,6,Premium,2025-09-07,True
8179,Nikhil Das,Male,19,18-25,25,5,Standard,2025-10-01,True
8180,Rahul Joshi,Male,35,26-35,7,3,Premium,2025-07-04,True
8181,Rohan Patel,Male,32,26-35,3,6,Inactive,2025-11-02,False
8182,Lakshmi Nair,Female,30,26-35,5,2,Standard,2025-04-23,True
8183,Pooja Reddy,Female,44,36-45,20,4,Premium,2025-12-03,True
8184,Riya Pillai,Female,48,46-55,16,2,Standard,2025-10-16,True
8185,Nandini Reddy,Female,50,46-55,17,5,Standard,2025-02-26,True
8186,Swati Das,Female,45,36-45,11,4,Standard,2025-04-22,True
8187,Akash Nair,Male,19,18-25,28,2,Inactive,2025-09-07,False
8188,Lakshmi Das,Female,43,36-45,10,6,Standard,2025-06-06,True
8189,Karan Singh,Male,51,46-55,20,5,Standard,2025-04-21,True
8190,Akash Patel,Male,43,36-45,19,2,Standard,2025-10-11,True
8191,Arjun Reddy,Male,59,56-65,22,5,Standard,2025-04-08,True
8192,Nikhil Sharma,Male,28,26-35,2,6,Standard,2025-08-08,True
8193,Shreya Naidu,Female,28,26-35,22,2,Standard,2025-07-28,True
8194,Arjun Iyer,Male,45,36-45,3,5,Premium,2025-08-09,True
8195,Ananya Joshi,Female,44,36-45,19,3,Inactive,2025-01-17,False
8196,Swati Naidu,Female,22,18-25,17,3,Standard,2025-09-07,True
8197,Aditya Sharma,Male,33,26-35,26,1,Standard,2025-10-28,True
8198,Nandini Nair,Female,22,18-25,13,2,VIP,2025-06-10,True
8199,Neha Pillai,Female,32,26-35,27,2,Premium,2025-12-06,True
8200,Vivek Naidu,Male,29,26-35,8,3,Premium,2025-02-17,True
8201,Meera Das,Female,60,56-65,5,1,Standard,2025-10-01,True
8202,Rohan Sharma,Male,62,56-65,11,1,Standard,2025-11-09,True
8203,Aditya Naidu,Male,59,56-65,17,1,VIP,2025-11-17,True
8204,Meera Sharma,Female,63,56-65,11,4,VIP,2025-04-22,True
8205,Siddharth Nair,Male,47,46-55,19,6,Inactive,2025-08-19,False
8206,Divya Iyer,Female,39,36-45,24,3,Premium,2025-07-17,True
8207,Pooja Iyer,Female,27,26-35,20,3,Premium,2025-09-02,True
8208,Rohan Patel,Male,18,18-25,2,2,Standard,2025-02-20,True
8209,Meera Singh,Female,27,26-35,8,3,Inactive,2025-04-01,False
8210,Aishwarya Joshi,Female,59,56-65,27,1,Inactive,2025-03-06,False
8211,Siddharth Nair,Male,18,18-25,25,1,Standard,2025-06-26,True
8212,Aarav Verma,Male,60,56-65,24,5,Standard,2025-12-03,True
8213,Priya Nair,Female,42,36-45,12,4,Standard,2025-08-19,True
8214,Varun Sharma,Male,58,56-65,9,6,Standard,2025-04-10,True
8215,Swati Rao,Female,23,18-25,9,2,Standard,2025-06-14,True
8216,Swati Nair,Female,45,36-45,24,2,Standard,2025-12-30,True
8217,Shreya Mehta,Female,43,36-45,13,1,Standard,2025-10-23,True
8218,Siddharth Naidu,Male,23,18-25,21,2,Standard,2025-07-11,True
8219,Aditya Reddy,Male,37,36-45,4,5,Standard,2025-06-02,True
8220,Aarav Nair,Male,50,46-55,20,4,Standard,2025-05-09,True
8221,Ishita Rao,Female,35,26-35,22,3,Standard,2025-07-13,True
8222,Shreya Rao,Female,41,36-45,14,1,Standard,2025-01-24,True
8223,Harsh Joshi,Male,38,36-45,5,2,Premium,2025-01-13,True
8224,Aditya Sharma,Male,48,46-55,14,2,Premium,2025-03-29,True
8225,Arjun Kumar,Male,65,56-65,4,4,Standard,2025-10-31,True
8226,Aishwarya Nair,Female,29,26-35,6,1,Standard,2025-02-13,True
8227,Shreya Verma,Female,64,56-65,17,4,Standard,2025-05-03,True
8228,Sneha Patel,Female,20,18-25,23,6,Standard,2025-02-20,True
8229,Karan Joshi,Male,22,18-25,17,4,Standard,2025-09-21,True
8230,Aishwarya Joshi,Female,61,56-65,12,2,Standard,2025-05-07,True
8231,Pooja Gupta,Female,65,56-65,20,5,Standard,2025-02-23,True
8232,Aishwarya Singh,Female,21,18-25,10,2,Standard,2025-05-27,True
8233,Aarav Iyer,Male,50,46-55,10,5,Premium,2025-08-07,True
8234,Meera Reddy,Female,37,36-45,10,6,Premium,2025-12-20,True
8235,Siddharth Pillai,Male,61,56-65,13,5,Premium,2025-06-19,True
8236,Ishita Gupta,Female,21,18-25,4,3,Inactive,2025-01-09,False
8237,Vivek Singh,Male,30,26-35,19,3,Standard,2025-06-27,True
8238,Manish Rao,Male,63,56-65,22,6,Premium,2025-07-19,True
8239,Aishwarya Verma,Female,20,18-25,28,3,Premium,2025-02-01,True
8240,Nandini Singh,Female,53,46-55,8,3,Standard,2025-09-27,True
8241,Vikram Nair,Male,19,18-25,6,4,Standard,2025-09-09,True
8242,Arjun Naidu,Male,35,26-35,6,5,Standard,2025-04-14,True
8243,Ishita Patel,Female,42,36-45,18,2,Standard,2025-02-22,True
8244,Aarav Nair,Male,40,36-45,10,5,Standard,2025-11-20,True
8245,Neha Sharma,Female,43,36-45,12,2,Inactive,2025-11-21,False
8246,Aarav Das,Male,45,36-45,14,4,Inactive,2025-04-12,False
8247,Ishita Reddy,Female,44,36-45,13,1,Standard,2025-08-19,True
8248,Vivek Joshi,Male,54,46-55,2,3,Standard,2025-04-09,True
8249,Sneha Mehta,Female,32,26-35,7,1,Standard,2025-04-19,True
8250,Nikhil Kumar,Male,61,56-65,3,6,Standard,2025-12-16,True
8251,Rohan Iyer,Male,49,46-55,16,2,Inactive,2025-10-08,False
8252,Anil Sharma,Male,46,46-55,24,4,Standard,2025-09-22,True
8253,Vivek Das,Male,62,56-65,13,5,Standard,2025-01-06,True
8254,Nandini Singh,Female,45,36-45,17,6,Premium,2025-04-11,True
8255,Karan Rao,Male,20,18-25,20,5,Premium,2025-02-03,True
8256,Varun Kumar,Male,36,36-45,20,6,Premium,2025-05-18,True
8257,Aditya Nair,Male,30,26-35,20,2,VIP,2025-09-22,True
8258,Shreya Gupta,Female,33,26-35,17,3,Standard,2025-04-20,True
8259,Sneha Rao,Female,64,56-65,17,1,Premium,2025-04-29,True
8260,Divya Nair,Female,54,46-55,14,2,Standard,2025-04-04,True
8261,Aarav Kumar,Male,18,18-25,4,6,Standard,2025-10-02,True
8262,Ananya Pillai,Female,25,18-25,16,2,Standard,2025-07-06,True
8263,Pooja Sharma,Female,40,36-45,4,6,Premium,2025-08-27,True
8264,Lakshmi Pillai,Female,23,18-25,10,2,Standard,2025-06-01,True
8265,Aishwarya Singh,Female,49,46-55,16,6,Standard,2025-12-24,True
8266,Arjun Sharma,Male,50,46-55,2,1,Standard,2025-07-21,True
8267,Ishita Reddy,Female,30,26-35,30,3,Standard,2025-09-27,True
8268,Neha Nair,Female,26,26-35,12,2,Premium,2025-02-16,True
8269,Shreya Mehta,Female,55,46-55,30,1,Premium,2025-08-15,True
8270,Aditya Singh,Male,40,36-45,13,2,Standard,2025-05-12,True
8271,Vivek Nair,Male,52,46-55,18,5,Standard,2025-01-16,True
8272,Rahul Nair,Male,29,26-35,1,1,Standard,2025-07-12,True
8273,Karan Singh,Male,26,26-35,12,6,VIP,2025-08-30,True
8274,Kavya Nair,Female,25,18-25,4,2,Standard,2025-05-27,True
8275,Arjun Verma,Male,65,56-65,6,4,Premium,2025-11-20,True
8276,Arjun Joshi,Male,57,56-65,9,1,Premium,2025-08-31,True
8277,Rohan Singh,Male,48,46-55,4,4,Standard,2025-05-31,True
8278,Manish Kumar,Male,42,36-45,28,2,Standard,2025-03-06,True
8279,Lakshmi Das,Female,37,36-45,3,3,Premium,2025-06-26,True
8280,Siddharth Verma,Male,33,26-35,28,2,Standard,2025-09-24,True
8281,Ananya Patel,Female,50,46-55,6,6,Standard,2025-10-31,True
8282,Swati Kumar,Female,49,46-55,2,3,Standard,2025-04-29,True
8283,Kavya Naidu,Female,37,36-45,27,4,Premium,2025-05-31,True
8284,Kavya Verma,Female,34,26-35,19,4,Standard,2025-05-08,True
8285,Arjun Sharma,Male,22,18-25,25,3,Standard,2025-02-07,True
8286,Aditya Naidu,Male,55,46-55,12,5,Standard,2025-08-06,True
8287,Neha Sharma,Female,50,46-55,22,5,Inactive,2025-04-29,False
8288,Rohan Rao,Male,24,18-25,3,2,Standard,2025-03-26,True
8289,Aditya Joshi,Male,34,26-35,19,6,Standard,2025-01-10,True
8290,Arjun Verma,Male,43,36-45,18,6,Premium,2025-02-14,True
8291,Vivek Kumar,Male,35,26-35,16,1,Standard,2025-09-19,True
8292,Vikram Reddy,Male,35,26-35,6,2,Standard,2025-05-22,True
8293,Meera Nair,Female,41,36-45,28,6,Premium,2025-04-29,True
8294,Aarav Reddy,Male,44,36-45,11,6,Inactive,2025-09-17,False
8295,Neha Rao,Female,46,46-55,17,1,Inactive,2025-07-10,False
8296,Karan Singh,Male,40,36-45,11,6,Standard,2025-08-13,True
8297,Harsh Iyer,Male,42,36-45,9,2,Standard,2025-01-28,True
8298,Varun Pillai,Male,23,18-25,10,4,Inactive,2025-03-23,False
8299,Vivek Gupta,Male,26,26-35,20,6,Standard,2025-02-20,True
8300,Swati Mehta,Female,38,36-45,3,4,Standard,2025-02-20,True
8301,Harsh Rao,Male,35,26-35,28,1,Standard,2025-04-26,True
8302,Manish Gupta,Male,56,56-65,9,2,VIP,2025-08-27,True
8303,Swati Reddy,Female,62,56-65,20,5,Standard,2025-08-26,True
8304,Pooja Joshi,Female,54,46-55,23,1,Standard,2025-09-13,True
8305,Vivek Gupta,Male,51,46-55,15,5,Standard,2025-05-14,True
8306,Karan Pillai,Male,49,46-55,3,4,Standard,2025-01-26,True
8307,Neha Verma,Female,52,46-55,18,3,Standard,2025-04-02,True
8308,Rohan Iyer,Male,41,36-45,5,6,Standard,2025-06-03,True
8309,Arjun Pillai,Male,39,36-45,30,3,Inactive,2025-02-12,False
8310,Ananya Singh,Female,50,46-55,26,5,Standard,2025-10-06,True
8311,Arjun Singh,Male,61,56-65,26,4,Inactive,2025-10-01,False
8312,Aishwarya Nair,Female,50,46-55,2,5,Standard,2025-05-10,True
8313,Nandini Singh,Female,46,46-55,12,4,Standard,2025-07-14,True
8314,Kavya Sharma,Female,26,26-35,7,1,Inactive,2025-04-13,False
8315,Sneha Gupta,Female,42,36-45,18,2,Premium,2025-07-15,True
8316,Shreya Reddy,Female,32,26-35,27,6,Premium,2025-08-26,True
8317,Aarav Reddy,Male,45,36-45,18,3,Standard,2025-03-28,True
8318,Lakshmi Gupta,Female,21,18-25,6,2,Standard,2025-10-02,True
8319,Aarav Patel,Male,52,46-55,4,3,Standard,2025-01-27,True
8320,Ananya Das,Female,43,36-45,28,6,Premium,2025-08-05,True
8321,Anil Das,Male,28,26-35,5,3,Standard,2025-12-31,True
8322,Aishwarya Verma,Female,45,36-45,6,1,Premium,2025-10-09,True
8323,Aishwarya Kumar,Female,63,56-65,15,2,Standard,2025-01-21,True
8324,Neha Verma,Female,41,36-45,9,5,Standard,2025-10-23,True
8325,Aishwarya Sharma,Female,33,26-35,15,3,Standard,2025-05-11,True
8326,Riya Pillai,Female,62,56-65,29,1,Inactive,2025-12-27,False
8327,Aarav Joshi,Male,43,36-45,18,2,Standard,2025-08-15,True
8328,Vikram Das,Male,62,56-65,14,4,Standard,2025-08-17,True
8329,Anil Das,Male,22,18-25,14,2,Standard,2025-01-15,True
8330,Vikram Mehta,Male,46,46-55,5,1,Premium,2025-10-03,True
8331,Rohan Das,Male,46,46-55,19,4,Standard,2025-08-14,True
8332,Ananya Pillai,Female,22,18-25,11,6,Premium,2025-12-18,True
8333,Vikram Nair,Male,33,26-35,3,1,Inactive,2025-03-06,False
8334,Harsh Kumar,Male,24,18-25,1,2,Inactive,2025-08-30,False
8335,Nandini Sharma,Female,20,18-25,19,2,Inactive,2025-06-24,False
8336,Sneha Verma,Female,19,18-25,26,5,Standard,2025-09-21,True
8337,Akash Sharma,Male,33,26-35,25,3,Premium,2025-02-23,True
8338,Nandini Iyer,Female,53,46-55,21,2,Premium,2025-06-07,True
8339,Ananya Mehta,Female,53,46-55,5,4,Standard,2025-11-03,True
8340,Divya Rao,Female,53,46-55,4,5,Inactive,2025-05-24,False
8341,Neha Gupta,Female,46,46-55,9,5,Standard,2025-03-29,True
8342,Kavya Kumar,Female,39,36-45,1,3,VIP,2025-02-17,True
8343,Kavya Kumar,Female,42,36-45,12,5,Premium,2025-01-28,True
8344,Neha Mehta,Female,23,18-25,30,2,Standard,2025-02-05,True
8345,Meera Sharma,Female,24,18-25,6,6,Premium,2025-02-28,True
8346,Arjun Joshi,Male,44,36-45,2,4,Premium,2025-01-12,True
8347,Ishita Gupta,Female,64,56-65,6,4,Standard,2025-10-15,True
8348,Shreya Kumar,Female,64,56-65,1,2,Standard,2025-06-09,True
8349,Harsh Sharma,Male,55,46-55,5,3,Standard,2025-07-02,True
8350,Ananya Gupta,Female,40,36-45,26,4,Premium,2025-05-27,True
8351,Siddharth Mehta,Male,43,36-45,24,1,Standard,2025-05-22,True
8352,Lakshmi Mehta,Female,26,26-35,26,4,Standard,2025-10-12,True
8353,Ananya Singh,Female,21,18-25,10,3,Standard,2025-08-15,True
8354,Lakshmi Nair,Female,64,56-65,12,4,Standard,2025-12-08,True
8355,Meera Verma,Female,30,26-35,10,6,Standard,2025-05-11,True
8356,Arjun Reddy,Male,35,26-35,1,4,Premium,2025-04-29,True
8357,Meera Singh,Female,37,36-45,20,2,Standard,2025-01-30,True
8358,Akash Mehta,Male,32,26-35,28,5,Standard,2025-04-23,True
8359,Sneha Nair,Female,49,46-55,2,4,Standard,2025-12-09,True
8360,Rahul Pillai,Male,26,26-35,11,6,Premium,2025-02-19,True
8361,Swati Naidu,Female,36,36-45,2,1,Standard,2025-12-28,True
8362,Nandini Kumar,Female,34,26-35,4,3,Standard,2025-12-27,True
8363,Neha Nair,Female,44,36-45,30,4,Standard,2025-09-14,True
8364,Vivek Reddy,Male,26,26-35,24,1,Standard,2025-09-10,True
8365,Meera Das,Female,57,56-65,23,4,Standard,2025-06-11,True
8366,Shreya Rao,Female,44,36-45,9,4,Standard,2025-07-23,True
8367,Riya Nair,Female,54,46-55,23,1,Premium,2025-02-22,True
8368,Lakshmi Das,Female,64,56-65,9,1,Standard,2025-03-14,True
8369,Arjun Singh,Male,62,56-65,9,6,Premium,2025-12-14,True
8370,Swati Nair,Female,62,56-65,21,2,Standard,2025-01-07,True
8371,Vikram Das,Male,50,46-55,7,3,Inactive,2025-01-22,False
8372,Aditya Pillai,Male,50,46-55,4,5,Inactive,2025-04-09,False
8373,Pooja Reddy,Female,36,36-45,13,5,Standard,2025-02-13,True
8374,Varun Singh,Male,40,36-45,7,5,Premium,2025-01-19,True
8375,Shreya Iyer,Female,31,26-35,25,3,Standard,2025-09-12,True
8376,Ananya Naidu,Female,55,46-55,11,1,VIP,2025-06-15,True
8377,Lakshmi Rao,Female,25,18-25,7,4,Inactive,2025-01-20,False
8378,Nikhil Joshi,Male,56,56-65,29,3,Premium,2025-12-19,True
8379,Manish Gupta,Male,53,46-55,11,5,Premium,2025-02-21,True
8380,Harsh Mehta,Male,62,56-65,27,1,Premium,2025-07-02,True
8381,Ishita Mehta,Female,29,26-35,30,3,Standard,2025-02-26,True
8382,Neha Rao,Female,38,36-45,30,2,Standard,2025-10-07,True
8383,Arjun Gupta,Male,48,46-55,25,1,Standard,2025-12-10,True
8384,Rahul Joshi,Male,40,36-45,7,5,Standard,2025-05-27,True
8385,Nandini Joshi,Female,63,56-65,20,1,Standard,2025-02-06,True
8386,Pooja Reddy,Female,37,36-45,27,5,Standard,2025-05-31,True
8387,Divya Verma,Female,29,26-35,13,1,Standard,2025-01-08,True
8388,Arjun Rao,Male,31,26-35,18,3,Premium,2025-07-05,True
8389,Meera Das,Female,56,56-65,13,4,Standard,2025-02-24,True
8390,Arjun Patel,Male,22,18-25,24,2,Standard,2025-12-08,True
8391,Neha Joshi,Female,42,36-45,5,5,Standard,2025-12-22,True
8392,Sneha Reddy,Female,39,36-45,8,5,Premium,2025-01-08,True
8393,Ananya Reddy,Female,36,36-45,14,6,Standard,2025-06-25,True
8394,Ishita Iyer,Female,36,36-45,9,4,Standard,2025-08-06,True
8395,Aarav Verma,Male,36,36-45,17,1,Inactive,2025-12-17,False
8396,Aditya Patel,Male,31,26-35,23,2,Inactive,2025-11-15,False
8397,Priya Pillai,Female,46,46-55,12,1,Standard,2025-08-18,True
8398,Neha Rao,Female,52,46-55,5,3,Inactive,2025-05-14,False
8399,Akash Singh,Male,53,46-55,24,4,Standard,2025-12-15,True
8400,Riya Iyer,Female,49,46-55,20,1,Inactive,2025-01-03,False
8401,Riya Patel,Female,20,18-25,23,6,Standard,2025-03-07,True
8402,Meera Gupta,Female,51,46-55,11,4,Inactive,2025-05-08,False
8403,Neha Singh,Female,46,46-55,7,1,Inactive,2025-04-20,False
8404,Swati Kumar,Female,62,56-65,17,4,Standard,2025-08-23,True
8405,Kavya Verma,Female,19,18-25,4,6,Standard,2025-04-11,True
8406,Ishita Pillai,Female,65,56-65,7,5,Standard,2025-08-16,True
8407,Akash Pillai,Male,65,56-65,25,2,Inactive,2025-09-30,False
8408,Harsh Rao,Male,44,36-45,12,6,Premium,2025-01-08,True
8409,Ananya Kumar,Female,53,46-55,22,4,Standard,2025-01-10,True
8410,Kavya Iyer,Female,23,18-25,7,2,Standard,2025-03-23,True
8411,Vikram Pillai,Male,65,56-65,10,2,Standard,2025-01-23,True
8412,Divya Iyer,Female,37,36-45,7,5,Premium,2025-12-08,True
8413,Ananya Singh,Female,62,56-65,5,4,Premium,2025-04-28,True
8414,Siddharth Kumar,Male,55,46-55,10,4,Inactive,2025-09-15,False
8415,Kavya Rao,Female,34,26-35,26,3,Standard,2025-01-08,True
8416,Manish Reddy,Male,59,56-65,21,5,Premium,2025-07-17,True
8417,Ishita Kumar,Female,48,46-55,20,5,Premium,2025-02-28,True
8418,Siddharth Gupta,Male,44,36-45,10,3,Inactive,2025-05-26,False
8419,Varun Verma,Male,25,18-25,19,6,Standard,2025-11-21,True
8420,Siddharth Joshi,Male,55,46-55,9,1,Standard,2025-06-02,True
8421,Meera Verma,Female,48,46-55,6,5,Standard,2025-05-26,True
8422,Ananya Joshi,Female,25,18-25,26,3,Standard,2025-10-12,True
8423,Rohan Reddy,Male,61,56-65,19,4,Standard,2025-06-30,True
8424,Manish Gupta,Male,51,46-55,9,6,Premium,2025-08-15,True
8425,Manish Mehta,Male,50,46-55,28,1,Standard,2025-02-16,True
8426,Anil Iyer,Male,56,56-65,19,3,Standard,2025-12-12,True
8427,Lakshmi Nair,Female,58,56-65,30,3,Premium,2025-08-05,True
8428,Karan Rao,Male,25,18-25,28,5,Premium,2025-01-13,True
8429,Shreya Sharma,Female,63,56-65,6,2,Premium,2025-12-02,True
8430,Aditya Sharma,Male,42,36-45,26,5,Premium,2025-03-12,True
8431,Anil Naidu,Male,32,26-35,28,3,Premium,2025-11-12,True
8432,Ishita Gupta,Female,39,36-45,3,5,VIP,2025-12-16,True
8433,Meera Kumar,Female,62,56-65,9,3,Standard,2025-07-05,True
8434,Sneha Patel,Female,41,36-45,20,1,Standard,2025-12-08,True
8435,Riya Naidu,Female,40,36-45,6,2,Standard,2025-09-05,True
8436,Rahul Rao,Male,58,56-65,19,5,Standard,2025-06-13,True
8437,Nandini Nair,Female,26,26-35,6,1,Premium,2025-09-15,True
8438,Lakshmi Kumar,Female,54,46-55,4,2,Standard,2025-12-16,True
8439,Shreya Patel,Female,33,26-35,21,3,Standard,2025-08-22,True
8440,Vivek Gupta,Male,45,36-45,24,2,Standard,2025-11-17,True
8441,Varun Reddy,Male,56,56-65,28,6,VIP,2025-09-02,True
8442,Aishwarya Kumar,Female,56,56-65,29,3,Standard,2025-07-31,True
8443,Arjun Naidu,Male,40,36-45,23,4,Premium,2025-05-19,True
8444,Aishwarya Verma,Female,36,36-45,27,4,Standard,2025-04-19,True
8445,Neha Patel,Female,51,46-55,14,6,Standard,2025-11-17,True
8446,Nandini Reddy,Female,61,56-65,15,3,Inactive,2025-05-13,False
8447,Aditya Patel,Male,22,18-25,18,6,Standard,2025-06-16,True
8448,Rahul Iyer,Male,50,46-55,21,4,Standard,2025-03-22,True
8449,Kavya Naidu,Female,44,36-45,2,1,Standard,2025-01-01,True
8450,Nandini Iyer,Female,53,46-55,6,5,Premium,2025-07-10,True
8451,Varun Reddy,Male,55,46-55,19,3,Standard,2025-08-16,True
8452,Pooja Sharma,Female,19,18-25,20,4,Standard,2025-12-05,True
8453,Ananya Mehta,Female,62,56-65,16,6,Inactive,2025-11-24,False
8454,Manish Rao,Male,32,26-35,26,3,Inactive,2025-02-24,False
8455,Aditya Pillai,Male,39,36-45,21,3,Premium,2025-11-19,True
8456,Harsh Kumar,Male,46,46-55,18,6,Standard,2025-07-05,True
8457,Arjun Patel,Male,19,18-25,29,5,Inactive,2025-04-27,False
8458,Aishwarya Reddy,Female,22,18-25,25,4,Standard,2025-12-18,True
8459,Aditya Mehta,Male,26,26-35,5,2,Premium,2025-01-29,True
8460,Ananya Gupta,Female,48,46-55,26,1,Inactive,2025-04-22,False
8461,Nandini Mehta,Female,42,36-45,13,4,Premium,2025-02-01,True
8462,Riya Sharma,Female,45,36-45,2,3,Standard,2025-08-03,True
8463,Ananya Rao,Female,24,18-25,3,5,Standard,2025-05-22,True
8464,Vivek Joshi,Male,65,56-65,4,6,Standard,2025-08-21,True
8465,Vikram Patel,Male,51,46-55,19,2,Standard,2025-04-08,True
8466,Vivek Nair,Male,45,36-45,4,3,Inactive,2025-07-03,False
8467,Rahul Nair,Male,59,56-65,23,1,Premium,2025-02-10,True
8468,Lakshmi Iyer,Female,24,18-25,5,4,Standard,2025-07-16,True
8469,Divya Joshi,Female,32,26-35,11,6,Standard,2025-04-15,True
8470,Riya Iyer,Female,52,46-55,11,4,Premium,2025-11-09,True
8471,Pooja Mehta,Female,43,36-45,17,6,Standard,2025-11-07,True
8472,Anil Reddy,Male,57,56-65,12,4,Standard,2025-06-19,True
8473,Rahul Gupta,Male,33,26-35,20,6,Standard,2025-11-28,True
8474,Ishita Patel,Female,18,18-25,15,6,Standard,2025-08-21,True
8475,Kavya Das,Female,59,56-65,24,1,Standard,2025-04-30,True
8476,Varun Pillai,Male,48,46-55,4,3,Premium,2025-12-18,True
8477,Manish Gupta,Male,27,26-35,18,4,Standard,2025-02-09,True
8478,Varun Singh,Male,57,56-65,3,1,Premium,2025-10-07,True
8479,Nikhil Gupta,Male,32,26-35,16,5,Standard,2025-05-26,True
8480,Ananya Iyer,Female,59,56-65,21,3,Premium,2025-05-11,True
8481,Nandini Naidu,Female,32,26-35,25,6,Standard,2025-03-10,True
8482,Vivek Naidu,Male,62,56-65,3,5,Standard,2025-02-14,True
8483,Siddharth Nair,Male,41,36-45,24,6,Standard,2025-07-01,True
8484,Arjun Singh,Male,39,36-45,12,1,Standard,2025-12-15,True
8485,Vivek Sharma,Male,18,18-25,18,5,Standard,2025-08-30,True
8486,Kavya Joshi,Female,24,18-25,10,2,Standard,2025-03-23,True
8487,Akash Rao,Male,38,36-45,14,5,Inactive,2025-12-17,False
8488,Arjun Pillai,Male,35,26-35,19,2,Standard,2025-02-06,True
8489,Nikhil Naidu,Male,49,46-55,7,2,Premium,2025-12-31,True
8490,Siddharth Gupta,Male,56,56-65,24,1,VIP,2025-08-20,True
8491,Arjun Reddy,Male,18,18-25,26,2,Standard,2025-04-09,True
8492,Meera Rao,Female,55,46-55,8,2,Standard,2025-02-28,True
8493,Meera Reddy,Female,58,56-65,10,5,Standard,2025-09-11,True
8494,Lakshmi Pillai,Female,45,36-45,28,4,Standard,2025-11-15,True
8495,Arjun Iyer,Male,50,46-55,5,1,Premium,2025-01-25,True
8496,Neha Pillai,Female,61,56-65,2,3,Premium,2025-07-06,True
8497,Divya Gupta,Female,58,56-65,22,6,Premium,2025-05-09,True
8498,Aditya Patel,Male,62,56-65,15,4,Premium,2025-07-28,True
8499,Swati Patel,Female,26,26-35,27,3,Standard,2025-07-15,True
8500,Anil Pillai,Male,49,46-55,26,1,Standard,2025-04-20,True
8501,Nandini Kumar,Female,31,26-35,18,1,Standard,2025-03-21,True
8502,Karan Pillai,Male,65,56-65,27,4,Standard,2025-07-17,True
8503,Varun Patel,Male,34,26-35,6,5,Standard,2025-05-16,True
8504,Karan Iyer,Male,38,36-45,24,6,Standard,2025-01-02,True
8505,Divya Iyer,Female,54,46-55,11,5,Inactive,2025-11-08,False
8506,Rahul Reddy,Male,57,56-65,3,6,Premium,2025-04-07,True
8507,Anil Nair,Male,37,36-45,5,1,Standard,2025-04-18,True
8508,Swati Iyer,Female,40,36-45,14,3,Premium,2025-05-26,True
8509,Neha Kumar,Female,34,26-35,1,3,Premium,2025-11-29,True
8510,Lakshmi Reddy,Female,43,36-45,30,2,Premium,2025-07-17,True
8511,Nandini Reddy,Female,49,46-55,2,1,Standard,2025-10-28,True
8512,Vikram Pillai,Male,46,46-55,9,2,Premium,2025-01-21,True
8513,Riya Pillai,Female,61,56-65,13,1,Standard,2025-09-14,True
8514,Nikhil Pillai,Male,52,46-55,25,3,Premium,2025-03-09,True
8515,Manish Verma,Male,21,18-25,17,5,Standard,2025-03-14,True
8516,Sneha Sharma,Female,48,46-55,11,2,Premium,2025-12-21,True
8517,Nandini Verma,Female,27,26-35,5,4,Standard,2025-07-20,True
8518,Aishwarya Nair,Female,57,56-65,11,5,Premium,2025-02-01,True
8519,Nikhil Rao,Male,63,56-65,2,1,Premium,2025-06-15,True
8520,Ishita Reddy,Female,63,56-65,10,6,Standard,2025-09-12,True
8521,Arjun Kumar,Male,46,46-55,3,6,Premium,2025-03-14,True
8522,Priya Verma,Female,25,18-25,17,4,Standard,2025-08-09,True
8523,Vivek Joshi,Male,63,56-65,24,4,Standard,2025-02-04,True
8524,Kavya Iyer,Female,59,56-65,29,3,Inactive,2025-08-25,False
8525,Rohan Patel,Male,26,26-35,22,3,Premium,2025-12-27,True
8526,Aishwarya Nair,Female,53,46-55,29,1,Premium,2025-06-05,True
8527,Anil Singh,Male,27,26-35,12,6,Inactive,2025-10-18,False
8528,Manish Rao,Male,33,26-35,24,6,Premium,2025-05-03,True
8529,Aditya Iyer,Male,23,18-25,30,5,Standard,2025-05-25,True
8530,Vikram Naidu,Male,45,36-45,13,1,Standard,2025-08-11,True
8531,Siddharth Rao,Male,65,56-65,17,1,Standard,2025-11-10,True
8532,Nikhil Kumar,Male,54,46-55,23,5,Standard,2025-08-08,True
8533,Riya Reddy,Female,37,36-45,12,1,Standard,2025-10-15,True
8534,Divya Rao,Female,21,18-25,8,4,Premium,2025-07-17,True
8535,Rahul Rao,Male,22,18-25,10,2,Standard,2025-07-18,True
8536,Anil Iyer,Male,56,56-65,22,1,Standard,2025-03-23,True
8537,Rahul Reddy,Male,59,56-65,26,6,Premium,2025-04-19,True
8538,Aishwarya Sharma,Female,20,18-25,22,4,Standard,2025-03-23,True
8539,Ishita Mehta,Female,62,56-65,12,4,Premium,2025-08-25,True
8540,Neha Joshi,Female,65,56-65,23,6,Inactive,2025-11-26,False
8541,Aarav Iyer,Male,55,46-55,28,3,Standard,2025-03-06,True
8542,Ishita Nair,Female,65,56-65,1,2,Standard,2025-06-03,True
8543,Rohan Patel,Male,19,18-25,30,5,Premium,2025-05-11,True
8544,Pooja Kumar,Female,63,56-65,30,2,Standard,2025-11-15,True
8545,Riya Kumar,Female,28,26-35,17,3,Inactive,2025-02-06,False
8546,Priya Naidu,Female,33,26-35,25,4,Standard,2025-06-11,True
8547,Nandini Reddy,Female,33,26-35,7,6,Standard,2025-01-06,True
8548,Neha Reddy,Female,58,56-65,29,2,Standard,2025-12-02,True
8549,Varun Kumar,Male,31,26-35,23,4,Standard,2025-01-28,True
8550,Nikhil Reddy,Male,31,26-35,24,3,Standard,2025-03-19,True
8551,Vivek Reddy,Male,22,18-25,4,5,Premium,2025-10-09,True
8552,Manish Joshi,Male,21,18-25,17,4,Standard,2025-04-23,True
8553,Aarav Das,Male,59,56-65,27,1,Premium,2025-11-06,True
8554,Manish Gupta,Male,56,56-65,18,4,Standard,2025-01-10,True
8555,Akash Das,Male,44,36-45,22,6,Standard,2025-10-07,True
8556,Vikram Patel,Male,31,26-35,25,3,Inactive,2025-11-26,False
8557,Sneha Iyer,Female,33,26-35,29,3,Standard,2025-07-05,True
8558,Shreya Gupta,Female,55,46-55,14,5,Standard,2025-09-11,True
8559,Rahul Nair,Male,36,36-45,14,3,Premium,2025-12-02,True
8560,Lakshmi Das,Female,51,46-55,24,6,Standard,2025-05-20,True
8561,Nikhil Joshi,Male,55,46-55,6,6,Standard,2025-03-16,True
8562,Harsh Verma,Male,41,36-45,9,2,Premium,2025-11-24,True
8563,Divya Das,Female,53,46-55,2,1,Standard,2025-10-23,True
8564,Vivek Singh,Male,30,26-35,21,6,Standard,2025-11-15,True
8565,Pooja Mehta,Female,50,46-55,13,4,Premium,2025-02-24,True
8566,Ananya Mehta,Female,33,26-35,27,3,Standard,2025-06-24,True
8567,Pooja Patel,Female,44,36-45,15,5,Premium,2025-11-30,True
8568,Anil Singh,Male,30,26-35,7,3,Standard,2025-09-17,True
8569,Arjun Naidu,Male,48,46-55,12,5,Premium,2025-12-27,True
8570,Kavya Gupta,Female,45,36-45,13,3,Standard,2025-10-27,True
8571,Akash Joshi,Male,56,56-65,26,6,Standard,2025-09-05,True
8572,Karan Reddy,Male,24,18-25,9,1,Inactive,2025-03-27,False
8573,Vivek Gupta,Male,39,36-45,29,5,Standard,2025-06-29,True
8574,Nandini Rao,Female,29,26-35,6,5,VIP,2025-01-12,True
8575,Kavya Patel,Female,45,36-45,1,6,Standard,2025-05-28,True
8576,Swati Mehta,Female,22,18-25,18,1,Standard,2025-06-11,True
8577,Neha Iyer,Female,26,26-35,14,6,Standard,2025-12-24,True
8578,Manish Sharma,Male,50,46-55,19,6,Premium,2025-04-30,True
8579,Rohan Singh,Male,40,36-45,20,6,Standard,2025-08-28,True
8580,Neha Verma,Female,34,26-35,7,2,Standard,2025-12-28,True
8581,Ananya Rao,Female,39,36-45,11,1,VIP,2025-04-13,True
8582,Rohan Pillai,Male,36,36-45,28,2,VIP,2025-08-29,True
8583,Manish Verma,Male,62,56-65,10,5,Inactive,2025-12-23,False
8584,Arjun Iyer,Male,50,46-55,12,2,Standard,2025-03-16,True
8585,Lakshmi Reddy,Female,61,56-65,2,1,Standard,2025-06-13,True
8586,Karan Patel,Male,28,26-35,7,1,Premium,2025-09-24,True
8587,Shreya Verma,Female,50,46-55,23,5,Standard,2025-01-17,True
8588,Nandini Nair,Female,26,26-35,1,6,Standard,2025-08-03,True
8589,Nandini Iyer,Female,29,26-35,16,2,Premium,2025-01-24,True
8590,Harsh Iyer,Male,52,46-55,3,3,Premium,2025-08-14,True
8591,Priya Iyer,Female,22,18-25,27,5,Standard,2025-02-10,True
8592,Lakshmi Mehta,Female,65,56-65,29,1,Premium,2025-10-30,True
8593,Divya Kumar,Female,65,56-65,18,5,Standard,2025-12-24,True
8594,Vikram Patel,Male,56,56-65,9,4,Standard,2025-02-23,True
8595,Meera Iyer,Female,30,26-35,11,3,Standard,2025-08-27,True
8596,Pooja Verma,Female,25,18-25,10,6,Inactive,2025-08-17,False
8597,Varun Nair,Male,61,56-65,24,4,Standard,2025-12-19,True
8598,Varun Reddy,Male,26,26-35,8,2,Standard,2025-12-17,True
8599,Nikhil Reddy,Male,39,36-45,12,3,Inactive,2025-03-23,False
8600,Varun Patel,Male,55,46-55,22,5,Standard,2025-01-11,True
8601,Meera Reddy,Female,34,26-35,27,6,VIP,2025-10-01,True
8602,Priya Patel,Female,43,36-45,9,2,Standard,2025-01-17,True
8603,Aishwarya Kumar,Female,50,46-55,15,4,Standard,2025-05-14,True
8604,Ananya Pillai,Female,18,18-25,10,2,Standard,2025-12-17,True
8605,Ishita Joshi,Female,51,46-55,17,3,Premium,2025-02-05,True
8606,Swati Singh,Female,60,56-65,13,6,Standard,2025-10-25,True
8607,Varun Naidu,Male,52,46-55,22,2,Premium,2025-12-27,True
8608,Ishita Iyer,Female,56,56-65,2,6,Standard,2025-12-15,True
8609,Vivek Sharma,Male,49,46-55,22,6,VIP,2025-12-25,True
8610,Akash Reddy,Male,18,18-25,4,2,Standard,2025-01-03,True
8611,Arjun Das,Male,39,36-45,26,6,VIP,2025-07-13,True
8612,Riya Singh,Female,48,46-55,10,3,Inactive,2025-07-30,False
8613,Nikhil Joshi,Male,29,26-35,5,6,Inactive,2025-06-18,False
8614,Aditya Nair,Male,59,56-65,13,4,Premium,2025-12-05,True
8615,Divya Pillai,Female,53,46-55,27,1,Premium,2025-10-23,True
8616,Kavya Verma,Female,36,36-45,6,1,Standard,2025-10-19,True
8617,Rohan Nair,Male,32,26-35,22,4,Standard,2025-06-01,True
8618,Vivek Joshi,Male,36,36-45,7,6,Standard,2025-03-04,True
8619,Anil Joshi,Male,47,46-55,28,2,Standard,2025-10-02,True
8620,Nandini Sharma,Female,65,56-65,26,5,Premium,2025-06-12,True
8621,Aishwarya Iyer,Female,61,56-65,29,3,Standard,2025-02-25,True
8622,Anil Kumar,Male,18,18-25,16,2,Premium,2025-10-20,True
8623,Aditya Singh,Male,18,18-25,6,2,Standard,2025-01-19,True
8624,Rahul Gupta,Male,62,56-65,3,2,Premium,2025-04-08,True
8625,Divya Naidu,Female,19,18-25,2,4,Standard,2025-12-18,True
8626,Kavya Kumar,Female,54,46-55,27,2,Premium,2025-06-17,True
8627,Ananya Verma,Female,58,56-65,19,2,VIP,2025-01-04,True
8628,Nikhil Joshi,Male,64,56-65,17,2,Premium,2025-06-03,True
8629,Meera Mehta,Female,63,56-65,19,1,Standard,2025-02-21,True
8630,Akash Rao,Male,38,36-45,22,4,Standard,2025-04-07,True
8631,Kavya Sharma,Female,42,36-45,9,1,Standard,2025-03-05,True
8632,Rahul Kumar,Male,36,36-45,4,2,Premium,2025-10-23,True
8633,Ananya Reddy,Female,19,18-25,5,2,Premium,2025-03-22,True
8634,Rohan Das,Male,54,46-55,21,6,Premium,2025-06-11,True
8635,Vikram Kumar,Male,49,46-55,8,3,Standard,2025-05-18,True
8636,Karan Pillai,Male,23,18-25,2,6,Standard,2025-10-25,True
8637,Aishwarya Gupta,Female,27,26-35,3,1,Standard,2025-11-25,True
8638,Meera Mehta,Female,29,26-35,27,6,Premium,2025-12-01,True
8639,Manish Rao,Male,25,18-25,23,6,Standard,2025-12-28,True
8640,Siddharth Pillai,Male,54,46-55,15,5,Premium,2025-09-06,True
8641,Aishwarya Sharma,Female,60,56-65,4,5,Premium,2025-02-22,True
8642,Aditya Nair,Male,31,26-35,24,1,Standard,2025-01-27,True
8643,Manish Nair,Male,25,18-25,30,1,Inactive,2025-06-04,False
8644,Vivek Sharma,Male,44,36-45,9,6,VIP,2025-11-28,True
8645,Manish Sharma,Male,57,56-65,18,2,Premium,2025-04-08,True
8646,Riya Rao,Female,27,26-35,21,6,VIP,2025-11-09,True
8647,Sneha Rao,Female,58,56-65,24,6,Premium,2025-11-23,True
8648,Neha Rao,Female,44,36-45,23,6,Premium,2025-08-06,True
8649,Nandini Reddy,Female,27,26-35,15,5,Standard,2025-01-10,True
8650,Rohan Sharma,Male,40,36-45,19,4,Premium,2025-05-08,True
8651,Vikram Mehta,Male,58,56-65,19,4,Standard,2025-04-12,True
8652,Karan Iyer,Male,45,36-45,28,5,VIP,2025-08-12,True
8653,Siddharth Kumar,Male,21,18-25,23,6,Inactive,2025-03-11,False
8654,Akash Joshi,Male,40,36-45,10,1,Standard,2025-02-17,True
8655,Nandini Singh,Female,51,46-55,22,3,Standard,2025-06-13,True
8656,Swati Gupta,Female,26,26-35,6,3,Standard,2025-02-28,True
8657,Karan Sharma,Male,36,36-45,11,6,Standard,2025-12-28,True
8658,Divya Reddy,Female,36,36-45,29,4,Inactive,2025-06-24,False
8659,Kavya Das,Female,47,46-55,22,1,Standard,2025-03-05,True
8660,Karan Das,Male,50,46-55,4,3,Standard,2025-07-03,True
8661,Rohan Iyer,Male,37,36-45,27,2,Standard,2025-08-02,True
8662,Divya Iyer,Female,59,56-65,7,2,VIP,2025-04-01,True
8663,Akash Rao,Male,62,56-65,5,1,Standard,2025-06-23,True
8664,Rohan Nair,Male,34,26-35,2,3,Standard,2025-07-02,True
8665,Priya Das,Female,48,46-55,24,3,Premium,2025-06-26,True
8666,Vikram Naidu,Male,36,36-45,25,6,Inactive,2025-11-22,False
8667,Nandini Pillai,Female,63,56-65,23,5,Premium,2025-12-18,True
8668,Siddharth Rao,Male,35,26-35,11,3,Standard,2025-04-04,True
8669,Arjun Pillai,Male,24,18-25,26,4,Standard,2025-05-26,True
8670,Lakshmi Nair,Female,26,26-35,6,5,Standard,2025-10-21,True
8671,Meera Iyer,Female,47,46-55,28,3,VIP,2025-11-04,True
8672,Swati Patel,Female,18,18-25,28,3,Standard,2025-11-28,True
8673,Ananya Das,Female,37,36-45,15,5,Standard,2025-05-26,True
8674,Anil Singh,Male,30,26-35,18,5,Standard,2025-02-02,True
8675,Nikhil Rao,Male,64,56-65,27,5,Standard,2025-03-26,True
8676,Arjun Pillai,Male,50,46-55,19,6,Standard,2025-05-06,True
8677,Arjun Singh,Male,42,36-45,12,3,Premium,2025-08-07,True
8678,Aarav Sharma,Male,61,56-65,10,6,Standard,2025-10-25,True
8679,Arjun Rao,Male,43,36-45,27,3,Standard,2025-11-19,True
8680,Nandini Mehta,Female,39,36-45,23,4,Premium,2025-05-16,True
8681,Swati Naidu,Female,46,46-55,7,3,VIP,2025-12-20,True
8682,Nikhil Gupta,Male,57,56-65,13,2,Standard,2025-08-23,True
8683,Swati Reddy,Female,60,56-65,13,1,Premium,2025-07-06,True
8684,Meera Singh,Female,38,36-45,29,4,Standard,2025-04-19,True
8685,Karan Rao,Male,39,36-45,17,4,Standard,2025-01-29,True
8686,Ishita Pillai,Female,44,36-45,15,5,Standard,2025-04-05,True
8687,Lakshmi Das,Female,59,56-65,14,2,Standard,2025-08-05,True
8688,Akash Naidu,Male,38,36-45,3,3,Premium,2025-04-16,True
8689,Ishita Mehta,Female,36,36-45,15,4,Standard,2025-04-21,True
8690,Nikhil Patel,Male,44,36-45,24,1,VIP,2025-10-03,True
8691,Shreya Singh,Female,61,56-65,2,3,Premium,2025-06-21,True
8692,Rohan Rao,Male,53,46-55,27,6,Standard,2025-12-11,True
8693,Lakshmi Nair,Female,57,56-65,24,5,Standard,2025-11-18,True
8694,Priya Iyer,Female,37,36-45,13,3,Premium,2025-07-12,True
8695,Akash Gupta,Male,41,36-45,28,4,Inactive,2025-06-06,False
8696,Riya Pillai,Female,19,18-25,7,4,Standard,2025-03-28,True
8697,Sneha Iyer,Female,45,36-45,13,2,Standard,2025-11-15,True
8698,Arjun Verma,Male,32,26-35,14,4,Standard,2025-08-11,True
8699,Shreya Patel,Female,56,56-65,2,4,Inactive,2025-01-23,False
8700,Lakshmi Kumar,Female,49,46-55,22,4,Premium,2025-12-08,True
8701,Karan Rao,Male,63,56-65,15,4,Standard,2025-12-24,True
8702,Neha Rao,Female,62,56-65,26,6,Inactive,2025-08-29,False
8703,Karan Nair,Male,19,18-25,29,2,Standard,2025-12-04,True
8704,Vivek Patel,Male,34,26-35,28,5,Premium,2025-06-23,True
8705,Sneha Nair,Female,62,56-65,9,5,Inactive,2025-08-22,False
8706,Kavya Iyer,Female,63,56-65,30,2,Standard,2025-09-26,True
8707,Aarav Das,Male,56,56-65,29,3,Inactive,2025-09-02,False
8708,Akash Patel,Male,31,26-35,17,6,Standard,2025-01-07,True
8709,Manish Patel,Male,65,56-65,4,3,Standard,2025-09-05,True
8710,Aditya Patel,Male,33,26-35,21,6,Premium,2025-02-14,True
8711,Akash Gupta,Male,42,36-45,2,4,Standard,2025-06-07,True
8712,Neha Joshi,Female,54,46-55,3,1,Standard,2025-10-05,True
8713,Nandini Rao,Female,51,46-55,13,2,Standard,2025-01-15,True
8714,Ananya Mehta,Female,36,36-45,25,3,Standard,2025-07-22,True
8715,Meera Gupta,Female,61,56-65,4,2,Standard,2025-06-17,True
8716,Divya Rao,Female,30,26-35,19,4,Premium,2025-01-07,True
8717,Riya Iyer,Female,19,18-25,17,5,Inactive,2025-06-11,False
8718,Lakshmi Nair,Female,61,56-65,19,5,Standard,2025-09-29,True
8719,Riya Joshi,Female,21,18-25,6,3,Standard,2025-08-24,True
8720,Vivek Patel,Male,52,46-55,20,5,Standard,2025-12-19,True
8721,Aditya Gupta,Male,36,36-45,25,3,Standard,2025-10-05,True
8722,Aditya Pillai,Male,65,56-65,15,2,VIP,2025-10-30,True
8723,Sneha Singh,Female,22,18-25,25,3,Premium,2025-08-16,True
8724,Vivek Nair,Male,41,36-45,24,6,Standard,2025-04-20,True
8725,Aditya Reddy,Male,26,26-35,17,1,Premium,2025-11-13,True
8726,Aishwarya Naidu,Female,23,18-25,15,2,Premium,2025-10-14,True
8727,Neha Iyer,Female,58,56-65,8,4,Standard,2025-08-18,True
8728,Nikhil Joshi,Male,58,56-65,29,1,Standard,2025-01-18,True
8729,Vikram Patel,Male,25,18-25,28,4,Standard,2025-06-14,True
8730,Sneha Reddy,Female,33,26-35,9,2,VIP,2025-02-15,True
8731,Aarav Naidu,Male,38,36-45,16,3,Premium,2025-04-23,True
8732,Ananya Singh,Female,50,46-55,6,5,Premium,2025-12-08,True
8733,Ananya Kumar,Female,34,26-35,12,4,Standard,2025-04-30,True
8734,Manish Pillai,Male,21,18-25,16,4,Premium,2025-09-02,True
8735,Aarav Mehta,Male,61,56-65,19,4,Standard,2025-08-27,True
8736,Kavya Patel,Female,59,56-65,30,3,Inactive,2025-10-28,False
8737,Vikram Rao,Male,59,56-65,30,4,Inactive,2025-07-28,False
8738,Vivek Rao,Male,59,56-65,21,4,Standard,2025-07-28,True
8739,Aarav Mehta,Male,62,56-65,22,1,Standard,2025-04-20,True
8740,Rahul Patel,Male,19,18-25,8,4,Standard,2025-05-25,True
8741,Aishwarya Sharma,Female,52,46-55,3,4,Standard,2025-06-25,True
8742,Rohan Joshi,Male,65,56-65,9,2,Standard,2025-11-09,True
8743,Swati Iyer,Female,65,56-65,1,3,Premium,2025-10-11,True
8744,Nandini Naidu,Female,24,18-25,21,1,Standard,2025-10-13,True
8745,Siddharth Kumar,Male,22,18-25,27,1,Premium,2025-11-21,True
8746,Shreya Iyer,Female,40,36-45,17,4,VIP,2025-12-15,True
8747,Neha Singh,Female,48,46-55,14,6,Standard,2025-04-17,True
8748,Aarav Joshi,Male,49,46-55,7,4,Premium,2025-08-20,True
8749,Kavya Pillai,Female,45,36-45,28,3,Standard,2025-01-09,True
8750,Aditya Gupta,Male,46,46-55,1,3,Premium,2025-06-22,True
8751,Kavya Kumar,Female,53,46-55,8,3,Standard,2025-09-03,True
8752,Sneha Reddy,Female,21,18-25,19,3,Standard,2025-06-28,True
8753,Meera Mehta,Female,47,46-55,27,5,Standard,2025-09-19,True
8754,Aarav Naidu,Male,25,18-25,17,4,Premium,2025-01-15,True
8755,Pooja Mehta,Female,63,56-65,8,5,Premium,2025-10-30,True
8756,Riya Singh,Female,46,46-55,25,4,VIP,2025-12-27,True
8757,Sneha Verma,Female,20,18-25,19,5,VIP,2025-06-21,True
8758,Swati Pillai,Female,51,46-55,29,6,Premium,2025-11-20,True
8759,Manish Mehta,Male,31,26-35,26,5,Standard,2025-07-07,True
8760,Anil Naidu,Male,44,36-45,8,3,Premium,2025-02-10,True
8761,Shreya Iyer,Female,20,18-25,9,4,Premium,2025-10-11,True
8762,Aditya Gupta,Male,61,56-65,26,6,Standard,2025-03-09,True
8763,Aditya Iyer,Male,29,26-35,9,5,Standard,2025-10-13,True
8764,Kavya Rao,Female,54,46-55,6,1,Standard,2025-02-20,True
8765,Aditya Iyer,Male,48,46-55,13,5,Standard,2025-05-12,True
8766,Priya Iyer,Female,35,26-35,28,1,Premium,2025-02-02,True
8767,Priya Gupta,Female,49,46-55,29,5,Premium,2025-12-10,True
8768,Aarav Rao,Male,43,36-45,14,2,Standard,2025-04-02,True
8769,Neha Patel,Female,20,18-25,6,3,Inactive,2025-12-16,False
8770,Divya Joshi,Female,44,36-45,11,2,Standard,2025-08-03,True
8771,Shreya Naidu,Female,31,26-35,14,1,Standard,2025-02-19,True
8772,Manish Gupta,Male,63,56-65,6,3,Standard,2025-07-03,True
8773,Shreya Das,Female,54,46-55,17,3,Standard,2025-02-21,True
8774,Priya Das,Female,56,56-65,14,5,Standard,2025-08-03,True
8775,Harsh Pillai,Male,52,46-55,19,6,Standard,2025-04-23,True
8776,Priya Sharma,Female,41,36-45,19,4,Standard,2025-04-26,True
8777,Vikram Verma,Male,63,56-65,8,2,Inactive,2025-04-04,False
8778,Vikram Patel,Male,62,56-65,30,4,Inactive,2025-10-04,False
8779,Arjun Singh,Male,26,26-35,12,5,Premium,2025-08-17,True
8780,Akash Rao,Male,22,18-25,4,3,VIP,2025-08-15,True
8781,Nandini Reddy,Female,42,36-45,7,1,Standard,2025-04-12,True
8782,Siddharth Mehta,Male,43,36-45,5,6,Standard,2025-07-21,True
8783,Arjun Iyer,Male,65,56-65,19,1,Standard,2025-12-18,True
8784,Riya Mehta,Female,63,56-65,22,3,Standard,2025-11-25,True
8785,Manish Iyer,Male,32,26-35,11,6,Premium,2025-10-18,True
8786,Kavya Gupta,Female,58,56-65,7,3,Standard,2025-09-18,True
8787,Riya Naidu,Female,53,46-55,10,2,Standard,2025-07-05,True
8788,Lakshmi Das,Female,29,26-35,17,4,Standard,2025-06-23,True
8789,Shreya Rao,Female,32,26-35,25,5,Standard,2025-02-09,True
8790,Pooja Gupta,Female,31,26-35,25,5,Standard,2025-02-14,True
8791,Nikhil Naidu,Male,30,26-35,16,2,Standard,2025-07-22,True
8792,Nandini Sharma,Female,51,46-55,4,5,Standard,2025-10-15,True
8793,Harsh Kumar,Male,19,18-25,17,3,Standard,2025-07-02,True
8794,Siddharth Kumar,Male,23,18-25,11,4,Inactive,2025-09-17,False
8795,Nandini Naidu,Female,34,26-35,23,3,Premium,2025-03-25,True
8796,Priya Mehta,Female,28,26-35,1,3,Premium,2025-08-18,True
8797,Aarav Reddy,Male,54,46-55,2,4,Standard,2025-07-10,True
8798,Anil Reddy,Male,58,56-65,22,2,Standard,2025-03-20,True
8799,Kavya Patel,Female,47,46-55,14,2,VIP,2025-01-20,True
8800,Neha Naidu,Female,40,36-45,9,3,Inactive,2025-11-26,False
8801,Riya Verma,Female,21,18-25,30,2,Standard,2025-01-25,True
8802,Vivek Sharma,Male,54,46-55,29,3,Inactive,2025-07-06,False
8803,Riya Rao,Female,32,26-35,30,5,VIP,2025-03-08,True
8804,Riya Joshi,Female,46,46-55,18,3,Standard,2025-02-22,True
8805,Meera Mehta,Female,22,18-25,27,6,VIP,2025-06-29,True
8806,Ishita Reddy,Female,62,56-65,3,6,Premium,2025-10-07,True
8807,Akash Iyer,Male,49,46-55,26,3,Inactive,2025-09-16,False
8808,Aditya Iyer,Male,55,46-55,26,1,Premium,2025-03-13,True
8809,Siddharth Patel,Male,47,46-55,17,3,Standard,2025-02-04,True
8810,Shreya Reddy,Female,40,36-45,28,4,Inactive,2025-04-01,False
8811,Aarav Sharma,Male,19,18-25,9,4,Standard,2025-10-20,True
8812,Ananya Singh,Female,59,56-65,11,4,Premium,2025-01-20,True
8813,Rohan Naidu,Male,46,46-55,30,1,Premium,2025-02-02,True
8814,Neha Pillai,Female,31,26-35,19,1,Premium,2025-08-24,True
8815,Sneha Patel,Female,48,46-55,26,5,VIP,2025-08-05,True
8816,Anil Patel,Male,25,18-25,24,3,VIP,2025-03-16,True
8817,Meera Sharma,Female,65,56-65,12,4,Inactive,2025-12-26,False
8818,Siddharth Kumar,Male,43,36-45,13,5,Standard,2025-03-10,True
8819,Arjun Patel,Male,36,36-45,5,1,Standard,2025-09-13,True
8820,Aishwarya Sharma,Female,27,26-35,23,5,VIP,2025-09-15,True
8821,Arjun Iyer,Male,19,18-25,7,1,Standard,2025-10-06,True
8822,Aishwarya Rao,Female,55,46-55,3,2,Premium,2025-04-06,True
8823,Aishwarya Verma,Female,64,56-65,10,4,Standard,2025-12-25,True
8824,Vikram Rao,Male,61,56-65,20,1,Standard,2025-02-27,True
8825,Rohan Das,Male,25,18-25,26,4,Premium,2025-10-11,True
8826,Manish Mehta,Male,32,26-35,20,2,Premium,2025-06-13,True
8827,Priya Mehta,Female,31,26-35,29,5,Standard,2025-06-13,True
8828,Riya Nair,Female,19,18-25,26,3,Standard,2025-06-30,True
8829,Rahul Nair,Male,25,18-25,30,2,Premium,2025-01-21,True
8830,Ananya Mehta,Female,28,26-35,24,6,Standard,2025-03-02,True
8831,Meera Reddy,Female,18,18-25,23,4,Standard,2025-10-10,True
8832,Divya Das,Female,44,36-45,16,3,Standard,2025-01-06,True
8833,Vikram Pillai,Male,38,36-45,25,3,Standard,2025-03-13,True
8834,Nandini Rao,Female,32,26-35,15,2,Standard,2025-07-23,True
8835,Aishwarya Verma,Female,27,26-35,9,3,Premium,2025-03-03,True
8836,Anil Kumar,Male,42,36-45,30,5,Standard,2025-11-29,True
8837,Karan Das,Male,28,26-35,30,1,Standard,2025-03-15,True
8838,Swati Mehta,Female,50,46-55,12,2,Premium,2025-01-27,True
8839,Siddharth Verma,Male,19,18-25,17,5,Standard,2025-12-28,True
8840,Ananya Singh,Female,60,56-65,9,1,VIP,2025-09-10,True
8841,Divya Das,Female,43,36-45,27,4,Standard,2025-04-24,True
8842,Neha Das,Female,26,26-35,9,4,Standard,2025-10-20,True
8843,Arjun Iyer,Male,19,18-25,10,6,Standard,2025-05-26,True
8844,Aditya Sharma,Male,65,56-65,23,3,Standard,2025-05-20,True
8845,Karan Mehta,Male,21,18-25,8,3,Premium,2025-03-24,True
8846,Ananya Naidu,Female,42,36-45,3,1,Standard,2025-11-03,True
8847,Varun Mehta,Male,24,18-25,30,5,Standard,2025-03-18,True
8848,Varun Verma,Male,65,56-65,9,1,Standard,2025-06-09,True
8849,Ishita Verma,Female,41,36-45,22,2,Standard,2025-03-02,True
8850,Swati Pillai,Female,36,36-45,11,6,Standard,2025-05-05,True
8851,Akash Iyer,Male,33,26-35,13,4,Inactive,2025-01-21,False
8852,Kavya Pillai,Female,24,18-25,28,5,Standard,2025-03-12,True
8853,Swati Rao,Female,49,46-55,30,1,VIP,2025-10-07,True
8854,Nandini Kumar,Female,58,56-65,25,6,Standard,2025-06-24,True
8855,Nandini Verma,Female,53,46-55,14,6,Standard,2025-10-11,True
8856,Priya Joshi,Female,30,26-35,27,1,Premium,2025-04-15,True
8857,Rahul Sharma,Male,44,36-45,10,4,Standard,2025-08-08,True
8858,Sneha Das,Female,50,46-55,8,4,Standard,2025-06-06,True
8859,Nikhil Pillai,Male,19,18-25,6,5,Standard,2025-04-01,True
8860,Aishwarya Joshi,Female,50,46-55,22,1,Standard,2025-11-02,True
8861,Vivek Naidu,Male,53,46-55,2,2,Standard,2025-03-24,True
8862,Nikhil Singh,Male,38,36-45,21,5,Premium,2025-08-25,True
8863,Siddharth Gupta,Male,59,56-65,6,3,Standard,2025-04-30,True
8864,Divya Reddy,Female,26,26-35,8,1,Standard,2025-06-17,True
8865,Karan Sharma,Male,20,18-25,3,6,Standard,2025-04-05,True
8866,Anil Sharma,Male,48,46-55,7,5,Premium,2025-10-15,True
8867,Anil Pillai,Male,22,18-25,21,2,Standard,2025-11-17,True
8868,Nikhil Mehta,Male,61,56-65,26,4,Standard,2025-02-18,True
8869,Arjun Sharma,Male,46,46-55,26,6,Standard,2025-01-25,True
8870,Swati Sharma,Female,20,18-25,19,5,Standard,2025-08-25,True
8871,Aditya Iyer,Male,19,18-25,17,3,Standard,2025-12-22,True
8872,Vivek Naidu,Male,38,36-45,1,6,Standard,2025-03-24,True
8873,Ananya Pillai,Female,22,18-25,4,2,Inactive,2025-08-22,False
8874,Ananya Iyer,Female,29,26-35,13,4,Standard,2025-01-29,True
8875,Aishwarya Iyer,Female,18,18-25,15,5,Standard,2025-05-04,True
8876,Lakshmi Naidu,Female,24,18-25,20,1,Standard,2025-06-05,True
8877,Vikram Singh,Male,63,56-65,18,5,Standard,2025-09-11,True
8878,Riya Singh,Female,22,18-25,2,5,Standard,2025-06-01,True
8879,Aditya Naidu,Male,56,56-65,3,2,Premium,2025-08-02,True
8880,Vikram Naidu,Male,48,46-55,20,5,Standard,2025-04-28,True
8881,Nikhil Gupta,Male,64,56-65,10,4,Premium,2025-10-23,True
8882,Anil Verma,Male,53,46-55,7,3,Standard,2025-11-28,True
8883,Lakshmi Pillai,Female,35,26-35,27,1,Inactive,2025-11-20,False
8884,Divya Rao,Female,50,46-55,18,1,Standard,2025-08-19,True
8885,Priya Verma,Female,19,18-25,15,4,Standard,2025-08-10,True
8886,Anil Verma,Male,22,18-25,2,6,Premium,2025-05-26,True
8887,Harsh Mehta,Male,20,18-25,8,1,Premium,2025-06-28,True
8888,Akash Singh,Male,51,46-55,5,5,Standard,2025-08-28,True
8889,Aarav Joshi,Male,47,46-55,30,6,Standard,2025-03-01,True
8890,Ishita Sharma,Female,21,18-25,27,5,Standard,2025-08-27,True
8891,Pooja Sharma,Female,65,56-65,15,3,Inactive,2025-02-20,False
8892,Kavya Naidu,Female,37,36-45,8,5,Standard,2025-11-05,True
8893,Karan Singh,Male,29,26-35,14,2,Standard,2025-10-27,True
8894,Nikhil Pillai,Male,32,26-35,18,2,Premium,2025-11-12,True
8895,Priya Rao,Female,39,36-45,29,2,Premium,2025-11-13,True
8896,Varun Verma,Male,48,46-55,22,4,Standard,2025-11-13,True
8897,Priya Naidu,Female,43,36-45,1,1,Standard,2025-05-05,True
8898,Divya Verma,Female,22,18-25,26,5,Standard,2025-08-25,True
8899,Siddharth Pillai,Male,33,26-35,2,5,Premium,2025-08-30,True
8900,Vivek Rao,Male,53,46-55,10,1,Standard,2025-11-25,True
8901,Vivek Singh,Male,29,26-35,21,3,VIP,2025-05-20,True
8902,Swati Singh,Female,60,56-65,13,1,Premium,2025-01-01,True
8903,Divya Das,Female,19,18-25,30,2,Premium,2025-03-22,True
8904,Aishwarya Verma,Female,58,56-65,18,3,Standard,2025-05-15,True
8905,Siddharth Sharma,Male,29,26-35,9,1,Standard,2025-02-23,True
8906,Shreya Kumar,Female,30,26-35,16,5,Premium,2025-01-17,True
8907,Aditya Naidu,Male,32,26-35,26,2,Standard,2025-10-30,True
8908,Aditya Reddy,Male,51,46-55,14,3,Standard,2025-07-10,True
8909,Ananya Kumar,Female,31,26-35,3,2,VIP,2025-05-31,True
8910,Nandini Verma,Female,25,18-25,28,3,Inactive,2025-07-03,False
8911,Rohan Pillai,Male,48,46-55,4,3,Inactive,2025-12-29,False
8912,Aarav Verma,Male,34,26-35,18,5,Standard,2025-08-12,True
8913,Vivek Sharma,Male,23,18-25,5,1,VIP,2025-02-25,True
8914,Riya Kumar,Female,43,36-45,30,2,Standard,2025-12-14,True
8915,Meera Verma,Female,54,46-55,12,6,Standard,2025-08-25,True
8916,Nikhil Mehta,Male,50,46-55,14,5,Standard,2025-07-08,True
8917,Harsh Sharma,Male,45,36-45,28,5,Standard,2025-09-21,True
8918,Riya Joshi,Female,59,56-65,23,5,Standard,2025-12-04,True
8919,Arjun Gupta,Male,40,36-45,4,1,Premium,2025-11-21,True
8920,Harsh Verma,Male,50,46-55,7,1,Inactive,2025-06-18,False
8921,Priya Naidu,Female,57,56-65,2,5,Standard,2025-07-29,True
8922,Swati Reddy,Female,48,46-55,14,3,Standard,2025-09-27,True
8923,Harsh Verma,Male,42,36-45,1,4,Premium,2025-02-09,True
8924,Aditya Rao,Male,62,56-65,2,4,Standard,2025-04-11,True
8925,Harsh Gupta,Male,48,46-55,18,2,Premium,2025-05-17,True
8926,Harsh Iyer,Male,30,26-35,9,6,Standard,2025-02-01,True
8927,Anil Iyer,Male,51,46-55,11,6,Inactive,2025-06-10,False
8928,Aarav Iyer,Male,47,46-55,15,1,Premium,2025-07-13,True
8929,Aditya Verma,Male,55,46-55,1,2,Standard,2025-10-03,True
8930,Riya Iyer,Female,30,26-35,6,1,VIP,2025-04-15,True
8931,Pooja Naidu,Female,36,36-45,8,4,Standard,2025-07-21,True
8932,Akash Das,Male,47,46-55,21,2,Standard,2025-08-16,True
8933,Priya Das,Female,61,56-65,8,3,Standard,2025-11-26,True
8934,Ananya Reddy,Female,32,26-35,4,1,Standard,2025-08-08,True
8935,Vikram Rao,Male,30,26-35,3,1,Inactive,2025-09-10,False
8936,Akash Kumar,Male,42,36-45,11,2,Standard,2025-12-21,True
8937,Karan Iyer,Male,34,26-35,14,4,Premium,2025-07-02,True
8938,Pooja Iyer,Female,34,26-35,2,3,Premium,2025-10-24,True
8939,Manish Sharma,Male,31,26-35,27,4,Premium,2025-04-10,True
8940,Kavya Rao,Female,44,36-45,16,1,Standard,2025-03-24,True
8941,Ishita Iyer,Female,64,56-65,28,4,Premium,2025-02-08,True
8942,Pooja Verma,Female,65,56-65,27,6,Standard,2025-02-03,True
8943,Rohan Das,Male,42,36-45,17,2,Premium,2025-01-25,True
8944,Harsh Mehta,Male,50,46-55,6,5,Standard,2025-04-01,True
8945,Harsh Sharma,Male,49,46-55,26,1,Standard,2025-04-21,True
8946,Ananya Pillai,Female,59,56-65,23,2,Standard,2025-10-30,True
8947,Nandini Das,Female,36,36-45,20,2,Standard,2025-09-01,True
8948,Kavya Nair,Female,49,46-55,7,2,Inactive,2025-06-19,False
8949,Priya Naidu,Female,54,46-55,30,3,Inactive,2025-07-07,False
8950,Ishita Mehta,Female,45,36-45,18,3,VIP,2025-12-18,True
8951,Ananya Nair,Female,22,18-25,30,6,Standard,2025-09-02,True
8952,Priya Verma,Female,23,18-25,13,5,Premium,2025-05-27,True
8953,Kavya Kumar,Female,59,56-65,18,2,Standard,2025-03-30,True
8954,Shreya Sharma,Female,18,18-25,10,2,Standard,2025-07-10,True
8955,Swati Joshi,Female,35,26-35,16,1,Standard,2025-04-29,True
8956,Karan Iyer,Male,20,18-25,18,1,Standard,2025-05-19,True
8957,Rohan Das,Male,58,56-65,20,4,Standard,2025-09-04,True
8958,Aishwarya Kumar,Female,57,56-65,19,5,Standard,2025-10-10,True
8959,Swati Rao,Female,56,56-65,19,1,Standard,2025-03-01,True
8960,Divya Kumar,Female,35,26-35,14,3,Premium,2025-03-01,True
8961,Vivek Iyer,Male,51,46-55,1,2,Standard,2025-01-24,True
8962,Karan Reddy,Male,45,36-45,20,2,Standard,2025-05-03,True
8963,Aarav Mehta,Male,62,56-65,13,2,Standard,2025-12-17,True
8964,Sneha Reddy,Female,53,46-55,12,1,Standard,2025-02-03,True
8965,Aishwarya Nair,Female,20,18-25,11,3,Standard,2025-06-17,True
8966,Harsh Reddy,Male,48,46-55,12,2,Standard,2025-01-05,True
8967,Varun Rao,Male,41,36-45,1,3,Standard,2025-08-19,True
8968,Vikram Reddy,Male,27,26-35,16,4,Premium,2025-07-04,True
8969,Rohan Naidu,Male,51,46-55,16,5,Inactive,2025-12-05,False
8970,Vivek Das,Male,28,26-35,20,1,Inactive,2025-05-04,False
8971,Nikhil Naidu,Male,23,18-25,21,5,Inactive,2025-05-23,False
8972,Aarav Mehta,Male,49,46-55,9,2,Standard,2025-10-02,True
8973,Aishwarya Kumar,Female,32,26-35,22,4,VIP,2025-11-20,True
8974,Aditya Singh,Male,48,46-55,5,5,Premium,2025-05-27,True
8975,Sneha Pillai,Female,26,26-35,6,4,Standard,2025-09-14,True
8976,Manish Patel,Male,32,26-35,10,6,Standard,2025-01-23,True
8977,Rahul Kumar,Male,27,26-35,22,4,Standard,2025-11-30,True
8978,Divya Patel,Female,37,36-45,22,3,Standard,2025-08-22,True
8979,Aarav Das,Male,50,46-55,26,6,Premium,2025-02-12,True
8980,Vikram Joshi,Male,60,56-65,5,3,Premium,2025-11-03,True
8981,Aishwarya Rao,Female,56,56-65,16,3,Standard,2025-09-18,True
8982,Rahul Sharma,Male,57,56-65,8,5,Standard,2025-10-08,True
8983,Vivek Sharma,Male,56,56-65,6,5,Standard,2025-10-01,True
8984,Nandini Reddy,Female,35,26-35,12,3,Premium,2025-06-09,True
8985,Kavya Joshi,Female,37,36-45,5,5,Inactive,2025-08-26,False
8986,Varun Kumar,Male,45,36-45,18,2,Standard,2025-05-10,True
8987,Rohan Verma,Male,61,56-65,12,3,Inactive,2025-08-18,False
8988,Varun Iyer,Male,39,36-45,3,2,Inactive,2025-04-11,False
8989,Arjun Pillai,Male,42,36-45,11,2,Premium,2025-08-04,True
8990,Pooja Singh,Female,62,56-65,24,5,Premium,2025-08-15,True
8991,Aditya Verma,Male,24,18-25,27,4,Standard,2025-02-14,True
8992,Anil Patel,Male,32,26-35,8,3,Premium,2025-12-01,True
8993,Pooja Sharma,Female,25,18-25,7,3,Standard,2025-01-29,True
8994,Nikhil Nair,Male,23,18-25,3,2,Premium,2025-03-13,True
8995,Anil Gupta,Male,58,56-65,21,2,Standard,2025-08-22,True
8996,Vivek Iyer,Male,29,26-35,28,2,Premium,2025-01-21,True
8997,Divya Singh,Female,58,56-65,28,5,Standard,2025-08-04,True
8998,Aarav Mehta,Male,48,46-55,1,5,Standard,2025-05-26,True
8999,Riya Patel,Female,56,56-65,24,5,Standard,2025-08-08,True
9000,Siddharth Kumar,Male,57,56-65,19,3,VIP,2025-02-14,True
9001,Rahul Das,Male,51,46-55,10,5,Standard,2025-04-08,True
9002,Ananya Pillai,Female,54,46-55,8,2,Inactive,2025-07-08,False
9003,Rahul Das,Male,64,56-65,13,5,Standard,2025-07-22,True
9004,Vivek Gupta,Male,60,56-65,5,1,Standard,2025-05-05,True
9005,Vivek Singh,Male,38,36-45,25,2,Standard,2025-12-20,True
9006,Lakshmi Pillai,Female,56,56-65,3,1,Standard,2025-06-08,True
9007,Arjun Rao,Male,23,18-25,24,4,Premium,2025-12-09,True
9008,Lakshmi Singh,Female,39,36-45,20,2,Standard,2025-07-11,True
9009,Divya Kumar,Female,45,36-45,19,1,Standard,2025-05-25,True
9010,Ananya Patel,Female,29,26-35,6,4,Standard,2025-09-28,True
9011,Nandini Naidu,Female,60,56-65,7,5,Standard,2025-05-17,True
9012,Aishwarya Reddy,Female,19,18-25,12,2,Standard,2025-12-04,True
9013,Arjun Mehta,Male,28,26-35,20,6,Premium,2025-05-20,True
9014,Akash Naidu,Male,27,26-35,8,6,Standard,2025-02-13,True
9015,Manish Das,Male,49,46-55,5,6,Inactive,2025-10-14,False
9016,Nikhil Iyer,Male,28,26-35,3,2,Premium,2025-02-18,True
9017,Arjun Rao,Male,24,18-25,1,4,Inactive,2025-11-03,False
9018,Riya Iyer,Female,37,36-45,19,4,Standard,2025-12-12,True
9019,Nikhil Sharma,Male,55,46-55,15,6,Standard,2025-12-11,True
9020,Nandini Naidu,Female,45,36-45,22,2,Standard,2025-11-05,True
9021,Pooja Patel,Female,22,18-25,20,6,Premium,2025-11-20,True
9022,Sneha Kumar,Female,31,26-35,13,3,Standard,2025-08-31,True
9023,Vikram Naidu,Male,48,46-55,25,6,Standard,2025-01-07,True
9024,Neha Mehta,Female,27,26-35,7,2,VIP,2025-08-23,True
9025,Ananya Das,Female,60,56-65,9,3,Premium,2025-09-21,True
9026,Arjun Verma,Male,60,56-65,10,6,Premium,2025-08-01,True
9027,Harsh Reddy,Male,43,36-45,3,4,Standard,2025-12-31,True
9028,Aishwarya Joshi,Female,19,18-25,30,4,Standard,2025-12-03,True
9029,Shreya Rao,Female,52,46-55,9,5,Standard,2025-03-02,True
9030,Nandini Sharma,Female,24,18-25,27,2,Standard,2025-10-07,True
9031,Aarav Kumar,Male,54,46-55,11,4,Standard,2025-12-11,True
9032,Anil Patel,Male,61,56-65,28,3,Standard,2025-05-21,True
9033,Manish Kumar,Male,32,26-35,27,3,Inactive,2025-03-09,False
9034,Karan Nair,Male,22,18-25,1,1,Standard,2025-03-14,True
9035,Anil Sharma,Male,41,36-45,13,4,Premium,2025-08-20,True
9036,Ananya Joshi,Female,43,36-45,4,6,Standard,2025-03-05,True
9037,Kavya Patel,Female,37,36-45,6,1,Standard,2025-11-12,True
9038,Nikhil Das,Male,19,18-25,8,6,Standard,2025-05-14,True
9039,Neha Iyer,Female,18,18-25,25,2,Standard,2025-10-12,True
9040,Kavya Joshi,Female,53,46-55,12,1,Standard,2025-08-06,True
9041,Priya Kumar,Female,35,26-35,16,6,Standard,2025-10-10,True
9042,Riya Joshi,Female,55,46-55,15,4,Premium,2025-10-16,True
9043,Anil Singh,Male,41,36-45,20,6,VIP,2025-04-04,True
9044,Varun Pillai,Male,47,46-55,23,3,VIP,2025-05-23,True
9045,Aditya Joshi,Male,36,36-45,26,3,Standard,2025-05-31,True
9046,Meera Iyer,Female,28,26-35,2,1,Standard,2025-07-17,True
9047,Aditya Naidu,Male,28,26-35,24,6,Standard,2025-09-06,True
9048,Manish Nair,Male,29,26-35,29,1,Inactive,2025-08-03,False
9049,Aishwarya Naidu,Female,38,36-45,6,1,Standard,2025-06-22,True
9050,Sneha Singh,Female,49,46-55,15,5,Premium,2025-01-25,True
9051,Nikhil Joshi,Male,21,18-25,7,1,Standard,2025-09-06,True
9052,Ishita Pillai,Female,19,18-25,24,1,Standard,2025-02-15,True
9053,Lakshmi Patel,Female,29,26-35,8,5,Standard,2025-10-19,True
9054,Pooja Rao,Female,18,18-25,30,4,Standard,2025-10-13,True
9055,Aarav Singh,Male,30,26-35,3,5,Standard,2025-10-06,True
9056,Karan Singh,Male,46,46-55,29,6,Premium,2025-08-10,True
9057,Manish Das,Male,61,56-65,2,6,Premium,2025-08-04,True
9058,Priya Singh,Female,40,36-45,3,2,Inactive,2025-06-13,False
9059,Lakshmi Verma,Female,30,26-35,16,1,Premium,2025-02-03,True
9060,Priya Rao,Female,27,26-35,8,5,Premium,2025-09-28,True
9061,Riya Sharma,Female,19,18-25,1,5,Standard,2025-06-27,True
9062,Karan Gupta,Male,56,56-65,7,3,Standard,2025-12-09,True
9063,Akash Pillai,Male,59,56-65,4,2,Standard,2025-06-02,True
9064,Manish Patel,Male,45,36-45,2,4,Standard,2025-07-31,True
9065,Rahul Gupta,Male,20,18-25,21,4,Standard,2025-05-02,True
9066,Neha Pillai,Female,52,46-55,2,2,Premium,2025-11-26,True
9067,Neha Sharma,Female,46,46-55,23,5,Premium,2025-11-26,True
9068,Ananya Sharma,Female,39,36-45,11,5,Premium,2025-10-26,True
9069,Ishita Patel,Female,35,26-35,9,5,Standard,2025-11-30,True
9070,Priya Rao,Female,57,56-65,2,2,Standard,2025-12-24,True
9071,Karan Gupta,Male,29,26-35,5,3,Standard,2025-06-05,True
9072,Siddharth Naidu,Male,34,26-35,24,3,Inactive,2025-01-23,False
9073,Karan Singh,Male,19,18-25,8,4,Standard,2025-11-27,True
9074,Nikhil Mehta,Male,42,36-45,29,1,Inactive,2025-10-17,False
9075,Arjun Patel,Male,30,26-35,8,4,Standard,2025-03-30,True
9076,Vikram Gupta,Male,32,26-35,7,2,Standard,2025-05-23,True
9077,Nandini Rao,Female,50,46-55,4,4,VIP,2025-08-01,True
9078,Harsh Rao,Male,28,26-35,21,5,Standard,2025-11-10,True
9079,Aditya Singh,Male,47,46-55,10,6,Standard,2025-12-20,True
9080,Ishita Reddy,Female,46,46-55,21,6,VIP,2025-01-15,True
9081,Ananya Gupta,Female,64,56-65,18,1,Standard,2025-02-01,True
9082,Ananya Kumar,Female,62,56-65,20,5,VIP,2025-05-16,True
9083,Priya Nair,Female,48,46-55,2,4,Standard,2025-06-18,True
9084,Harsh Mehta,Male,19,18-25,25,6,Standard,2025-02-27,True
9085,Ishita Verma,Female,62,56-65,14,3,Standard,2025-11-30,True
9086,Swati Iyer,Female,44,36-45,22,1,Standard,2025-02-05,True
9087,Vikram Singh,Male,44,36-45,5,3,Standard,2025-02-02,True
9088,Vivek Rao,Male,22,18-25,14,2,Standard,2025-03-31,True
9089,Lakshmi Reddy,Female,35,26-35,6,2,Premium,2025-12-06,True
9090,Shreya Nair,Female,42,36-45,19,4,Premium,2025-04-18,True
9091,Divya Reddy,Female,56,56-65,9,5,Standard,2025-07-12,True
9092,Anil Rao,Male,61,56-65,18,1,Premium,2025-11-29,True
9093,Anil Mehta,Male,46,46-55,27,2,Standard,2025-05-17,True
9094,Arjun Kumar,Male,24,18-25,6,5,VIP,2025-09-25,True
9095,Priya Das,Female,30,26-35,13,6,Premium,2025-07-12,True
9096,Arjun Mehta,Male,32,26-35,23,3,Standard,2025-08-27,True
9097,Nikhil Iyer,Male,28,26-35,20,3,Inactive,2025-03-07,False
9098,Siddharth Gupta,Male,33,26-35,18,3,Standard,2025-11-12,True
9099,Arjun Reddy,Male,37,36-45,30,2,Standard,2025-07-05,True
9100,Shreya Pillai,Female,55,46-55,23,4,Premium,2025-01-05,True
9101,Nandini Das,Female,64,56-65,21,6,Standard,2025-09-19,True
9102,Arjun Mehta,Male,63,56-65,30,2,Standard,2025-06-10,True
9103,Siddharth Rao,Male,37,36-45,8,6,Standard,2025-06-27,True
9104,Anil Kumar,Male,56,56-65,22,5,Standard,2025-09-25,True
9105,Aishwarya Reddy,Female,18,18-25,15,3,Standard,2025-09-28,True
9106,Neha Pillai,Female,35,26-35,6,4,Premium,2025-10-27,True
9107,Aarav Pillai,Male,24,18-25,18,5,Standard,2025-08-03,True
9108,Rahul Mehta,Male,54,46-55,5,3,Standard,2025-03-30,True
9109,Arjun Mehta,Male,44,36-45,18,1,Inactive,2025-08-26,False
9110,Rahul Naidu,Male,51,46-55,4,5,Standard,2025-11-27,True
9111,Varun Verma,Male,27,26-35,3,5,Inactive,2025-10-12,False
9112,Karan Singh,Male,40,36-45,21,1,Standard,2025-07-09,True
9113,Vikram Naidu,Male,19,18-25,2,2,Premium,2025-02-12,True
9114,Priya Verma,Female,26,26-35,26,4,Standard,2025-11-09,True
9115,Kavya Naidu,Female,31,26-35,22,1,Standard,2025-08-08,True
9116,Vivek Reddy,Male,52,46-55,14,5,Premium,2025-03-30,True
9117,Akash Rao,Male,54,46-55,6,5,Inactive,2025-01-27,False
9118,Anil Nair,Male,61,56-65,9,5,Premium,2025-05-17,True
9119,Riya Pillai,Female,53,46-55,20,4,Standard,2025-07-30,True
9120,Arjun Iyer,Male,41,36-45,15,1,Standard,2025-01-11,True
9121,Aarav Naidu,Male,48,46-55,8,4,Standard,2025-07-25,True
9122,Pooja Gupta,Female,48,46-55,29,1,VIP,2025-06-19,True
9123,Sneha Das,Female,20,18-25,7,3,Standard,2025-08-03,True
9124,Priya Verma,Female,42,36-45,16,6,Inactive,2025-12-04,False
9125,Manish Verma,Male,27,26-35,26,4,Premium,2025-01-15,True
9126,Aishwarya Rao,Female,57,56-65,23,2,Premium,2025-12-24,True
9127,Priya Gupta,Female,20,18-25,1,5,Standard,2025-03-31,True
9128,Nikhil Pillai,Male,35,26-35,17,4,Standard,2025-02-19,True
9129,Rohan Naidu,Male,38,36-45,30,5,Standard,2025-12-19,True
9130,Aarav Naidu,Male,55,46-55,3,2,Standard,2025-06-24,True
9131,Akash Verma,Male,56,56-65,12,5,Inactive,2025-07-12,False
9132,Akash Gupta,Male,37,36-45,11,2,Standard,2025-07-20,True
9133,Siddharth Singh,Male,42,36-45,6,2,Premium,2025-01-25,True
9134,Rohan Pillai,Male,46,46-55,8,4,Premium,2025-12-16,True
9135,Shreya Naidu,Female,20,18-25,17,1,Standard,2025-12-30,True
9136,Nikhil Mehta,Male,47,46-55,16,5,Premium,2025-09-27,True
9137,Karan Reddy,Male,36,36-45,23,6,Standard,2025-07-01,True
9138,Shreya Rao,Female,32,26-35,3,1,Premium,2025-07-30,True
9139,Divya Das,Female,63,56-65,15,3,Standard,2025-06-13,True
9140,Lakshmi Reddy,Female,35,26-35,17,5,Inactive,2025-04-01,False
9141,Pooja Kumar,Female,57,56-65,4,6,Standard,2025-11-08,True
9142,Ishita Nair,Female,35,26-35,15,3,Standard,2025-06-20,True
9143,Nandini Naidu,Female,44,36-45,17,3,Inactive,2025-03-29,False
9144,Riya Kumar,Female,41,36-45,9,3,Standard,2025-09-29,True
9145,Vivek Mehta,Male,64,56-65,28,2,Premium,2025-03-12,True
9146,Aarav Iyer,Male,65,56-65,19,6,Standard,2025-10-25,True
9147,Aishwarya Das,Female,46,46-55,4,6,Inactive,2025-01-19,False
9148,Aarav Kumar,Male,60,56-65,8,5,Standard,2025-03-08,True
9149,Aarav Naidu,Male,54,46-55,10,1,Premium,2025-05-14,True
9150,Siddharth Kumar,Male,50,46-55,7,2,Standard,2025-02-19,True
9151,Aarav Das,Male,63,56-65,14,6,Standard,2025-12-16,True
9152,Anil Nair,Male,57,56-65,3,1,Standard,2025-11-08,True
9153,Harsh Nair,Male,64,56-65,15,6,Standard,2025-08-01,True
9154,Siddharth Verma,Male,35,26-35,24,4,Standard,2025-01-02,True
9155,Sneha Reddy,Female,65,56-65,29,4,Standard,2025-11-28,True
9156,Varun Das,Male,19,18-25,23,1,Standard,2025-05-10,True
9157,Kavya Kumar,Female,52,46-55,16,2,Standard,2025-07-18,True
9158,Manish Rao,Male,50,46-55,28,6,Standard,2025-02-13,True
9159,Aditya Nair,Male,64,56-65,20,2,Standard,2025-05-21,True
9160,Neha Mehta,Female,36,36-45,10,2,Standard,2025-10-02,True
9161,Vivek Joshi,Male,41,36-45,30,4,Standard,2025-04-06,True
9162,Anil Patel,Male,60,56-65,24,2,Standard,2025-05-30,True
9163,Ananya Pillai,Female,51,46-55,10,4,Standard,2025-06-02,True
9164,Varun Kumar,Male,36,36-45,27,5,Inactive,2025-01-24,False
9165,Akash Verma,Male,57,56-65,20,5,Premium,2025-09-07,True
9166,Akash Mehta,Male,34,26-35,18,1,Standard,2025-03-23,True
9167,Shreya Joshi,Female,24,18-25,3,3,Standard,2025-06-14,True
9168,Varun Gupta,Male,64,56-65,7,4,VIP,2025-05-03,True
9169,Aarav Nair,Male,21,18-25,26,4,Premium,2025-03-29,True
9170,Karan Kumar,Male,59,56-65,17,1,Premium,2025-10-25,True
9171,Ishita Das,Female,23,18-25,26,1,Standard,2025-09-01,True
9172,Karan Singh,Male,23,18-25,26,5,Standard,2025-02-26,True
9173,Ishita Singh,Female,56,56-65,15,5,Standard,2025-07-14,True
9174,Priya Mehta,Female,35,26-35,3,4,Standard,2025-12-06,True
9175,Ishita Verma,Female,20,18-25,2,4,Standard,2025-02-26,True
9176,Varun Reddy,Male,60,56-65,24,2,Standard,2025-11-14,True
9177,Lakshmi Gupta,Female,19,18-25,20,4,Standard,2025-02-25,True
9178,Shreya Patel,Female,34,26-35,19,5,Premium,2025-03-15,True
9179,Shreya Iyer,Female,44,36-45,24,1,Standard,2025-05-24,True
9180,Aditya Nair,Male,52,46-55,12,6,Standard,2025-02-24,True
9181,Nikhil Singh,Male,50,46-55,27,4,Standard,2025-02-24,True
9182,Kavya Das,Female,61,56-65,28,5,Standard,2025-12-25,True
9183,Divya Gupta,Female,56,56-65,24,2,Premium,2025-09-10,True
9184,Nikhil Kumar,Male,61,56-65,12,5,Standard,2025-10-16,True
9185,Siddharth Verma,Male,64,56-65,22,5,Standard,2025-05-17,True
9186,Arjun Rao,Male,22,18-25,3,6,Premium,2025-02-04,True
9187,Siddharth Joshi,Male,22,18-25,24,2,Standard,2025-09-07,True
9188,Neha Gupta,Female,40,36-45,7,5,Standard,2025-04-19,True
9189,Neha Joshi,Female,58,56-65,21,4,Premium,2025-08-04,True
9190,Sneha Singh,Female,60,56-65,14,4,Standard,2025-05-15,True
9191,Vivek Patel,Male,39,36-45,22,2,Standard,2025-05-18,True
9192,Vikram Sharma,Male,47,46-55,3,6,Premium,2025-03-14,True
9193,Neha Singh,Female,34,26-35,16,5,Standard,2025-09-25,True
9194,Ananya Gupta,Female,38,36-45,13,3,Inactive,2025-03-02,False
9195,Arjun Joshi,Male,19,18-25,13,4,Premium,2025-03-20,True
9196,Sneha Das,Female,37,36-45,11,1,Premium,2025-07-30,True
9197,Siddharth Das,Male,21,18-25,3,6,Standard,2025-07-25,True
9198,Aarav Naidu,Male,45,36-45,21,3,Premium,2025-07-06,True
9199,Rohan Gupta,Male,43,36-45,27,2,Standard,2025-03-29,True
9200,Varun Rao,Male,19,18-25,11,6,Standard,2025-03-20,True
9201,Nikhil Singh,Male,18,18-25,6,4,Premium,2025-12-26,True
9202,Vikram Pillai,Male,21,18-25,13,6,VIP,2025-06-21,True
9203,Swati Rao,Female,51,46-55,16,6,Standard,2025-01-10,True
9204,Meera Mehta,Female,22,18-25,2,6,Standard,2025-01-12,True
9205,Shreya Nair,Female,24,18-25,12,5,Standard,2025-12-11,True
9206,Vikram Joshi,Male,19,18-25,21,5,Standard,2025-02-20,True
9207,Riya Pillai,Female,59,56-65,27,6,Premium,2025-08-21,True
9208,Shreya Singh,Female,34,26-35,10,5,Standard,2025-10-21,True
9209,Arjun Nair,Male,53,46-55,26,1,Standard,2025-05-22,True
9210,Vivek Nair,Male,30,26-35,13,3,Standard,2025-10-30,True
9211,Nikhil Pillai,Male,45,36-45,2,1,Premium,2025-03-19,True
9212,Meera Rao,Female,63,56-65,14,4,Standard,2025-08-04,True
9213,Sneha Nair,Female,32,26-35,28,3,Inactive,2025-02-19,False
9214,Riya Iyer,Female,60,56-65,3,3,Premium,2025-10-03,True
9215,Pooja Joshi,Female,59,56-65,30,5,Standard,2025-11-10,True
9216,Manish Pillai,Male,25,18-25,23,1,Standard,2025-12-15,True
9217,Divya Verma,Female,41,36-45,16,3,Inactive,2025-03-29,False
9218,Nikhil Iyer,Male,48,46-55,14,4,Standard,2025-06-07,True
9219,Riya Reddy,Female,52,46-55,13,5,Standard,2025-11-05,True
9220,Vikram Sharma,Male,52,46-55,2,5,Inactive,2025-03-13,False
9221,Aditya Joshi,Male,62,56-65,11,6,Standard,2025-08-28,True
9222,Siddharth Patel,Male,23,18-25,20,1,Premium,2025-02-02,True
9223,Aditya Mehta,Male,59,56-65,19,3,Standard,2025-11-18,True
9224,Nikhil Nair,Male,25,18-25,6,4,Standard,2025-12-03,True
9225,Karan Iyer,Male,38,36-45,13,4,Premium,2025-01-23,True
9226,Nikhil Kumar,Male,50,46-55,18,3,Standard,2025-02-09,True
9227,Manish Kumar,Male,19,18-25,3,3,Premium,2025-02-16,True
9228,Pooja Pillai,Female,34,26-35,24,2,Premium,2025-08-17,True
9229,Manish Nair,Male,22,18-25,29,1,Standard,2025-09-24,True
9230,Neha Nair,Female,64,56-65,14,5,Inactive,2025-01-11,False
9231,Nikhil Gupta,Male,34,26-35,30,5,Standard,2025-01-15,True
9232,Swati Naidu,Female,24,18-25,24,6,Standard,2025-05-31,True
9233,Kavya Reddy,Female,30,26-35,16,2,Standard,2025-02-24,True
9234,Rahul Patel,Male,22,18-25,10,3,Standard,2025-04-28,True
9235,Neha Iyer,Female,20,18-25,6,5,Standard,2025-10-06,True
9236,Riya Das,Female,63,56-65,29,6,Inactive,2025-11-21,False
9237,Pooja Pillai,Female,29,26-35,28,4,Premium,2025-09-08,True
9238,Vivek Sharma,Male,40,36-45,14,2,Standard,2025-04-09,True
9239,Siddharth Gupta,Male,20,18-25,23,5,Standard,2025-01-23,True
9240,Sneha Das,Female,61,56-65,8,5,Premium,2025-11-23,True
9241,Priya Patel,Female,42,36-45,3,3,Standard,2025-01-04,True
9242,Varun Nair,Male,58,56-65,21,5,Standard,2025-03-18,True
9243,Siddharth Singh,Male,57,56-65,30,5,Standard,2025-12-22,True
9244,Shreya Pillai,Female,61,56-65,11,4,Inactive,2025-07-05,False
9245,Riya Naidu,Female,39,36-45,13,2,Inactive,2025-04-07,False
9246,Shreya Singh,Female,37,36-45,29,4,Premium,2025-02-02,True
9247,Nandini Rao,Female,47,46-55,17,3,Standard,2025-12-06,True
9248,Siddharth Rao,Male,25,18-25,20,6,Premium,2025-10-28,True
9249,Ishita Das,Female,21,18-25,12,4,Standard,2025-03-07,True
9250,Nandini Pillai,Female,43,36-45,25,2,Standard,2025-02-19,True
9251,Rohan Reddy,Male,41,36-45,28,2,Standard,2025-01-18,True
9252,Rohan Sharma,Male,28,26-35,9,4,Standard,2025-12-07,True
9253,Divya Gupta,Female,53,46-55,30,4,Standard,2025-05-31,True
9254,Aarav Iyer,Male,21,18-25,20,6,Inactive,2025-01-04,False
9255,Meera Kumar,Female,54,46-55,20,6,Standard,2025-05-26,True
9256,Pooja Reddy,Female,39,36-45,28,6,Premium,2025-05-13,True
9257,Vikram Mehta,Male,54,46-55,3,4,Standard,2025-01-26,True
9258,Rohan Gupta,Male,58,56-65,11,4,Inactive,2025-01-21,False
9259,Lakshmi Iyer,Female,32,26-35,21,2,Inactive,2025-11-28,False
9260,Nandini Das,Female,35,26-35,8,6,Standard,2025-01-31,True
9261,Aishwarya Singh,Female,53,46-55,11,2,Premium,2025-12-19,True
9262,Akash Singh,Male,64,56-65,7,4,Inactive,2025-11-30,False
9263,Vikram Gupta,Male,23,18-25,3,3,Standard,2025-02-21,True
9264,Pooja Sharma,Female,45,36-45,27,3,Standard,2025-01-14,True
9265,Kavya Sharma,Female,64,56-65,13,5,Standard,2025-09-19,True
9266,Karan Pillai,Male,53,46-55,6,4,Standard,2025-05-07,True
9267,Aarav Sharma,Male,55,46-55,26,6,Standard,2025-05-23,True
9268,Arjun Verma,Male,48,46-55,4,3,Standard,2025-09-09,True
9269,Arjun Joshi,Male,48,46-55,26,3,Inactive,2025-02-03,False
9270,Aditya Kumar,Male,24,18-25,25,6,Standard,2025-11-17,True
9271,Vivek Singh,Male,65,56-65,20,2,Standard,2025-09-11,True
9272,Varun Patel,Male,57,56-65,20,3,Standard,2025-01-13,True
9273,Manish Pillai,Male,54,46-55,18,4,Standard,2025-08-08,True
9274,Aditya Das,Male,36,36-45,4,2,Standard,2025-08-30,True
9275,Neha Mehta,Female,46,46-55,10,3,Premium,2025-09-08,True
9276,Siddharth Singh,Male,34,26-35,5,2,Standard,2025-07-06,True
9277,Karan Sharma,Male,30,26-35,4,2,Standard,2025-02-11,True
9278,Kavya Kumar,Female,65,56-65,7,5,Inactive,2025-06-09,False
9279,Nandini Nair,Female,21,18-25,8,2,Standard,2025-06-25,True
9280,Neha Nair,Female,29,26-35,5,3,Standard,2025-03-11,True
9281,Priya Naidu,Female,57,56-65,6,6,Standard,2025-02-10,True
9282,Vikram Gupta,Male,51,46-55,13,2,Standard,2025-09-07,True
9283,Rahul Gupta,Male,50,46-55,29,3,Standard,2025-03-26,True
9284,Anil Gupta,Male,45,36-45,14,1,Standard,2025-12-19,True
9285,Nikhil Das,Male,53,46-55,19,2,Standard,2025-08-18,True
9286,Arjun Verma,Male,27,26-35,3,3,Standard,2025-05-16,True
9287,Riya Nair,Female,34,26-35,26,1,Standard,2025-12-18,True
9288,Manish Reddy,Male,60,56-65,6,2,Premium,2025-06-03,True
9289,Rohan Kumar,Male,46,46-55,6,3,Premium,2025-11-21,True
9290,Nandini Sharma,Female,32,26-35,17,5,Standard,2025-08-06,True
9291,Ishita Das,Female,38,36-45,6,6,Standard,2025-06-13,True
9292,Nikhil Verma,Male,48,46-55,21,3,Standard,2025-07-30,True
9293,Priya Singh,Female,36,36-45,18,3,Standard,2025-05-27,True
9294,Lakshmi Nair,Female,64,56-65,22,4,Standard,2025-06-25,True
9295,Akash Rao,Male,40,36-45,12,5,VIP,2025-10-29,True
9296,Nikhil Naidu,Male,58,56-65,17,5,Standard,2025-05-18,True
9297,Shreya Gupta,Female,34,26-35,9,6,Standard,2025-10-12,True
9298,Aishwarya Joshi,Female,56,56-65,25,1,Premium,2025-02-05,True
9299,Anil Sharma,Male,52,46-55,27,2,Premium,2025-02-11,True
9300,Arjun Pillai,Male,45,36-45,4,6,Standard,2025-07-02,True
9301,Harsh Mehta,Male,54,46-55,15,2,Standard,2025-01-16,True
9302,Harsh Gupta,Male,60,56-65,20,5,Standard,2025-02-18,True
9303,Karan Rao,Male,27,26-35,21,5,VIP,2025-08-16,True
9304,Riya Pillai,Female,57,56-65,18,5,Standard,2025-02-08,True
9305,Aditya Nair,Male,51,46-55,10,1,Standard,2025-10-12,True
9306,Aarav Iyer,Male,42,36-45,14,4,VIP,2025-02-09,True
9307,Nandini Patel,Female,57,56-65,8,4,Premium,2025-05-04,True
9308,Anil Das,Male,31,26-35,13,3,Standard,2025-05-17,True
9309,Neha Naidu,Female,41,36-45,23,5,Inactive,2025-03-15,False
9310,Aditya Nair,Male,51,46-55,18,5,Standard,2025-04-19,True
9311,Aditya Verma,Male,56,56-65,3,4,Standard,2025-12-16,True
9312,Vivek Verma,Male,48,46-55,6,4,Standard,2025-04-18,True
9313,Aarav Das,Male,57,56-65,21,4,Standard,2025-03-10,True
9314,Riya Sharma,Female,49,46-55,1,1,Standard,2025-10-09,True
9315,Ananya Verma,Female,41,36-45,30,5,Standard,2025-09-03,True
9316,Manish Nair,Male,50,46-55,11,5,Premium,2025-09-11,True
9317,Divya Verma,Female,50,46-55,27,6,Inactive,2025-04-16,False
9318,Ananya Rao,Female,32,26-35,18,4,Inactive,2025-12-22,False
9319,Shreya Verma,Female,18,18-25,22,2,Premium,2025-04-08,True
9320,Ishita Pillai,Female,43,36-45,30,4,Standard,2025-01-21,True
9321,Karan Verma,Male,25,18-25,23,5,Inactive,2025-10-23,False
9322,Meera Singh,Female,65,56-65,12,1,Standard,2025-06-22,True
9323,Divya Kumar,Female,29,26-35,7,6,VIP,2025-11-10,True
9324,Lakshmi Sharma,Female,52,46-55,8,3,Standard,2025-03-14,True
9325,Meera Patel,Female,43,36-45,10,3,Standard,2025-08-31,True
9326,Shreya Naidu,Female,58,56-65,10,3,Standard,2025-03-04,True
9327,Karan Iyer,Male,64,56-65,1,5,Standard,2025-09-26,True
9328,Siddharth Mehta,Male,30,26-35,6,1,Standard,2025-05-30,True
9329,Varun Pillai,Male,40,36-45,27,3,Inactive,2025-06-21,False
9330,Siddharth Reddy,Male,58,56-65,6,3,Premium,2025-01-15,True
9331,Harsh Pillai,Male,30,26-35,2,5,Premium,2025-04-13,True
9332,Nandini Singh,Female,21,18-25,22,2,Standard,2025-01-29,True
9333,Vivek Patel,Male,26,26-35,29,1,Standard,2025-09-14,True
9334,Manish Singh,Male,31,26-35,2,2,Standard,2025-09-19,True
9335,Divya Joshi,Female,45,36-45,15,3,Standard,2025-01-12,True
9336,Divya Gupta,Female,57,56-65,17,5,Standard,2025-10-08,True
9337,Anil Verma,Male,64,56-65,30,3,Premium,2025-01-21,True
9338,Swati Verma,Female,22,18-25,18,5,Standard,2025-07-19,True
9339,Priya Pillai,Female,32,26-35,3,5,Premium,2025-03-25,True
9340,Shreya Patel,Female,18,18-25,15,3,Premium,2025-07-19,True
9341,Akash Singh,Male,36,36-45,13,1,VIP,2025-08-22,True
9342,Rahul Verma,Male,47,46-55,28,5,Standard,2025-08-06,True
9343,Nandini Pillai,Female,38,36-45,17,5,Standard,2025-11-03,True
9344,Karan Joshi,Male,27,26-35,16,1,Standard,2025-11-25,True
9345,Akash Naidu,Male,41,36-45,14,2,Premium,2025-09-30,True
9346,Arjun Singh,Male,49,46-55,6,5,Standard,2025-03-13,True
9347,Meera Verma,Female,21,18-25,24,6,Standard,2025-11-10,True
9348,Priya Patel,Female,21,18-25,16,3,Standard,2025-11-03,True
9349,Manish Sharma,Male,30,26-35,12,5,Standard,2025-07-07,True
9350,Meera Pillai,Female,20,18-25,28,5,Standard,2025-12-04,True
9351,Karan Patel,Male,64,56-65,1,2,Standard,2025-04-30,True
9352,Priya Pillai,Female,59,56-65,14,3,Standard,2025-07-26,True
9353,Rahul Gupta,Male,40,36-45,21,4,Standard,2025-12-05,True
9354,Vivek Joshi,Male,28,26-35,7,2,Standard,2025-08-04,True
9355,Vivek Patel,Male,21,18-25,18,6,Standard,2025-12-12,True
9356,Neha Patel,Female,61,56-65,3,1,Standard,2025-03-29,True
9357,Aditya Patel,Male,21,18-25,17,1,Standard,2025-08-24,True
9358,Priya Verma,Female,49,46-55,18,1,Standard,2025-09-20,True
9359,Rohan Kumar,Male,32,26-35,9,3,Standard,2025-04-16,True
9360,Nikhil Verma,Male,61,56-65,16,5,Standard,2025-02-27,True
9361,Sneha Verma,Female,44,36-45,12,6,Standard,2025-01-12,True
9362,Neha Kumar,Female,22,18-25,23,3,Standard,2025-06-10,True
9363,Manish Kumar,Male,22,18-25,10,2,Standard,2025-11-30,True
9364,Arjun Pillai,Male,34,26-35,29,1,Inactive,2025-07-19,False
9365,Pooja Rao,Female,50,46-55,6,1,Standard,2025-02-02,True
9366,Harsh Nair,Male,34,26-35,12,1,VIP,2025-06-07,True
9367,Pooja Patel,Female,47,46-55,1,5,Premium,2025-12-09,True
9368,Ishita Mehta,Female,51,46-55,27,2,Standard,2025-04-25,True
9369,Harsh Joshi,Male,33,26-35,23,4,Inactive,2025-08-14,False
9370,Siddharth Iyer,Male,54,46-55,27,3,Standard,2025-03-17,True
9371,Swati Mehta,Female,22,18-25,16,1,Premium,2025-06-12,True
9372,Manish Kumar,Male,25,18-25,12,3,Inactive,2025-06-29,False
9373,Vikram Iyer,Male,54,46-55,20,2,Premium,2025-09-16,True
9374,Priya Patel,Female,18,18-25,25,1,Premium,2025-09-25,True
9375,Vikram Mehta,Male,22,18-25,4,6,Inactive,2025-02-03,False
9376,Karan Reddy,Male,21,18-25,19,6,Standard,2025-12-20,True
9377,Aarav Joshi,Male,26,26-35,24,5,Standard,2025-05-17,True
9378,Nandini Joshi,Female,56,56-65,16,4,Standard,2025-10-20,True
9379,Arjun Singh,Male,32,26-35,24,5,Inactive,2025-12-23,False
9380,Divya Patel,Female,41,36-45,12,4,Standard,2025-06-24,True
9381,Kavya Naidu,Female,49,46-55,3,4,Standard,2025-07-29,True
9382,Divya Das,Female,62,56-65,13,3,Standard,2025-05-15,True
9383,Ishita Singh,Female,32,26-35,4,5,Inactive,2025-02-21,False
9384,Lakshmi Iyer,Female,56,56-65,20,4,Standard,2025-12-27,True
9385,Karan Patel,Male,34,26-35,7,1,Standard,2025-01-10,True
9386,Divya Kumar,Female,34,26-35,1,1,Standard,2025-02-05,True
9387,Riya Patel,Female,52,46-55,4,1,Standard,2025-11-11,True
9388,Aishwarya Joshi,Female,31,26-35,23,6,Premium,2025-02-20,True
9389,Meera Kumar,Female,39,36-45,18,5,Premium,2025-12-25,True
9390,Riya Verma,Female,32,26-35,20,1,Premium,2025-10-19,True
9391,Riya Kumar,Female,51,46-55,4,5,Standard,2025-11-26,True
9392,Ananya Verma,Female,33,26-35,26,3,Standard,2025-12-15,True
9393,Meera Verma,Female,62,56-65,7,3,VIP,2025-09-22,True
9394,Swati Verma,Female,39,36-45,22,5,Standard,2025-02-17,True
9395,Swati Joshi,Female,64,56-65,10,2,Standard,2025-12-05,True
9396,Ananya Das,Female,64,56-65,28,3,Standard,2025-11-30,True
9397,Aarav Naidu,Male,21,18-25,24,3,Standard,2025-10-09,True
9398,Akash Das,Male,45,36-45,9,2,Premium,2025-05-06,True
9399,Aarav Reddy,Male,52,46-55,16,4,Standard,2025-03-25,True
9400,Lakshmi Gupta,Female,34,26-35,24,1,Standard,2025-11-20,True
9401,Siddharth Reddy,Male,27,26-35,23,4,Premium,2025-04-10,True
9402,Neha Kumar,Female,21,18-25,14,6,Premium,2025-09-12,True
9403,Vikram Naidu,Male,35,26-35,15,1,Standard,2025-08-08,True
9404,Kavya Rao,Female,18,18-25,15,1,Standard,2025-03-21,True
9405,Sneha Singh,Female,61,56-65,12,6,Standard,2025-11-20,True
9406,Pooja Naidu,Female,46,46-55,14,6,Standard,2025-01-04,True
9407,Vivek Rao,Male,44,36-45,27,3,Standard,2025-05-05,True
9408,Nikhil Gupta,Male,34,26-35,1,4,Standard,2025-11-18,True
9409,Akash Verma,Male,28,26-35,29,6,Standard,2025-12-01,True
9410,Ishita Joshi,Female,31,26-35,8,3,Premium,2025-05-27,True
9411,Rohan Iyer,Male,37,36-45,9,5,Inactive,2025-03-08,False
9412,Nikhil Kumar,Male,52,46-55,19,1,Standard,2025-01-19,True
9413,Aishwarya Verma,Female,51,46-55,3,6,Standard,2025-08-09,True
9414,Akash Patel,Male,55,46-55,22,6,Premium,2025-05-14,True
9415,Vikram Gupta,Male,39,36-45,25,4,Standard,2025-10-14,True
9416,Ananya Mehta,Female,31,26-35,25,5,Standard,2025-07-08,True
9417,Riya Sharma,Female,34,26-35,28,5,Premium,2025-10-18,True
9418,Harsh Reddy,Male,53,46-55,21,4,Standard,2025-04-09,True
9419,Priya Das,Female,39,36-45,2,5,Standard,2025-05-07,True
9420,Kavya Sharma,Female,61,56-65,12,6,Premium,2025-12-09,True
9421,Vivek Iyer,Male,64,56-65,20,5,VIP,2025-04-18,True
9422,Meera Iyer,Female,49,46-55,7,6,Standard,2025-09-26,True
9423,Aditya Pillai,Male,53,46-55,6,5,Premium,2025-09-29,True
9424,Ishita Joshi,Female,50,46-55,3,3,Inactive,2025-10-02,False
9425,Aditya Das,Male,39,36-45,3,3,Standard,2025-07-26,True
9426,Sneha Pillai,Female,29,26-35,15,2,Standard,2025-07-20,True
9427,Shreya Sharma,Female,35,26-35,26,5,Standard,2025-03-13,True
9428,Vikram Naidu,Male,60,56-65,18,5,Standard,2025-05-30,True
9429,Shreya Singh,Female,31,26-35,7,6,Standard,2025-11-05,True
9430,Akash Sharma,Male,34,26-35,25,4,Standard,2025-01-05,True
9431,Varun Singh,Male,18,18-25,30,3,Standard,2025-02-20,True
9432,Ishita Das,Female,47,46-55,1,3,Premium,2025-12-12,True
9433,Aishwarya Reddy,Female,19,18-25,17,1,Standard,2025-02-05,True
9434,Karan Kumar,Male,29,26-35,30,3,Standard,2025-02-06,True
9435,Rohan Kumar,Male,26,26-35,5,1,Premium,2025-09-17,True
9436,Ishita Gupta,Female,65,56-65,3,5,Premium,2025-08-30,True
9437,Siddharth Mehta,Male,37,36-45,3,6,Standard,2025-09-11,True
9438,Harsh Nair,Male,23,18-25,30,4,Premium,2025-12-05,True
9439,Pooja Joshi,Female,31,26-35,24,4,Standard,2025-12-05,True
9440,Manish Sharma,Male,40,36-45,7,6,Standard,2025-04-24,True
9441,Shreya Pillai,Female,36,36-45,19,2,Standard,2025-04-19,True
9442,Manish Iyer,Male,22,18-25,25,1,Standard,2025-04-29,True
9443,Pooja Singh,Female,40,36-45,3,2,Standard,2025-08-29,True
9444,Karan Verma,Male,37,36-45,28,6,Premium,2025-04-26,True
9445,Sneha Rao,Female,64,56-65,19,5,Standard,2025-10-09,True
9446,Manish Joshi,Male,29,26-35,16,1,Premium,2025-08-20,True
9447,Varun Pillai,Male,62,56-65,6,6,Standard,2025-09-28,True
9448,Priya Naidu,Female,47,46-55,4,4,Standard,2025-10-08,True
9449,Aditya Iyer,Male,24,18-25,26,4,Standard,2025-07-03,True
9450,Vikram Gupta,Male,38,36-45,1,2,Premium,2025-10-02,True
9451,Aditya Nair,Male,29,26-35,3,1,Inactive,2025-04-13,False
9452,Shreya Das,Female,43,36-45,3,3,Inactive,2025-06-01,False
9453,Aarav Rao,Male,47,46-55,19,5,Standard,2025-04-23,True
9454,Anil Rao,Male,28,26-35,6,4,Standard,2025-02-26,True
9455,Manish Verma,Male,37,36-45,14,3,Standard,2025-07-09,True
9456,Aarav Kumar,Male,59,56-65,28,1,Standard,2025-07-27,True
9457,Meera Kumar,Female,30,26-35,6,1,Premium,2025-11-25,True
9458,Sneha Kumar,Female,35,26-35,15,1,Standard,2025-06-01,True
9459,Ananya Reddy,Female,30,26-35,13,4,Standard,2025-10-15,True
9460,Rahul Joshi,Male,21,18-25,28,1,Premium,2025-12-19,True
9461,Pooja Kumar,Female,22,18-25,29,5,Standard,2025-06-02,True
9462,Meera Singh,Female,37,36-45,8,1,Standard,2025-03-10,True
9463,Siddharth Verma,Male,45,36-45,21,3,Inactive,2025-04-20,False
9464,Shreya Reddy,Female,59,56-65,23,4,Premium,2025-03-11,True
9465,Akash Joshi,Male,56,56-65,6,4,Standard,2025-04-09,True
9466,Divya Patel,Female,29,26-35,19,3,Standard,2025-03-14,True
9467,Divya Das,Female,18,18-25,4,4,Standard,2025-09-02,True
9468,Kavya Verma,Female,40,36-45,2,2,VIP,2025-11-20,True
9469,Aditya Verma,Male,30,26-35,14,4,Standard,2025-11-08,True
9470,Divya Sharma,Female,25,18-25,6,1,Standard,2025-09-29,True
9471,Nikhil Das,Male,47,46-55,24,1,Standard,2025-06-23,True
9472,Kavya Pillai,Female,36,36-45,29,1,Standard,2025-06-21,True
9473,Rohan Mehta,Male,49,46-55,6,1,Inactive,2025-10-21,False
9474,Aarav Nair,Male,23,18-25,18,1,Standard,2025-03-09,True
9475,Ananya Joshi,Female,63,56-65,10,4,Premium,2025-10-09,True
9476,Aishwarya Pillai,Female,53,46-55,10,2,Standard,2025-07-20,True
9477,Harsh Nair,Male,30,26-35,20,6,Premium,2025-03-15,True
9478,Sneha Pillai,Female,33,26-35,17,1,Standard,2025-06-07,True
9479,Nikhil Kumar,Male,59,56-65,20,5,Standard,2025-08-18,True
9480,Pooja Patel,Female,51,46-55,8,3,Premium,2025-12-22,True
9481,Priya Patel,Female,54,46-55,27,1,Inactive,2025-08-30,False
9482,Nandini Nair,Female,33,26-35,5,5,Standard,2025-01-02,True
9483,Anil Mehta,Male,26,26-35,30,2,Standard,2025-12-14,True
9484,Lakshmi Gupta,Female,18,18-25,22,2,Premium,2025-12-22,True
9485,Akash Iyer,Male,52,46-55,20,6,Standard,2025-04-03,True
9486,Ananya Sharma,Female,58,56-65,12,2,Premium,2025-02-28,True
9487,Harsh Pillai,Male,51,46-55,10,1,Premium,2025-07-17,True
9488,Shreya Gupta,Female,59,56-65,15,3,Standard,2025-10-09,True
9489,Aishwarya Gupta,Female,58,56-65,16,4,Standard,2025-06-01,True
9490,Arjun Verma,Male,52,46-55,11,6,Inactive,2025-12-05,False
9491,Sneha Pillai,Female,28,26-35,17,6,Standard,2025-05-17,True
9492,Karan Das,Male,23,18-25,15,6,Premium,2025-04-19,True
9493,Harsh Gupta,Male,52,46-55,14,5,Standard,2025-02-12,True
9494,Siddharth Naidu,Male,52,46-55,4,4,Standard,2025-03-09,True
9495,Riya Rao,Female,58,56-65,7,4,Premium,2025-05-09,True
9496,Anil Sharma,Male,29,26-35,24,2,Standard,2025-03-23,True
9497,Kavya Reddy,Female,22,18-25,13,5,Standard,2025-01-26,True
9498,Akash Das,Male,32,26-35,22,6,Standard,2025-12-23,True
9499,Meera Nair,Female,55,46-55,1,2,Standard,2025-02-08,True
9500,Divya Iyer,Female,56,56-65,16,2,Standard,2025-11-04,True
9501,Arjun Sharma,Male,23,18-25,18,3,Inactive,2025-05-20,False
9502,Aditya Mehta,Male,49,46-55,25,3,Standard,2025-01-12,True
9503,Anil Iyer,Male,23,18-25,23,4,Premium,2025-09-05,True
9504,Ishita Naidu,Female,19,18-25,26,4,Standard,2025-09-27,True
9505,Aishwarya Patel,Female,48,46-55,8,4,Standard,2025-06-19,True
9506,Neha Kumar,Female,62,56-65,2,6,Standard,2025-07-28,True
9507,Arjun Naidu,Male,52,46-55,23,3,Premium,2025-03-30,True
9508,Akash Singh,Male,27,26-35,12,2,Premium,2025-04-20,True
9509,Meera Iyer,Female,49,46-55,10,2,Standard,2025-05-30,True
9510,Siddharth Pillai,Male,30,26-35,26,3,Premium,2025-10-27,True
9511,Karan Patel,Male,37,36-45,9,3,Standard,2025-02-27,True
9512,Vivek Rao,Male,37,36-45,11,6,Premium,2025-11-09,True
9513,Ananya Reddy,Female,56,56-65,8,6,Premium,2025-03-28,True
9514,Shreya Rao,Female,59,56-65,25,4,Standard,2025-01-13,True
9515,Aishwarya Nair,Female,39,36-45,23,6,Standard,2025-03-05,True
9516,Varun Reddy,Male,47,46-55,17,1,Standard,2025-01-20,True
9517,Karan Nair,Male,48,46-55,5,2,Standard,2025-07-31,True
9518,Riya Kumar,Female,20,18-25,5,1,Inactive,2025-07-22,False
9519,Shreya Das,Female,45,36-45,13,4,Standard,2025-04-16,True
9520,Aishwarya Mehta,Female,36,36-45,23,3,Premium,2025-07-14,True
9521,Rohan Singh,Male,63,56-65,23,5,Standard,2025-08-17,True
9522,Priya Kumar,Female,18,18-25,27,3,Inactive,2025-11-15,False
9523,Shreya Mehta,Female,44,36-45,16,6,Premium,2025-01-30,True
9524,Ishita Rao,Female,19,18-25,13,6,Standard,2025-02-13,True
9525,Arjun Rao,Male,60,56-65,12,4,Premium,2025-04-01,True
9526,Varun Gupta,Male,53,46-55,4,6,Standard,2025-12-15,True
9527,Harsh Joshi,Male,35,26-35,14,4,Standard,2025-04-12,True
9528,Siddharth Rao,Male,64,56-65,2,2,Standard,2025-07-17,True
9529,Manish Naidu,Male,42,36-45,7,6,Standard,2025-02-15,True
9530,Aditya Joshi,Male,20,18-25,7,6,Standard,2025-06-10,True
9531,Vikram Pillai,Male,22,18-25,6,1,Standard,2025-10-25,True
9532,Karan Verma,Male,49,46-55,8,4,Standard,2025-05-01,True
9533,Lakshmi Mehta,Female,59,56-65,10,4,Standard,2025-06-25,True
9534,Ishita Gupta,Female,48,46-55,25,2,Standard,2025-01-02,True
9535,Arjun Pillai,Male,21,18-25,12,2,Standard,2025-12-08,True
9536,Neha Joshi,Female,44,36-45,16,5,Premium,2025-11-11,True
9537,Riya Singh,Female,36,36-45,12,2,Standard,2025-04-27,True
9538,Arjun Sharma,Male,46,46-55,27,6,Standard,2025-01-13,True
9539,Arjun Sharma,Male,48,46-55,15,4,Standard,2025-05-01,True
9540,Kavya Reddy,Female,35,26-35,29,3,Standard,2025-07-09,True
9541,Nandini Pillai,Female,54,46-55,18,5,Standard,2025-03-13,True
9542,Siddharth Das,Male,61,56-65,7,3,Standard,2025-03-21,True
9543,Siddharth Iyer,Male,47,46-55,27,3,Premium,2025-07-24,True
9544,Nandini Joshi,Female,21,18-25,1,3,Standard,2025-08-24,True
9545,Vivek Reddy,Male,26,26-35,26,6,VIP,2025-08-23,True
9546,Rohan Nair,Male,24,18-25,30,1,Standard,2025-02-07,True
9547,Arjun Sharma,Male,51,46-55,7,1,Standard,2025-12-12,True
9548,Vivek Mehta,Male,46,46-55,18,1,Premium,2025-07-29,True
9549,Akash Iyer,Male,44,36-45,7,5,Inactive,2025-05-28,False
9550,Siddharth Singh,Male,26,26-35,28,5,Standard,2025-11-03,True
9551,Kavya Verma,Female,36,36-45,13,5,Standard,2025-10-24,True
9552,Rohan Kumar,Male,60,56-65,24,1,Standard,2025-06-15,True
9553,Neha Joshi,Female,52,46-55,29,3,Standard,2025-04-08,True
9554,Neha Kumar,Female,62,56-65,9,1,Standard,2025-10-12,True
9555,Aishwarya Reddy,Female,52,46-55,21,5,Inactive,2025-08-26,False
9556,Ishita Mehta,Female,53,46-55,21,3,Standard,2025-10-19,True
9557,Lakshmi Joshi,Female,47,46-55,23,2,Standard,2025-11-10,True
9558,Neha Iyer,Female,51,46-55,26,1,Standard,2025-12-19,True
9559,Neha Rao,Female,27,26-35,4,4,Standard,2025-12-19,True
9560,Divya Verma,Female,53,46-55,27,4,VIP,2025-09-24,True
9561,Arjun Sharma,Male,39,36-45,30,1,Standard,2025-03-13,True
9562,Lakshmi Nair,Female,25,18-25,24,1,Premium,2025-01-26,True
9563,Divya Patel,Female,38,36-45,19,3,Premium,2025-09-25,True
9564,Nikhil Iyer,Male,32,26-35,12,2,Standard,2025-08-18,True
9565,Anil Gupta,Male,52,46-55,6,4,Premium,2025-08-12,True
9566,Ananya Singh,Female,27,26-35,12,1,Inactive,2025-02-11,False
9567,Swati Gupta,Female,57,56-65,6,4,Inactive,2025-02-18,False
9568,Siddharth Mehta,Male,38,36-45,30,4,Premium,2025-11-28,True
9569,Nikhil Kumar,Male,33,26-35,5,6,Standard,2025-05-03,True
9570,Swati Rao,Female,61,56-65,9,6,Inactive,2025-01-25,False
9571,Harsh Das,Male,64,56-65,16,2,Standard,2025-03-29,True
9572,Vivek Joshi,Male,27,26-35,28,4,Standard,2025-05-04,True
9573,Varun Nair,Male,60,56-65,22,6,Standard,2025-04-25,True
9574,Manish Verma,Male,33,26-35,8,3,Inactive,2025-01-09,False
9575,Divya Singh,Female,33,26-35,11,3,Standard,2025-03-13,True
9576,Riya Mehta,Female,45,36-45,5,3,Premium,2025-08-06,True
9577,Nandini Patel,Female,55,46-55,1,4,Standard,2025-08-05,True
9578,Rohan Iyer,Male,58,56-65,20,1,Standard,2025-01-14,True
9579,Rahul Pillai,Male,32,26-35,21,4,Premium,2025-12-14,True
9580,Ananya Das,Female,61,56-65,7,1,Standard,2025-05-06,True
9581,Karan Reddy,Male,28,26-35,8,5,Standard,2025-10-08,True
9582,Pooja Gupta,Female,35,26-35,22,6,Premium,2025-06-29,True
9583,Nikhil Mehta,Male,61,56-65,29,3,Premium,2025-12-15,True
9584,Divya Das,Female,46,46-55,5,3,Premium,2025-07-15,True
9585,Swati Reddy,Female,32,26-35,5,2,Premium,2025-08-19,True
9586,Siddharth Sharma,Male,33,26-35,4,2,Standard,2025-05-30,True
9587,Siddharth Sharma,Male,62,56-65,3,3,Standard,2025-10-23,True
9588,Divya Patel,Female,30,26-35,23,2,Standard,2025-01-21,True
9589,Arjun Kumar,Male,51,46-55,3,5,Premium,2025-11-10,True
9590,Manish Singh,Male,37,36-45,11,5,Standard,2025-12-12,True
9591,Harsh Sharma,Male,42,36-45,15,5,Standard,2025-04-14,True
9592,Neha Iyer,Female,65,56-65,2,4,Standard,2025-06-27,True
9593,Priya Kumar,Female,25,18-25,22,4,Standard,2025-07-31,True
9594,Sneha Patel,Female,37,36-45,28,1,Inactive,2025-10-04,False
9595,Shreya Kumar,Female,48,46-55,25,3,Inactive,2025-11-24,False
9596,Akash Singh,Male,42,36-45,18,5,Premium,2025-08-16,True
9597,Vivek Joshi,Male,37,36-45,21,2,Premium,2025-01-09,True
9598,Arjun Singh,Male,56,56-65,17,2,Premium,2025-04-13,True
9599,Ishita Mehta,Female,55,46-55,24,3,Premium,2025-03-10,True
9600,Aditya Singh,Male,43,36-45,17,1,Inactive,2025-04-25,False
9601,Riya Pillai,Female,28,26-35,13,4,Standard,2025-04-01,True
9602,Aditya Patel,Male,59,56-65,30,1,Standard,2025-01-05,True
9603,Anil Nair,Male,58,56-65,14,6,Inactive,2025-06-20,False
9604,Aarav Sharma,Male,24,18-25,29,5,Standard,2025-01-24,True
9605,Sneha Singh,Female,35,26-35,28,4,Standard,2025-08-22,True
9606,Riya Kumar,Female,18,18-25,12,5,Premium,2025-06-20,True
9607,Priya Rao,Female,49,46-55,24,2,Standard,2025-04-05,True
9608,Riya Verma,Female,36,36-45,5,6,Standard,2025-11-16,True
9609,Ishita Naidu,Female,49,46-55,25,3,Standard,2025-10-22,True
9610,Neha Gupta,Female,41,36-45,13,2,Inactive,2025-02-26,False
9611,Ananya Mehta,Female,31,26-35,6,6,Standard,2025-10-29,True
9612,Meera Iyer,Female,54,46-55,16,5,Standard,2025-02-23,True
9613,Sneha Singh,Female,32,26-35,23,6,Standard,2025-03-12,True
9614,Manish Gupta,Male,51,46-55,6,2,Standard,2025-12-06,True
9615,Manish Kumar,Male,40,36-45,5,1,Standard,2025-10-22,True
9616,Vikram Kumar,Male,60,56-65,14,5,Standard,2025-09-02,True
9617,Anil Rao,Male,33,26-35,9,4,Standard,2025-10-27,True
9618,Lakshmi Gupta,Female,50,46-55,24,3,Premium,2025-02-06,True
9619,Priya Patel,Female,25,18-25,21,2,Inactive,2025-08-24,False
9620,Karan Gupta,Male,29,26-35,13,4,Inactive,2025-11-10,False
9621,Kavya Mehta,Female,26,26-35,6,2,Premium,2025-09-29,True
9622,Kavya Nair,Female,43,36-45,3,1,Premium,2025-06-12,True
9623,Ishita Joshi,Female,41,36-45,30,6,Standard,2025-02-12,True
9624,Riya Sharma,Female,36,36-45,20,3,Standard,2025-11-21,True
9625,Aditya Naidu,Male,30,26-35,13,1,Premium,2025-12-18,True
9626,Arjun Naidu,Male,32,26-35,5,1,Standard,2025-12-25,True
9627,Riya Verma,Female,20,18-25,10,5,Standard,2025-02-25,True
9628,Aarav Naidu,Male,49,46-55,5,4,Premium,2025-09-20,True
9629,Priya Singh,Female,36,36-45,24,1,Standard,2025-01-18,True
9630,Aditya Iyer,Male,65,56-65,23,3,Inactive,2025-06-27,False
9631,Nikhil Mehta,Male,26,26-35,17,2,Inactive,2025-03-13,False
9632,Riya Kumar,Female,52,46-55,20,5,Premium,2025-08-10,True
9633,Riya Pillai,Female,56,56-65,16,2,Standard,2025-05-07,True
9634,Aditya Mehta,Male,56,56-65,11,4,Standard,2025-11-15,True
9635,Harsh Patel,Male,31,26-35,30,4,Standard,2025-04-12,True
9636,Vikram Rao,Male,53,46-55,6,2,Standard,2025-09-08,True
9637,Karan Das,Male,34,26-35,13,6,Standard,2025-10-15,True
9638,Harsh Das,Male,58,56-65,27,2,Premium,2025-07-28,True
9639,Varun Kumar,Male,39,36-45,16,6,Standard,2025-11-20,True
9640,Rohan Reddy,Male,38,36-45,24,3,Standard,2025-12-02,True
9641,Sneha Reddy,Female,31,26-35,22,4,Standard,2025-11-12,True
9642,Nandini Joshi,Female,55,46-55,9,3,VIP,2025-09-13,True
9643,Vikram Rao,Male,38,36-45,22,4,Standard,2025-10-01,True
9644,Pooja Reddy,Female,24,18-25,20,3,Premium,2025-12-12,True
9645,Nikhil Patel,Male,43,36-45,25,2,Premium,2025-08-09,True
9646,Arjun Nair,Male,35,26-35,16,1,Standard,2025-10-23,True
9647,Shreya Gupta,Female,22,18-25,19,3,Inactive,2025-05-20,False
9648,Ishita Rao,Female,62,56-65,20,4,Standard,2025-11-11,True
9649,Shreya Pillai,Female,37,36-45,3,5,Premium,2025-03-14,True
9650,Kavya Pillai,Female,19,18-25,11,2,Inactive,2025-03-11,False
9651,Vivek Kumar,Male,26,26-35,15,4,Standard,2025-12-23,True
9652,Aditya Mehta,Male,47,46-55,6,1,Standard,2025-12-14,True
9653,Rahul Gupta,Male,45,36-45,3,4,Standard,2025-05-12,True
9654,Manish Joshi,Male,57,56-65,9,3,Standard,2025-12-30,True
9655,Akash Mehta,Male,18,18-25,12,3,Premium,2025-01-27,True
9656,Nikhil Pillai,Male,44,36-45,30,5,VIP,2025-01-03,True
9657,Harsh Das,Male,44,36-45,21,2,Standard,2025-07-29,True
9658,Rohan Naidu,Male,43,36-45,28,3,Standard,2025-07-28,True
9659,Harsh Iyer,Male,28,26-35,15,1,Inactive,2025-03-23,False
9660,Anil Mehta,Male,44,36-45,8,1,Standard,2025-10-07,True
9661,Lakshmi Kumar,Female,41,36-45,10,1,Premium,2025-05-10,True
9662,Anil Naidu,Male,44,36-45,28,5,Standard,2025-04-21,True
9663,Vivek Iyer,Male,23,18-25,5,4,Standard,2025-08-22,True
9664,Kavya Gupta,Female,28,26-35,22,4,VIP,2025-05-16,True
9665,Varun Iyer,Male,61,56-65,18,4,Standard,2025-06-28,True
9666,Vikram Sharma,Male,62,56-65,13,3,Premium,2025-10-07,True
9667,Vivek Joshi,Male,54,46-55,21,3,Standard,2025-06-02,True
9668,Ananya Rao,Female,57,56-65,29,6,Premium,2025-08-27,True
9669,Aishwarya Joshi,Female,35,26-35,2,4,Standard,2025-04-21,True
9670,Akash Gupta,Male,36,36-45,12,4,Standard,2025-10-21,True
9671,Rahul Kumar,Male,51,46-55,3,6,Inactive,2025-02-14,False
9672,Akash Kumar,Male,27,26-35,30,5,Standard,2025-04-20,True
9673,Vikram Das,Male,62,56-65,16,4,Standard,2025-11-12,True
9674,Rohan Singh,Male,46,46-55,25,5,Standard,2025-05-25,True
9675,Kavya Das,Female,20,18-25,22,5,Standard,2025-09-26,True
9676,Rohan Iyer,Male,61,56-65,26,2,Standard,2025-02-23,True
9677,Siddharth Singh,Male,63,56-65,16,6,Standard,2025-06-11,True
9678,Anil Patel,Male,40,36-45,13,4,Standard,2025-03-27,True
9679,Rahul Verma,Male,18,18-25,13,6,Standard,2025-08-30,True
9680,Shreya Verma,Female,33,26-35,2,5,VIP,2025-10-24,True
9681,Lakshmi Sharma,Female,46,46-55,27,4,Standard,2025-08-10,True
9682,Manish Sharma,Male,64,56-65,22,3,Premium,2025-07-18,True
9683,Rahul Joshi,Male,19,18-25,3,3,Standard,2025-03-08,True
9684,Vikram Joshi,Male,55,46-55,28,1,Standard,2025-10-02,True
9685,Meera Verma,Female,30,26-35,4,6,Premium,2025-11-24,True
9686,Nandini Das,Female,27,26-35,21,4,Inactive,2025-12-11,False
9687,Meera Reddy,Female,25,18-25,18,3,VIP,2025-01-29,True
9688,Aarav Kumar,Male,59,56-65,7,1,Premium,2025-03-27,True
9689,Manish Joshi,Male,65,56-65,21,5,Premium,2025-02-05,True
9690,Vikram Naidu,Male,57,56-65,5,1,Inactive,2025-10-09,False
9691,Swati Patel,Female,38,36-45,24,6,Premium,2025-01-07,True
9692,Karan Rao,Male,48,46-55,5,4,Standard,2025-02-22,True
9693,Swati Rao,Female,53,46-55,10,3,Standard,2025-05-09,True
9694,Kavya Joshi,Female,18,18-25,24,3,Standard,2025-06-17,True
9695,Divya Reddy,Female,38,36-45,9,6,Standard,2025-07-06,True
9696,Arjun Verma,Male,63,56-65,16,2,Standard,2025-03-08,True
9697,Siddharth Kumar,Male,32,26-35,24,6,Premium,2025-09-04,True
9698,Akash Nair,Male,35,26-35,14,1,Standard,2025-08-20,True
9699,Aishwarya Sharma,Female,60,56-65,15,4,Standard,2025-12-27,True
9700,Shreya Pillai,Female,59,56-65,9,6,Standard,2025-11-21,True
9701,Shreya Mehta,Female,60,56-65,28,6,Standard,2025-11-03,True
9702,Aishwarya Rao,Female,54,46-55,13,1,Standard,2025-05-21,True
9703,Akash Nair,Male,60,56-65,16,4,Standard,2025-01-15,True
9704,Neha Kumar,Female,29,26-35,22,3,Standard,2025-01-31,True
9705,Manish Mehta,Male,51,46-55,17,1,Premium,2025-11-20,True
9706,Varun Reddy,Male,21,18-25,29,3,Standard,2025-09-25,True
9707,Karan Sharma,Male,55,46-55,13,6,Premium,2025-08-21,True
9708,Ananya Verma,Female,62,56-65,25,5,Premium,2025-03-16,True
9709,Vivek Reddy,Male,47,46-55,17,1,Standard,2025-06-05,True
9710,Akash Das,Male,30,26-35,1,6,Standard,2025-12-20,True
9711,Divya Nair,Female,26,26-35,28,4,VIP,2025-04-19,True
9712,Priya Iyer,Female,55,46-55,4,2,Premium,2025-08-11,True
9713,Shreya Kumar,Female,47,46-55,5,5,Standard,2025-12-03,True
9714,Meera Reddy,Female,64,56-65,10,4,Premium,2025-12-12,True
9715,Akash Sharma,Male,28,26-35,13,4,Premium,2025-05-29,True
9716,Priya Iyer,Female,45,36-45,15,6,Premium,2025-07-28,True
9717,Priya Iyer,Female,25,18-25,9,4,Premium,2025-12-11,True
9718,Rahul Das,Male,60,56-65,30,2,Standard,2025-03-16,True
9719,Akash Sharma,Male,65,56-65,22,2,Standard,2025-09-19,True
9720,Harsh Pillai,Male,22,18-25,7,3,Premium,2025-01-22,True
9721,Shreya Naidu,Female,33,26-35,18,6,Inactive,2025-07-18,False
9722,Pooja Reddy,Female,57,56-65,14,3,Premium,2025-08-23,True
9723,Rohan Pillai,Male,57,56-65,28,6,Inactive,2025-09-04,False
9724,Ishita Das,Female,23,18-25,10,2,Inactive,2025-05-02,False
9725,Meera Rao,Female,18,18-25,11,2,Premium,2025-04-09,True
9726,Vivek Singh,Male,20,18-25,29,1,VIP,2025-09-08,True
9727,Aditya Reddy,Male,23,18-25,21,5,Standard,2025-12-29,True
9728,Anil Verma,Male,21,18-25,8,2,Standard,2025-09-16,True
9729,Rohan Singh,Male,20,18-25,10,2,Standard,2025-08-18,True
9730,Neha Mehta,Female,64,56-65,8,5,Standard,2025-02-13,True
9731,Varun Rao,Male,50,46-55,26,3,Premium,2025-09-08,True
9732,Pooja Das,Female,37,36-45,29,4,Premium,2025-08-26,True
9733,Arjun Das,Male,27,26-35,9,6,Standard,2025-06-11,True
9734,Nandini Das,Female,58,56-65,13,2,Standard,2025-12-19,True
9735,Siddharth Patel,Male,38,36-45,4,4,Standard,2025-02-26,True
9736,Pooja Sharma,Female,51,46-55,26,1,Standard,2025-12-15,True
9737,Neha Reddy,Female,31,26-35,11,2,Standard,2025-02-22,True
9738,Ishita Naidu,Female,35,26-35,11,2,Premium,2025-05-13,True
9739,Pooja Nair,Female,28,26-35,21,6,Standard,2025-05-23,True
9740,Meera Pillai,Female,46,46-55,12,2,Premium,2025-10-11,True
9741,Meera Gupta,Female,55,46-55,23,6,Standard,2025-05-25,True
9742,Anil Das,Male,28,26-35,7,4,Premium,2025-04-03,True
9743,Meera Das,Female,64,56-65,29,6,Standard,2025-12-08,True
9744,Ananya Singh,Female,44,36-45,1,1,Standard,2025-06-26,True
9745,Divya Naidu,Female,43,36-45,12,1,VIP,2025-01-15,True
9746,Aditya Rao,Male,41,36-45,18,1,Standard,2025-01-29,True
9747,Karan Singh,Male,59,56-65,1,3,Standard,2025-09-05,True
9748,Meera Mehta,Female,29,26-35,21,1,Standard,2025-01-21,True
9749,Swati Joshi,Female,31,26-35,18,1,Inactive,2025-08-06,False
9750,Nikhil Das,Male,56,56-65,29,2,Standard,2025-05-05,True
9751,Ishita Joshi,Female,25,18-25,1,5,Premium,2025-09-13,True
9752,Sneha Pillai,Female,22,18-25,19,1,Standard,2025-01-04,True
9753,Karan Rao,Male,23,18-25,14,5,Standard,2025-09-04,True
9754,Arjun Rao,Male,30,26-35,11,4,Standard,2025-11-10,True
9755,Aditya Iyer,Male,46,46-55,29,1,Standard,2025-04-06,True
9756,Aarav Gupta,Male,64,56-65,12,3,Inactive,2025-07-06,False
9757,Manish Naidu,Male,24,18-25,24,5,Standard,2025-01-07,True
9758,Manish Rao,Male,29,26-35,19,5,Standard,2025-03-09,True
9759,Pooja Gupta,Female,34,26-35,29,2,Standard,2025-03-29,True
9760,Rahul Gupta,Male,23,18-25,30,2,Standard,2025-01-04,True
9761,Aditya Iyer,Male,60,56-65,21,2,Standard,2025-07-24,True
9762,Rohan Kumar,Male,26,26-35,16,4,Standard,2025-05-11,True
9763,Meera Nair,Female,37,36-45,16,6,Standard,2025-11-21,True
9764,Arjun Pillai,Male,19,18-25,27,6,Standard,2025-10-12,True
9765,Harsh Joshi,Male,53,46-55,16,4,Standard,2025-06-06,True
9766,Aishwarya Naidu,Female,30,26-35,10,6,Premium,2025-06-29,True
9767,Divya Nair,Female,32,26-35,15,1,Standard,2025-09-17,True
9768,Rohan Patel,Male,65,56-65,13,1,Standard,2025-12-28,True
9769,Ananya Singh,Female,19,18-25,11,1,VIP,2025-07-11,True
9770,Anil Mehta,Male,25,18-25,13,2,Premium,2025-09-03,True
9771,Nandini Rao,Female,61,56-65,30,4,Standard,2025-03-28,True
9772,Lakshmi Pillai,Female,33,26-35,1,2,Standard,2025-08-10,True
9773,Rahul Verma,Male,33,26-35,6,2,Standard,2025-03-08,True
9774,Sneha Gupta,Female,51,46-55,15,1,Standard,2025-01-08,True
9775,Siddharth Joshi,Male,49,46-55,11,1,Standard,2025-04-06,True
9776,Siddharth Gupta,Male,62,56-65,9,1,Premium,2025-07-31,True
9777,Neha Verma,Female,53,46-55,19,3,Standard,2025-07-01,True
9778,Harsh Pillai,Male,46,46-55,3,2,Standard,2025-03-24,True
9779,Harsh Iyer,Male,36,36-45,10,2,Standard,2025-10-06,True
9780,Swati Patel,Female,31,26-35,5,1,Premium,2025-04-28,True
9781,Anil Sharma,Male,59,56-65,2,3,Standard,2025-06-19,True
9782,Ananya Patel,Female,19,18-25,25,2,Standard,2025-10-25,True
9783,Nandini Iyer,Female,49,46-55,21,2,Standard,2025-08-20,True
9784,Sneha Sharma,Female,19,18-25,27,6,Standard,2025-11-01,True
9785,Arjun Iyer,Male,45,36-45,1,4,Standard,2025-11-23,True
9786,Vikram Patel,Male,51,46-55,16,3,Standard,2025-05-06,True
9787,Aditya Patel,Male,40,36-45,20,4,Standard,2025-05-01,True
9788,Aarav Joshi,Male,55,46-55,16,4,Premium,2025-11-21,True
9789,Aditya Kumar,Male,47,46-55,22,2,Premium,2025-09-06,True
9790,Divya Iyer,Female,23,18-25,8,5,Standard,2025-01-05,True
9791,Varun Rao,Male,43,36-45,20,3,Standard,2025-02-05,True
9792,Ananya Reddy,Female,33,26-35,19,5,Standard,2025-06-08,True
9793,Siddharth Rao,Male,33,26-35,23,2,Standard,2025-09-21,True
9794,Lakshmi Mehta,Female,29,26-35,18,3,Standard,2025-11-18,True
9795,Neha Gupta,Female,32,26-35,17,1,Standard,2025-06-21,True
9796,Arjun Kumar,Male,21,18-25,2,3,Standard,2025-10-11,True
9797,Swati Reddy,Female,41,36-45,12,5,Standard,2025-09-02,True
9798,Rohan Pillai,Male,26,26-35,30,1,Standard,2025-11-11,True
9799,Swati Sharma,Female,64,56-65,22,5,Standard,2025-09-22,True
9800,Sneha Mehta,Female,32,26-35,22,3,Standard,2025-02-05,True
9801,Ishita Iyer,Female,62,56-65,2,4,Standard,2025-11-18,True
9802,Aishwarya Gupta,Female,63,56-65,13,2,Standard,2025-08-10,True
9803,Karan Rao,Male,41,36-45,14,1,Standard,2025-08-19,True
9804,Vivek Mehta,Male,32,26-35,11,6,Standard,2025-09-03,True
9805,Varun Nair,Male,62,56-65,18,3,Standard,2025-04-06,True
9806,Ananya Naidu,Female,40,36-45,19,5,Premium,2025-05-23,True
9807,Priya Verma,Female,32,26-35,11,2,Standard,2025-09-14,True
9808,Kavya Verma,Female,64,56-65,22,1,Standard,2025-06-07,True
9809,Siddharth Joshi,Male,22,18-25,22,2,Standard,2025-09-17,True
9810,Lakshmi Gupta,Female,21,18-25,1,6,Inactive,2025-08-18,False
9811,Arjun Sharma,Male,45,36-45,10,5,Premium,2025-04-10,True
9812,Aditya Gupta,Male,50,46-55,13,5,Standard,2025-09-19,True
9813,Aarav Mehta,Male,52,46-55,18,1,Standard,2025-11-22,True
9814,Neha Gupta,Female,39,36-45,9,1,Standard,2025-03-31,True
9815,Siddharth Singh,Male,21,18-25,14,5,Premium,2025-04-03,True
9816,Varun Joshi,Male,28,26-35,24,5,Standard,2025-02-09,True
9817,Neha Verma,Female,51,46-55,28,2,Premium,2025-10-25,True
9818,Shreya Rao,Female,45,36-45,24,4,Standard,2025-05-29,True
9819,Aishwarya Verma,Female,53,46-55,16,6,Standard,2025-10-29,True
9820,Lakshmi Reddy,Female,23,18-25,25,5,Standard,2025-03-09,True
9821,Swati Iyer,Female,25,18-25,17,6,Premium,2025-04-12,True
9822,Varun Gupta,Male,52,46-55,27,4,Standard,2025-12-29,True
9823,Riya Mehta,Female,46,46-55,24,2,Standard,2025-09-23,True
9824,Rohan Singh,Male,22,18-25,11,6,Standard,2025-06-07,True
9825,Varun Joshi,Male,43,36-45,5,1,Standard,2025-04-01,True
9826,Vivek Joshi,Male,19,18-25,16,3,Standard,2025-06-14,True
9827,Sneha Joshi,Female,35,26-35,3,6,Premium,2025-05-24,True
9828,Ishita Naidu,Female,64,56-65,4,6,Standard,2025-02-07,True
9829,Meera Gupta,Female,23,18-25,9,2,Standard,2025-03-17,True
9830,Nandini Pillai,Female,34,26-35,25,3,Standard,2025-03-02,True
9831,Aishwarya Nair,Female,31,26-35,18,2,Standard,2025-07-15,True
9832,Aarav Rao,Male,22,18-25,2,2,Premium,2025-07-04,True
9833,Riya Das,Female,60,56-65,25,2,Standard,2025-05-25,True
9834,Sneha Iyer,Female,33,26-35,12,2,Standard,2025-08-17,True
9835,Meera Joshi,Female,59,56-65,3,3,Standard,2025-05-30,True
9836,Rohan Singh,Male,57,56-65,4,4,Standard,2025-05-01,True
9837,Vikram Kumar,Male,29,26-35,8,3,Standard,2025-12-01,True
9838,Ishita Joshi,Female,27,26-35,25,6,VIP,2025-02-23,True
9839,Ananya Sharma,Female,41,36-45,6,3,Standard,2025-01-07,True
9840,Arjun Kumar,Male,48,46-55,28,1,Premium,2025-10-16,True
9841,Lakshmi Sharma,Female,28,26-35,15,1,Standard,2025-04-11,True
9842,Aditya Kumar,Male,25,18-25,3,5,Standard,2025-09-08,True
9843,Varun Iyer,Male,44,36-45,24,2,Standard,2025-07-25,True
9844,Aditya Singh,Male,33,26-35,14,5,Standard,2025-12-09,True
9845,Meera Gupta,Female,39,36-45,21,1,Standard,2025-10-22,True
9846,Ananya Mehta,Female,65,56-65,14,2,Standard,2025-11-20,True
9847,Nandini Nair,Female,56,56-65,6,5,Standard,2025-08-29,True
9848,Harsh Mehta,Male,22,18-25,27,6,Premium,2025-04-30,True
9849,Riya Nair,Female,30,26-35,4,2,Standard,2025-12-22,True
9850,Manish Naidu,Male,49,46-55,24,1,Premium,2025-06-13,True
9851,Shreya Naidu,Female,51,46-55,26,2,Standard,2025-12-02,True
9852,Vikram Pillai,Male,55,46-55,16,5,Standard,2025-01-21,True
9853,Rohan Pillai,Male,48,46-55,19,5,Standard,2025-09-20,True
9854,Swati Sharma,Female,28,26-35,20,4,Standard,2025-08-08,True
9855,Kavya Pillai,Female,18,18-25,20,2,Premium,2025-06-13,True
9856,Shreya Singh,Female,63,56-65,21,1,Standard,2025-10-27,True
9857,Karan Sharma,Male,20,18-25,12,3,Standard,2025-06-27,True
9858,Kavya Sharma,Female,53,46-55,17,6,Standard,2025-05-16,True
9859,Kavya Reddy,Female,33,26-35,25,5,Inactive,2025-03-08,False
9860,Divya Gupta,Female,29,26-35,24,2,Standard,2025-03-16,True
9861,Aishwarya Verma,Female,31,26-35,8,5,VIP,2025-07-16,True
9862,Varun Verma,Male,57,56-65,20,5,Standard,2025-04-17,True
9863,Anil Sharma,Male,18,18-25,13,2,Standard,2025-11-02,True
9864,Ananya Verma,Female,43,36-45,4,3,Standard,2025-08-08,True
9865,Priya Pillai,Female,60,56-65,14,5,Premium,2025-05-04,True
9866,Akash Kumar,Male,24,18-25,2,5,Standard,2025-02-25,True
9867,Vikram Das,Male,64,56-65,17,5,Standard,2025-10-12,True
9868,Lakshmi Sharma,Female,54,46-55,29,5,Standard,2025-11-15,True
9869,Siddharth Iyer,Male,59,56-65,8,6,VIP,2025-07-20,True
9870,Manish Singh,Male,58,56-65,4,1,Standard,2025-04-30,True
9871,Anil Mehta,Male,27,26-35,22,2,Premium,2025-04-04,True
9872,Aditya Patel,Male,47,46-55,11,3,VIP,2025-08-27,True
9873,Aditya Das,Male,26,26-35,25,6,Standard,2025-10-06,True
9874,Sneha Sharma,Female,44,36-45,20,4,Premium,2025-08-14,True
9875,Neha Verma,Female,64,56-65,25,4,Premium,2025-08-30,True
9876,Rohan Pillai,Male,18,18-25,17,6,VIP,2025-04-18,True
9877,Sneha Sharma,Female,20,18-25,13,6,Standard,2025-06-21,True
9878,Divya Das,Female,52,46-55,13,3,Standard,2025-10-28,True
9879,Karan Verma,Male,58,56-65,1,4,Standard,2025-09-11,True
9880,Ananya Sharma,Female,31,26-35,17,1,Premium,2025-11-28,True
9881,Vikram Patel,Male,53,46-55,18,1,Premium,2025-02-05,True
9882,Lakshmi Sharma,Female,18,18-25,25,3,Standard,2025-12-10,True
9883,Vikram Joshi,Male,52,46-55,11,6,Standard,2025-04-05,True
9884,Pooja Singh,Female,22,18-25,9,1,Inactive,2025-08-15,False
9885,Aishwarya Naidu,Female,46,46-55,13,1,Standard,2025-04-12,True
9886,Harsh Rao,Male,48,46-55,22,5,Standard,2025-12-25,True
9887,Ishita Rao,Female,62,56-65,22,2,Standard,2025-05-14,True
9888,Riya Pillai,Female,55,46-55,7,6,Standard,2025-04-05,True
9889,Ishita Naidu,Female,55,46-55,1,3,Standard,2025-12-30,True
9890,Arjun Das,Male,33,26-35,30,5,Premium,2025-10-14,True
9891,Nikhil Joshi,Male,50,46-55,24,3,Standard,2025-06-07,True
9892,Shreya Joshi,Female,37,36-45,27,2,Standard,2025-10-30,True
9893,Meera Reddy,Female,28,26-35,5,5,Standard,2025-03-14,True
9894,Vivek Joshi,Male,64,56-65,29,6,Standard,2025-01-26,True
9895,Sneha Iyer,Female,42,36-45,18,3,Standard,2025-01-21,True
9896,Aishwarya Rao,Female,56,56-65,2,1,Premium,2025-11-24,True
9897,Nandini Naidu,Female,47,46-55,1,6,Standard,2025-02-13,True
9898,Divya Kumar,Female,27,26-35,9,2,Standard,2025-06-23,True
9899,Divya Iyer,Female,53,46-55,12,3,Inactive,2025-04-17,False
9900,Siddharth Verma,Male,35,26-35,6,6,Inactive,2025-01-04,False
9901,Pooja Sharma,Female,26,26-35,22,4,Premium,2025-10-28,True
9902,Vikram Mehta,Male,61,56-65,25,2,Standard,2025-10-20,True
9903,Ishita Mehta,Female,38,36-45,14,5,Standard,2025-03-24,True
9904,Varun Sharma,Male,33,26-35,14,6,Standard,2025-09-15,True
9905,Varun Patel,Male,42,36-45,8,1,Premium,2025-04-04,True
9906,Lakshmi Verma,Female,30,26-35,15,3,Premium,2025-02-17,True
9907,Akash Nair,Male,35,26-35,18,4,Premium,2025-07-02,True
9908,Siddharth Reddy,Male,52,46-55,28,3,Standard,2025-02-01,True
9909,Aditya Mehta,Male,38,36-45,30,5,Standard,2025-08-26,True
9910,Arjun Patel,Male,19,18-25,6,2,Standard,2025-04-29,True
9911,Riya Pillai,Female,33,26-35,30,6,Standard,2025-07-07,True
9912,Rohan Gupta,Male,61,56-65,9,1,Standard,2025-05-23,True
9913,Divya Joshi,Female,41,36-45,22,1,Standard,2025-01-17,True
9914,Rohan Verma,Male,22,18-25,20,5,Standard,2025-06-13,True
9915,Aarav Kumar,Male,63,56-65,29,6,Inactive,2025-02-05,False
9916,Neha Rao,Female,34,26-35,18,1,Premium,2025-04-16,True
9917,Harsh Kumar,Male,19,18-25,26,4,Inactive,2025-02-04,False
9918,Sneha Gupta,Female,38,36-45,28,1,Premium,2025-08-13,True
9919,Ishita Naidu,Female,50,46-55,23,4,Standard,2025-06-03,True
9920,Meera Joshi,Female,20,18-25,1,4,Standard,2025-01-23,True
9921,Anil Verma,Male,49,46-55,11,5,Standard,2025-10-07,True
9922,Siddharth Naidu,Male,29,26-35,7,5,Standard,2025-01-09,True
9923,Meera Nair,Female,49,46-55,1,4,Inactive,2025-11-19,False
9924,Karan Singh,Male,21,18-25,24,3,Standard,2025-06-14,True
9925,Varun Patel,Male,54,46-55,28,5,Standard,2025-02-18,True
9926,Nikhil Pillai,Male,38,36-45,19,5,Standard,2025-02-13,True
9927,Riya Sharma,Female,25,18-25,14,2,Standard,2025-05-18,True
9928,Priya Singh,Female,56,56-65,14,1,Standard,2025-05-14,True
9929,Vivek Iyer,Male,60,56-65,10,5,Standard,2025-03-04,True
9930,Swati Sharma,Female,26,26-35,21,4,Standard,2025-05-05,True
9931,Vivek Das,Male,24,18-25,22,6,Standard,2025-10-30,True
9932,Lakshmi Iyer,Female,19,18-25,14,2,Standard,2025-03-09,True
9933,Ishita Rao,Female,50,46-55,21,4,Standard,2025-02-01,True
9934,Rohan Gupta,Male,60,56-65,23,2,Standard,2025-01-26,True
9935,Riya Iyer,Female,29,26-35,26,2,Standard,2025-09-19,True
9936,Pooja Mehta,Female,28,26-35,18,1,Standard,2025-09-21,True
9937,Nandini Pillai,Female,46,46-55,30,3,Premium,2025-04-25,True
9938,Karan Singh,Male,23,18-25,2,2,Standard,2025-09-26,True
9939,Sneha Sharma,Female,38,36-45,26,1,Standard,2025-06-13,True
9940,Rohan Sharma,Male,54,46-55,25,6,Standard,2025-03-30,True
9941,Sneha Mehta,Female,60,56-65,14,3,Standard,2025-09-09,True
9942,Varun Sharma,Male,31,26-35,10,3,Standard,2025-07-03,True
9943,Sneha Verma,Female,34,26-35,5,1,Premium,2025-10-27,True
9944,Riya Verma,Female,40,36-45,27,5,Standard,2025-12-06,True
9945,Vikram Rao,Male,34,26-35,28,5,Standard,2025-09-12,True
9946,Siddharth Kumar,Male,37,36-45,2,6,Standard,2025-08-07,True
9947,Priya Naidu,Female,60,56-65,4,5,Standard,2025-01-30,True
9948,Varun Nair,Male,57,56-65,25,5,Standard,2025-08-01,True
9949,Akash Sharma,Male,27,26-35,28,1,Inactive,2025-02-28,False
9950,Pooja Singh,Female,47,46-55,15,3,VIP,2025-07-30,True
9951,Aditya Das,Male,28,26-35,21,3,Standard,2025-07-01,True
9952,Varun Singh,Male,38,36-45,10,4,Premium,2025-10-23,True
9953,Harsh Rao,Male,41,36-45,20,2,Standard,2025-09-09,True
9954,Meera Naidu,Female,60,56-65,4,3,Premium,2025-09-14,True
9955,Varun Joshi,Male,36,36-45,5,2,Standard,2025-04-09,True
9956,Swati Patel,Female,44,36-45,1,1,Standard,2025-05-04,True
9957,Rohan Kumar,Male,57,56-65,4,3,Premium,2025-05-16,True
9958,Varun Das,Male,31,26-35,23,5,Standard,2025-04-09,True
9959,Anil Verma,Male,22,18-25,23,5,Standard,2025-11-07,True
9960,Rohan Joshi,Male,39,36-45,4,6,Standard,2025-04-17,True
9961,Anil Patel,Male,24,18-25,8,5,Standard,2025-01-19,True
9962,Swati Verma,Female,27,26-35,24,1,Standard,2025-02-06,True
9963,Nandini Gupta,Female,63,56-65,14,4,Standard,2025-03-31,True
9964,Akash Pillai,Male,45,36-45,12,5,Standard,2025-01-14,True
9965,Nikhil Singh,Male,22,18-25,17,1,VIP,2025-12-10,True
9966,Akash Verma,Male,55,46-55,25,3,Standard,2025-05-25,True
9967,Nikhil Rao,Male,36,36-45,25,4,Standard,2025-12-06,True
9968,Ishita Iyer,Female,32,26-35,30,2,Premium,2025-02-06,True
9969,Rahul Iyer,Male,58,56-65,1,5,Inactive,2025-10-16,False
9970,Varun Verma,Male,62,56-65,1,1,Standard,2025-04-06,True
9971,Shreya Gupta,Female,25,18-25,15,5,Standard,2025-06-18,True
9972,Nandini Singh,Female,45,36-45,4,2,Standard,2025-05-25,True
9973,Kavya Reddy,Female,40,36-45,27,4,Standard,2025-09-04,True
9974,Nandini Das,Female,51,46-55,6,3,Inactive,2025-02-08,False
9975,Rahul Naidu,Male,52,46-55,26,1,Standard,2025-02-18,True
9976,Siddharth Gupta,Male,41,36-45,12,5,Standard,2025-08-18,True
9977,Aditya Kumar,Male,42,36-45,9,1,Standard,2025-06-05,True
9978,Rohan Reddy,Male,20,18-25,9,4,Inactive,2025-07-10,False
9979,Varun Nair,Male,21,18-25,24,3,Standard,2025-05-24,True
9980,Arjun Gupta,Male,29,26-35,19,1,Premium,2025-08-05,True
9981,Priya Kumar,Female,55,46-55,9,4,Standard,2025-07-27,True
9982,Rohan Verma,Male,20,18-25,29,6,Inactive,2025-01-18,False
9983,Priya Reddy,Female,31,26-35,27,6,Premium,2025-02-12,True
9984,Vivek Kumar,Male,27,26-35,15,6,Inactive,2025-08-10,False
9985,Aditya Iyer,Male,34,26-35,25,2,Standard,2025-10-05,True
9986,Swati Nair,Female,29,26-35,6,2,Standard,2025-04-21,True
9987,Nikhil Mehta,Male,31,26-35,6,5,Standard,2025-04-13,True
9988,Lakshmi Naidu,Female,19,18-25,20,4,Premium,2025-10-02,True
9989,Vikram Pillai,Male,52,46-55,12,3,Standard,2025-11-23,True
9990,Meera Nair,Female,51,46-55,28,6,Standard,2025-03-01,True
9991,Swati Iyer,Female,38,36-45,5,5,Standard,2025-09-18,True
9992,Meera Pillai,Female,42,36-45,18,3,Standard,2025-02-03,True
9993,Swati Naidu,Female,60,56-65,25,3,Premium,2025-07-24,True
9994,Varun Joshi,Male,63,56-65,10,2,Standard,2025-11-26,True
9995,Rohan Das,Male,25,18-25,13,1,Standard,2025-02-25,True
9996,Arjun Verma,Male,20,18-25,10,1,Premium,2025-10-06,True
9997,Aishwarya Verma,Female,37,36-45,17,1,Standard,2025-12-18,True
9998,Swati Sharma,Female,26,26-35,2,4,Inactive,2025-10-17,False
9999,Riya Sharma,Female,58,56-65,3,4,VIP,2025-08-05,True
10000,Siddharth Rao,Male,50,46-55,3,1,Standard,2025-02-27,True
