Acquisition_ID,Date_ID,Customer_ID,Campaign_ID,Channel_ID,Geography_ID,Acquisition_Cost,First_Order_Value,Customer_Lifetime_Value
1,20250615,1,4,6,5,869.7,4495.9,21579.65
2,20250218,2,20,5,21,710.77,8502.62,18545.29
3,20250120,3,2,4,19,1047.34,8799.96,14423.98
4,20251229,4,13,4,19,374.57,1567.22,3197.68
5,20250521,5,4,1,4,1119.14,4166.73,19371.03
6,20250924,6,19,2,16,286.3,9237.74,45998.5
7,20250528,7,13,2,7,923.12,8850.91,29403.63
8,20250924,8,5,2,17,248.27,5118.82,22904.17
9,20251228,9,10,5,15,788.33,9917.48,27496.4
10,20250224,10,1,1,10,1433.35,6275.02,23969.95
11,20250426,11,5,2,15,1313.93,7944.41,31272.36
12,20250117,12,9,4,12,1119.51,560.77,2011.9
13,20250121,13,12,2,12,1222.0,8620.99,18478.02
14,20251227,14,4,2,7,961.12,3928.47,19626.69
15,20250625,15,8,4,12,431.46,9448.4,30936.59
16,20250604,16,5,3,7,283.21,745.26,1785.41
17,20250502,17,10,3,18,365.04,7736.74,13125.58
18,20250623,18,7,1,5,142.76,5761.69,16686.4
19,20250216,19,1,3,25,1072.26,1623.22,4717.8
20,20250827,20,2,1,7,808.59,1471.95,6682.03
21,20250820,21,9,5,7,1329.7,3037.26,11202.74
22,20250522,22,15,4,8,1023.2,4690.9,18383.39
23,20250321,23,10,1,7,806.91,887.74,2428.0
24,20250312,24,9,1,23,118.29,8577.24,42166.37
25,20250705,25,7,1,10,291.64,4869.35,7862.12
26,20250210,26,19,1,26,126.45,9427.07,15631.1
27,20250128,27,10,3,28,519.63,4547.46,16874.66
28,20250219,28,8,4,18,1126.88,1816.93,6252.8
29,20250424,29,13,1,5,1393.02,5412.21,10346.02
30,20251209,30,14,4,19,504.36,566.15,849.99
31,20250325,31,13,5,3,217.56,726.81,1229.79
32,20250813,32,18,3,19,1440.78,9865.98,27132.38
33,20250731,33,1,6,25,1234.0,9433.58,15370.66
34,20251203,34,10,2,21,1218.04,5527.31,10603.13
35,20250917,35,16,2,20,393.07,4070.08,20159.21
36,20250901,36,7,4,29,1407.6,6153.74,15597.79
37,20251108,37,12,5,7,608.86,2486.2,12270.64
38,20250917,38,14,3,11,1321.14,8146.51,22478.79
39,20250502,39,2,6,26,1017.29,7170.84,19989.68
40,20251013,40,19,1,2,395.76,8798.36,22076.91
41,20251101,41,3,4,22,260.6,5674.61,24173.87
42,20251106,42,16,6,11,1015.23,3285.94,11536.24
43,20251015,43,7,3,19,759.46,7582.18,16788.75
44,20250121,44,11,5,6,143.53,3077.82,5580.21
45,20250512,45,4,3,22,828.84,3617.99,8396.51
46,20250108,46,9,4,18,1247.59,2748.54,5630.53
47,20250406,47,17,5,12,910.6,1552.07,3172.63
48,20251019,48,1,4,26,490.92,1217.76,3983.39
49,20250403,49,2,2,10,779.02,7189.07,30759.47
50,20250515,50,4,1,30,863.86,9908.87,48520.88
51,20251206,51,6,4,28,660.52,2425.95,4393.77
52,20250225,52,1,6,23,382.24,9508.82,31762.57
53,20250129,53,17,1,3,421.33,5692.51,24571.13
54,20250318,54,11,3,9,1043.49,5951.09,27046.73
55,20250429,55,8,2,4,1064.74,6599.09,10934.18
56,20250527,56,3,3,30,1202.35,2418.26,5587.89
57,20250820,57,3,1,5,1127.1,8924.95,24578.08
58,20250122,58,4,3,22,1230.22,1184.54,3856.24
59,20250716,59,18,1,19,634.86,9341.77,39063.69
60,20251114,60,19,4,22,656.35,4175.12,16186.17
61,20250426,61,18,2,29,524.26,2707.31,7876.73
62,20250527,62,7,4,9,1102.14,2141.78,6545.24
63,20250128,63,11,6,28,714.57,3663.87,16224.68
64,20250313,64,6,6,26,529.65,9032.29,19477.46
65,20250728,65,20,4,4,841.7,5541.99,20947.77
66,20251118,66,9,5,12,411.12,6776.93,32275.99
67,20250901,67,7,3,25,1297.0,846.86,1467.13
68,20250614,68,6,2,28,779.75,8786.08,35185.75
69,20250417,69,5,6,19,103.1,6593.8,14857.36
70,20251003,70,18,4,23,552.42,3607.11,10178.81
71,20250805,71,3,3,9,1369.78,3039.93,8314.8
72,20250921,72,5,1,11,951.75,6856.11,14196.93
73,20250523,73,7,2,23,906.51,4837.66,18758.74
74,20250616,74,12,3,4,496.0,2254.17,9913.37
75,20250419,75,16,5,7,1052.35,8921.5,37647.2
76,20250607,76,2,4,4,635.23,3351.04,5461.64
77,20250330,77,5,1,8,1216.58,1228.21,2616.9
78,20251219,78,6,6,6,906.61,870.83,3939.82
79,20251126,79,5,4,5,468.41,3011.53,8357.21
80,20250706,80,3,5,30,1481.66,6632.48,25314.75
81,20250710,81,14,2,14,1316.92,3183.67,15270.86
82,20250418,82,12,1,11,1428.44,8726.31,32906.55
83,20251027,83,14,3,24,496.08,3365.78,12571.42
84,20251107,84,18,5,13,554.65,2973.79,6274.31
85,20251110,85,10,5,12,583.01,5377.38,22597.08
86,20251226,86,20,4,21,565.04,1447.41,6582.85
87,20250303,87,18,5,27,1344.86,7462.98,27400.51
88,20251017,88,12,1,19,843.38,5220.87,17396.57
89,20250615,89,1,1,1,461.09,8545.28,39230.56
90,20250523,90,4,2,17,112.75,4644.48,8486.87
91,20250112,91,16,3,30,704.35,5538.46,22797.64
92,20250502,92,9,1,28,867.41,4532.99,21446.8
93,20250515,93,16,2,10,630.97,7245.0,13499.03
94,20250107,94,2,3,4,634.08,9055.69,16684.09
95,20250422,95,13,5,29,1401.88,7399.83,29380.99
96,20250507,96,7,6,15,152.77,3097.71,15341.84
97,20250522,97,10,6,11,1212.55,6789.89,25799.01
98,20250629,98,2,4,22,124.63,2772.3,6394.3
99,20250111,99,18,3,27,1035.2,7503.72,22724.55
100,20250404,100,9,6,19,1174.5,5100.57,7980.76
101,20250804,101,18,3,10,285.69,2031.94,8847.43
102,20250309,102,17,6,20,175.02,539.34,1979.88
103,20251224,103,18,5,15,943.35,904.81,2088.58
104,20250615,104,20,1,27,130.62,9363.72,29869.6
105,20250226,105,6,1,22,355.88,5298.17,17599.57
106,20250322,106,20,6,20,258.67,2043.4,6562.12
107,20250512,107,18,2,21,131.8,7536.24,23395.71
108,20250628,108,12,4,29,809.06,8674.64,33212.78
109,20250227,109,5,1,5,1247.68,5115.73,23396.09
110,20250307,110,16,4,29,1472.86,7850.23,37635.59
111,20250825,111,3,3,26,1318.26,1960.89,9389.99
112,20250909,112,5,5,8,1223.98,1967.67,4472.2
113,20250124,113,11,6,25,748.65,6728.36,17003.75
114,20250110,114,16,2,4,1058.17,1872.88,5022.47
115,20250318,115,17,6,21,1232.49,3512.25,11984.86
116,20250321,116,2,1,7,194.21,9820.43,23745.32
117,20250927,117,9,3,1,785.31,2169.48,5037.12
118,20250623,118,14,5,2,1295.97,5054.34,14811.91
119,20251206,119,5,4,28,1199.17,3005.16,13227.93
120,20250818,120,17,4,12,1452.86,2690.54,5715.82
121,20250117,121,19,3,4,108.24,9493.22,37479.09
122,20250113,122,19,6,19,1118.45,4464.3,8960.73
123,20251009,123,8,5,11,365.45,1037.86,4857.97
124,20251013,124,8,3,3,594.58,4977.28,23704.06
125,20250608,125,18,6,9,1243.86,4389.82,21301.22
126,20250708,126,1,6,5,378.41,9491.46,41319.43
127,20250412,127,12,3,30,1126.15,7033.7,23658.76
128,20250912,128,11,1,20,104.14,5093.12,10420.84
129,20251206,129,17,5,11,524.02,8533.41,39849.42
130,20250723,130,1,5,23,765.17,5218.85,24502.14
131,20251215,131,13,1,23,1316.34,7761.27,35935.71
132,20251025,132,5,5,4,356.71,9763.97,18098.34
133,20250304,133,11,6,23,1239.86,9798.16,26088.0
134,20250926,134,18,1,28,1295.54,4097.88,18677.62
135,20250207,135,13,1,5,113.71,4478.62,17394.94
136,20250702,136,3,2,8,1443.18,6708.11,32765.29
137,20250613,137,12,5,19,1296.86,818.47,3361.1
138,20251007,138,15,1,28,140.12,6498.51,31740.24
139,20251013,139,1,4,11,214.15,9445.65,42226.43
140,20250918,140,13,3,29,608.64,9910.12,44738.11
141,20250624,141,17,5,7,677.28,2967.65,6371.24
142,20250708,142,10,6,13,434.7,8160.06,21784.69
143,20250227,143,12,4,19,146.66,9799.58,37120.32
144,20250409,144,15,3,25,110.63,4835.15,18770.35
145,20250610,145,1,5,16,1350.07,8970.51,20679.92
146,20250821,146,6,4,4,1235.17,5251.78,25609.52
147,20250411,147,10,3,27,515.82,4345.32,7572.63
148,20251119,148,14,1,5,888.52,2621.45,4906.71
149,20250812,149,16,5,26,1468.0,7582.51,34975.75
150,20250627,150,5,1,25,407.44,608.95,2786.2
151,20250208,151,14,3,27,1174.71,759.12,3665.99
152,20250927,152,2,3,12,1258.22,1271.68,2205.13
153,20250713,153,20,5,9,1325.28,602.9,1881.77
154,20250708,154,3,5,22,1003.09,3133.79,6804.76
155,20250324,155,17,6,9,976.45,1294.88,2314.46
156,20251107,156,14,1,30,1120.94,5054.05,17443.58
157,20250302,157,16,6,30,852.63,9803.01,26442.48
158,20251122,158,3,2,15,1124.2,4599.2,10126.32
159,20250526,159,8,4,29,593.05,8914.06,35829.3
160,20250803,160,19,4,21,604.65,8440.94,18712.64
161,20250606,161,14,2,20,732.53,8734.91,13701.44
162,20250323,162,4,2,14,1458.38,4870.29,15546.13
163,20250129,163,4,2,4,1129.36,2539.53,4342.69
164,20250824,164,4,6,6,1450.91,1390.74,6825.11
165,20251112,165,13,1,22,148.72,7966.19,19333.69
166,20251113,166,1,6,5,972.45,9018.93,24021.1
167,20250311,167,14,2,8,317.19,6741.63,12405.95
168,20250905,168,10,5,12,1342.04,1357.25,3342.79
169,20250108,169,14,2,27,443.71,9084.39,43128.02
170,20250113,170,3,2,12,1113.79,2998.88,12350.28
171,20250726,171,5,2,9,665.61,5995.26,13046.66
172,20250427,172,2,6,28,1407.68,5834.09,14121.83
173,20250725,173,7,2,11,144.82,8757.28,33922.78
174,20251226,174,11,3,11,1034.28,685.42,1828.22
175,20250719,175,17,5,26,984.96,3943.7,15473.05
176,20250221,176,13,5,28,420.67,6297.18,18105.57
177,20250311,177,13,2,19,1217.07,3182.16,14783.62
178,20250215,178,11,4,20,564.13,4051.99,19924.66
179,20251010,179,20,5,23,474.63,1211.2,3089.54
180,20250118,180,2,6,6,747.88,3172.27,10606.12
181,20251214,181,19,4,7,206.01,9009.02,37971.89
182,20250810,182,18,6,14,838.64,8681.12,37313.43
183,20250117,183,1,2,21,1392.68,2713.75,7581.02
184,20250515,184,7,5,17,392.88,1182.21,5436.39
185,20250715,185,15,4,11,1077.22,2573.24,6054.49
186,20250622,186,15,4,13,983.83,8033.59,15955.02
187,20251030,187,7,3,25,1445.48,2622.22,6720.45
188,20250115,188,14,4,7,1251.88,882.56,4376.25
189,20251015,189,20,2,13,545.06,1121.71,3975.57
190,20250823,190,1,5,6,778.86,6226.02,28393.18
191,20250216,191,4,1,21,425.01,5596.45,14540.22
192,20250330,192,19,3,4,171.21,9348.28,43208.23
193,20250420,193,20,3,9,570.33,1067.59,1818.12
194,20251028,194,19,6,29,464.96,7041.92,13367.45
195,20251002,195,14,2,25,303.41,1471.32,2665.64
196,20250403,196,13,1,13,1238.0,2933.52,8929.72
197,20250314,197,3,1,21,424.7,5091.58,9399.79
198,20250104,198,6,6,23,186.72,758.69,1673.34
199,20251219,199,9,3,30,327.82,634.03,2319.57
200,20250809,200,1,6,9,668.12,5155.53,18647.02
201,20250411,201,15,3,20,346.28,638.85,1396.63
202,20250930,202,3,4,3,900.57,965.26,1842.13
203,20251107,203,17,5,28,395.04,1222.13,3200.48
204,20251026,204,18,6,28,1421.08,2833.53,14108.71
205,20250830,205,6,5,13,259.1,6105.92,21089.59
206,20251116,206,14,1,24,938.27,5693.35,10780.51
207,20251216,207,13,1,13,628.88,9340.08,22827.16
208,20250529,208,1,3,3,885.28,1876.8,8851.11
209,20250505,209,2,4,11,1036.58,9162.4,35481.82
210,20250219,210,14,2,20,445.14,5707.94,15261.38
211,20250928,211,12,4,21,557.84,4268.41,11583.59
212,20250523,212,17,1,29,733.68,8864.46,20444.38
213,20250427,213,13,3,6,1434.6,8991.13,22087.04
214,20250908,214,12,6,11,1086.04,9377.78,30819.34
215,20250108,215,17,3,8,1348.94,7099.11,20624.89
216,20250722,216,8,6,11,1159.66,9182.92,33903.66
217,20250305,217,11,1,17,1034.77,2329.61,4995.71
218,20250127,218,18,3,1,918.66,4936.81,19969.19
219,20250730,219,16,6,7,284.78,8018.54,33652.67
220,20250822,220,20,6,8,787.0,867.41,4057.84
221,20250716,221,2,3,4,1445.75,9297.36,18072.88
222,20251220,222,19,4,3,1307.7,4980.17,8823.49
223,20250125,223,1,3,8,301.36,5272.2,22615.28
224,20250202,224,10,4,1,1431.03,592.49,1414.97
225,20250718,225,19,1,13,1108.68,7528.09,19365.19
226,20250421,226,8,3,26,404.98,3515.45,6157.83
227,20250317,227,14,1,7,1384.76,561.47,1621.95
228,20251218,228,13,3,11,700.12,5839.4,24138.78
229,20251101,229,15,4,15,1265.76,8748.73,25164.38
230,20250617,230,14,3,28,918.89,710.42,1483.68
231,20251002,231,7,5,12,750.73,8019.76,38096.61
232,20250622,232,18,6,13,254.5,5724.02,26341.31
233,20251015,233,19,6,14,431.58,8223.47,26460.5
234,20250228,234,10,2,3,1034.58,666.14,2698.63
235,20250817,235,11,5,28,930.18,6607.14,12009.72
236,20250729,236,4,6,29,570.36,4947.68,9191.27
237,20250815,237,4,4,29,374.03,6322.89,26009.73
238,20251224,238,10,5,13,1189.38,3562.3,5851.41
239,20250616,239,9,4,4,1111.12,3295.8,12404.44
240,20251108,240,13,4,30,1072.86,7586.39,21879.26
241,20251104,241,3,5,18,1396.3,5334.07,19788.94
242,20250706,242,13,6,16,676.97,8054.24,36470.55
243,20250713,243,20,3,3,174.21,7940.13,38913.76
244,20250810,244,9,5,11,468.6,7622.0,22700.92
245,20251127,245,14,2,18,923.16,9903.88,45308.77
246,20250213,246,1,1,22,1229.91,5541.03,21739.09
247,20250518,247,3,6,1,712.12,3948.03,15216.38
248,20250429,248,5,2,10,121.58,2189.46,10879.49
249,20250111,249,2,2,15,1390.48,7142.99,29329.27
250,20250614,250,11,2,2,236.57,7422.14,31544.49
251,20250115,251,7,3,9,1255.2,8645.58,15732.26
252,20250428,252,14,2,11,112.59,6276.18,30072.95
253,20250916,253,17,6,8,391.13,9198.77,33303.43
254,20250728,254,17,3,26,998.12,9567.12,39888.72
255,20250904,255,11,4,7,1289.11,4399.04,15326.36
256,20250308,256,13,5,1,108.22,1684.46,6270.38
257,20250619,257,10,2,23,196.61,8370.43,15970.57
258,20250209,258,4,5,16,327.65,1680.07,4421.21
259,20251112,259,2,4,14,769.4,1605.01,6941.89
260,20251106,260,6,3,17,561.1,8056.78,27140.96
261,20250804,261,16,2,14,1361.18,8299.33,21160.16
262,20250914,262,17,6,18,1388.43,8420.95,32904.38
263,20250622,263,12,1,14,1421.19,7245.86,15919.39
264,20250603,264,9,4,20,1049.86,636.92,1750.88
265,20250314,265,5,2,9,899.32,2300.31,8957.98
266,20250529,266,12,3,9,584.59,8065.16,16439.69
267,20250119,267,18,5,15,1122.33,6203.42,27958.26
268,20251207,268,5,3,7,347.84,7791.23,37306.1
269,20250924,269,13,5,14,935.88,4651.78,22117.53
270,20250114,270,5,4,6,327.9,5135.34,17093.02
271,20250130,271,13,2,12,755.53,9825.7,48214.03
272,20251220,272,7,3,21,628.83,3538.08,11170.44
273,20250430,273,5,4,17,301.24,5686.31,14263.88
274,20251120,274,9,3,17,1352.22,8119.24,37887.97
275,20250610,275,17,6,10,1296.52,6186.86,17305.52
276,20251108,276,13,4,12,260.98,715.22,3231.34
277,20250721,277,13,2,4,209.91,3002.25,8880.82
278,20251012,278,19,1,15,1028.21,1620.78,3972.22
279,20250121,279,18,4,9,661.06,9268.45,20666.27
280,20250420,280,2,1,12,962.41,5386.55,19016.04
281,20250521,281,19,3,5,217.53,3464.48,11886.55
282,20251113,282,17,2,27,1329.07,3978.59,15879.12
283,20250430,283,10,1,16,997.85,8790.95,13477.08
284,20250116,284,5,4,24,998.15,1575.74,6802.24
285,20250516,285,9,3,26,248.02,8068.64,32774.81
286,20251213,286,18,3,6,384.97,9977.2,40093.77
287,20250910,287,12,1,17,1434.82,1688.05,3360.8
288,20250710,288,11,1,20,498.08,7416.89,33232.27
289,20250913,289,12,1,5,597.54,6871.55,18214.7
290,20250101,290,20,5,4,462.64,2938.8,5757.42
291,20250301,291,7,4,7,582.01,9005.62,30344.32
292,20251128,292,4,2,20,968.23,8995.98,43537.28
293,20250910,293,8,1,2,726.98,7932.45,13690.74
294,20250204,294,13,5,27,949.24,3093.64,13816.24
295,20251107,295,12,6,18,161.56,3048.52,6652.31
296,20250519,296,17,2,24,341.59,9218.08,44050.8
297,20250204,297,19,4,12,670.22,2327.75,4495.56
298,20250414,298,15,1,19,437.91,5564.55,9052.31
299,20250818,299,15,1,1,1348.97,2170.36,7908.78
300,20251018,300,4,4,9,761.76,9250.31,22043.11
301,20250803,301,12,1,1,1014.46,4800.5,20099.32
302,20251213,302,17,4,22,395.47,1713.11,6747.35
303,20250522,303,6,1,13,128.12,1671.45,8088.36
304,20250308,304,10,2,24,1134.91,5964.54,9378.69
305,20250501,305,20,5,20,1311.14,9642.49,20541.13
306,20250716,306,18,6,23,345.37,1227.27,3530.86
307,20250120,307,10,1,12,298.16,8726.85,38168.41
308,20250519,308,19,1,14,1378.93,2784.01,4653.65
309,20251001,309,16,2,11,585.99,9836.21,44798.81
310,20250131,310,11,6,13,467.28,6285.58,15896.18
311,20250212,311,11,3,7,118.64,6666.52,29520.72
312,20250918,312,13,3,9,233.68,2795.86,10011.21
313,20250518,313,18,1,14,1009.76,5800.89,18013.45
314,20250108,314,10,2,21,1452.29,1823.72,4208.19
315,20250829,315,1,5,21,545.38,2740.15,11766.58
316,20250105,316,5,6,9,235.39,5673.46,18084.6
317,20250102,317,17,6,15,987.37,5398.9,10838.02
318,20250329,318,10,3,16,457.24,9876.48,17500.39
319,20250829,319,17,6,18,1134.51,802.13,3410.78
320,20250604,320,12,2,11,393.86,759.86,3643.74
321,20250110,321,2,6,24,1178.72,8477.59,29226.73
322,20250914,322,14,1,1,1146.31,6566.75,21037.91
323,20250428,323,13,6,8,1291.45,4504.59,17583.27
324,20250313,324,10,3,25,131.59,3410.85,7618.18
325,20251212,325,3,1,13,779.18,4988.54,10723.16
326,20250410,326,16,5,3,190.43,1847.33,8797.38
327,20250523,327,13,1,9,996.29,2693.21,10140.89
328,20251002,328,9,5,20,1423.78,9638.7,24558.06
329,20250128,329,3,3,26,714.2,8594.03,17817.83
330,20250109,330,16,2,13,1319.43,7929.0,38886.38
331,20250319,331,8,4,8,1157.16,4637.86,15807.25
332,20251018,332,1,3,15,1412.05,749.07,1239.17
333,20250120,333,8,5,20,184.43,1810.57,3176.31
334,20250617,334,4,4,15,263.12,3671.22,8596.66
335,20250914,335,15,6,24,1020.86,3384.36,11466.05
336,20251218,336,19,3,4,677.39,1374.8,3513.57
337,20250601,337,12,3,22,565.84,6000.49,18252.37
338,20251219,338,9,5,28,1449.48,595.74,1307.17
339,20250627,339,9,4,22,490.63,8666.84,16830.63
340,20250524,340,3,1,17,250.96,5215.0,19111.67
341,20250531,341,11,6,16,1196.14,3243.5,5972.13
342,20250110,342,11,1,27,1167.13,2284.32,10260.03
343,20250404,343,8,1,3,760.13,5286.01,18595.0
344,20250119,344,8,4,1,831.77,3028.95,8149.48
345,20250809,345,16,2,19,938.24,3969.92,14522.28
346,20251210,346,2,4,13,1082.79,3631.92,16961.39
347,20250205,347,13,5,21,983.64,1079.62,5281.27
348,20251124,348,4,1,9,122.42,3585.57,11001.09
349,20250701,349,5,2,2,1499.95,2771.56,9836.11
350,20250327,350,12,6,7,233.09,3518.16,7293.24
351,20250106,351,5,1,8,1211.28,8834.5,32873.64
352,20250302,352,19,3,28,1116.25,5864.63,19017.16
353,20251029,353,20,5,17,193.72,2852.73,11636.23
354,20251016,354,1,1,20,143.86,5328.19,13094.95
355,20250427,355,14,6,9,1252.86,2572.74,5487.85
356,20251008,356,4,1,8,460.51,8685.89,17271.95
357,20250404,357,10,6,26,941.32,1644.45,7569.44
358,20250901,358,1,6,29,1201.78,1736.91,3448.81
359,20250609,359,13,1,8,144.61,7635.04,31279.65
360,20250529,360,19,3,29,461.42,5596.23,10552.87
361,20250510,361,11,3,30,311.59,6148.3,30005.27
362,20250421,362,3,4,4,1489.22,8615.67,27811.91
363,20250614,363,11,1,7,753.61,8412.03,19469.31
364,20250124,364,1,3,12,1132.99,3939.34,10906.17
365,20251207,365,20,6,8,305.87,8793.9,17156.42
366,20250320,366,16,6,2,1112.4,4079.12,8018.06
367,20250205,367,13,4,2,507.69,8540.51,28071.26
368,20251013,368,6,1,10,215.47,7498.74,25133.63
369,20250814,369,13,1,11,654.61,8883.99,30529.77
370,20251120,370,16,1,13,550.39,7193.73,30851.78
371,20250506,371,18,6,8,1079.42,5335.6,24918.14
372,20250322,372,3,4,13,1165.45,919.92,3145.67
373,20250122,373,1,6,20,674.62,1785.77,8095.37
374,20251226,374,6,5,8,614.38,5246.32,21554.91
375,20250424,375,6,4,15,335.63,1357.31,4489.12
376,20251024,376,7,3,30,605.61,9420.53,40318.07
377,20251021,377,10,5,14,1103.95,7738.1,20864.98
378,20250430,378,16,5,6,100.39,5433.27,14892.76
379,20250527,379,13,4,7,1415.8,4097.84,17913.9
380,20251007,380,3,4,11,529.72,3481.27,6687.02
381,20250514,381,14,4,1,1126.35,6463.84,30135.94
382,20250525,382,7,2,18,487.25,2060.22,7839.29
383,20250509,383,1,2,11,933.52,6426.76,17892.68
384,20250620,384,9,5,29,890.11,2555.21,6682.51
385,20250802,385,15,6,25,640.3,6827.77,23497.41
386,20250114,386,5,5,19,1124.8,7004.45,30781.93
387,20250319,387,11,4,1,1462.03,6091.58,15461.53
388,20250402,388,16,4,7,1098.62,8511.29,37417.97
389,20250730,389,13,1,10,1062.68,4849.07,15260.75
390,20250311,390,2,3,13,1019.63,6151.16,15223.28
391,20250920,391,16,4,4,377.8,660.91,1637.01
392,20250711,392,14,2,21,545.77,6581.76,12761.64
393,20250529,393,19,2,9,121.8,1144.3,5408.35
394,20250404,394,6,6,12,316.17,5873.4,27769.06
395,20250321,395,14,2,2,1207.05,6498.96,16567.76
396,20250726,396,17,3,2,116.29,6825.94,16715.29
397,20250815,397,20,5,6,856.66,5825.56,13980.12
398,20250730,398,18,3,26,144.03,5964.97,12682.74
399,20250115,399,18,6,1,725.51,3177.37,7205.14
400,20250808,400,14,6,15,1074.16,2935.58,8095.13
401,20250605,401,20,3,25,425.7,3535.9,15085.23
402,20251006,402,11,6,21,715.81,7792.91,32194.51
403,20250812,403,17,1,30,631.47,725.13,2057.19
404,20250330,404,10,4,21,1435.16,7645.95,24621.04
405,20250426,405,7,6,11,1134.29,688.19,2366.21
406,20250602,406,13,5,20,735.32,9965.78,46939.14
407,20250502,407,9,5,1,867.88,2295.27,9185.53
408,20250708,408,1,6,21,1037.77,7237.22,23735.16
409,20250907,409,16,3,12,810.62,8538.23,27240.93
410,20251006,410,18,1,25,912.94,7563.0,35262.53
411,20251222,411,2,2,8,126.96,8356.46,29629.31
412,20250529,412,9,1,30,1404.56,2647.24,6179.44
413,20250918,413,9,1,12,513.31,1149.42,4741.39
414,20250202,414,20,1,12,898.48,6509.36,15101.61
415,20250927,415,5,5,25,1283.46,6888.87,27649.89
416,20250407,416,19,1,21,1117.98,4449.75,11280.36
417,20250822,417,20,1,29,1171.32,3397.95,5286.2
418,20251124,418,18,5,25,1166.95,535.52,2231.56
419,20250825,419,7,3,10,366.93,3095.78,10948.7
420,20250911,420,14,1,24,627.85,8318.04,25803.16
421,20250825,421,14,3,29,425.93,7629.39,28319.89
422,20250814,422,20,5,3,285.66,6199.38,29595.71
423,20250602,423,11,2,6,591.26,5510.56,8952.08
424,20250909,424,19,5,29,385.45,6566.72,10020.64
425,20251205,425,4,5,30,1051.52,6073.56,30267.62
426,20250812,426,5,5,22,249.49,5826.95,19913.86
427,20251031,427,7,3,5,1476.5,5594.28,8484.16
428,20250707,428,4,5,4,558.17,7354.36,32476.74
429,20250416,429,16,2,15,1188.34,1833.47,7733.41
430,20250816,430,3,3,2,1017.64,6772.61,13810.58
431,20250910,431,9,3,1,1480.31,7181.4,11099.43
432,20251111,432,13,1,11,913.08,2288.73,5146.29
433,20251115,433,8,4,26,1342.87,2052.9,8488.61
434,20250309,434,5,4,18,1134.25,9546.53,36197.75
435,20250612,435,14,1,26,682.01,1484.91,4894.58
436,20250321,436,8,5,16,327.63,7524.96,19338.22
437,20250527,437,6,6,9,1326.73,7199.54,26045.61
438,20250111,438,18,3,19,132.35,3715.83,12024.62
439,20250807,439,20,3,23,1225.1,4814.99,16833.95
440,20250119,440,8,5,2,641.72,8816.79,14450.61
441,20250505,441,12,1,2,1059.43,1470.05,3826.01
442,20250715,442,13,4,27,1289.17,8299.34,18442.35
443,20250908,443,9,3,12,1491.87,8937.96,19894.48
444,20250130,444,18,5,6,720.21,9954.0,39461.59
445,20250408,445,17,5,22,946.0,3650.68,15863.81
446,20250729,446,8,6,6,1004.72,6237.49,27953.13
447,20250210,447,14,1,24,139.11,2363.84,8390.82
448,20250422,448,8,3,6,891.35,5515.37,12648.35
449,20250209,449,17,2,24,428.1,9329.65,17637.59
450,20251107,450,10,5,10,938.64,4344.84,21663.11
451,20250628,451,16,3,27,873.16,7756.27,24631.07
452,20251104,452,18,1,8,1136.22,5031.09,10147.99
453,20250920,453,5,3,30,1472.3,9069.67,44199.44
454,20250402,454,18,6,26,597.28,629.93,2786.97
455,20250130,455,5,1,19,534.38,1386.41,5138.62
456,20250917,456,2,4,15,1176.82,5070.64,24210.79
457,20251107,457,5,5,25,1216.54,4634.06,7863.63
458,20251211,458,1,3,6,1231.81,1006.19,2924.04
459,20251218,459,2,6,19,642.29,7088.2,31086.63
460,20251016,460,5,3,30,933.76,8977.45,25690.09
461,20250615,461,7,3,23,947.79,7509.28,20242.06
462,20250211,462,5,3,9,562.84,5105.91,11324.23
463,20250402,463,9,2,29,1122.12,4496.4,15530.38
464,20250701,464,20,6,26,1498.82,8309.92,35315.62
465,20250414,465,7,5,30,524.5,687.02,2740.78
466,20250602,466,7,5,26,416.24,8962.31,18995.33
467,20250626,467,12,1,11,841.43,7000.74,33859.09
468,20250914,468,13,4,11,785.85,1817.89,8370.38
469,20250803,469,20,2,29,1273.54,3867.21,17573.05
470,20250525,470,9,4,10,1402.26,7005.99,29414.95
471,20250721,471,16,2,16,235.94,9819.33,23924.72
472,20250205,472,15,2,14,1409.49,610.32,2645.81
473,20250518,473,7,6,3,957.57,8208.62,12848.98
474,20250608,474,1,2,12,398.8,6454.57,24230.04
475,20250111,475,9,2,29,1180.69,3996.18,17818.91
476,20251122,476,4,4,24,498.43,703.29,2933.1
477,20250810,477,16,2,20,1190.6,3892.35,18181.79
478,20250427,478,10,1,8,872.26,2448.34,7807.11
479,20250922,479,15,4,9,281.55,1739.1,5315.09
480,20250529,480,15,5,8,783.94,7416.85,33964.01
481,20250526,481,6,1,26,1093.1,3760.29,8162.61
482,20250930,482,4,1,1,661.45,1908.98,4797.81
483,20250413,483,12,1,27,1390.5,1981.44,9006.11
484,20250120,484,14,3,10,354.06,568.44,1143.54
485,20250716,485,15,2,22,908.13,2277.44,10344.15
486,20250717,486,7,1,2,1477.61,7679.27,30534.42
487,20251005,487,17,4,15,965.89,1278.09,2064.31
488,20250314,488,12,5,17,1273.76,4892.6,22971.81
489,20251022,489,19,1,9,582.78,8803.62,18074.14
490,20250527,490,11,2,7,652.24,5104.29,20370.18
491,20251031,491,18,1,4,945.73,9638.79,19899.7
492,20250806,492,19,5,7,365.15,3167.37,6554.14
493,20251218,493,6,4,19,469.01,2927.65,13141.94
494,20250321,494,10,1,22,1108.3,7855.05,12406.84
495,20251201,495,1,6,7,131.22,3667.41,11865.73
496,20250317,496,8,4,12,1423.55,6809.31,14286.18
497,20250818,497,8,5,10,1026.87,9809.89,21430.89
498,20251215,498,10,5,11,276.15,8876.75,33590.47
499,20251210,499,19,2,22,356.44,6090.7,27866.96
500,20251121,500,6,3,22,477.55,7490.22,11630.89
501,20250610,501,5,1,2,1186.09,6230.92,11704.87
502,20250410,502,11,6,30,1274.52,4857.13,12210.1
503,20251106,503,7,1,8,1069.05,6116.74,14572.34
504,20250729,504,4,6,27,894.49,2220.04,9411.61
505,20250124,505,18,3,23,361.35,1429.54,2552.85
506,20250714,506,3,3,9,495.8,4178.24,19031.96
507,20250322,507,11,4,27,1379.35,8394.68,25847.15
508,20250506,508,4,4,24,173.34,6759.32,11144.16
509,20250721,509,10,1,13,1453.0,4016.46,6288.9
510,20251115,510,3,1,4,698.95,2386.15,9239.3
511,20250818,511,3,1,7,1462.64,2576.54,10258.67
512,20250103,512,17,1,17,528.95,3169.06,15618.11
513,20250103,513,12,2,16,1213.35,1156.88,3939.62
514,20251231,514,7,3,27,1379.37,9801.21,19835.77
515,20250424,515,12,1,18,687.62,2847.26,13120.84
516,20250313,516,2,1,13,968.4,1780.95,5296.1
517,20250120,517,16,5,10,334.54,5095.47,18086.13
518,20250309,518,2,1,13,591.63,3018.7,14180.94
519,20250116,519,12,4,14,1235.26,3394.41,11010.3
520,20251028,520,7,4,6,851.6,1840.5,6335.29
521,20250430,521,7,3,4,1309.82,8829.2,40310.67
522,20250130,522,12,2,30,1092.07,8943.89,31989.29
523,20250511,523,12,4,1,324.79,6772.84,16205.76
524,20251024,524,8,6,21,986.66,8560.42,39264.53
525,20250712,525,3,1,27,642.35,5433.51,10926.43
526,20251227,526,9,4,7,1402.74,852.63,2366.62
527,20251207,527,8,2,26,939.48,8922.6,20769.04
528,20251011,528,13,3,11,1479.35,1539.17,4816.86
529,20251214,529,7,2,23,1198.25,5952.36,18729.98
530,20250113,530,19,4,14,1141.89,1048.17,3541.24
531,20251224,531,14,3,22,1344.58,1311.17,4238.58
532,20250521,532,19,3,12,814.46,8334.03,14771.97
533,20251004,533,17,4,3,1005.63,7094.71,17552.97
534,20251231,534,9,6,17,332.43,8522.6,29529.89
535,20250102,535,9,1,27,134.3,8767.21,29692.68
536,20250109,536,9,3,3,1037.77,3816.15,16694.24
537,20251217,537,14,3,14,1491.2,8912.12,26006.71
538,20250805,538,8,2,21,1297.98,4766.98,16804.75
539,20250819,539,10,4,16,272.28,3645.27,5597.38
540,20250719,540,16,5,20,1437.86,2973.7,13200.0
541,20250310,541,6,4,15,560.85,6401.15,11534.12
542,20250722,542,7,3,9,747.45,8642.64,28017.64
543,20250315,543,1,3,25,488.91,1398.36,3403.67
544,20250825,544,4,2,27,1395.0,4522.11,18929.08
545,20250203,545,19,6,14,596.56,6887.2,23859.83
546,20250829,546,11,5,11,1136.31,3614.14,17738.94
547,20250919,547,8,1,30,1296.34,9007.39,22800.1
548,20250228,548,20,4,12,499.19,7392.73,30241.31
549,20251022,549,6,5,7,423.05,6088.5,30148.16
550,20250117,550,15,6,13,615.94,6724.01,23965.13
551,20250215,551,3,4,14,425.84,7274.88,28822.62
552,20250205,552,8,3,19,348.31,5824.29,25331.17
553,20250816,553,3,1,10,1042.04,8913.75,43623.89
554,20251107,554,9,6,2,1380.57,8158.58,27304.71
555,20250116,555,18,6,5,1305.13,8302.84,33474.29
556,20250602,556,1,5,12,314.56,3971.8,18412.66
557,20250607,557,19,3,26,637.19,2445.35,9377.43
558,20251107,558,14,6,3,469.84,4952.6,18907.42
559,20250217,559,6,2,23,1138.4,3367.16,13024.24
560,20251021,560,13,6,13,670.42,6570.36,12341.27
561,20250712,561,16,4,8,241.21,1610.07,3940.25
562,20250213,562,17,2,15,708.82,7108.07,34536.86
563,20250719,563,20,3,22,293.15,2655.13,6224.97
564,20250213,564,8,2,26,615.15,8183.27,30901.33
565,20250421,565,16,1,8,1058.02,1441.26,2804.66
566,20250731,566,6,1,14,1138.1,9314.53,32986.6
567,20251028,567,14,2,23,1492.22,1334.83,4372.95
568,20251117,568,6,3,5,305.16,9616.6,27194.28
569,20250510,569,10,5,29,1154.86,9868.43,42560.78
570,20251010,570,16,3,25,848.93,6406.19,15268.07
571,20251012,571,7,5,28,1374.63,2209.38,5559.53
572,20250416,572,8,6,19,523.82,6435.91,17913.52
573,20250901,573,4,1,1,1456.57,1733.47,8240.31
574,20251113,574,13,4,17,478.0,6574.84,15915.54
575,20250320,575,5,5,11,1451.55,1922.2,4219.04
576,20250321,576,9,6,6,381.06,6259.7,28866.63
577,20250909,577,16,2,27,1137.01,3380.9,9566.4
578,20250327,578,7,6,12,1277.19,1497.91,6620.1
579,20250930,579,11,6,24,785.87,7281.69,35888.67
580,20251031,580,5,5,19,427.38,4401.35,11160.55
581,20250823,581,17,3,12,761.04,3392.88,12278.62
582,20250109,582,13,2,1,1445.81,7771.84,30108.27
583,20250219,583,12,4,21,450.65,5155.5,22264.46
584,20250622,584,11,4,27,163.29,5980.29,28525.37
585,20251012,585,6,1,30,1195.48,6475.57,19337.39
586,20250603,586,17,3,28,1465.11,4930.41,21561.79
587,20250903,587,12,6,6,412.15,624.76,938.05
588,20250529,588,18,1,25,431.35,7564.41,24954.49
589,20251117,589,16,5,6,647.36,2909.77,9800.51
590,20250704,590,8,3,28,827.22,3639.35,5748.22
591,20250106,591,15,2,29,1333.68,1333.71,2218.3
592,20251101,592,2,3,26,664.75,8732.41,16178.99
593,20251116,593,14,4,4,433.95,4388.81,7674.55
594,20250624,594,16,4,13,1284.66,2174.63,8566.3
595,20250406,595,7,2,17,1258.26,1295.99,4150.51
596,20250131,596,19,6,11,1188.82,3476.55,7121.55
597,20250519,597,6,3,11,316.8,6920.3,16637.23
598,20251231,598,19,5,12,679.44,6505.98,10734.72
599,20250307,599,11,3,17,260.11,1204.73,3950.77
600,20250702,600,6,6,29,598.06,5117.14,24881.48
601,20250823,601,6,1,21,1168.91,6968.46,17676.39
602,20250714,602,4,4,23,1205.55,1432.78,2740.54
603,20250110,603,9,2,30,829.99,4163.28,8506.5
604,20250907,604,19,1,21,1308.05,3979.28,11645.61
605,20250412,605,8,3,19,340.49,9291.54,26455.84
606,20250321,606,10,3,14,790.84,2570.66,8042.65
607,20250508,607,14,4,25,691.56,6045.43,11222.18
608,20250929,608,13,6,26,160.15,1971.98,7796.55
609,20251013,609,14,3,27,491.58,6815.3,27724.18
610,20250310,610,14,1,8,1471.3,8615.72,42580.08
611,20250622,611,15,5,6,1115.7,6877.84,23511.43
612,20250310,612,11,5,2,1148.06,2463.82,5695.39
613,20250804,613,8,2,9,166.73,9215.14,16004.7
614,20251024,614,11,2,19,1386.96,6019.93,23091.89
615,20250117,615,5,6,20,1354.39,9407.82,32284.67
616,20250816,616,14,5,25,1418.65,4445.16,8267.82
617,20251127,617,6,2,11,792.95,4623.75,13282.65
618,20250314,618,17,1,13,676.68,3913.98,7405.86
619,20250331,619,15,1,9,492.9,1593.35,3700.68
620,20250805,620,12,1,10,1316.0,4924.5,21053.88
621,20251209,621,16,1,4,1427.44,9983.96,19445.55
622,20250705,622,15,6,8,137.93,2702.07,9805.52
623,20251106,623,20,3,9,1282.96,6448.76,19317.75
624,20250711,624,8,2,28,663.05,1414.26,4927.14
625,20250216,625,12,2,28,946.18,9257.35,43992.45
626,20251223,626,18,2,7,786.5,9777.52,39978.04
627,20251003,627,9,4,26,1487.13,760.26,2033.95
628,20250710,628,2,2,11,634.97,1971.42,4622.54
629,20250412,629,20,1,13,1202.96,8049.25,26590.05
630,20250709,630,11,2,1,224.14,3147.71,14633.24
631,20250517,631,19,2,2,584.77,2827.13,5869.5
632,20251120,632,10,4,9,576.58,5861.91,27195.98
633,20250908,633,19,3,11,549.71,3247.7,7921.11
634,20250325,634,20,6,29,1178.97,7620.64,21505.45
635,20251005,635,10,3,9,296.18,9777.79,41660.52
636,20250907,636,13,5,20,166.74,6392.74,24051.76
637,20250707,637,14,5,22,1194.83,4719.07,11255.84
638,20251211,638,18,1,9,1374.92,7480.83,19951.75
639,20250806,639,15,6,21,993.96,9574.66,19908.29
640,20250123,640,6,3,15,828.59,3050.17,10585.11
641,20250811,641,11,4,30,190.35,8858.86,36248.5
642,20250214,642,1,1,24,1131.7,9597.69,20735.5
643,20250116,643,6,3,12,844.41,800.15,2086.83
644,20250921,644,6,6,30,1074.35,3855.12,18113.69
645,20250908,645,15,3,21,1468.86,5495.31,13252.34
646,20250303,646,16,2,23,125.88,9240.11,26829.12
647,20251207,647,8,1,29,1403.21,9543.15,29078.01
648,20251222,648,4,3,1,228.53,9115.77,14064.99
649,20250427,649,11,4,29,731.55,5849.18,9882.85
650,20251002,650,1,4,1,735.55,1610.93,6002.17
651,20251110,651,10,4,21,297.55,9864.52,42896.75
652,20250526,652,7,5,23,401.9,8436.76,32129.95
653,20251119,653,5,5,6,205.68,7688.31,21108.35
654,20250508,654,14,5,22,925.23,2058.53,8933.23
655,20250301,655,15,1,12,1337.23,6056.68,9797.97
656,20250203,656,19,6,8,1152.49,5526.05,17886.9
657,20250223,657,19,3,30,671.47,1615.08,2852.91
658,20250905,658,4,3,15,1434.57,5253.53,8694.73
659,20250825,659,17,6,10,1365.67,7383.16,21700.49
660,20250308,660,11,2,6,962.38,673.66,3053.01
661,20250722,661,5,4,21,172.78,4106.98,10871.6
662,20250821,662,7,6,21,1226.93,3000.47,11488.49
663,20250404,663,9,5,14,738.77,8796.19,30554.43
664,20251014,664,13,5,8,461.72,9716.81,31908.23
665,20251007,665,6,5,16,658.47,7448.86,16930.92
666,20250320,666,12,3,29,1212.29,7278.11,18529.28
667,20250718,667,1,4,10,300.09,4255.31,18566.45
668,20251016,668,3,3,29,1091.0,9539.96,15488.01
669,20250623,669,19,2,2,1368.69,8383.93,27796.31
670,20250718,670,18,1,3,454.03,9018.79,26017.1
671,20250726,671,19,3,8,630.1,5868.74,12307.82
672,20250513,672,20,2,18,461.27,1091.16,3402.34
673,20251207,673,13,6,12,1407.82,1170.63,3736.15
674,20250419,674,3,3,20,207.26,4430.41,13347.5
675,20250606,675,17,5,25,1285.64,5502.04,18901.8
676,20250713,676,6,4,6,922.89,3584.75,5915.75
677,20251119,677,12,5,1,364.92,1719.72,3403.05
678,20250724,678,15,4,17,537.37,9412.58,18668.32
679,20250606,679,18,4,12,1409.48,5036.02,21986.37
680,20250616,680,17,1,20,639.57,6566.79,22723.52
681,20251201,681,15,6,19,1485.0,4549.74,10805.97
682,20250525,682,1,1,1,737.85,5158.4,17432.37
683,20250701,683,11,4,29,1095.16,3850.58,19229.05
684,20250122,684,5,2,18,1415.55,2680.84,10282.64
685,20250424,685,18,4,16,1333.62,4648.45,20756.63
686,20250419,686,8,4,14,1187.92,7778.41,16828.04
687,20250827,687,8,6,2,185.04,6186.57,26553.89
688,20250713,688,2,3,13,909.61,2413.1,3657.62
689,20250129,689,19,5,4,880.26,7979.38,24997.85
690,20251203,690,18,4,9,1192.11,5071.33,22148.73
691,20250821,691,13,4,10,587.72,9546.92,20702.01
692,20250909,692,15,2,26,797.77,3950.43,7193.8
693,20250106,693,7,3,19,344.72,6109.63,12974.69
694,20250211,694,17,4,10,190.41,6273.2,21684.69
695,20250216,695,10,6,23,1485.74,4447.94,20055.13
696,20251006,696,6,6,2,1224.01,6933.76,30033.12
697,20251127,697,1,3,24,846.05,2223.49,10436.87
698,20250725,698,16,3,23,1290.68,9576.16,24331.9
699,20251127,699,16,2,25,987.62,2907.81,6050.66
700,20251022,700,19,6,21,416.44,1647.33,5459.52
701,20250429,701,3,1,17,1468.03,9498.34,27966.5
702,20250608,702,20,1,9,442.77,8506.67,30784.67
703,20250720,703,15,1,19,367.63,8930.78,19130.57
704,20250216,704,1,3,30,1326.94,1860.42,6890.55
705,20250925,705,6,2,7,1407.88,8300.17,20162.68
706,20250124,706,2,2,28,1158.69,6598.92,19376.02
707,20250401,707,13,3,22,292.77,6944.01,14261.15
708,20250204,708,20,3,13,290.08,5039.25,7705.03
709,20250713,709,12,1,10,1147.36,1781.62,3237.57
710,20250821,710,6,2,24,1017.06,9130.41,34564.23
711,20250729,711,7,5,5,457.79,2180.26,9233.75
712,20251124,712,19,2,20,911.86,5028.15,9438.51
713,20250316,713,7,1,9,1354.75,6360.85,22057.58
714,20251203,714,20,5,6,608.26,7678.82,28730.57
715,20250309,715,2,1,15,1319.44,5753.9,15261.24
716,20250228,716,11,3,25,1088.21,2597.67,12005.14
717,20250525,717,10,5,3,1432.2,5335.92,21878.5
718,20250327,718,20,1,14,596.4,7018.64,27952.9
719,20250417,719,12,3,7,1430.91,7880.15,22853.71
720,20250527,720,11,6,30,624.19,6451.16,13518.03
721,20250831,721,6,2,7,1174.78,7133.87,24407.15
722,20250222,722,4,3,20,176.49,8957.24,32683.92
723,20250104,723,20,4,21,101.51,8774.22,22924.21
724,20250920,724,7,6,5,1262.99,9479.49,20112.92
725,20251021,725,14,3,5,392.97,1172.76,5783.09
726,20251222,726,10,5,11,592.76,3017.58,8168.51
727,20250612,727,3,1,7,552.09,2781.51,6635.26
728,20251007,728,6,1,25,974.79,3572.35,12895.16
729,20251109,729,10,3,24,786.25,5925.21,24152.69
730,20250927,730,14,3,7,888.32,6944.88,28833.86
731,20251215,731,7,3,9,1089.93,1363.47,4460.71
732,20250331,732,16,5,28,745.2,2580.4,9436.94
733,20251117,733,7,3,3,1259.27,1047.69,2127.91
734,20250720,734,7,3,23,608.87,5200.14,17794.37
735,20251010,735,9,2,2,890.98,8242.05,21064.68
736,20250104,736,2,2,9,467.41,2376.9,4066.08
737,20251007,737,7,2,5,671.76,9908.36,23186.32
738,20250813,738,3,5,20,705.31,1881.84,7466.82
739,20250126,739,10,6,26,426.53,2639.15,6029.6
740,20250602,740,2,5,3,314.81,4598.36,20041.34
741,20250701,741,4,2,21,346.75,959.26,2919.54
742,20250912,742,12,4,26,217.87,7961.48,36247.54
743,20250217,743,8,6,1,868.49,4974.63,24594.81
744,20251117,744,18,6,7,760.37,4960.54,8243.12
745,20250109,745,3,6,26,735.02,6437.87,17283.38
746,20251123,746,5,2,1,755.05,4798.59,23586.39
747,20250131,747,10,6,30,629.9,8561.49,32063.09
748,20250521,748,9,4,3,1345.92,5455.7,25067.64
749,20251109,749,3,1,22,380.32,2996.37,9722.42
750,20250616,750,20,5,22,550.52,2801.76,8384.32
751,20251124,751,13,5,30,1263.48,6944.88,33202.51
752,20251020,752,1,1,20,456.66,8140.93,24318.14
753,20250525,753,3,1,15,788.44,8860.5,40459.55
754,20250509,754,17,4,20,870.86,6770.18,14092.51
755,20251204,755,13,4,4,258.43,2258.35,7433.26
756,20250502,756,9,4,29,1384.96,5647.11,23841.61
757,20250504,757,17,5,19,316.31,7840.36,29657.15
758,20250705,758,7,1,7,539.02,5535.25,9053.26
759,20250830,759,19,6,2,801.26,7671.76,18587.01
760,20250316,760,8,5,6,906.39,7200.72,31988.09
761,20250604,761,1,3,14,1192.49,6693.26,26787.99
762,20250611,762,3,2,27,1237.23,1312.03,3914.37
763,20250612,763,14,6,2,296.78,5807.73,24519.88
764,20251126,764,3,3,29,592.67,2166.9,3367.82
765,20250326,765,7,5,23,1273.14,3726.66,7753.6
766,20251127,766,4,6,18,243.69,1496.81,4064.73
767,20250804,767,17,2,15,233.48,2290.74,4743.64
768,20251115,768,5,4,12,843.69,5552.14,18285.76
769,20251017,769,6,6,9,1126.8,5693.62,27547.7
770,20250117,770,3,5,5,277.48,2850.56,13753.95
771,20250406,771,1,1,25,898.51,8761.36,37799.86
772,20251024,772,7,2,9,1491.89,1104.7,3745.36
773,20250530,773,19,5,22,1474.33,6264.94,21721.78
774,20250310,774,1,3,9,587.59,4165.6,12981.71
775,20250822,775,3,6,17,623.48,3245.85,6906.78
776,20250815,776,15,3,16,305.45,8606.52,38359.61
777,20250123,777,4,1,20,897.16,7802.95,18967.11
778,20250917,778,2,3,28,1486.44,5183.0,25771.28
779,20251009,779,2,6,13,256.14,3448.2,9030.1
780,20250812,780,6,6,8,1063.02,5696.83,10561.12
781,20250914,781,5,6,5,1129.22,5361.98,11916.31
782,20251129,782,10,4,19,998.45,8324.25,41216.71
783,20250722,783,19,6,24,433.94,5831.44,21358.56
784,20251008,784,2,6,6,555.12,3912.6,13727.38
785,20250521,785,20,1,7,780.62,2705.94,7232.4
786,20251109,786,13,3,22,683.51,5464.91,19835.78
787,20250820,787,3,1,24,469.09,1621.69,3973.85
788,20250617,788,17,4,1,1382.12,4032.37,10595.27
789,20250926,789,8,1,25,614.41,5752.26,19709.53
790,20250110,790,1,4,14,634.6,3656.35,17044.84
791,20250915,791,5,6,21,715.48,6940.0,20702.74
792,20251023,792,16,5,22,507.24,2615.49,12447.24
793,20250219,793,5,2,9,912.68,8961.05,14701.3
794,20251029,794,12,6,16,578.13,5007.36,15532.44
795,20250925,795,12,5,22,1136.62,9736.8,27722.83
796,20250629,796,20,3,3,157.84,5868.25,13779.45
797,20250220,797,10,5,10,1370.69,7196.44,24962.73
798,20250611,798,18,2,14,1446.54,5851.21,28641.57
799,20250929,799,10,5,28,1325.68,7943.25,17143.12
800,20250306,800,18,1,21,1376.13,827.87,1461.09
801,20250710,801,4,3,13,262.95,6595.96,26033.16
802,20250218,802,1,6,24,1106.14,8564.61,14518.64
803,20250926,803,8,2,24,1114.62,9577.02,39958.49
804,20251121,804,19,2,27,1422.13,6753.29,16981.14
805,20250728,805,12,5,26,510.24,6000.21,16385.83
806,20250419,806,16,3,24,906.7,8192.5,33415.9
807,20250515,807,13,5,20,483.56,1007.43,3100.85
808,20250411,808,10,2,4,932.6,7325.27,24440.31
809,20250724,809,5,4,24,1434.79,3523.99,13937.39
810,20250915,810,18,2,30,777.09,4954.06,8378.51
811,20250502,811,6,4,15,235.41,8999.77,44153.28
812,20250806,812,4,4,30,531.29,8932.81,16747.7
813,20250725,813,20,4,27,509.83,641.29,2980.4
814,20251121,814,12,4,25,920.69,1088.9,5197.7
815,20250616,815,16,2,27,555.15,6926.1,23616.02
816,20251224,816,3,5,7,373.16,9899.48,27015.22
817,20250224,817,5,5,1,1089.25,4162.51,19601.27
818,20251214,818,16,1,16,716.78,8658.51,26476.62
819,20250214,819,16,4,20,536.45,9133.27,38138.72
820,20250626,820,5,5,12,365.31,2459.98,11157.28
821,20250714,821,20,4,20,1400.29,8473.99,34486.05
822,20250827,822,6,1,14,399.88,1747.19,7681.97
823,20251103,823,1,3,23,570.29,6421.92,18401.7
824,20250918,824,8,5,10,622.95,1027.85,2898.13
825,20250524,825,2,6,27,1220.41,1080.3,3521.75
826,20250912,826,3,1,12,1499.12,2453.65,10392.65
827,20251102,827,13,6,20,242.27,2145.8,9824.98
828,20250821,828,18,4,11,181.43,3053.96,10342.46
829,20250312,829,12,4,23,500.2,4933.65,17525.63
830,20250925,830,16,6,30,402.3,2694.57,12822.98
831,20250523,831,13,5,25,351.01,6976.5,23105.03
832,20250313,832,11,3,6,230.38,7541.75,22914.64
833,20250514,833,18,6,8,1471.22,5343.64,10307.12
834,20250730,834,8,6,20,382.04,4527.16,19403.89
835,20250830,835,18,5,17,1184.6,9507.14,44033.32
836,20251113,836,8,2,3,343.1,7556.86,26945.03
837,20250811,837,7,2,29,922.76,7852.73,35207.33
838,20250628,838,8,5,23,1134.33,2384.23,7657.2
839,20250505,839,19,3,13,1136.01,2418.76,4769.99
840,20250513,840,6,3,19,205.35,5615.99,21326.12
841,20250902,841,14,5,28,648.72,7449.42,19647.65
842,20250225,842,8,3,18,1121.93,2343.26,7508.43
843,20250727,843,20,6,9,1230.25,9564.25,29743.84
844,20250305,844,7,5,24,131.99,7070.91,19789.14
845,20251215,845,10,3,8,578.45,8443.42,28157.36
846,20250505,846,10,4,8,196.73,2062.13,9725.65
847,20250319,847,18,6,26,202.28,2286.18,5800.76
848,20250814,848,15,2,6,1006.76,5153.59,12736.37
849,20250801,849,12,3,5,854.28,2126.16,4876.41
850,20251120,850,3,3,27,1121.85,2325.46,7278.34
851,20250421,851,18,1,28,726.04,9346.93,42177.79
852,20250812,852,9,1,12,216.07,1723.57,2869.21
853,20250820,853,9,6,8,826.21,7343.19,18992.32
854,20250419,854,10,6,17,1314.91,9645.06,44003.87
855,20250802,855,14,6,3,1332.93,5843.02,23946.37
856,20250530,856,19,4,17,227.09,4639.25,11433.54
857,20250325,857,1,4,3,255.09,2459.71,5518.73
858,20250329,858,19,6,4,189.61,8643.68,41090.15
859,20250801,859,5,2,5,240.79,2898.73,7522.03
860,20250103,860,5,6,9,305.52,8313.72,27510.56
861,20251020,861,10,1,16,355.23,7431.84,31558.15
862,20250813,862,2,4,18,1497.57,4967.71,14794.84
863,20250321,863,1,3,11,1218.5,8636.43,42953.22
864,20250127,864,18,6,10,640.58,3107.21,14626.61
865,20250302,865,11,3,10,590.88,1011.62,1534.41
866,20250619,866,5,2,13,277.67,9963.1,27699.03
867,20250810,867,15,6,11,1282.57,799.61,1335.24
868,20250818,868,3,3,4,155.28,7027.06,13368.54
869,20250503,869,17,3,19,966.97,3434.98,10852.69
870,20250711,870,3,1,24,975.21,9107.36,37116.79
871,20250922,871,8,5,19,655.47,3587.46,16284.73
872,20250126,872,1,3,21,204.1,5275.72,26093.74
873,20250309,873,11,1,5,626.11,2162.13,4980.48
874,20250527,874,11,2,18,181.0,7649.8,23912.33
875,20250808,875,5,2,26,712.78,5637.75,16863.79
876,20250511,876,19,5,20,1295.88,6057.14,29630.26
877,20251111,877,2,6,26,627.78,9931.23,36722.91
878,20250117,878,14,4,29,1428.17,8521.32,37284.18
879,20250913,879,7,4,4,967.81,5605.28,24330.35
880,20250103,880,14,6,27,696.66,9266.52,28092.66
881,20250813,881,9,3,22,546.28,8654.32,33678.62
882,20251128,882,20,2,18,415.11,9221.1,22536.48
883,20250818,883,1,4,2,1274.05,2026.52,8042.61
884,20250430,884,12,3,7,627.81,890.73,2991.8
885,20250910,885,16,2,10,1287.57,2983.42,7152.87
886,20250209,886,3,2,23,1211.99,6401.47,18669.69
887,20251211,887,10,6,2,336.41,555.3,2034.41
888,20250523,888,7,2,13,1324.9,9363.7,16011.05
889,20250728,889,13,6,13,1359.23,1086.34,5382.02
890,20250108,890,16,6,5,1137.98,8981.14,16977.3
891,20250504,891,8,2,10,237.87,9600.65,43361.65
892,20250727,892,9,5,1,1065.14,8976.26,16497.07
893,20250121,893,17,2,15,113.51,4071.4,7930.57
894,20251101,894,14,2,22,463.15,7945.23,20375.02
895,20251220,895,5,4,16,316.96,8836.44,43527.35
896,20250113,896,14,4,6,958.09,2911.42,6070.31
897,20251106,897,10,6,1,761.54,5569.16,17052.52
898,20250606,898,20,5,11,1317.19,4714.03,20411.53
899,20250826,899,13,1,1,375.4,6641.17,23411.9
900,20250502,900,2,2,7,928.48,8741.81,15628.4
901,20251230,901,13,3,4,696.77,4470.43,18205.99
902,20250420,902,20,2,23,586.14,2132.97,8826.6
903,20250216,903,8,1,5,557.05,2874.14,9326.45
904,20250818,904,16,4,19,1096.07,1482.43,4651.05
905,20251217,905,12,2,13,806.06,8968.9,22570.86
906,20250912,906,7,3,1,1221.83,9812.41,18965.74
907,20251220,907,5,1,17,500.73,742.19,1184.74
908,20250424,908,19,5,22,1024.76,2150.79,7932.52
909,20250928,909,14,2,20,1047.12,4664.38,13409.71
910,20250420,910,5,4,16,715.09,815.04,2522.95
911,20250323,911,12,6,8,320.36,878.73,2267.45
912,20250703,912,3,3,15,129.94,4004.8,13115.2
913,20250405,913,3,1,10,196.75,6468.54,10610.55
914,20251003,914,7,5,19,1209.63,1513.64,4397.43
915,20251029,915,17,2,11,589.01,3335.91,6951.84
916,20250530,916,9,4,13,1134.42,5314.16,8516.27
917,20250218,917,3,2,22,554.58,2418.06,8409.95
918,20250422,918,19,2,2,468.13,8768.98,17818.59
919,20250424,919,15,6,17,831.99,3499.13,14250.96
920,20251010,920,8,2,19,1453.26,3907.67,19448.99
921,20250419,921,9,5,7,1185.3,5531.22,23328.36
922,20251021,922,10,5,23,668.86,9835.77,16056.45
923,20250730,923,6,1,11,1193.47,1194.59,5471.15
924,20251026,924,4,1,16,973.42,1086.05,5397.43
925,20251120,925,15,3,11,725.17,8251.94,20544.99
926,20250308,926,18,4,6,349.82,4466.68,17827.29
927,20250430,927,11,6,15,444.57,1537.17,6231.51
928,20250102,928,18,1,25,1068.72,6562.98,29649.79
929,20250419,929,12,5,16,1229.31,5612.18,17858.2
930,20250910,930,6,1,10,1283.95,9297.88,15469.0
931,20250203,931,3,4,2,721.62,6860.39,29103.76
932,20251016,932,6,2,17,295.15,2716.57,13478.18
933,20251221,933,8,2,16,549.04,5018.07,24754.84
934,20250308,934,7,1,27,836.89,6621.01,29598.84
935,20250709,935,16,1,9,897.44,9173.83,33483.44
936,20250627,936,16,3,24,1433.1,3058.63,12000.4
937,20250506,937,7,3,3,551.27,7959.55,38504.61
938,20251230,938,9,1,24,856.11,6512.91,18951.93
939,20250824,939,17,1,12,802.04,6038.93,28367.52
940,20251023,940,4,6,25,622.92,6302.62,27947.86
941,20250224,941,5,2,4,127.11,2271.61,5106.4
942,20250312,942,2,1,6,621.8,3108.3,13276.52
943,20251203,943,8,5,26,120.66,9859.06,44188.95
944,20251123,944,3,1,25,744.82,9294.6,17914.61
945,20250925,945,11,4,7,303.95,6149.61,27216.64
946,20250302,946,4,5,8,1290.16,6029.93,15950.72
947,20250410,947,18,2,24,519.58,7489.55,36730.57
948,20251027,948,17,2,15,389.18,7825.38,20032.4
949,20250904,949,9,5,2,950.26,9061.94,20277.13
950,20250811,950,6,5,11,300.58,2131.5,8093.97
951,20250712,951,10,1,22,482.92,9221.5,37953.1
952,20250404,952,5,3,2,1398.03,4623.1,18562.01
953,20251204,953,7,6,29,1421.29,9384.57,42614.04
954,20251114,954,16,6,3,137.86,9813.22,27798.48
955,20250129,955,1,2,20,145.35,4740.67,13781.55
956,20250216,956,2,1,15,867.84,8087.41,27638.28
957,20251109,957,13,1,14,336.5,9377.76,41020.64
958,20250618,958,17,2,1,224.96,8872.45,24765.44
959,20250828,959,1,3,26,1427.27,1343.1,3622.89
960,20251018,960,7,3,4,1418.13,5407.6,17278.84
961,20250319,961,20,1,14,632.34,6420.32,29231.7
962,20250614,962,19,3,25,161.98,1063.28,3296.18
963,20250716,963,4,6,6,1358.22,7368.39,21463.05
964,20250410,964,17,6,22,943.52,8643.23,24830.16
965,20250923,965,13,5,20,550.4,1574.3,3544.09
966,20251011,966,16,1,25,806.58,2109.93,4165.25
967,20250728,967,9,4,22,484.13,1329.79,3565.85
968,20251213,968,20,5,21,355.29,6611.47,11905.35
969,20250228,969,11,6,17,730.89,5585.94,17417.18
970,20250129,970,8,5,20,715.79,2788.21,5326.16
971,20250922,971,8,6,24,1355.25,3218.36,9946.53
972,20251218,972,15,2,12,1235.27,2965.28,14699.25
973,20251122,973,4,3,27,1461.93,8133.96,18992.86
974,20250701,974,8,1,6,460.33,8366.31,25526.72
975,20250105,975,18,5,6,1201.14,2349.68,5326.6
976,20251104,976,19,2,13,1468.64,2476.72,9679.97
977,20251021,977,20,5,3,476.54,2974.93,8952.92
978,20250320,978,11,3,16,579.08,6799.81,22296.09
979,20250601,979,5,4,7,801.73,4727.43,23181.37
980,20250830,980,3,6,8,1104.37,3254.69,14325.55
981,20251023,981,18,5,24,780.84,4162.78,6920.65
982,20250805,982,7,6,18,669.72,6182.69,26146.87
983,20250311,983,8,1,9,275.82,1646.29,6638.87
984,20250807,984,12,5,2,1324.37,1885.36,9126.97
985,20250902,985,2,6,27,686.12,1898.91,8283.84
986,20250303,986,5,2,28,1265.42,7353.27,17055.01
987,20250228,987,20,3,21,906.61,8392.32,33670.79
988,20250809,988,4,3,9,405.18,7627.2,33498.54
989,20250218,989,7,3,30,331.53,2805.58,7954.9
990,20250127,990,15,1,26,1322.27,1383.55,2520.46
991,20250923,991,2,1,7,1271.88,680.0,1532.46
992,20250528,992,10,2,1,267.74,5291.15,24167.2
993,20250924,993,11,6,9,1159.48,7007.11,33115.34
994,20250907,994,12,5,17,571.66,3245.38,16156.54
995,20250709,995,15,2,30,1257.43,5681.3,15772.07
996,20250920,996,11,3,19,1477.72,7559.88,34966.51
997,20251008,997,15,3,20,973.38,4075.8,14700.29
998,20250618,998,14,4,30,636.61,9131.34,21875.14
999,20251117,999,17,1,9,770.07,4863.43,10903.15
1000,20250816,1000,15,6,17,437.81,6274.53,23486.1
1001,20250727,1001,14,1,19,731.92,4264.7,13027.65
1002,20250103,1002,16,2,16,542.32,6169.86,11428.46
1003,20251030,1003,6,3,8,1182.38,5175.0,13500.71
1004,20250126,1004,13,4,17,1288.98,7337.76,23023.02
1005,20250118,1005,9,6,30,212.99,2155.65,9785.54
1006,20251203,1006,20,5,28,623.42,986.72,4748.01
1007,20250407,1007,1,4,20,349.82,4406.14,22008.65
1008,20251222,1008,18,5,11,647.95,3161.24,12229.42
1009,20250303,1009,4,2,3,722.59,9685.14,25475.23
1010,20250524,1010,7,4,16,303.23,8935.92,30730.37
1011,20250512,1011,5,2,9,805.08,8491.18,13050.29
1012,20250722,1012,8,4,10,611.02,2479.87,8563.58
1013,20250702,1013,2,2,19,534.7,507.6,870.14
1014,20250424,1014,17,2,25,604.92,6467.05,22896.3
1015,20250521,1015,17,6,5,1166.46,2927.73,9455.9
1016,20250217,1016,2,1,22,705.49,613.73,2471.47
1017,20250624,1017,3,1,6,479.86,3223.54,14463.09
1018,20251213,1018,3,2,11,1034.91,6460.58,11701.67
1019,20251130,1019,15,2,1,728.5,5554.49,14650.4
1020,20251024,1020,10,2,15,536.21,3145.61,11575.78
1021,20250128,1021,3,4,2,468.52,3560.38,15034.25
1022,20250713,1022,14,6,30,1098.15,4090.19,12325.73
1023,20250101,1023,4,1,5,1036.03,9498.57,43169.7
1024,20250811,1024,19,4,1,992.11,3142.28,10622.01
1025,20250123,1025,4,1,6,837.95,1996.55,4285.33
1026,20250616,1026,19,2,16,571.16,2516.73,10279.25
1027,20251221,1027,9,6,12,1273.73,5538.6,19579.66
1028,20250710,1028,6,4,26,258.92,9184.23,32729.08
1029,20250519,1029,18,4,11,309.76,2609.41,10371.28
1030,20251006,1030,6,3,23,1138.04,9803.88,25040.1
1031,20250418,1031,8,5,5,822.48,9597.71,15903.01
1032,20251009,1032,9,5,9,162.94,2705.44,12981.71
1033,20251117,1033,15,3,13,1137.21,7219.05,22279.1
1034,20250712,1034,3,1,2,515.38,9453.81,15317.01
1035,20250921,1035,14,5,12,375.4,6922.71,14456.81
1036,20251116,1036,10,3,6,540.21,9443.74,41313.93
1037,20251128,1037,7,4,10,176.43,3597.85,16020.09
1038,20251213,1038,9,4,3,562.21,2223.82,10622.47
1039,20251005,1039,3,3,14,1063.57,3413.34,14791.97
1040,20250327,1040,16,6,29,1035.04,8642.93,33146.66
1041,20251128,1041,8,4,6,656.86,9587.13,23169.43
1042,20250128,1042,19,4,1,637.85,3265.08,13588.01
1043,20250211,1043,5,1,30,1319.96,1918.36,4718.26
1044,20251221,1044,16,6,18,433.94,7935.59,31198.69
1045,20251019,1045,20,2,1,170.17,7237.33,34631.66
1046,20250617,1046,1,3,9,1032.59,9837.74,48939.39
1047,20251206,1047,13,1,11,1201.11,3675.94,11507.44
1048,20250722,1048,9,6,3,841.88,6076.79,20327.23
1049,20251010,1049,1,4,25,169.98,3351.74,8630.67
1050,20250621,1050,11,4,6,531.69,4147.14,8357.36
1051,20250207,1051,3,4,4,746.73,5481.87,22344.1
1052,20250815,1052,7,6,11,1479.58,3386.11,15360.85
1053,20250123,1053,5,6,24,662.66,2019.71,3316.76
1054,20251105,1054,17,3,27,900.68,7691.9,16849.5
1055,20250209,1055,11,5,29,1249.41,1242.29,2445.58
1056,20250604,1056,12,2,17,804.21,1412.08,3400.4
1057,20251128,1057,20,5,9,796.39,7219.2,24658.93
1058,20251215,1058,8,4,16,589.91,9025.06,18448.23
1059,20250206,1059,6,4,15,958.17,8697.21,33157.83
1060,20250119,1060,1,2,7,613.36,6907.09,27430.11
1061,20251102,1061,14,4,21,389.43,6485.13,19583.33
1062,20250515,1062,17,2,14,155.12,7286.22,17427.81
1063,20250814,1063,1,1,21,1191.48,2150.13,9087.11
1064,20250321,1064,4,1,23,461.39,8681.39,33209.31
1065,20251017,1065,9,2,18,849.63,1468.31,5092.28
1066,20250916,1066,5,3,16,734.69,722.72,3065.84
1067,20250124,1067,4,6,7,1162.18,2076.21,4018.73
1068,20251105,1068,15,1,10,845.1,3810.54,13140.61
1069,20250811,1069,7,1,25,322.61,5548.27,17916.16
1070,20250112,1070,14,2,5,1064.12,9135.38,19237.79
1071,20250605,1071,6,2,1,944.62,4909.45,11681.12
1072,20250124,1072,3,3,22,173.65,2365.54,5979.73
1073,20250825,1073,3,5,21,333.8,4229.84,21078.45
1074,20251013,1074,11,1,27,570.18,4536.64,12704.95
1075,20250819,1075,16,2,1,630.44,6096.98,26396.38
1076,20250603,1076,12,1,16,1049.37,6714.91,22774.96
1077,20250630,1077,15,3,8,857.54,1319.39,5032.89
1078,20251204,1078,15,2,27,1203.83,7928.64,12350.93
1079,20250807,1079,10,3,5,532.41,3376.45,16374.43
1080,20250922,1080,19,3,15,1034.63,6248.56,9868.55
1081,20250907,1081,6,2,18,732.68,1410.69,3333.46
1082,20250515,1082,5,6,4,543.61,7678.24,30387.86
1083,20251106,1083,9,4,22,910.3,5586.86,26342.4
1084,20250922,1084,14,6,23,852.02,1968.44,4058.33
1085,20250425,1085,11,5,2,772.54,1385.98,2917.02
1086,20250621,1086,7,4,4,959.8,7932.75,26372.8
1087,20250427,1087,2,6,12,725.47,2141.15,6004.51
1088,20250527,1088,18,3,14,957.5,9368.01,39647.32
1089,20250926,1089,17,5,14,1480.46,7372.36,14803.63
1090,20250414,1090,1,3,14,1374.64,9876.12,39595.15
1091,20250319,1091,17,3,3,350.06,1161.38,2176.78
1092,20250503,1092,6,2,28,167.67,7071.08,28147.42
1093,20250224,1093,4,2,22,1448.36,8982.33,35083.09
1094,20250513,1094,9,1,20,1434.96,6734.89,13808.92
1095,20250617,1095,8,6,20,124.86,5071.76,10830.7
1096,20251005,1096,14,3,24,551.28,5520.33,11041.04
1097,20250718,1097,11,5,25,1149.55,6883.54,23624.77
1098,20250518,1098,2,1,26,1202.51,5345.96,10770.12
1099,20251209,1099,11,5,22,1036.54,2812.57,6718.5
1100,20250810,1100,8,2,6,362.28,9320.9,18659.93
1101,20251114,1101,5,1,6,750.29,5203.33,23895.32
1102,20250304,1102,15,4,27,635.45,4203.88,20926.8
1103,20251004,1103,18,3,17,759.58,4485.38,9225.48
1104,20251124,1104,1,6,17,432.41,9485.46,24774.96
1105,20251012,1105,11,1,13,536.58,4985.21,22444.65
1106,20251007,1106,18,1,12,632.02,8443.09,15853.7
1107,20250122,1107,9,2,15,714.53,8427.09,30881.37
1108,20250326,1108,16,5,11,139.66,5675.18,24820.23
1109,20250321,1109,11,3,29,274.38,1951.81,2960.86
1110,20250802,1110,19,2,10,470.4,875.59,2322.18
1111,20250818,1111,4,2,3,1449.86,4546.94,19629.56
1112,20250603,1112,2,6,7,951.96,2740.0,5114.13
1113,20250622,1113,11,4,16,1441.39,3024.33,13484.77
1114,20250728,1114,7,6,28,724.22,7767.28,26400.45
1115,20250523,1115,18,2,2,1481.78,5781.59,17112.38
1116,20250707,1116,18,5,16,513.17,2757.56,5418.87
1117,20250726,1117,13,6,29,1210.31,4795.1,11135.97
1118,20250629,1118,15,4,22,447.46,3209.73,15731.33
1119,20250604,1119,9,5,14,1116.35,3898.07,11996.49
1120,20251123,1120,5,5,17,1377.66,4846.5,11736.83
1121,20250515,1121,20,1,12,518.15,7310.66,14281.49
1122,20250811,1122,15,2,29,1220.11,6907.74,15463.46
1123,20250311,1123,4,5,25,445.48,8731.79,37885.68
1124,20250108,1124,7,2,8,1418.53,625.16,2736.0
1125,20250316,1125,8,1,13,973.87,7804.19,26264.14
1126,20250526,1126,11,6,29,856.85,9003.75,43853.99
1127,20250608,1127,5,2,5,960.79,4251.13,14435.43
1128,20250615,1128,8,5,9,553.64,7907.63,27183.68
1129,20250505,1129,10,2,8,228.01,2107.99,7052.55
1130,20250127,1130,14,5,26,1059.31,3422.37,11994.22
1131,20250418,1131,5,4,26,409.9,8653.16,37198.23
1132,20251124,1132,17,4,1,754.78,997.56,1857.56
1133,20250525,1133,11,4,11,1143.6,1758.62,5701.07
1134,20250908,1134,3,5,2,669.27,8596.32,36576.05
1135,20250704,1135,9,1,18,879.12,7004.05,30678.2
1136,20250804,1136,14,6,8,1402.46,8926.0,32101.35
1137,20250521,1137,11,6,2,612.31,5728.36,13845.42
1138,20250708,1138,14,6,3,248.3,8175.08,18665.29
1139,20251111,1139,16,2,6,1383.08,7364.16,35916.37
1140,20250102,1140,5,3,18,957.47,9360.8,42039.91
1141,20250321,1141,1,3,2,156.36,1352.89,4495.83
1142,20251226,1142,5,6,19,538.99,5456.62,14068.26
1143,20250801,1143,19,1,3,452.55,3417.63,13879.06
1144,20250116,1144,4,4,18,324.66,5000.27,24259.77
1145,20250429,1145,6,1,19,565.18,939.14,4359.13
1146,20250207,1146,20,4,1,974.36,3946.05,19467.48
1147,20250927,1147,18,5,28,1232.44,8852.93,20503.77
1148,20250616,1148,19,1,15,1118.88,6857.04,28000.52
1149,20251202,1149,3,1,24,1229.6,2097.33,9230.31
1150,20250609,1150,5,2,15,755.08,8527.02,31187.94
1151,20250923,1151,15,3,11,667.54,9979.62,32430.02
1152,20251128,1152,4,1,9,823.39,8681.42,36630.55
1153,20250419,1153,13,2,8,336.85,1754.97,4439.73
1154,20250220,1154,18,1,3,1406.56,8919.33,32131.87
1155,20250410,1155,10,1,24,435.91,5150.07,13028.24
1156,20251009,1156,15,6,29,455.32,2921.78,10858.2
1157,20250227,1157,12,6,9,1299.72,3057.12,10353.97
1158,20250727,1158,11,4,21,992.83,2901.79,11826.58
1159,20251113,1159,9,6,10,146.24,4035.98,8996.29
1160,20250210,1160,5,4,7,1479.96,1976.64,6454.53
1161,20250717,1161,11,5,20,646.36,5550.79,11345.05
1162,20250613,1162,9,2,7,1116.51,2539.77,7475.95
1163,20250203,1163,9,2,19,370.63,7447.1,17517.42
1164,20250618,1164,13,5,27,885.89,4377.96,15255.71
1165,20250320,1165,14,1,23,1295.01,7725.06,30316.61
1166,20250324,1166,16,5,29,1135.47,3335.67,6135.59
1167,20250511,1167,18,3,24,270.75,4813.77,14235.25
1168,20250118,1168,7,6,30,365.27,7821.32,29066.82
1169,20250923,1169,15,4,6,343.23,726.67,3307.88
1170,20250927,1170,5,2,17,247.38,8619.41,21727.26
1171,20250531,1171,5,6,22,987.94,7813.84,13950.98
1172,20250828,1172,18,5,12,1058.52,6274.75,18936.24
1173,20251222,1173,12,3,14,536.14,9745.74,42894.86
1174,20251022,1174,8,6,28,1054.19,8271.8,36043.64
1175,20251005,1175,17,4,23,526.18,2520.03,7384.12
1176,20250514,1176,17,6,22,169.23,9500.24,28420.67
1177,20250605,1177,5,1,9,1449.88,9733.16,45227.53
1178,20250803,1178,7,4,22,1424.29,707.24,3123.51
1179,20250128,1179,14,1,28,1151.42,6713.38,15305.54
1180,20250115,1180,15,1,25,696.77,7710.81,21624.53
1181,20250211,1181,16,1,19,820.78,6729.66,31309.62
1182,20250806,1182,4,1,12,494.15,4425.46,9317.11
1183,20251210,1183,16,3,11,639.59,1529.56,3557.16
1184,20251113,1184,7,6,30,630.93,1686.8,5949.85
1185,20251222,1185,19,1,21,366.79,7762.27,21621.01
1186,20251226,1186,3,3,12,847.19,9916.7,37367.06
1187,20250901,1187,7,2,2,601.92,670.14,3318.62
1188,20251010,1188,7,2,15,1020.21,1509.35,3049.83
1189,20251219,1189,3,4,18,397.24,6755.92,13384.68
1190,20250805,1190,5,3,30,612.8,7534.04,24065.12
1191,20250226,1191,14,3,6,925.84,3215.66,14665.89
1192,20251207,1192,9,1,28,574.92,3825.64,12802.76
1193,20250827,1193,16,6,30,100.49,6994.78,18650.17
1194,20250321,1194,4,3,13,1211.65,3313.63,12547.42
1195,20250309,1195,20,1,2,291.12,2339.02,4147.49
1196,20250721,1196,12,1,30,1228.49,6964.31,27453.52
1197,20251106,1197,15,3,30,1114.77,1424.45,6013.29
1198,20250602,1198,4,4,25,1119.39,3990.05,6780.69
1199,20250521,1199,11,4,6,760.96,7247.34,27742.3
1200,20250517,1200,1,6,12,830.0,5261.49,8174.07
1201,20251011,1201,14,3,14,139.02,7776.09,26145.15
1202,20250706,1202,4,1,25,1384.34,8454.22,30993.85
1203,20250203,1203,11,5,15,1478.95,9165.28,32479.72
1204,20251001,1204,7,2,16,994.16,643.13,1486.88
1205,20250803,1205,9,4,15,185.82,2351.87,9194.54
1206,20251130,1206,18,5,9,258.46,7268.93,30729.71
1207,20250618,1207,11,5,28,486.19,7494.99,28947.24
1208,20250521,1208,6,1,26,1336.56,9185.97,43131.38
1209,20250110,1209,5,3,6,1154.75,2876.75,4551.45
1210,20250414,1210,6,6,5,1048.97,5960.05,22323.91
1211,20251026,1211,9,1,30,379.86,1381.51,4131.66
1212,20250530,1212,14,2,12,183.48,7957.33,18879.68
1213,20250513,1213,9,3,11,259.76,7148.36,22944.31
1214,20250217,1214,13,4,15,496.78,7019.21,28632.05
1215,20250901,1215,7,2,4,1267.74,2380.67,4800.45
1216,20250602,1216,13,1,2,1335.46,2319.01,3717.24
1217,20251010,1217,19,4,19,715.02,7198.09,12085.79
1218,20250712,1218,1,3,14,1030.47,7360.75,22594.71
1219,20250717,1219,1,1,29,400.47,4198.38,12126.08
1220,20250713,1220,14,3,17,767.18,1035.2,1846.08
1221,20250913,1221,13,4,2,1062.63,786.59,2761.42
1222,20250906,1222,1,3,20,642.99,9796.51,18330.77
1223,20250425,1223,6,2,9,716.64,6100.69,30416.49
1224,20250515,1224,8,5,13,197.81,8611.48,40358.04
1225,20251211,1225,12,3,9,650.05,3031.95,13289.13
1226,20250205,1226,12,1,18,865.35,7820.46,24352.11
1227,20250728,1227,18,4,27,445.54,9352.27,45074.11
1228,20251117,1228,12,6,9,660.76,7842.59,12480.62
1229,20250110,1229,15,2,12,1198.31,6152.44,14161.99
1230,20250718,1230,7,1,2,932.33,7294.45,24367.14
1231,20250625,1231,7,6,14,978.28,2829.97,12471.61
1232,20250824,1232,4,4,19,516.65,3961.47,8459.3
1233,20250129,1233,15,5,26,949.34,9764.01,23531.26
1234,20250829,1234,18,6,2,508.51,6932.4,31513.36
1235,20250722,1235,11,2,22,948.48,4372.73,16169.63
1236,20251114,1236,12,2,5,738.88,7477.73,33654.57
1237,20251110,1237,16,4,21,1075.7,3623.2,13836.17
1238,20251209,1238,11,2,1,1047.48,1722.01,6308.64
1239,20250814,1239,8,3,15,954.53,1037.22,4271.93
1240,20250717,1240,11,6,1,757.05,5124.07,13260.35
1241,20250710,1241,3,4,3,1414.56,7738.88,34566.25
1242,20250626,1242,15,2,1,366.14,3712.63,9862.51
1243,20250501,1243,10,6,13,797.8,6430.88,12993.16
1244,20250409,1244,10,4,26,592.78,9931.17,38002.91
1245,20250829,1245,14,5,12,1323.9,3209.83,12782.63
1246,20251201,1246,18,4,7,713.61,766.99,3223.82
1247,20250323,1247,11,4,21,855.4,8310.98,21665.03
1248,20250423,1248,19,4,16,150.28,8336.71,14069.9
1249,20250413,1249,6,3,19,1000.75,7000.88,27325.17
1250,20250926,1250,5,5,24,573.61,6704.32,32396.55
1251,20250501,1251,19,5,2,1147.72,4468.36,7942.81
1252,20250407,1252,7,3,29,1335.96,7109.44,23431.86
1253,20250707,1253,19,3,10,1224.87,9915.83,19339.74
1254,20250915,1254,17,1,6,821.83,8871.3,21416.3
1255,20250715,1255,10,2,3,436.69,3198.37,15497.76
1256,20251013,1256,2,6,19,416.19,5328.49,17244.61
1257,20251020,1257,16,1,20,717.29,4090.04,13795.01
1258,20251213,1258,15,3,17,1068.04,7755.31,28502.59
1259,20250630,1259,14,4,23,848.52,9861.24,42640.99
1260,20251111,1260,17,2,30,1088.29,7450.37,14415.9
1261,20250629,1261,18,1,18,903.3,8255.9,31082.46
1262,20250729,1262,3,6,9,973.6,7580.63,25744.85
1263,20250116,1263,6,2,3,1476.41,5104.1,20573.4
1264,20251209,1264,18,6,18,1175.55,9191.22,40713.79
1265,20250705,1265,2,3,30,642.19,9784.97,43863.78
1266,20250414,1266,20,4,23,1492.34,6195.37,26284.1
1267,20251126,1267,19,4,3,354.09,5087.55,22196.52
1268,20250130,1268,16,1,24,1154.2,7634.32,13030.11
1269,20250513,1269,10,3,9,149.19,5498.18,20600.71
1270,20251101,1270,15,2,6,1387.09,6332.79,13956.61
1271,20250417,1271,11,3,5,1329.62,8925.65,19899.54
1272,20251028,1272,6,3,2,1189.63,1051.48,3927.93
1273,20250618,1273,12,1,27,289.32,3658.89,17617.53
1274,20250608,1274,9,4,12,592.04,8805.78,17031.37
1275,20250322,1275,3,5,1,762.38,9468.06,22319.09
1276,20250530,1276,10,3,20,132.16,2605.35,9177.33
1277,20251117,1277,2,2,17,1037.54,5664.4,17318.0
1278,20250404,1278,9,2,15,1119.38,5341.44,23874.5
1279,20250907,1279,19,4,24,596.08,3803.58,9750.83
1280,20251228,1280,11,6,20,1129.0,1899.37,4970.02
1281,20250814,1281,11,2,12,610.87,5603.77,9453.26
1282,20250201,1282,15,1,8,340.28,2492.59,9989.63
1283,20250211,1283,6,5,15,1204.52,9203.86,29063.22
1284,20251231,1284,19,4,5,433.95,8591.95,34421.44
1285,20250127,1285,20,3,25,1229.78,4947.25,12289.14
1286,20250804,1286,5,2,3,1462.59,4275.6,12299.03
1287,20250130,1287,14,6,10,824.13,8457.75,22360.03
1288,20250413,1288,18,2,14,1135.26,4946.03,13604.38
1289,20251201,1289,12,4,20,813.49,1645.81,3197.54
1290,20250915,1290,5,5,25,1281.96,7988.1,19629.62
1291,20251019,1291,9,4,9,417.05,6189.01,16082.29
1292,20251229,1292,1,5,30,590.76,3391.18,10428.38
1293,20250526,1293,4,1,16,986.38,9460.5,31500.49
1294,20251010,1294,6,4,16,356.81,1096.72,1646.03
1295,20251108,1295,1,4,6,116.75,3693.15,12430.78
1296,20250320,1296,8,4,10,935.4,2011.71,9082.54
1297,20250605,1297,17,5,17,1097.09,1270.41,6212.86
1298,20251212,1298,14,5,30,1248.28,1300.62,2904.73
1299,20250223,1299,16,3,14,385.66,7814.69,23839.92
1300,20250920,1300,4,5,30,1232.96,3266.93,5441.27
1301,20250529,1301,11,5,6,489.04,2140.97,7856.93
1302,20250412,1302,6,2,4,1354.53,6719.5,24141.37
1303,20250521,1303,12,3,19,638.17,9978.75,28180.4
1304,20250728,1304,6,5,24,1132.11,3750.0,14047.82
1305,20250228,1305,6,6,29,466.66,536.93,1991.84
1306,20251201,1306,2,1,9,1072.07,3152.32,4933.94
1307,20251110,1307,10,6,1,1493.38,5580.18,20110.18
1308,20250910,1308,4,6,8,991.19,1219.36,2130.52
1309,20250616,1309,9,2,5,1408.88,4443.66,15929.26
1310,20250702,1310,17,1,15,125.77,1620.31,7334.12
1311,20250105,1311,3,3,26,194.57,6290.76,25866.38
1312,20251019,1312,15,4,30,1388.61,7871.88,27266.18
1313,20251101,1313,18,6,14,845.87,6447.26,18045.6
1314,20250819,1314,7,1,7,342.33,3733.46,8196.38
1315,20251118,1315,11,6,29,166.06,5033.68,16475.71
1316,20250330,1316,10,5,29,1097.57,6889.81,16433.81
1317,20250731,1317,17,3,11,1345.84,2092.0,4753.07
1318,20250329,1318,10,6,5,1330.98,1502.03,2839.06
1319,20251010,1319,17,3,28,573.68,3076.24,10743.29
1320,20250409,1320,10,4,21,577.79,4410.44,11848.06
1321,20250814,1321,15,2,13,244.94,6949.87,18389.42
1322,20251111,1322,11,1,11,761.79,4774.91,7165.21
1323,20250129,1323,14,4,4,1060.37,9188.86,30567.05
1324,20250608,1324,4,4,9,712.75,2415.67,7080.43
1325,20250210,1325,17,6,24,408.71,8537.59,32754.24
1326,20250531,1326,11,4,7,590.79,3914.6,15515.22
1327,20250607,1327,20,3,9,609.53,3415.57,13372.59
1328,20251215,1328,3,5,26,1165.5,1120.93,3923.14
1329,20250915,1329,19,6,6,1427.0,4446.59,17636.95
1330,20250903,1330,2,2,19,1408.03,6642.08,18639.68
1331,20251014,1331,8,2,17,439.93,1823.61,2894.76
1332,20250614,1332,12,1,28,678.43,8330.39,37173.91
1333,20250315,1333,8,4,16,1070.13,8254.9,30688.35
1334,20251029,1334,20,4,8,200.96,8077.23,30322.12
1335,20250721,1335,6,3,4,469.09,9783.02,46521.18
1336,20251116,1336,13,6,17,978.46,7414.68,29951.21
1337,20251218,1337,12,6,15,1325.49,7753.41,22316.75
1338,20251101,1338,4,4,17,153.37,2864.19,9789.76
1339,20250409,1339,18,1,27,966.52,3079.5,11820.62
1340,20250628,1340,3,3,3,491.68,1599.63,7144.28
1341,20251229,1341,18,6,6,250.25,2107.33,3843.94
1342,20250822,1342,10,5,10,591.5,6751.49,30974.74
1343,20250807,1343,18,5,3,453.6,2011.95,6596.82
1344,20250726,1344,19,4,15,1064.2,5578.05,11015.93
1345,20250512,1345,2,6,13,1103.39,4292.9,6480.76
1346,20251207,1346,6,1,25,1235.42,5621.73,20473.43
1347,20250220,1347,6,3,7,681.36,3079.54,10782.82
1348,20250505,1348,17,1,14,103.4,9831.32,29892.55
1349,20250929,1349,13,1,14,1006.08,4018.59,14108.48
1350,20250623,1350,18,3,4,546.41,3417.44,15187.48
1351,20250925,1351,17,3,4,211.63,6830.32,32944.28
1352,20250505,1352,6,6,2,143.24,5177.24,18256.26
1353,20250217,1353,11,3,12,1212.03,4153.64,20638.58
1354,20250921,1354,17,6,8,1010.61,7487.79,27859.01
1355,20250401,1355,14,3,13,160.44,7820.16,23799.57
1356,20250303,1356,14,5,25,985.93,5319.66,19126.68
1357,20250513,1357,20,1,1,564.21,3140.77,8058.31
1358,20250604,1358,3,3,22,1346.04,2566.59,9464.01
1359,20250523,1359,20,5,7,1333.63,3326.04,5742.9
1360,20251102,1360,9,5,4,756.26,4378.51,16285.56
1361,20250312,1361,16,6,20,651.73,8860.96,40790.89
1362,20250817,1362,10,6,13,633.13,7057.27,16493.97
1363,20250922,1363,15,5,8,882.51,6655.99,31528.37
1364,20250414,1364,18,5,19,949.15,6714.08,25063.89
1365,20250827,1365,2,3,4,772.36,9999.81,19312.7
1366,20250920,1366,17,6,9,1395.66,9480.62,35751.72
1367,20250308,1367,13,5,8,1063.96,2668.43,7045.08
1368,20250209,1368,17,4,20,702.99,4192.96,17727.02
1369,20250927,1369,5,5,11,125.62,4642.52,19328.92
1370,20251224,1370,16,4,19,289.04,3215.65,9196.58
1371,20250719,1371,19,5,7,811.31,3401.34,6064.15
1372,20250628,1372,2,3,28,721.86,6762.67,29551.62
1373,20250316,1373,6,4,21,370.37,8111.79,28699.86
1374,20251226,1374,3,5,30,298.6,8617.5,36512.72
1375,20250327,1375,3,2,4,699.01,7935.94,32151.28
1376,20250926,1376,13,5,28,297.77,846.13,2249.99
1377,20251120,1377,17,2,27,640.86,8858.29,28702.44
1378,20250928,1378,19,1,16,497.73,5532.12,25433.21
1379,20250403,1379,18,5,15,593.38,984.85,4818.11
1380,20250817,1380,20,4,28,504.0,5427.75,23019.85
1381,20250607,1381,18,4,28,904.51,1185.55,2033.79
1382,20250619,1382,18,3,16,1433.58,3103.91,13897.7
1383,20251209,1383,5,6,1,523.83,1388.47,4025.98
1384,20250702,1384,11,3,25,526.56,8228.48,34430.28
1385,20250410,1385,1,1,3,373.14,8650.26,25112.78
1386,20250809,1386,16,3,11,1313.25,5428.91,9646.73
1387,20250903,1387,19,2,2,180.15,2183.29,9987.95
1388,20251008,1388,4,4,15,259.48,9300.68,42388.66
1389,20251027,1389,2,4,21,1129.84,4985.84,20126.89
1390,20250801,1390,6,2,11,818.22,2578.64,10678.63
1391,20250323,1391,4,1,10,1110.42,9986.51,30427.57
1392,20251204,1392,15,1,10,862.51,2247.16,6099.35
1393,20250602,1393,11,1,8,824.75,9592.69,19013.68
1394,20251024,1394,5,4,4,1399.94,1081.68,2787.22
1395,20250209,1395,3,4,29,1452.49,4857.13,8383.83
1396,20250804,1396,1,6,7,824.26,5337.44,22261.29
1397,20250922,1397,16,6,6,712.06,6931.71,22143.94
1398,20250925,1398,17,6,13,814.24,5810.48,8814.86
1399,20250603,1399,3,2,7,835.71,9993.65,20128.69
1400,20250315,1400,12,4,26,999.81,4718.76,12510.22
1401,20251127,1401,18,1,19,970.6,9607.79,22518.52
1402,20251116,1402,6,3,28,1334.3,5141.63,9190.59
1403,20250228,1403,10,2,17,355.7,6602.18,16971.94
1404,20250721,1404,3,5,4,835.97,2416.32,4224.78
1405,20250407,1405,11,6,17,657.97,8825.84,31486.42
1406,20250715,1406,18,1,10,1328.77,8448.02,41456.89
1407,20250805,1407,7,2,23,776.12,2620.69,10368.6
1408,20251114,1408,9,6,25,959.6,6981.58,18239.3
1409,20250728,1409,7,4,29,1199.27,4110.33,17664.71
1410,20251226,1410,14,4,24,1069.46,3456.65,14175.06
1411,20250113,1411,5,5,28,1182.76,6588.95,23052.84
1412,20250124,1412,19,4,27,1248.44,8238.05,36387.01
1413,20250816,1413,9,1,17,441.85,2422.9,8535.85
1414,20250602,1414,8,4,28,1454.44,2121.67,4215.98
1415,20250620,1415,14,2,25,763.44,1866.89,8026.92
1416,20251117,1416,9,3,22,794.76,3068.26,7898.52
1417,20250914,1417,8,6,2,1279.33,8298.55,13447.6
1418,20251104,1418,9,1,14,647.5,5747.0,9846.02
1419,20251013,1419,8,4,21,700.86,8492.28,41405.81
1420,20251209,1420,18,1,19,571.81,4785.98,11275.78
1421,20250926,1421,13,1,7,438.38,6839.28,32433.52
1422,20251108,1422,9,2,16,566.14,8639.07,16884.73
1423,20250830,1423,16,1,10,1339.24,3170.12,8401.07
1424,20250812,1424,13,5,6,1073.31,9451.68,29726.4
1425,20250503,1425,14,6,3,340.06,9998.81,19880.79
1426,20250923,1426,9,4,14,862.84,9117.24,31372.09
1427,20250123,1427,6,1,28,753.06,1295.5,2607.75
1428,20250310,1428,13,1,28,993.47,4709.03,15395.63
1429,20250930,1429,19,2,24,543.24,7319.95,13119.09
1430,20250221,1430,8,5,16,609.38,2281.03,4466.32
1431,20251214,1431,19,5,20,1490.6,8727.77,31931.78
1432,20250706,1432,9,4,12,906.72,4537.85,14287.71
1433,20250622,1433,15,1,30,1418.39,1177.41,4808.23
1434,20250326,1434,6,6,4,346.78,5720.15,10832.92
1435,20250624,1435,1,6,10,915.77,2911.43,8290.25
1436,20250810,1436,8,3,19,1087.15,2302.07,9984.8
1437,20250621,1437,8,3,5,1119.45,519.21,793.01
1438,20250921,1438,15,3,13,930.24,8634.17,40730.82
1439,20250209,1439,4,2,17,1229.17,9093.53,26089.74
1440,20250210,1440,17,2,20,843.9,3870.39,7525.31
1441,20250114,1441,18,6,4,1457.1,4037.49,12101.14
1442,20251223,1442,2,2,17,1063.8,1706.87,3355.13
1443,20251217,1443,18,2,10,1259.25,5460.27,24775.6
1444,20250113,1444,1,2,6,687.21,8304.05,17012.8
1445,20250822,1445,20,4,11,333.72,1690.01,7489.81
1446,20250225,1446,1,4,28,1469.36,2033.67,8474.16
1447,20250905,1447,16,5,25,1312.54,599.51,1206.08
1448,20250513,1448,1,2,20,369.35,4612.5,21376.92
1449,20250529,1449,11,4,3,534.54,5455.26,19683.31
1450,20250228,1450,5,1,29,421.76,1678.88,6203.75
1451,20251206,1451,11,3,4,355.4,5607.5,27249.26
1452,20250303,1452,3,3,24,1271.47,6409.25,29300.5
1453,20250320,1453,5,4,26,999.49,1474.19,6245.46
1454,20250804,1454,8,4,26,829.81,1691.0,2720.02
1455,20250628,1455,16,1,16,837.27,3907.11,11866.3
1456,20251116,1456,12,1,28,929.83,7169.05,14853.61
1457,20251028,1457,2,4,7,1446.63,1742.22,4451.65
1458,20250509,1458,13,3,10,1491.55,7680.07,13972.47
1459,20250128,1459,18,6,27,1231.04,3987.09,15441.88
1460,20251104,1460,3,3,24,312.66,5740.59,26155.76
1461,20251011,1461,4,2,8,1116.19,5431.48,12804.49
1462,20250620,1462,5,1,10,1442.95,3977.65,13281.22
1463,20250723,1463,13,1,22,551.31,2726.71,4721.75
1464,20250519,1464,13,3,29,1224.81,2719.34,4529.0
1465,20250621,1465,14,3,26,1145.52,4048.7,15327.68
1466,20250920,1466,5,1,10,1319.31,1831.33,8767.76
1467,20250127,1467,11,4,2,945.71,8158.74,40682.27
1468,20251001,1468,11,4,5,227.13,631.22,1970.49
1469,20250412,1469,19,3,12,1382.05,3064.76,13479.9
1470,20250116,1470,8,2,12,777.61,6860.14,23801.22
1471,20250422,1471,7,4,22,876.32,3992.8,7144.91
1472,20251018,1472,7,3,6,206.42,1961.43,8619.33
1473,20251121,1473,16,3,3,347.96,735.57,2640.04
1474,20250323,1474,16,5,16,1017.05,8989.66,33531.41
1475,20250912,1475,18,1,21,959.21,3081.65,13073.7
1476,20250826,1476,18,5,9,855.03,4355.41,14638.5
1477,20250301,1477,4,1,5,442.38,4924.09,16916.41
1478,20250503,1478,19,3,25,1495.07,4482.11,8702.1
1479,20250611,1479,16,2,2,1415.19,1706.82,8136.12
1480,20251210,1480,9,6,14,988.76,9473.26,22789.77
1481,20251116,1481,3,1,2,339.5,2111.46,3309.86
1482,20250915,1482,1,5,11,468.69,3355.86,13895.54
1483,20251219,1483,16,1,30,830.65,7734.29,33656.07
1484,20251218,1484,12,6,4,723.96,838.96,2546.5
1485,20250908,1485,1,3,15,311.44,730.58,3229.62
1486,20250314,1486,11,1,26,1444.76,2064.76,10095.44
1487,20251102,1487,15,2,22,1471.33,3842.56,17725.26
1488,20250905,1488,14,6,23,555.07,8070.67,34837.95
1489,20250316,1489,12,6,14,546.89,7867.19,14520.74
1490,20250407,1490,11,5,12,218.14,6584.5,26930.39
1491,20250614,1491,19,6,15,1361.91,605.83,2334.83
1492,20251020,1492,17,6,30,194.96,7104.88,15954.09
1493,20250501,1493,16,3,24,471.6,4265.66,8298.41
1494,20251105,1494,9,3,14,1331.0,1461.51,7151.44
1495,20250312,1495,12,1,5,1264.92,6443.99,28827.76
1496,20250416,1496,14,5,3,625.51,9677.71,32944.04
1497,20251126,1497,8,6,18,1493.12,7477.48,31044.5
1498,20250829,1498,4,3,8,809.58,9900.75,41098.98
1499,20250218,1499,9,2,23,1392.0,6883.25,24980.89
1500,20250505,1500,16,4,12,865.59,7099.32,30527.09
1501,20250521,1501,3,4,10,565.47,569.51,1384.77
1502,20251121,1502,20,1,6,833.48,2670.3,5569.07
1503,20250912,1503,8,1,25,173.57,6449.8,28985.95
1504,20250702,1504,2,1,30,1452.69,7573.86,19949.67
1505,20251209,1505,18,1,16,1419.3,1191.75,3677.07
1506,20250614,1506,8,3,2,414.26,6976.42,30617.58
1507,20250304,1507,7,6,21,313.07,4461.23,10392.84
1508,20250516,1508,11,2,1,769.46,7969.06,13607.67
1509,20250828,1509,5,4,7,1369.86,4924.3,8807.03
1510,20250403,1510,16,1,19,903.96,9699.37,22852.82
1511,20250312,1511,16,3,27,1396.48,1467.19,2548.49
1512,20250524,1512,2,6,28,1172.14,2794.23,7196.62
1513,20250705,1513,11,3,26,162.37,1822.75,4839.8
1514,20250303,1514,10,5,20,1242.29,6482.59,16734.85
1515,20250307,1515,14,2,19,1311.85,8473.95,19727.35
1516,20251130,1516,17,2,10,745.74,2511.66,6316.68
1517,20250304,1517,7,5,24,495.55,9543.88,15370.03
1518,20251012,1518,2,5,17,1048.98,6735.19,29262.84
1519,20250627,1519,10,2,7,319.51,6566.85,28360.39
1520,20250519,1520,18,1,15,497.5,8861.14,36290.29
1521,20251207,1521,15,6,30,1426.18,1820.73,3323.0
1522,20250208,1522,12,6,8,389.69,4851.55,19522.33
1523,20250924,1523,19,3,14,585.25,4576.29,13579.29
1524,20251219,1524,20,6,23,447.27,1332.77,5703.98
1525,20250907,1525,8,1,30,101.45,4441.86,14651.69
1526,20250905,1526,9,1,23,1174.8,2672.67,12179.92
1527,20251209,1527,19,1,25,431.34,1298.08,5141.77
1528,20251223,1528,14,4,8,280.8,4661.2,14983.56
1529,20250704,1529,6,2,6,538.32,8056.07,27656.44
1530,20251122,1530,7,1,7,1114.42,5014.72,18020.55
1531,20250214,1531,8,2,18,214.4,5705.66,26352.3
1532,20250425,1532,14,2,24,586.26,9857.19,31617.79
1533,20250811,1533,5,1,30,351.03,7382.34,18941.51
1534,20251119,1534,13,5,11,403.49,9336.25,41774.68
1535,20251109,1535,17,3,15,731.74,3527.31,16092.76
1536,20250405,1536,8,3,8,305.53,8869.23,22922.19
1537,20250331,1537,15,6,29,1257.74,1748.42,4388.47
1538,20250824,1538,14,3,8,440.5,4894.22,19089.79
1539,20250625,1539,15,3,5,881.0,2240.36,7118.61
1540,20250815,1540,16,2,8,790.96,2337.95,11262.31
1541,20250123,1541,17,2,8,1462.45,6325.17,22159.72
1542,20250326,1542,7,3,23,660.28,3959.42,15609.47
1543,20250801,1543,1,3,29,1110.01,5017.07,15415.95
1544,20251115,1544,18,5,23,1103.54,7008.15,14727.52
1545,20250201,1545,6,2,16,127.74,9179.64,15563.44
1546,20250424,1546,19,4,12,498.56,2735.44,5759.1
1547,20251213,1547,2,6,15,398.75,1588.95,7931.54
1548,20250120,1548,20,3,29,805.29,513.63,1895.42
1549,20250121,1549,5,2,20,394.43,8711.88,30116.47
1550,20250312,1550,13,5,16,1002.81,9851.14,32294.4
1551,20250625,1551,5,1,11,606.65,6221.04,12832.84
1552,20250302,1552,10,3,16,927.3,8752.05,41973.2
1553,20250217,1553,9,2,16,1494.45,8038.63,31897.59
1554,20251120,1554,12,5,30,807.63,9884.95,36596.87
1555,20251129,1555,11,3,13,1147.94,6421.99,25685.75
1556,20250310,1556,17,2,22,649.65,6751.07,21384.49
1557,20251020,1557,17,2,11,1058.37,8956.38,41131.27
1558,20250902,1558,14,3,17,430.78,9227.4,30479.44
1559,20251125,1559,11,1,20,1054.5,3657.72,16638.62
1560,20250205,1560,16,6,14,189.27,6114.67,9678.46
1561,20251007,1561,13,1,9,1304.65,4736.07,17467.66
1562,20250627,1562,4,6,24,979.0,1242.94,5153.91
1563,20251126,1563,10,6,16,1471.86,1068.9,2880.93
1564,20250726,1564,2,4,26,315.01,6043.98,23333.05
1565,20250702,1565,5,2,26,1277.18,1992.89,6780.36
1566,20250809,1566,13,1,13,589.36,2564.61,9107.92
1567,20250302,1567,20,5,3,1156.66,6016.22,27811.22
1568,20251011,1568,9,1,18,613.11,5684.78,15241.34
1569,20251009,1569,18,5,25,857.05,7245.95,17813.07
1570,20250726,1570,5,4,4,1126.97,4942.81,14914.73
1571,20251010,1571,6,4,12,1214.8,2910.61,10388.02
1572,20250215,1572,12,4,25,1417.3,8118.57,22390.78
1573,20250121,1573,8,5,1,742.76,4861.26,14405.98
1574,20250824,1574,7,2,24,857.51,7105.94,27813.13
1575,20251109,1575,8,1,11,603.01,8408.7,37425.48
1576,20251204,1576,19,2,2,625.28,8029.14,25969.23
1577,20250421,1577,16,3,1,385.64,4778.1,13719.84
1578,20250623,1578,2,1,19,798.88,4852.32,23397.01
1579,20250210,1579,15,3,2,1186.54,6765.08,22978.65
1580,20250915,1580,15,1,15,1043.88,2273.69,3793.94
1581,20251006,1581,19,5,23,1391.46,7207.55,13439.85
1582,20250929,1582,11,4,13,550.15,5129.22,21970.42
1583,20250427,1583,9,2,13,1267.58,9963.56,22150.76
1584,20250301,1584,7,6,26,778.28,4462.74,20022.11
1585,20250125,1585,7,3,26,243.32,1615.89,3419.68
1586,20250623,1586,9,4,25,1341.89,9040.7,38404.91
1587,20250429,1587,14,5,23,1171.18,4220.57,17131.47
1588,20250216,1588,16,5,2,834.42,8207.9,23173.9
1589,20250418,1589,4,1,6,705.64,5435.17,26252.94
1590,20250530,1590,14,4,19,1151.42,9706.51,29866.05
1591,20250518,1591,11,6,7,1042.77,5904.67,9886.28
1592,20250816,1592,20,2,16,493.64,1251.28,5890.07
1593,20250615,1593,1,6,18,952.4,8611.09,41494.24
1594,20250414,1594,9,1,14,1279.73,2218.79,9216.91
1595,20250603,1595,1,3,9,568.71,2626.18,7593.46
1596,20250321,1596,9,1,3,630.01,2777.2,9990.83
1597,20250129,1597,20,1,29,452.84,5937.73,11611.51
1598,20250711,1598,4,3,26,710.03,2019.83,5144.56
1599,20250724,1599,6,2,29,351.77,3701.15,7491.91
1600,20250828,1600,20,1,4,903.71,3303.41,13002.37
1601,20250810,1601,1,1,1,878.54,5452.79,14320.46
1602,20250501,1602,12,5,14,489.18,6343.28,28004.21
1603,20250628,1603,10,3,7,1351.89,6549.8,31340.69
1604,20251006,1604,2,1,19,326.08,4666.31,9361.37
1605,20251224,1605,13,5,12,869.03,9734.74,28222.27
1606,20250211,1606,12,3,3,1205.95,5719.39,11721.63
1607,20250526,1607,12,1,21,185.8,1078.77,2526.18
1608,20250801,1608,12,2,8,165.03,1533.53,6691.23
1609,20250618,1609,12,6,2,472.45,7712.06,26370.83
1610,20251120,1610,15,4,21,1100.13,6598.53,20722.14
1611,20250802,1611,10,1,12,238.56,4141.09,14597.29
1612,20251222,1612,10,6,18,1448.07,8283.39,22126.99
1613,20250927,1613,11,6,27,100.13,4422.86,17814.72
1614,20250915,1614,3,3,24,226.28,9618.12,45884.58
1615,20250416,1615,3,2,17,451.16,3273.97,5611.55
1616,20250429,1616,15,2,6,884.25,992.82,2687.55
1617,20250722,1617,13,4,3,928.72,4169.62,9618.63
1618,20251106,1618,13,5,18,1116.35,8920.24,16416.48
1619,20250601,1619,20,1,24,601.02,2103.71,6062.93
1620,20250204,1620,4,6,14,1147.34,5480.01,13188.58
1621,20250514,1621,14,6,30,1425.56,770.93,3217.04
1622,20250107,1622,6,4,27,989.51,550.82,972.48
1623,20250304,1623,2,1,10,198.9,3778.28,5696.4
1624,20250919,1624,8,1,19,1295.24,5824.68,20002.8
1625,20250621,1625,18,6,3,724.26,4567.91,20057.97
1626,20250701,1626,2,3,11,244.17,6498.8,22467.75
1627,20250701,1627,7,6,29,1117.54,7802.38,23586.04
1628,20250114,1628,9,3,20,148.0,6813.92,20875.79
1629,20250727,1629,19,5,28,1420.52,7239.98,17769.23
1630,20250405,1630,9,6,8,633.66,1143.15,2486.68
1631,20251125,1631,11,3,28,695.96,5183.88,12468.28
1632,20250126,1632,10,4,10,345.23,7075.58,28504.76
1633,20251202,1633,15,1,28,106.18,9885.35,15509.17
1634,20250908,1634,3,3,13,340.34,3359.78,8215.71
1635,20251012,1635,8,2,7,365.73,4739.72,17473.03
1636,20250425,1636,7,4,22,431.86,8961.01,41341.71
1637,20250416,1637,17,4,16,1286.46,7113.65,27137.44
1638,20251215,1638,20,5,5,181.13,9824.28,28154.21
1639,20251121,1639,7,3,29,831.58,3145.21,15104.1
1640,20250531,1640,4,6,5,600.21,4007.46,15787.0
1641,20250928,1641,11,3,28,373.72,9459.96,43382.45
1642,20250506,1642,15,2,9,399.2,2242.0,7615.79
1643,20251002,1643,1,6,29,779.56,9395.7,14869.38
1644,20250429,1644,12,5,18,1353.23,4221.08,13012.11
1645,20250529,1645,1,2,18,546.66,3084.58,14663.37
1646,20250423,1646,13,3,9,1170.97,5440.7,10447.74
1647,20251212,1647,5,6,27,379.88,8740.62,20183.74
1648,20250826,1648,12,2,20,483.51,4892.28,14412.71
1649,20250907,1649,4,3,20,1496.28,2586.32,9110.36
1650,20250912,1650,16,5,28,1037.62,2646.17,9989.54
1651,20250219,1651,9,5,29,1388.36,4004.37,19391.55
1652,20250919,1652,17,4,10,1383.58,8685.56,17606.13
1653,20250218,1653,2,4,2,722.77,6798.45,33107.44
1654,20250719,1654,16,1,1,743.59,7814.0,25861.34
1655,20250501,1655,9,1,1,684.65,5998.91,28979.63
1656,20251103,1656,20,3,13,1065.18,842.59,2848.36
1657,20250407,1657,10,3,1,932.48,2659.6,13145.67
1658,20250908,1658,11,2,29,150.38,5189.55,19601.0
1659,20250828,1659,4,4,30,480.22,9147.64,16315.56
1660,20250308,1660,16,3,28,677.69,1449.64,4277.16
1661,20250302,1661,15,2,30,701.27,1783.41,5873.86
1662,20250521,1662,16,5,27,659.99,3735.64,18010.69
1663,20250813,1663,19,5,30,572.66,2674.25,12212.87
1664,20251208,1664,2,1,15,391.34,3134.7,9783.88
1665,20250704,1665,2,5,28,1428.67,5099.65,19428.22
1666,20251014,1666,12,6,9,105.72,8766.06,14453.36
1667,20250907,1667,18,6,12,1350.06,7599.98,18322.25
1668,20250221,1668,9,3,30,157.9,3456.75,9340.19
1669,20250303,1669,9,5,28,1270.36,8067.68,20414.73
1670,20250903,1670,4,3,10,1414.09,4621.08,11994.02
1671,20250217,1671,6,3,26,1447.38,3091.01,11398.2
1672,20250627,1672,13,3,6,738.47,1555.26,7240.01
1673,20250827,1673,10,5,4,161.59,8663.4,14789.12
1674,20250127,1674,14,5,19,1236.19,6031.0,11143.23
1675,20250211,1675,4,2,4,1477.71,3109.31,9705.65
1676,20250505,1676,7,3,12,1227.56,3110.43,7456.12
1677,20251009,1677,13,1,24,1313.61,3943.13,10765.55
1678,20250515,1678,3,6,18,1497.1,3113.2,5413.58
1679,20250814,1679,19,2,18,837.34,1114.28,4530.83
1680,20250225,1680,1,5,8,806.32,6119.69,9285.21
1681,20250201,1681,13,6,23,1386.12,9467.28,38437.2
1682,20250401,1682,19,4,21,1003.96,1963.48,9536.24
1683,20250717,1683,20,1,29,1282.26,6822.37,26477.29
1684,20251029,1684,17,2,22,909.87,7388.07,25592.54
1685,20250516,1685,6,5,16,1020.1,5857.73,13497.29
1686,20250217,1686,18,2,3,986.79,5309.6,24020.0
1687,20250317,1687,13,2,21,252.9,9118.12,31671.99
1688,20250721,1688,7,6,19,199.71,3044.82,7660.27
1689,20250224,1689,18,2,27,242.15,4219.85,15492.37
1690,20250117,1690,1,1,20,1484.14,5173.76,20369.96
1691,20250901,1691,16,6,24,148.69,3291.96,15645.01
1692,20250212,1692,19,2,3,1427.95,6549.27,25474.1
1693,20250702,1693,10,2,24,516.64,2262.85,4905.73
1694,20251223,1694,2,5,23,100.77,6758.94,24218.05
1695,20250919,1695,3,5,9,1160.07,1750.96,7307.48
1696,20251217,1696,6,2,10,634.16,4224.14,17632.56
1697,20250425,1697,9,3,30,834.47,1441.25,7034.96
1698,20250408,1698,13,6,7,381.14,5803.83,20031.63
1699,20250319,1699,4,1,1,938.96,9364.77,27987.14
1700,20250710,1700,17,3,13,998.37,5570.75,18135.83
1701,20251201,1701,11,6,7,1389.31,2128.53,6167.8
1702,20250816,1702,2,4,20,1239.21,8076.6,36855.36
1703,20250403,1703,6,6,20,452.19,9096.68,28797.64
1704,20251020,1704,9,3,3,1417.68,7862.55,19147.03
1705,20250730,1705,4,6,15,1415.6,3796.71,8118.91
1706,20250715,1706,4,3,8,1003.61,1527.77,5331.82
1707,20251009,1707,18,1,25,182.14,4524.68,19425.59
1708,20250425,1708,3,2,26,781.4,2734.96,5803.15
1709,20250820,1709,7,5,14,455.54,3988.8,18495.54
1710,20251002,1710,20,3,22,1286.25,5966.33,19997.15
1711,20251110,1711,14,5,30,452.63,3047.69,8280.74
1712,20250831,1712,17,5,15,1389.9,5882.63,18919.05
1713,20250526,1713,9,6,22,737.78,6288.13,10320.86
1714,20250912,1714,14,3,1,891.86,2030.34,6486.02
1715,20250802,1715,4,5,10,773.52,3609.53,17909.87
1716,20251028,1716,20,2,27,676.35,4525.0,18233.99
1717,20250415,1717,16,2,7,237.19,8440.78,32193.91
1718,20251203,1718,11,6,26,622.8,9960.08,46890.01
1719,20250823,1719,12,2,7,683.2,1104.37,4476.91
1720,20251201,1720,13,1,22,119.98,1263.9,4710.54
1721,20250513,1721,2,1,26,959.44,6254.96,26043.4
1722,20250117,1722,16,1,24,912.46,5827.58,22410.15
1723,20250719,1723,17,6,17,1188.0,2281.39,6540.59
1724,20250913,1724,1,4,25,1386.64,8548.35,27731.08
1725,20250731,1725,9,3,28,1420.34,9279.03,14255.7
1726,20251116,1726,13,6,18,1295.27,6602.18,12123.96
1727,20250616,1727,10,1,23,503.58,6827.46,25455.74
1728,20251105,1728,19,4,30,829.03,8957.73,37779.49
1729,20250513,1729,14,4,12,470.93,3827.54,18058.53
1730,20250607,1730,19,5,16,1411.77,5486.61,8876.08
1731,20250412,1731,16,5,16,1043.71,9467.99,36081.77
1732,20250901,1732,2,2,20,1252.85,6649.05,14508.29
1733,20250215,1733,19,3,6,266.27,6280.21,9777.9
1734,20250814,1734,1,3,9,1194.04,7108.34,33095.38
1735,20250412,1735,11,3,4,1287.11,4537.44,20729.55
1736,20250817,1736,14,1,13,1366.17,4265.55,10978.48
1737,20250603,1737,12,5,12,664.48,3610.29,14972.83
1738,20250305,1738,14,6,9,1147.25,6260.1,10928.89
1739,20250819,1739,7,3,14,112.21,8700.3,26830.5
1740,20250414,1740,1,4,19,478.76,5686.44,23088.73
1741,20251226,1741,11,6,8,790.1,9303.81,37967.06
1742,20250206,1742,15,6,15,1040.32,7716.93,28451.1
1743,20251107,1743,8,6,18,954.33,2787.86,9803.81
1744,20250311,1744,20,4,16,1024.62,5076.61,24605.45
1745,20250813,1745,8,1,17,1262.88,8624.7,31625.23
1746,20250708,1746,8,1,29,268.4,5705.83,12448.23
1747,20250513,1747,14,3,8,138.74,1525.97,4857.64
1748,20250410,1748,16,2,16,1265.42,953.22,2964.85
1749,20250525,1749,8,5,27,320.88,1391.12,5394.71
1750,20250815,1750,9,6,19,943.07,585.62,2699.87
1751,20251120,1751,10,3,20,699.74,7337.62,18449.23
1752,20250612,1752,2,5,24,1493.82,3467.21,5545.28
1753,20251211,1753,11,6,9,1403.3,855.09,1942.94
1754,20250601,1754,2,4,18,786.46,2799.35,10811.54
1755,20250407,1755,13,3,4,101.13,5829.46,21379.45
1756,20251229,1756,15,5,3,801.79,5423.43,16345.84
1757,20250622,1757,3,4,9,1079.04,2928.77,8490.15
1758,20250416,1758,4,1,11,881.4,1160.98,3822.95
1759,20251214,1759,11,1,20,123.23,2625.27,12125.26
1760,20250715,1760,5,1,12,296.13,5946.17,11337.26
1761,20251120,1761,7,6,24,643.59,4707.82,22650.91
1762,20250721,1762,16,3,8,1495.66,8985.42,44772.37
1763,20250729,1763,15,4,25,1255.39,4867.85,8794.35
1764,20250208,1764,14,1,6,798.92,9563.13,15292.84
1765,20250809,1765,10,5,24,1061.21,2211.65,8069.65
1766,20251023,1766,20,5,18,311.53,4090.17,14573.78
1767,20250223,1767,5,1,18,887.21,648.86,2247.59
1768,20250106,1768,17,5,2,1174.05,5197.04,15814.11
1769,20250822,1769,17,1,22,177.68,6215.56,20335.71
1770,20251116,1770,17,4,16,141.5,5544.0,17695.39
1771,20250324,1771,20,3,12,1161.74,6325.94,20984.77
1772,20250125,1772,14,3,4,378.46,9583.8,33273.44
1773,20251224,1773,12,4,11,105.07,8919.47,32241.77
1774,20250129,1774,15,5,22,1486.26,2385.45,5416.49
1775,20250115,1775,18,5,4,763.49,4042.95,15485.04
1776,20250928,1776,11,2,24,973.26,3998.65,15985.13
1777,20250719,1777,4,2,1,527.14,727.61,3044.61
1778,20250420,1778,8,1,3,895.12,4184.78,8793.81
1779,20251224,1779,19,5,17,529.82,5344.62,15195.79
1780,20250102,1780,15,3,6,555.5,4977.32,24287.17
1781,20251126,1781,16,3,3,298.79,923.99,3772.54
1782,20250813,1782,11,3,27,1368.84,5530.01,25220.17
1783,20251027,1783,11,6,14,380.02,8032.54,13601.55
1784,20250903,1784,17,5,3,747.75,9505.46,44692.56
1785,20251109,1785,15,2,13,796.53,4550.1,6844.17
1786,20250207,1786,4,1,12,323.81,2669.91,9181.47
1787,20250405,1787,13,4,16,940.45,974.03,3639.66
1788,20250919,1788,10,2,18,508.23,4687.07,12933.63
1789,20250419,1789,14,6,1,917.38,9743.37,39183.41
1790,20250421,1790,19,2,9,1459.81,1018.44,2633.68
1791,20250210,1791,8,3,1,652.99,6564.81,12412.79
1792,20251230,1792,4,1,30,1420.79,8863.76,38344.38
1793,20250904,1793,18,6,21,235.56,6761.01,26301.08
1794,20250703,1794,16,4,16,539.71,2726.28,4091.07
1795,20250304,1795,12,2,7,551.68,4297.5,13456.57
1796,20250503,1796,7,4,30,908.07,4044.34,7960.02
1797,20250930,1797,3,4,29,500.86,3280.03,6980.96
1798,20250628,1798,8,6,11,1427.75,1135.12,5434.93
1799,20250311,1799,4,1,21,626.43,1681.93,4134.27
1800,20251219,1800,4,6,21,1405.39,9260.34,30978.4
1801,20251114,1801,5,6,2,1017.96,1035.23,2701.89
1802,20250605,1802,4,4,15,1223.98,5204.88,20810.2
1803,20250820,1803,11,4,8,243.22,6411.76,24343.86
1804,20251220,1804,5,5,24,1156.61,4194.3,20393.6
1805,20251107,1805,3,5,14,1114.44,6803.94,22361.39
1806,20250718,1806,8,4,3,876.91,4438.69,8776.41
1807,20250215,1807,5,5,27,233.5,4162.87,12440.11
1808,20250114,1808,17,3,23,897.61,6144.15,16142.35
1809,20250112,1809,13,6,13,177.59,4097.23,11422.13
1810,20250318,1810,4,5,3,501.44,638.84,2450.94
1811,20251207,1811,18,2,11,1350.51,2079.34,4013.35
1812,20250114,1812,3,4,10,793.4,1150.99,2408.36
1813,20251118,1813,14,4,28,1026.78,5433.49,22193.44
1814,20250722,1814,9,4,11,583.19,5927.53,22814.48
1815,20250113,1815,19,4,12,626.2,4022.02,12052.61
1816,20250226,1816,14,6,30,392.05,4824.03,17316.55
1817,20250425,1817,20,4,20,1187.59,6684.83,20287.83
1818,20250225,1818,17,4,24,784.55,8146.01,25252.05
1819,20250922,1819,12,3,17,935.56,3294.93,12343.92
1820,20250619,1820,8,2,16,1474.09,5712.87,11062.0
1821,20250708,1821,5,3,9,973.94,518.87,789.81
1822,20250910,1822,12,2,16,268.4,7798.06,30602.1
1823,20250507,1823,16,1,25,969.75,9903.51,25894.28
1824,20250821,1824,18,6,8,1496.87,6300.33,17885.95
1825,20250922,1825,18,1,14,876.45,6122.66,13173.11
1826,20251029,1826,16,6,5,168.86,9692.91,28225.22
1827,20250608,1827,4,6,22,124.47,4573.98,19407.63
1828,20250812,1828,10,4,16,591.73,4840.35,21944.62
1829,20251027,1829,1,1,22,116.77,8594.07,24929.24
1830,20250107,1830,14,5,27,462.23,2649.56,9935.26
1831,20250526,1831,3,2,4,1273.43,1826.39,7381.2
1832,20251024,1832,3,4,26,119.57,6162.03,17114.73
1833,20251031,1833,18,2,18,357.42,1185.54,3143.83
1834,20251106,1834,10,5,17,1287.96,9010.93,21786.42
1835,20250716,1835,10,2,27,715.53,5014.84,13677.96
1836,20250422,1836,10,5,20,362.88,8954.76,23636.74
1837,20250611,1837,13,2,15,656.92,7000.11,18391.72
1838,20250921,1838,1,3,2,111.94,5784.64,13756.07
1839,20250904,1839,1,5,3,301.49,5980.61,12010.33
1840,20250417,1840,14,6,2,250.19,4462.57,6783.05
1841,20250831,1841,10,6,1,947.8,535.42,1676.11
1842,20250305,1842,17,2,19,139.08,9754.32,27600.04
1843,20251018,1843,15,6,2,1090.04,1388.96,3067.83
1844,20250722,1844,2,3,26,748.19,7421.51,11900.24
1845,20251219,1845,20,1,19,316.88,8295.5,28018.45
1846,20250603,1846,14,4,15,917.73,4846.28,16891.91
1847,20251219,1847,16,3,12,1167.1,6351.41,27504.04
1848,20250727,1848,3,6,24,1486.72,4441.81,21233.26
1849,20251125,1849,16,2,25,818.15,7609.71,13697.34
1850,20250930,1850,2,1,9,402.3,8142.34,17860.44
1851,20251209,1851,16,2,11,316.61,9439.6,42111.43
1852,20250926,1852,7,5,20,357.52,4192.1,11119.26
1853,20250303,1853,18,4,13,235.11,5010.22,16241.39
1854,20250914,1854,2,1,13,1405.72,9309.29,28469.29
1855,20250804,1855,15,2,5,905.14,9209.5,25265.87
1856,20250201,1856,2,5,22,368.21,4347.41,10974.99
1857,20250501,1857,13,6,23,1114.39,9801.97,34874.19
1858,20250112,1858,20,4,10,773.4,3337.93,14672.17
1859,20250712,1859,11,6,18,245.47,6500.44,18278.71
1860,20250624,1860,5,4,23,843.37,1219.1,4964.32
1861,20251114,1861,12,1,30,1362.23,9942.0,37209.71
1862,20250425,1862,2,5,5,929.98,5287.18,24354.6
1863,20251212,1863,16,3,23,193.97,9770.43,20600.79
1864,20250216,1864,15,1,10,863.65,2759.76,6858.32
1865,20250221,1865,4,5,12,505.15,8256.63,16215.14
1866,20251105,1866,12,3,8,118.88,5959.03,20525.93
1867,20250601,1867,8,6,9,726.87,1204.87,2668.59
1868,20251117,1868,17,5,29,399.39,3465.87,14804.67
1869,20250225,1869,2,6,4,1267.98,1876.35,4464.87
1870,20250219,1870,1,5,15,1222.43,8997.98,20519.12
1871,20251118,1871,19,3,27,1017.58,2902.7,9983.71
1872,20250421,1872,16,6,26,1026.27,6480.65,11661.72
1873,20250302,1873,7,4,1,712.55,5468.91,11685.13
1874,20251027,1874,18,5,16,1391.69,1248.3,5339.9
1875,20250802,1875,8,4,12,1321.44,4487.1,7886.2
1876,20250103,1876,2,4,8,1257.74,9657.89,33482.11
1877,20250811,1877,11,6,8,208.87,6790.41,24110.44
1878,20250508,1878,12,3,4,402.13,2436.76,6150.43
1879,20250317,1879,2,2,19,1464.82,3800.34,10361.13
1880,20250920,1880,1,5,4,284.44,4322.18,6900.25
1881,20250306,1881,12,3,26,486.17,3271.03,14272.62
1882,20251231,1882,8,1,6,184.99,6868.41,14936.1
1883,20250616,1883,20,3,18,1473.97,684.06,2120.1
1884,20250717,1884,18,5,23,365.07,2251.16,6762.25
1885,20251105,1885,19,3,14,1103.62,4249.78,10179.96
1886,20250419,1886,4,6,20,711.53,2333.6,10656.21
1887,20251022,1887,20,5,20,648.15,2807.96,11023.97
1888,20250109,1888,7,2,14,1053.17,3259.12,7150.91
1889,20250130,1889,14,4,5,601.54,4183.96,7170.99
1890,20250624,1890,13,4,15,739.02,3924.9,6412.9
1891,20250317,1891,3,3,30,1183.73,5682.71,23535.13
1892,20250606,1892,9,6,17,783.66,7658.76,35093.36
1893,20251025,1893,19,5,6,246.04,2652.07,9568.11
1894,20251208,1894,13,1,26,409.66,8867.8,16986.1
1895,20250816,1895,17,3,10,1196.09,2489.04,11577.24
1896,20251201,1896,20,4,3,519.38,4326.38,21528.97
1897,20250928,1897,9,3,26,434.3,5396.95,13964.21
1898,20250912,1898,9,1,13,146.17,3526.08,5529.23
1899,20250516,1899,14,6,11,989.21,4026.06,6901.16
1900,20250328,1900,15,5,24,458.27,2346.79,6945.77
1901,20250829,1901,6,1,28,1381.83,6095.67,17573.32
1902,20250621,1902,13,5,29,321.79,5460.98,11291.99
1903,20251014,1903,2,4,19,1186.46,9036.39,43014.07
1904,20251226,1904,3,2,1,1360.34,4125.18,15195.9
1905,20251124,1905,7,6,30,1468.72,3813.67,18831.24
1906,20251117,1906,18,2,5,519.06,8227.93,17109.43
1907,20251204,1907,11,3,13,1210.3,906.88,1547.04
1908,20250911,1908,17,5,4,194.97,7777.35,25116.12
1909,20251013,1909,14,6,19,871.18,9540.97,36921.16
1910,20250924,1910,7,5,11,186.87,8348.39,36412.56
1911,20250826,1911,2,4,7,768.63,4094.92,14476.22
1912,20250114,1912,12,1,17,687.38,6619.45,24085.14
1913,20250421,1913,16,6,10,333.28,7632.31,26270.21
1914,20251221,1914,19,2,1,1386.42,6156.71,29583.92
1915,20251208,1915,12,6,2,390.3,995.57,4694.93
1916,20250314,1916,16,3,21,151.65,8861.46,27726.22
1917,20251218,1917,11,1,28,1418.21,3367.02,14623.35
1918,20251124,1918,6,2,8,249.08,1334.92,4772.69
1919,20250720,1919,9,6,8,319.39,5797.95,25067.46
1920,20251031,1920,7,4,15,650.05,6965.16,16824.49
1921,20250809,1921,7,2,29,1368.06,6022.71,17703.24
1922,20250524,1922,4,4,25,645.09,1360.6,5687.31
1923,20250702,1923,6,3,14,600.62,8016.42,22270.73
1924,20250630,1924,17,2,9,219.01,5997.18,25601.62
1925,20251029,1925,13,5,19,450.86,1861.48,7772.86
1926,20250524,1926,18,3,20,1382.03,2677.98,13188.38
1927,20250610,1927,12,1,20,823.7,4436.26,21516.14
1928,20251014,1928,1,1,4,1054.52,9360.89,17596.01
1929,20250109,1929,18,1,12,193.43,9093.06,30483.25
1930,20250501,1930,17,6,30,665.13,3874.18,17188.8
1931,20250701,1931,16,2,29,656.45,8059.84,23528.63
1932,20251005,1932,13,2,11,1262.9,8194.97,30750.16
1933,20250819,1933,11,6,19,305.47,4150.01,8462.95
1934,20250503,1934,8,4,26,240.78,3659.35,15344.01
1935,20251004,1935,11,1,15,1239.05,2415.65,5399.47
1936,20250729,1936,6,1,16,1356.37,2640.41,6671.34
1937,20250319,1937,6,2,30,1103.55,1141.07,2238.56
1938,20250522,1938,11,2,9,517.08,1052.73,4969.7
1939,20250528,1939,20,6,3,156.55,8854.9,41132.06
1940,20251105,1940,20,3,21,1386.27,4715.05,9668.93
1941,20250423,1941,3,2,15,1286.96,9172.36,29609.56
1942,20250708,1942,19,3,12,1470.88,1140.91,3856.97
1943,20250121,1943,12,2,7,827.78,9003.68,28828.32
1944,20250716,1944,18,6,1,122.59,6391.88,11366.03
1945,20250812,1945,4,4,5,1101.1,2567.99,10256.61
1946,20250923,1946,3,4,27,1206.7,7351.68,14003.54
1947,20250701,1947,2,4,6,629.47,5503.85,22509.18
1948,20250922,1948,16,1,14,1153.51,5528.78,23922.9
1949,20250112,1949,5,4,24,404.05,8488.4,33993.8
1950,20250607,1950,7,2,12,1453.27,2596.35,4925.33
1951,20250110,1951,18,6,28,457.84,9084.96,24096.01
1952,20250718,1952,19,3,4,1077.33,4375.66,20030.63
1953,20250531,1953,18,3,29,912.01,645.87,3201.58
1954,20250518,1954,7,2,27,1345.99,974.03,2856.23
1955,20250726,1955,9,3,4,563.39,4482.61,8479.5
1956,20251125,1956,14,5,11,276.44,5662.15,10192.7
1957,20250120,1957,13,5,21,624.87,6142.73,11885.52
1958,20251105,1958,13,3,28,253.89,5343.81,24548.82
1959,20250117,1959,6,3,9,1201.56,2072.32,3389.22
1960,20250504,1960,10,5,23,1300.54,7267.69,24722.7
1961,20250409,1961,8,6,15,748.42,5028.58,9361.71
1962,20250626,1962,19,1,28,1350.02,8787.29,42847.36
1963,20250706,1963,12,2,18,281.78,6861.5,34036.39
1964,20250822,1964,6,1,4,1016.98,5013.53,14462.7
1965,20250311,1965,16,4,4,731.42,6057.68,15706.17
1966,20250213,1966,20,3,24,814.48,9456.33,45802.37
1967,20251107,1967,20,3,2,617.74,3519.2,13678.96
1968,20251107,1968,6,6,8,626.81,8824.53,16224.93
1969,20250612,1969,2,4,26,122.81,5759.25,27545.65
1970,20250915,1970,11,2,22,370.96,7786.65,17656.96
1971,20251230,1971,20,1,11,186.18,2962.9,13030.82
1972,20250606,1972,8,6,3,1128.49,5659.33,21093.04
1973,20250214,1973,12,1,15,269.16,4730.88,17353.59
1974,20251211,1974,9,2,14,455.16,3761.23,17524.31
1975,20250710,1975,8,6,18,1237.95,1796.24,7254.03
1976,20250202,1976,2,6,11,1109.03,504.64,1935.02
1977,20250326,1977,20,2,10,538.47,9686.88,26979.61
1978,20250311,1978,14,3,22,859.48,7442.74,12173.94
1979,20250715,1979,15,1,12,272.55,2694.84,11839.99
1980,20251121,1980,18,6,11,864.27,7842.91,22900.82
1981,20250514,1981,9,2,6,1042.36,3557.68,15779.27
1982,20250430,1982,4,5,23,226.44,9712.76,27844.79
1983,20251206,1983,16,1,24,200.09,2624.69,10895.14
1984,20250606,1984,10,6,3,332.03,1191.58,4222.88
1985,20251014,1985,13,4,10,1416.59,8497.12,33695.16
1986,20251010,1986,18,3,7,1072.09,5667.3,20372.12
1987,20250502,1987,11,6,18,384.85,6423.11,12436.69
1988,20250222,1988,4,1,23,1364.44,3003.14,14939.0
1989,20250920,1989,13,3,11,1318.68,2297.77,10516.59
1990,20250106,1990,16,1,23,659.58,9067.15,45206.48
1991,20250817,1991,17,2,6,1176.29,1691.67,7138.52
1992,20251216,1992,6,2,13,1203.2,1640.92,7334.19
1993,20250308,1993,2,4,11,1323.04,6444.59,30724.66
1994,20250530,1994,20,1,11,975.9,7093.24,18602.04
1995,20251101,1995,20,3,30,186.91,2283.19,3673.09
1996,20250925,1996,11,6,4,713.22,6326.98,13288.5
1997,20250206,1997,2,6,21,820.36,4230.03,15168.98
1998,20250117,1998,19,4,13,1140.77,9107.19,22035.54
1999,20250712,1999,17,5,24,1073.12,2462.33,6430.98
2000,20250406,2000,4,2,23,1135.04,8939.24,15251.09
2001,20250521,2001,1,6,21,1022.55,9697.48,37660.74
2002,20250320,2002,12,1,26,1261.97,5999.19,11645.91
2003,20250701,2003,2,3,7,758.7,5971.67,15556.16
2004,20250617,2004,4,2,5,440.33,6819.6,25388.95
2005,20251002,2005,10,3,10,1106.86,801.11,2312.09
2006,20250606,2006,6,5,6,1421.31,2257.07,9255.55
2007,20250425,2007,19,6,23,1260.6,1131.51,5328.08
2008,20250130,2008,9,1,6,791.19,8128.27,39899.49
2009,20250218,2009,12,1,29,1265.32,2857.32,8082.75
2010,20251025,2010,2,5,22,904.92,944.15,2152.67
2011,20250915,2011,3,1,7,447.02,6777.7,25295.59
2012,20251030,2012,16,6,27,183.65,1587.9,7386.28
2013,20250919,2013,3,4,6,607.61,5622.14,19350.66
2014,20251125,2014,4,3,28,1389.0,1913.9,3316.05
2015,20250227,2015,7,5,29,1011.22,4843.23,20555.34
2016,20250623,2016,17,6,13,1069.91,6488.6,21353.94
2017,20251003,2017,17,5,20,214.91,8553.25,22184.56
2018,20250616,2018,12,4,2,851.74,3243.37,14694.68
2019,20250731,2019,14,3,27,1067.61,1921.61,4416.56
2020,20250413,2020,10,5,14,289.41,7621.72,32412.67
2021,20250501,2021,13,3,21,1460.99,8965.97,23213.05
2022,20251002,2022,1,2,8,1428.03,7676.02,16811.7
2023,20250527,2023,15,6,1,664.48,3284.1,12835.41
2024,20250312,2024,2,5,8,485.06,9658.9,32944.34
2025,20250816,2025,7,1,17,909.11,5200.34,25747.35
2026,20251122,2026,4,4,7,1035.88,7290.65,29574.45
2027,20251115,2027,11,5,22,1284.02,4854.54,21827.32
2028,20250703,2028,19,6,23,1045.95,8788.75,34107.0
2029,20250629,2029,12,3,4,441.1,6754.29,18980.5
2030,20250426,2030,17,5,23,188.0,867.02,2441.77
2031,20250508,2031,15,4,3,671.97,8813.97,30079.72
2032,20250203,2032,4,1,13,886.04,9595.89,45510.22
2033,20250827,2033,16,6,14,1224.51,3268.0,12357.2
2034,20250620,2034,3,5,9,1162.66,6679.98,27979.01
2035,20250218,2035,7,6,22,1122.1,867.15,4170.56
2036,20250422,2036,6,2,25,1455.6,2700.01,5264.14
2037,20251025,2037,11,5,21,965.64,7544.68,27262.48
2038,20251207,2038,17,6,26,947.35,8440.21,33223.52
2039,20250228,2039,16,1,19,1334.63,8548.33,38672.54
2040,20250413,2040,2,1,3,1392.88,9810.35,16574.64
2041,20250527,2041,9,1,9,727.79,4125.71,18837.05
2042,20250123,2042,7,1,20,451.36,3392.7,7201.63
2043,20251222,2043,13,1,1,1277.34,7724.87,12461.13
2044,20250921,2044,20,6,12,1348.95,758.36,3408.33
2045,20250131,2045,5,3,4,705.35,5483.8,15914.79
2046,20250326,2046,3,1,3,999.1,1724.09,6090.74
2047,20251208,2047,10,5,11,1002.62,2206.86,5737.06
2048,20251212,2048,2,4,7,1405.27,5031.34,21310.43
2049,20250907,2049,17,6,30,747.38,6568.89,27787.74
2050,20250612,2050,9,3,18,343.11,3704.24,6767.4
2051,20251029,2051,5,3,24,907.75,9524.8,40593.57
2052,20250908,2052,13,4,11,902.03,4555.3,17431.88
2053,20250618,2053,2,4,16,642.35,9198.84,29278.71
2054,20250402,2054,15,1,7,567.09,4915.26,13225.77
2055,20250422,2055,12,4,1,1366.68,3830.16,12652.27
2056,20250726,2056,18,3,1,1187.11,4659.39,17704.39
2057,20250422,2057,20,4,4,622.39,8871.25,32499.54
2058,20250614,2058,17,1,27,817.0,6897.42,17888.05
2059,20250715,2059,2,5,13,1476.57,3774.78,9588.63
2060,20250712,2060,11,1,11,657.99,1533.15,6679.34
2061,20250626,2061,14,3,19,1027.23,5587.28,26412.06
2062,20250826,2062,3,3,27,1265.51,1243.87,4499.24
2063,20250508,2063,19,2,18,959.28,9552.99,18168.41
2064,20251106,2064,15,5,14,1048.28,7736.59,28706.48
2065,20250909,2065,18,1,9,464.25,8682.24,13151.99
2066,20250130,2066,7,5,25,134.88,2773.86,8937.32
2067,20250307,2067,5,3,21,886.95,3326.91,14070.1
2068,20250328,2068,19,3,26,934.27,1510.89,6338.87
2069,20250415,2069,10,4,10,1259.76,9436.79,44047.56
2070,20250710,2070,4,2,26,1363.42,6282.85,19468.86
2071,20250911,2071,4,6,10,566.75,6502.54,27211.01
2072,20251129,2072,9,6,26,230.59,8485.74,19634.58
2073,20250427,2073,13,1,16,1229.55,6738.13,20565.74
2074,20250909,2074,5,2,9,625.51,9766.58,37052.77
2075,20251221,2075,12,2,27,896.44,5447.32,15503.65
2076,20250308,2076,10,6,25,1291.0,3223.73,9686.29
2077,20250523,2077,9,5,21,1113.2,6980.57,32049.33
2078,20251222,2078,17,4,15,1386.82,3619.27,17371.79
2079,20250705,2079,15,6,6,867.32,6686.12,32036.38
2080,20251105,2080,4,2,30,1240.75,3108.75,13639.57
2081,20251228,2081,17,5,6,398.42,6443.69,27331.32
2082,20250605,2082,15,4,16,368.44,3243.3,8050.9
2083,20251006,2083,14,6,14,345.74,9000.89,17347.37
2084,20250131,2084,19,2,27,242.6,5557.88,14656.78
2085,20250822,2085,19,1,23,1294.87,5400.46,11550.41
2086,20250318,2086,20,1,14,1197.46,6831.05,15303.95
2087,20250207,2087,15,4,6,523.75,8466.18,18608.26
2088,20250528,2088,9,5,12,933.02,3148.22,10892.86
2089,20250123,2089,1,6,11,1380.68,3944.02,19584.08
2090,20251104,2090,15,5,19,723.4,2137.15,5209.34
2091,20250426,2091,14,2,15,1266.81,5759.91,24248.77
2092,20250617,2092,8,3,14,159.21,4123.17,6497.46
2093,20251106,2093,9,1,11,968.92,1007.59,1595.7
2094,20250407,2094,10,6,2,887.14,4384.85,11828.99
2095,20250109,2095,16,5,11,1470.88,8195.81,26462.88
2096,20251227,2096,20,6,20,1096.82,3471.52,9728.45
2097,20250220,2097,4,4,19,423.94,5575.96,21829.79
2098,20251022,2098,12,6,12,951.32,2620.18,12134.45
2099,20250227,2099,16,1,26,935.61,9494.13,45297.18
2100,20250811,2100,18,6,4,308.93,879.21,2934.98
2101,20250524,2101,6,3,2,893.5,1699.89,7884.76
2102,20250314,2102,2,3,3,1056.96,8678.87,13312.64
2103,20251116,2103,9,5,30,600.53,1230.9,2389.25
2104,20251228,2104,1,5,5,592.51,3465.48,13590.09
2105,20250726,2105,3,4,25,960.5,5976.86,11992.86
2106,20251128,2106,10,3,10,1298.03,3392.05,13243.84
2107,20250614,2107,4,4,5,550.12,4418.09,12263.78
2108,20250421,2108,4,4,22,595.6,3544.44,10474.55
2109,20250725,2109,16,2,19,421.93,645.33,2167.0
2110,20250227,2110,11,1,15,525.13,3489.76,14790.62
2111,20250224,2111,17,1,26,492.49,9157.05,17439.31
2112,20251204,2112,4,6,14,948.32,6595.3,13216.69
2113,20250812,2113,4,5,13,1340.06,7692.32,19856.64
2114,20250618,2114,3,4,5,186.13,6728.51,25975.27
2115,20250127,2115,19,1,5,1351.56,1225.62,1937.53
2116,20250605,2116,6,1,8,851.06,9275.8,43650.78
2117,20250723,2117,19,2,24,1169.93,5081.22,16354.05
2118,20251024,2118,15,3,30,518.92,8828.05,13634.08
2119,20251215,2119,6,1,23,1261.59,8843.51,41460.05
2120,20250522,2120,9,1,26,413.79,5069.08,22591.46
2121,20251221,2121,10,3,9,1430.83,2164.19,9577.86
2122,20250304,2122,19,1,12,1008.86,8720.55,13193.9
2123,20251226,2123,3,6,22,1067.87,2418.68,8282.79
2124,20250324,2124,18,6,1,1315.34,9707.35,45668.66
2125,20251213,2125,17,5,8,1292.89,3787.45,15076.42
2126,20250715,2126,12,2,1,1176.73,6715.14,31404.9
2127,20250203,2127,11,6,13,168.28,7773.73,35703.03
2128,20251020,2128,5,2,21,1366.12,8233.52,19615.32
2129,20250913,2129,9,2,9,595.17,5947.06,17843.92
2130,20250204,2130,18,5,29,350.48,4271.12,20101.88
2131,20250401,2131,15,2,4,109.61,9973.08,37651.14
2132,20251220,2132,14,4,13,863.55,4572.13,17345.63
2133,20250122,2133,11,5,10,427.67,9192.26,26368.26
2134,20251010,2134,4,5,17,774.56,9333.16,36198.79
2135,20250907,2135,14,3,19,198.95,813.89,1278.78
2136,20250927,2136,16,6,26,1240.02,6938.24,32658.28
2137,20250610,2137,1,2,5,401.16,4821.96,17298.36
2138,20250602,2138,14,2,12,286.86,1095.72,5302.63
2139,20250920,2139,15,4,27,287.93,8644.5,36638.69
2140,20250206,2140,11,1,10,1484.18,1511.42,6792.66
2141,20250922,2141,3,6,17,270.68,1018.83,3487.79
2142,20250309,2142,18,1,3,706.31,9148.3,43976.94
2143,20251222,2143,18,3,21,1262.77,2374.15,5851.87
2144,20250308,2144,5,5,12,829.5,714.41,1967.24
2145,20250128,2145,7,6,7,1211.68,5397.33,18478.03
2146,20250906,2146,1,5,25,647.66,6111.32,15417.91
2147,20251002,2147,5,4,26,249.35,5832.87,10497.63
2148,20250123,2148,5,4,26,604.17,5232.61,17887.1
2149,20251208,2149,12,1,9,422.38,6253.27,26936.27
2150,20250302,2150,18,4,5,1128.05,9355.12,37589.24
2151,20250108,2151,17,2,15,947.57,772.94,1883.12
2152,20250715,2152,20,6,15,1085.96,6961.94,22517.02
2153,20250408,2153,5,1,14,169.23,2220.36,7380.59
2154,20250731,2154,15,1,14,953.18,4739.37,21040.43
2155,20251203,2155,19,2,5,823.35,1488.6,3746.54
2156,20250513,2156,18,4,29,1388.79,5744.42,11260.19
2157,20250318,2157,5,2,29,1238.88,8549.3,32619.46
2158,20251221,2158,20,3,5,1278.23,1219.67,1978.62
2159,20250421,2159,15,4,30,108.98,4471.12,9038.85
2160,20250827,2160,2,5,20,782.82,3270.06,6746.5
2161,20251227,2161,18,3,12,332.57,6517.37,20204.24
2162,20250516,2162,15,5,3,610.78,2325.54,10213.5
2163,20250509,2163,16,1,2,435.93,7964.91,37861.72
2164,20251125,2164,20,6,4,1129.81,8768.22,38935.69
2165,20250402,2165,6,3,17,449.74,5150.97,18825.96
2166,20250505,2166,15,1,17,390.89,4333.91,14700.21
2167,20250622,2167,2,1,16,1038.53,8244.19,39382.01
2168,20250423,2168,8,1,24,1171.38,1676.26,5610.6
2169,20251022,2169,11,4,13,644.63,4273.03,6471.9
2170,20250903,2170,13,6,23,146.83,7584.05,26938.7
2171,20250217,2171,19,1,18,494.82,9371.49,39309.95
2172,20251118,2172,14,1,15,182.9,6769.09,11216.15
2173,20250526,2173,12,3,2,328.61,3188.43,12966.76
2174,20250907,2174,9,6,18,1408.51,8900.51,30187.25
2175,20250620,2175,3,2,23,976.6,1253.19,2558.17
2176,20250521,2176,14,6,11,426.11,3710.0,11317.52
2177,20250405,2177,1,1,3,1222.7,2753.33,7719.76
2178,20251124,2178,16,1,17,1376.34,5775.05,14597.38
2179,20250401,2179,8,1,11,102.94,9983.21,26009.88
2180,20251029,2180,12,1,16,555.38,6060.03,26895.25
2181,20250111,2181,3,1,1,1229.2,5551.13,25850.16
2182,20250617,2182,8,6,18,979.57,8769.75,13971.77
2183,20251117,2183,15,2,6,274.38,7685.41,19116.96
2184,20251020,2184,2,4,30,1173.45,6551.71,29366.16
2185,20251229,2185,10,4,17,1453.96,3600.11,17388.75
2186,20250217,2186,13,4,13,322.55,5031.92,20836.32
2187,20250506,2187,12,3,12,189.77,983.58,4580.48
2188,20250723,2188,5,1,23,779.93,9110.82,30025.89
2189,20250528,2189,20,1,25,1283.48,8930.86,21203.09
2190,20251109,2190,7,5,6,1310.04,8287.76,30511.82
2191,20251209,2191,8,1,1,712.43,5442.44,27108.67
2192,20251018,2192,18,2,8,321.66,7308.45,29633.87
2193,20251115,2193,11,5,24,1225.36,8566.06,40754.92
2194,20251210,2194,11,2,3,467.9,1650.74,3857.4
2195,20250501,2195,19,3,19,1121.39,7838.05,19648.86
2196,20250501,2196,6,6,21,1448.42,6262.41,25049.06
2197,20250918,2197,10,5,27,1361.93,560.37,2432.76
2198,20250819,2198,20,2,26,1153.64,2160.33,4823.86
2199,20250314,2199,11,3,2,833.82,585.88,2526.91
2200,20250707,2200,12,5,12,825.21,7228.88,32444.21
2201,20251119,2201,13,3,22,371.34,9929.22,36202.86
2202,20250423,2202,15,1,28,1327.55,3227.04,14264.08
2203,20251107,2203,12,2,3,368.15,2272.85,5093.44
2204,20250801,2204,14,5,5,961.35,9754.18,23797.76
2205,20250927,2205,3,6,27,968.9,9098.87,31750.25
2206,20250718,2206,16,5,16,845.78,4885.79,7855.02
2207,20250715,2207,19,2,24,671.71,776.89,2907.46
2208,20251021,2208,2,6,3,1263.24,1990.75,8083.6
2209,20250129,2209,9,2,2,824.02,7232.75,25799.7
2210,20250921,2210,10,5,19,160.7,2927.35,8715.96
2211,20250328,2211,8,6,22,755.84,7616.64,21720.63
2212,20250331,2212,16,2,15,369.53,5021.28,16268.83
2213,20251015,2213,2,1,2,1081.13,5233.88,9799.59
2214,20251009,2214,11,5,23,804.45,8018.72,17239.8
2215,20250104,2215,11,1,10,402.14,5755.85,19129.5
2216,20251106,2216,15,6,1,918.4,2837.81,14092.95
2217,20251005,2217,8,4,30,854.67,6995.43,23272.97
2218,20250618,2218,4,1,9,1342.96,9322.98,20856.66
2219,20250201,2219,2,2,12,739.47,4393.07,20793.99
2220,20250613,2220,17,1,18,1393.83,4469.01,20053.42
2221,20250908,2221,14,2,3,614.35,6295.71,11999.84
2222,20250920,2222,5,3,27,1493.65,1630.55,6590.04
2223,20250802,2223,3,4,8,439.03,1525.7,4900.57
2224,20251014,2224,13,1,3,635.62,9513.05,27080.35
2225,20251102,2225,2,2,7,160.11,1668.06,6369.56
2226,20250604,2226,12,3,28,490.06,9795.37,23288.87
2227,20250728,2227,7,1,17,1030.12,5225.15,12452.72
2228,20250403,2228,9,4,19,576.13,5722.21,26341.17
2229,20250621,2229,5,1,27,1456.72,3328.31,14686.94
2230,20250302,2230,15,1,18,638.87,2338.54,11200.86
2231,20251009,2231,19,4,26,1432.8,8258.37,39774.98
2232,20250306,2232,7,5,29,1252.66,2415.52,9056.56
2233,20250503,2233,11,1,1,1208.34,5721.25,25445.67
2234,20250130,2234,10,3,2,506.57,4417.36,10296.73
2235,20250306,2235,12,1,20,932.8,8789.32,33019.45
2236,20250510,2236,8,6,12,420.17,9133.19,29488.06
2237,20250821,2237,14,6,14,1436.38,9537.58,17924.85
2238,20250322,2238,15,3,13,1200.87,6101.24,23899.07
2239,20251113,2239,11,5,13,1119.09,3001.44,13988.34
2240,20250110,2240,19,6,4,727.44,9230.05,40161.16
2241,20250317,2241,8,6,18,873.31,1370.62,5165.11
2242,20250101,2242,5,2,14,1222.97,4825.97,16864.75
2243,20250902,2243,9,5,21,627.11,8211.99,19028.37
2244,20250503,2244,7,3,28,1272.15,8113.43,32721.99
2245,20250707,2245,11,1,27,1334.71,1767.73,3071.19
2246,20250130,2246,8,2,15,1265.28,4363.99,20866.83
2247,20250510,2247,20,3,17,1136.4,5466.89,23305.21
2248,20250509,2248,7,6,1,235.46,9632.38,39378.8
2249,20251202,2249,12,6,9,1234.96,4683.69,11478.23
2250,20250618,2250,16,1,15,745.41,9453.57,28271.25
2251,20250908,2251,8,3,1,1347.77,2038.97,5319.29
2252,20250327,2252,8,5,29,1273.14,6283.55,12465.42
2253,20250629,2253,16,2,13,1080.5,9915.52,27488.94
2254,20251009,2254,11,1,22,1374.63,9991.45,15808.58
2255,20250519,2255,11,6,9,866.79,1848.12,8011.11
2256,20250519,2256,8,1,13,1096.99,2185.0,7930.32
2257,20250103,2257,4,4,14,1415.57,1474.76,6070.26
2258,20250118,2258,14,3,1,842.85,8708.34,25872.85
2259,20250502,2259,11,6,1,1074.75,4544.5,18541.78
2260,20251031,2260,18,3,23,1023.89,6058.89,25063.68
2261,20251111,2261,19,6,4,110.4,4134.04,17237.72
2262,20250915,2262,19,1,12,1103.38,1393.95,5160.05
2263,20250618,2263,11,2,21,937.55,1973.54,9711.69
2264,20250705,2264,18,2,24,183.23,7309.89,22104.42
2265,20250404,2265,19,3,14,1034.08,5815.53,24809.84
2266,20250410,2266,4,6,27,1192.17,3028.68,11310.51
2267,20250404,2267,9,2,7,148.75,910.58,3729.24
2268,20250914,2268,3,2,30,256.66,8568.66,23907.01
2269,20250128,2269,4,2,22,208.81,7757.89,17297.42
2270,20250814,2270,7,4,3,205.98,9428.87,38723.27
2271,20250710,2271,3,2,14,329.04,2227.26,6092.86
2272,20250420,2272,19,4,24,1269.04,8586.86,13450.18
2273,20250831,2273,1,4,1,1323.48,1974.81,5216.87
2274,20250326,2274,9,4,18,182.99,3235.92,14994.68
2275,20250313,2275,6,3,9,1415.22,1650.63,3996.2
2276,20250115,2276,20,1,5,1491.92,7643.72,36391.19
2277,20250114,2277,4,3,26,509.33,1357.22,5462.74
2278,20251017,2278,15,3,20,733.11,7957.67,23605.62
2279,20250323,2279,9,3,17,617.85,2166.98,9741.66
2280,20250831,2280,8,2,14,386.85,8899.44,30372.0
2281,20250410,2281,18,6,27,646.61,7377.59,21538.64
2282,20250412,2282,9,4,11,1409.17,6730.63,20065.32
2283,20250305,2283,20,1,2,772.77,5495.6,13191.66
2284,20250917,2284,10,6,14,1044.53,3441.43,10878.5
2285,20250601,2285,2,5,11,304.23,1459.73,7266.12
2286,20250909,2286,17,4,13,776.81,8051.47,22565.88
2287,20250321,2287,20,5,8,1003.3,4939.19,13180.06
2288,20250801,2288,13,1,26,618.53,8658.49,18694.94
2289,20250310,2289,13,3,4,823.49,6825.79,31835.3
2290,20250716,2290,10,3,29,844.43,3094.35,10136.42
2291,20251209,2291,16,1,16,184.92,9221.14,29350.73
2292,20250716,2292,2,3,12,327.05,8303.03,24487.73
2293,20250701,2293,17,1,19,251.29,2210.92,8744.25
2294,20250502,2294,3,2,16,652.18,4376.26,18971.62
2295,20251001,2295,5,1,10,247.02,8490.38,13316.05
2296,20250217,2296,5,1,25,1444.62,6851.36,23665.92
2297,20250810,2297,20,3,9,1060.9,5500.55,11144.13
2298,20250323,2298,2,2,13,1413.16,8507.1,29279.64
2299,20250330,2299,18,1,18,1160.58,2863.19,6382.02
2300,20251226,2300,18,1,10,1042.22,6436.92,29776.86
2301,20250201,2301,10,5,16,1051.95,6794.78,15977.2
2302,20251105,2302,13,3,13,377.65,7405.08,21867.48
2303,20250423,2303,12,2,24,1214.08,7712.46,31105.62
2304,20250507,2304,1,5,8,1418.85,729.26,3612.3
2305,20251126,2305,6,3,1,1158.52,8608.42,37127.37
2306,20251012,2306,20,2,26,939.71,9006.69,41103.24
2307,20250612,2307,18,5,13,494.31,6312.26,21257.56
2308,20250121,2308,13,5,15,1467.25,1059.47,1784.44
2309,20250730,2309,12,4,20,1479.14,1244.5,5726.51
2310,20251118,2310,19,6,26,616.52,7274.13,27091.66
2311,20250206,2311,19,3,6,1087.25,1647.49,5442.66
2312,20250409,2312,18,5,25,298.56,9873.54,40550.03
2313,20251209,2313,18,6,20,661.57,8849.87,39520.65
2314,20250501,2314,10,3,17,967.57,7494.9,35663.65
2315,20250901,2315,15,4,24,1132.45,6520.92,27052.32
2316,20251119,2316,16,1,5,819.35,5617.22,20624.93
2317,20250313,2317,6,3,28,252.09,4253.34,19582.49
2318,20250917,2318,17,4,10,1061.85,2743.53,13349.41
2319,20250419,2319,3,5,9,917.51,4311.97,11246.11
2320,20251207,2320,2,4,21,1407.56,4549.49,7176.1
2321,20251108,2321,19,1,7,820.9,1315.23,3568.25
2322,20251220,2322,11,6,6,1265.34,1980.63,7671.06
2323,20250109,2323,19,5,10,590.07,8455.28,39051.15
2324,20251225,2324,16,5,17,352.05,6442.25,15413.12
2325,20250310,2325,16,3,23,1301.86,7310.79,30029.37
2326,20250419,2326,3,1,25,1170.27,9795.1,36713.35
2327,20250529,2327,19,6,16,1240.84,6337.17,10867.11
2328,20250630,2328,8,5,23,409.04,9285.83,15330.87
2329,20250416,2329,9,3,14,446.17,2409.67,3720.2
2330,20250831,2330,3,6,30,286.93,2677.07,9580.76
2331,20250624,2331,13,4,23,938.44,5682.68,9439.56
2332,20250712,2332,18,4,16,1212.7,7679.11,16208.59
2333,20251225,2333,7,5,14,243.85,9748.96,30561.99
2334,20250516,2334,7,3,1,112.06,6824.26,19288.35
2335,20250125,2335,13,3,17,813.01,6368.73,14944.2
2336,20250322,2336,3,4,4,1262.2,1041.72,3554.94
2337,20250725,2337,14,5,19,1246.3,1085.1,4204.97
2338,20250605,2338,17,3,23,793.1,5064.41,10159.42
2339,20250904,2339,11,4,25,803.1,6801.64,20185.12
2340,20250131,2340,9,6,26,1009.17,8632.42,17441.27
2341,20250423,2341,13,2,8,617.86,4409.2,14866.49
2342,20250502,2342,18,5,19,202.23,7550.15,19437.96
2343,20250702,2343,15,2,1,211.78,8847.6,36826.82
2344,20251205,2344,7,6,3,1272.08,2898.87,11301.7
2345,20250805,2345,12,6,30,746.13,1544.71,4958.01
2346,20250606,2346,11,6,13,1197.56,2351.83,8669.28
2347,20251219,2347,6,1,7,1178.75,5088.05,25047.61
2348,20250331,2348,1,2,17,1418.81,4539.11,10932.73
2349,20250705,2349,6,5,3,677.96,6185.36,20313.55
2350,20250914,2350,9,3,20,210.47,2119.1,5523.32
2351,20250809,2351,1,4,2,736.52,7452.74,21720.47
2352,20251026,2352,7,1,16,1395.0,6720.03,29957.09
2353,20250427,2353,17,4,19,285.41,9225.22,40538.9
2354,20250927,2354,14,4,4,974.08,2199.49,3444.91
2355,20250726,2355,12,5,24,253.84,6104.77,15848.83
2356,20250808,2356,4,6,1,1141.93,2371.53,7425.91
2357,20250703,2357,20,3,1,777.04,6613.04,23391.37
2358,20250314,2358,7,2,10,1151.61,1875.88,9298.0
2359,20250520,2359,5,6,26,380.83,504.95,1162.0
2360,20250919,2360,6,1,22,1380.78,5600.54,23148.63
2361,20250621,2361,1,5,3,321.34,6429.97,18173.61
2362,20250920,2362,5,1,19,144.32,1859.58,7293.32
2363,20251003,2363,4,6,28,1228.48,8305.61,37281.4
2364,20251105,2364,4,2,24,493.55,7647.22,14876.15
2365,20250906,2365,12,2,7,1009.58,6907.96,33511.22
2366,20250920,2366,17,1,2,1224.64,8767.28,18750.08
2367,20250423,2367,14,1,6,664.79,7876.11,27171.22
2368,20251025,2368,15,4,7,250.19,3920.84,16864.28
2369,20250804,2369,8,3,21,277.73,6234.78,9731.85
2370,20250918,2370,20,1,20,867.01,1129.03,1916.22
2371,20250826,2371,5,5,9,323.38,9097.16,22243.68
2372,20250624,2372,16,5,8,727.54,1804.28,4142.6
2373,20251219,2373,9,5,4,1337.4,6162.75,13359.38
2374,20250110,2374,12,1,25,575.78,6883.62,21008.1
2375,20250422,2375,10,1,27,1487.49,7091.2,34298.23
2376,20251022,2376,15,1,28,1237.64,8835.87,21454.5
2377,20250126,2377,11,5,7,1307.48,9823.75,26109.26
2378,20250406,2378,8,2,27,401.04,9418.84,36410.22
2379,20250714,2379,7,6,27,346.02,8374.46,32310.78
2380,20250506,2380,10,3,26,819.49,8342.68,18958.8
2381,20250304,2381,1,5,16,612.83,5384.34,18160.9
2382,20250117,2382,19,5,19,1305.12,7137.23,19474.02
2383,20251027,2383,13,3,15,163.41,3976.04,18164.35
2384,20251102,2384,19,1,12,225.81,6049.91,11944.65
2385,20250725,2385,11,3,27,591.66,1158.35,2743.73
2386,20251130,2386,18,3,11,1054.6,707.32,2360.52
2387,20250610,2387,7,6,28,710.0,4367.23,12991.53
2388,20250217,2388,2,3,30,835.86,9946.5,21537.1
2389,20251104,2389,11,2,7,400.94,859.86,2271.35
2390,20250201,2390,4,1,23,764.96,9496.3,43703.56
2391,20250118,2391,12,1,21,269.95,9639.27,27414.79
2392,20250419,2392,11,2,21,501.3,5888.6,13634.08
2393,20251221,2393,17,3,9,1259.5,5533.3,24591.58
2394,20250925,2394,8,4,9,1445.6,5190.37,18373.11
2395,20251001,2395,8,2,3,1189.31,4900.08,11319.74
2396,20251019,2396,2,4,3,1056.37,9114.32,33440.09
2397,20250820,2397,20,2,17,498.68,3457.86,11643.21
2398,20250915,2398,14,1,11,590.78,7195.12,14157.03
2399,20250509,2399,4,3,9,1064.36,3821.41,6981.5
2400,20250316,2400,19,3,22,370.75,2786.05,12008.35
2401,20251208,2401,17,4,6,1010.64,7669.91,24872.77
2402,20251202,2402,17,6,29,446.77,3039.16,7595.55
2403,20250425,2403,18,3,26,720.05,7059.22,34863.69
2404,20250407,2404,16,3,4,667.55,8649.55,18593.18
2405,20251102,2405,13,2,30,1492.94,3877.62,5985.17
2406,20250527,2406,18,1,18,270.94,9249.5,23068.62
2407,20250810,2407,7,2,22,432.57,6143.24,30530.32
2408,20250605,2408,7,1,3,239.02,8480.59,25574.43
2409,20250621,2409,10,4,13,1360.91,7855.4,32383.07
2410,20250331,2410,15,6,7,1345.95,2132.15,8920.43
2411,20250107,2411,20,3,11,653.42,9977.31,41636.18
2412,20250406,2412,2,4,10,1170.25,5354.76,14905.25
2413,20250227,2413,20,3,3,647.14,8836.3,23363.0
2414,20250726,2414,1,2,4,683.49,8251.7,28176.4
2415,20251225,2415,11,1,17,689.24,6018.66,27892.42
2416,20250325,2416,16,5,7,1170.39,1381.27,5880.16
2417,20250501,2417,3,5,23,822.57,5320.3,15087.44
2418,20251006,2418,7,1,27,827.58,4949.07,11815.94
2419,20250220,2419,18,3,9,1254.32,6240.47,27214.71
2420,20250530,2420,19,1,17,270.36,9825.53,21166.61
2421,20250822,2421,8,1,5,220.67,4862.37,13021.1
2422,20251211,2422,13,6,22,1038.47,8424.07,32980.12
2423,20250819,2423,16,3,16,1348.07,6676.9,14546.05
2424,20250408,2424,9,6,28,172.12,8885.15,24474.34
2425,20251221,2425,19,2,28,1154.9,6879.47,25179.66
2426,20250518,2426,15,4,25,1495.23,4963.8,23917.94
2427,20250501,2427,20,5,5,701.6,3062.21,11716.17
2428,20250113,2428,18,6,4,270.87,899.41,3198.84
2429,20250216,2429,14,4,1,684.69,9200.35,18879.42
2430,20251115,2430,15,4,11,449.52,5282.37,20375.48
2431,20250523,2431,20,6,2,711.01,8709.23,21998.98
2432,20251009,2432,18,2,21,991.58,8171.58,29861.33
2433,20250717,2433,9,2,28,1349.05,3544.42,12614.26
2434,20250112,2434,20,3,8,1267.43,1674.08,4678.36
2435,20250217,2435,2,1,20,291.3,9046.96,41427.1
2436,20250915,2436,9,6,23,1031.84,3585.76,11837.28
2437,20251231,2437,10,1,8,377.43,7847.4,12655.69
2438,20250512,2438,13,3,13,1234.82,5379.02,8399.74
2439,20250303,2439,5,1,20,588.11,5924.85,28312.31
2440,20250109,2440,16,1,2,401.58,2962.38,5282.89
2441,20250813,2441,19,2,1,1098.37,5346.29,10442.88
2442,20250726,2442,14,6,30,931.44,5076.93,12599.34
2443,20250225,2443,17,4,24,1033.83,5318.58,20458.78
2444,20251117,2444,6,3,22,188.68,1575.91,3724.67
2445,20250903,2445,11,6,2,826.92,2095.89,5643.34
2446,20250322,2446,4,4,21,1016.34,2045.65,3344.74
2447,20250406,2447,3,5,1,1202.15,9634.49,18692.91
2448,20250817,2448,5,1,21,707.87,6336.82,21543.05
2449,20250716,2449,17,3,10,1199.73,9561.48,21208.91
2450,20251127,2450,9,1,23,1440.82,9067.56,44410.09
2451,20250716,2451,13,4,24,932.66,9797.62,36498.78
2452,20250405,2452,11,3,6,820.61,3793.46,18465.68
2453,20250628,2453,9,1,26,1005.03,817.35,3605.54
2454,20250331,2454,13,6,22,1337.05,6825.47,10649.16
2455,20250511,2455,14,6,1,257.12,8494.85,26291.92
2456,20250319,2456,2,6,6,279.7,2366.99,4479.64
2457,20250109,2457,2,4,17,1382.82,4599.34,7716.51
2458,20250608,2458,19,1,5,1145.57,4046.95,17809.56
2459,20250102,2459,16,5,26,1243.22,2860.83,6993.76
2460,20250724,2460,19,1,21,1464.71,9206.98,33643.63
2461,20251207,2461,2,6,29,723.25,5043.63,16901.87
2462,20251112,2462,4,3,7,270.36,639.48,1970.98
2463,20251017,2463,2,3,29,1270.38,5837.48,28239.57
2464,20250708,2464,17,6,14,340.4,1572.97,2605.27
2465,20251123,2465,6,6,1,844.94,2468.47,10151.69
2466,20250414,2466,8,4,9,310.27,6805.06,17161.7
2467,20251209,2467,16,4,24,457.88,6571.71,16708.44
2468,20250515,2468,8,6,26,1416.15,1655.51,5031.58
2469,20250703,2469,11,6,10,587.61,7011.94,15765.76
2470,20250129,2470,17,5,14,1370.14,4094.68,18725.44
2471,20250523,2471,15,2,4,1396.16,9383.96,32655.6
2472,20250705,2472,7,3,20,1090.11,1666.87,6198.14
2473,20250217,2473,18,3,23,253.8,2386.63,11011.26
2474,20250403,2474,12,2,17,241.89,661.45,1462.35
2475,20250805,2475,16,2,13,1157.85,4642.44,21506.0
2476,20250311,2476,11,2,24,1357.0,7896.99,35132.22
2477,20250309,2477,10,5,10,1361.89,6465.65,11826.27
2478,20250312,2478,4,3,21,1427.17,536.69,897.87
2479,20250103,2479,19,1,18,274.98,5788.56,27098.28
2480,20250516,2480,20,2,24,189.74,1915.67,4980.5
2481,20251004,2481,14,3,12,1083.73,5924.29,16057.85
2482,20250325,2482,3,6,18,273.61,9396.11,24064.19
2483,20251207,2483,17,4,15,1004.67,2753.54,4289.87
2484,20251126,2484,16,6,4,294.49,2231.5,6708.11
2485,20250113,2485,6,5,3,1021.8,8491.75,18216.69
2486,20250619,2486,2,1,21,932.39,6859.1,23660.2
2487,20250206,2487,12,4,15,465.13,2695.46,10043.12
2488,20250522,2488,2,4,19,647.48,5888.85,19013.39
2489,20250509,2489,5,2,9,152.59,8036.05,14284.63
2490,20250502,2490,18,2,21,221.81,2812.29,5438.69
2491,20250204,2491,13,2,18,823.18,4106.97,16706.3
2492,20250217,2492,10,2,28,612.83,6541.34,31296.5
2493,20251003,2493,8,2,12,477.69,4111.16,20162.96
2494,20250801,2494,11,3,13,191.11,7377.02,14380.54
2495,20250614,2495,2,2,28,318.25,7781.36,27645.58
2496,20250610,2496,9,1,9,1342.16,5705.1,27096.73
2497,20250706,2497,16,5,27,305.61,8480.14,26295.64
2498,20251214,2498,9,2,15,515.78,7956.64,25905.2
2499,20250115,2499,7,3,29,1116.02,2031.62,3710.44
2500,20250902,2500,2,6,28,204.91,827.29,1663.68
2501,20251230,2501,11,4,30,680.41,9945.54,39332.77
2502,20251225,2502,17,4,11,1019.14,8886.44,34327.81
2503,20251002,2503,16,2,24,568.79,5285.44,21084.26
2504,20250712,2504,13,3,7,125.11,7434.81,34047.01
2505,20250818,2505,11,3,14,672.57,4401.91,11865.93
2506,20250511,2506,16,3,5,452.76,2436.9,7898.97
2507,20251021,2507,16,2,24,944.51,9828.11,27523.37
2508,20250316,2508,13,2,23,836.52,7658.71,13323.9
2509,20250207,2509,18,6,16,177.16,878.67,3549.35
2510,20251229,2510,13,6,30,441.72,6968.65,13094.54
2511,20251121,2511,18,1,19,150.23,4216.7,20178.93
2512,20250216,2512,14,6,1,364.21,9217.81,43606.69
2513,20250117,2513,12,3,25,1247.81,1445.86,7086.13
2514,20250811,2514,5,1,29,1312.75,6611.19,19423.93
2515,20250223,2515,1,1,3,594.28,9000.28,37130.38
2516,20250809,2516,19,4,14,615.75,6885.88,27394.38
2517,20250613,2517,3,2,11,1360.48,8992.29,37146.46
2518,20251015,2518,15,1,25,1098.26,5359.53,10412.33
2519,20250528,2519,16,3,30,629.24,8867.85,21418.66
2520,20250816,2520,17,5,10,1350.17,9422.49,27767.78
2521,20250226,2521,8,6,14,285.17,8638.15,31383.59
2522,20250101,2522,16,1,15,492.56,1758.73,7528.5
2523,20250907,2523,12,1,3,1436.67,1051.62,3125.72
2524,20250320,2524,19,4,14,392.19,5879.32,12812.79
2525,20250124,2525,5,5,14,215.59,2384.31,10291.9
2526,20251209,2526,17,2,2,1472.93,2778.98,8935.49
2527,20250318,2527,7,1,30,1450.31,4058.37,20076.19
2528,20251026,2528,17,4,8,391.9,2058.0,4064.91
2529,20251015,2529,17,1,4,926.89,7000.92,15328.9
2530,20250503,2530,2,4,23,425.41,4577.24,19186.05
2531,20250107,2531,1,1,1,399.41,2107.54,7021.77
2532,20251016,2532,20,3,22,1370.92,3804.5,12097.48
2533,20250313,2533,16,5,18,1017.71,8882.03,22900.14
2534,20250408,2534,7,4,21,1052.03,9014.34,25636.4
2535,20250923,2535,14,5,26,1171.07,9053.59,33035.58
2536,20250621,2536,14,5,16,944.33,9618.69,44388.94
2537,20251025,2537,1,5,25,250.25,6612.44,10100.89
2538,20250305,2538,18,3,20,1101.69,7942.72,22182.31
2539,20250915,2539,6,5,13,1475.64,2200.11,7753.05
2540,20250516,2540,10,3,28,1037.3,7756.61,22200.48
2541,20250915,2541,20,3,1,490.7,8208.14,33910.11
2542,20250129,2542,18,2,8,1024.18,6902.41,24381.69
2543,20250903,2543,16,2,13,114.08,8383.69,31318.2
2544,20250322,2544,4,2,13,284.19,3917.94,17979.94
2545,20250928,2545,7,6,4,148.26,8497.92,40571.94
2546,20250511,2546,6,1,13,942.59,3144.12,11234.35
2547,20250424,2547,5,6,24,1459.67,2534.08,12476.35
2548,20250529,2548,6,2,23,804.69,6995.66,28185.93
2549,20250416,2549,11,1,22,1036.11,7479.47,36407.8
2550,20250901,2550,14,6,5,1166.77,2899.05,6612.4
2551,20250403,2551,9,1,15,646.4,9742.64,19138.36
2552,20250415,2552,15,5,3,975.72,5974.03,23240.84
2553,20250720,2553,15,5,15,1276.2,6444.04,20147.32
2554,20250116,2554,17,5,24,1081.01,4747.46,16966.28
2555,20251104,2555,7,1,12,912.68,4939.31,24215.98
2556,20251025,2556,14,6,23,1469.89,3893.69,17295.43
2557,20250705,2557,18,3,1,1263.25,8156.36,37125.49
2558,20250121,2558,14,6,28,1406.54,5187.67,14832.12
2559,20251018,2559,9,3,11,710.1,3551.55,16439.97
2560,20251218,2560,9,5,25,1218.42,4639.64,20093.16
2561,20251227,2561,15,2,1,337.61,8475.39,34156.58
2562,20250311,2562,13,4,12,1202.15,2097.68,8743.77
2563,20250217,2563,15,3,29,625.07,4953.05,24489.08
2564,20251214,2564,12,2,13,730.17,2698.02,5728.37
2565,20251207,2565,12,4,17,867.56,7640.49,33976.5
2566,20250827,2566,19,4,14,828.42,4342.61,16901.81
2567,20250111,2567,8,6,10,1184.6,9970.1,23857.02
2568,20250417,2568,10,2,23,724.52,7914.6,20495.52
2569,20251209,2569,15,5,29,195.22,3518.25,6918.76
2570,20250228,2570,1,4,24,370.74,9057.86,15454.64
2571,20250531,2571,15,2,4,820.23,3308.26,9322.49
2572,20250718,2572,11,6,4,1036.36,8241.27,16215.35
2573,20250820,2573,9,2,22,190.75,4200.79,13174.02
2574,20251201,2574,5,6,29,833.85,6848.79,14109.86
2575,20251120,2575,7,4,16,1109.11,6401.63,20160.58
2576,20250608,2576,9,2,29,1131.83,9569.14,41625.88
2577,20250411,2577,9,1,14,1094.09,9403.54,45228.52
2578,20250405,2578,13,2,29,862.27,2163.78,9464.55
2579,20250622,2579,14,4,7,296.96,559.92,1611.07
2580,20250126,2580,11,5,3,789.97,7343.12,21768.17
2581,20251102,2581,3,3,23,1097.86,679.09,2071.96
2582,20250813,2582,17,6,30,388.35,2612.29,11617.88
2583,20250615,2583,1,6,17,1309.44,2259.43,5499.17
2584,20251023,2584,4,3,27,769.21,7470.38,36155.99
2585,20250211,2585,19,4,29,1120.73,8379.05,37325.8
2586,20250620,2586,10,4,3,733.03,1500.86,3493.78
2587,20251229,2587,20,3,26,704.35,8839.72,34340.62
2588,20250724,2588,2,3,20,197.39,1999.16,9751.38
2589,20250104,2589,19,1,17,1472.83,3309.62,8004.08
2590,20250924,2590,11,3,12,1195.87,5624.1,18152.52
2591,20250208,2591,1,2,19,1481.96,9533.33,15414.19
2592,20250530,2592,1,6,19,195.01,3404.75,12928.67
2593,20251017,2593,7,3,26,746.33,3052.74,7515.2
2594,20251127,2594,13,1,23,813.27,8415.09,30075.43
2595,20250529,2595,8,6,21,1023.87,810.12,4027.43
2596,20250930,2596,20,1,2,840.3,7117.74,31839.1
2597,20250612,2597,18,4,1,1076.43,5464.53,12973.92
2598,20250713,2598,5,6,10,1406.13,5739.72,23571.78
2599,20250507,2599,4,3,7,432.81,4173.96,18693.17
2600,20250610,2600,13,3,1,538.51,3754.78,7527.08
2601,20250602,2601,19,6,10,1111.88,5179.78,9529.72
2602,20251123,2602,19,3,4,1311.33,7960.19,25111.39
2603,20251212,2603,1,3,19,171.7,655.57,3188.38
2604,20250831,2604,9,6,29,838.53,5306.7,10258.9
2605,20250409,2605,2,2,3,616.77,6410.14,20539.46
2606,20251120,2606,7,2,26,861.98,5786.73,15445.34
2607,20250823,2607,11,5,11,1158.8,5320.89,22292.94
2608,20250518,2608,19,6,13,878.46,8174.73,14187.65
2609,20250210,2609,7,3,7,361.19,8722.14,40609.53
2610,20251228,2610,17,5,30,567.41,7237.89,14189.36
2611,20250105,2611,4,3,26,600.74,9813.12,46694.06
2612,20251009,2612,6,2,12,1312.9,4332.78,18337.17
2613,20250826,2613,9,6,12,167.04,6338.21,11953.33
2614,20250308,2614,15,2,5,386.28,1827.99,7170.56
2615,20251120,2615,11,5,29,1036.01,8628.51,30309.26
2616,20250801,2616,3,6,18,618.05,4508.73,18075.47
2617,20250131,2617,11,5,26,1225.18,1903.98,7958.99
2618,20250426,2618,10,6,17,103.75,9902.65,45074.65
2619,20250414,2619,15,6,6,297.65,5893.74,27287.25
2620,20251011,2620,17,6,18,255.63,7947.84,27260.23
2621,20250727,2621,16,5,14,995.3,6467.63,17730.11
2622,20250129,2622,6,3,7,135.63,4515.53,22331.21
2623,20250912,2623,11,1,16,1063.22,784.93,1934.27
2624,20251029,2624,13,4,21,1239.97,6612.21,26016.96
2625,20250113,2625,4,4,27,983.01,4525.72,21638.56
2626,20250131,2626,18,3,14,982.84,2071.92,8948.55
2627,20251211,2627,19,4,15,273.34,3005.95,6932.05
2628,20251106,2628,4,5,8,417.3,7904.14,13359.72
2629,20250801,2629,11,1,23,475.64,7120.34,17403.82
2630,20251020,2630,19,4,14,1154.2,5064.24,15722.86
2631,20251221,2631,5,3,17,430.0,570.37,2159.09
2632,20251019,2632,4,4,14,560.89,4694.16,18064.31
2633,20250525,2633,3,4,18,104.03,931.22,3887.9
2634,20250813,2634,7,6,26,529.22,3969.91,16105.54
2635,20250819,2635,12,5,12,646.01,5979.15,21969.29
2636,20250206,2636,7,4,9,1291.16,8820.44,15573.02
2637,20250812,2637,17,4,8,346.37,848.66,2185.84
2638,20250226,2638,18,1,24,1100.91,2951.46,13209.83
2639,20250811,2639,17,3,24,830.92,3192.25,7222.37
2640,20250107,2640,13,4,1,420.79,2690.27,12897.23
2641,20250617,2641,3,5,27,673.71,4051.68,12535.01
2642,20250901,2642,3,4,25,950.09,2989.06,14135.71
2643,20250120,2643,15,4,11,141.98,7170.93,15532.32
2644,20250823,2644,15,6,17,511.19,1558.55,2358.8
2645,20250528,2645,11,4,19,1142.8,5648.39,17858.93
2646,20250612,2646,17,2,1,836.66,4306.48,21104.24
2647,20250215,2647,12,2,12,1306.1,3831.94,15768.78
2648,20251208,2648,16,1,28,752.07,4130.22,11830.14
2649,20251209,2649,1,3,11,880.19,8101.68,28980.07
2650,20250102,2650,16,1,15,835.5,1999.15,5478.8
2651,20250312,2651,5,3,18,808.98,3877.77,13196.69
2652,20250116,2652,4,6,20,301.52,4298.06,12235.23
2653,20250604,2653,16,6,28,939.95,7823.03,35442.23
2654,20250518,2654,8,5,25,378.52,6939.03,20407.36
2655,20250506,2655,11,1,6,399.11,8086.09,21044.46
2656,20250330,2656,13,2,16,389.31,2190.71,7559.86
2657,20251227,2657,8,1,18,488.61,9121.38,36857.71
2658,20250314,2658,16,1,26,1366.58,8311.81,19496.02
2659,20250403,2659,17,2,17,1222.69,7278.26,12514.96
2660,20250524,2660,16,1,14,632.66,6565.74,23654.19
2661,20250824,2661,16,3,11,1406.77,1368.95,5852.63
2662,20251227,2662,5,4,26,410.61,4993.59,18603.69
2663,20250424,2663,16,6,27,703.9,5423.06,12419.65
2664,20250523,2664,14,3,7,319.98,5292.63,9530.31
2665,20250119,2665,18,5,1,763.84,6476.86,11842.72
2666,20250425,2666,6,4,10,812.02,7058.08,27248.94
2667,20250816,2667,7,6,6,1454.49,8669.25,36840.58
2668,20250402,2668,10,5,2,742.61,6084.65,21595.44
2669,20250420,2669,6,1,11,223.56,5174.68,23661.68
2670,20250112,2670,19,3,15,1188.17,5769.49,20313.57
2671,20250722,2671,3,3,19,803.28,7613.05,19923.84
2672,20251023,2672,6,2,23,1357.93,817.88,2969.15
2673,20250622,2673,10,2,16,453.88,9998.84,27039.55
2674,20250520,2674,13,6,29,229.44,1390.51,3402.47
2675,20250523,2675,5,2,9,147.62,8592.32,36831.93
2676,20250630,2676,10,1,6,1374.88,671.85,1649.42
2677,20250914,2677,2,2,20,692.05,3743.73,18530.14
2678,20250430,2678,8,3,6,1165.42,5359.76,12582.19
2679,20250529,2679,14,2,24,226.35,5602.14,12733.07
2680,20250417,2680,1,3,18,756.38,716.39,1192.14
2681,20250118,2681,2,6,21,454.78,3566.53,16588.15
2682,20250109,2682,14,4,25,546.32,4099.43,19245.33
2683,20251031,2683,16,4,4,853.66,7982.7,23992.43
2684,20250203,2684,4,2,19,1313.64,1874.26,3151.96
2685,20250205,2685,20,4,9,289.2,1298.68,2295.16
2686,20251115,2686,19,4,16,750.56,6971.79,34235.12
2687,20250818,2687,18,6,3,488.43,7006.19,18623.82
2688,20251116,2688,7,4,15,346.92,6240.15,12850.76
2689,20250911,2689,14,6,2,1185.79,1950.63,3771.95
2690,20250220,2690,15,3,23,126.99,2865.7,5188.77
2691,20250410,2691,11,3,24,737.08,8504.57,22367.99
2692,20250524,2692,9,4,11,1134.48,4290.17,6868.44
2693,20251021,2693,16,2,1,1112.59,8328.99,36094.43
2694,20251219,2694,20,3,6,611.9,9405.51,17005.68
2695,20250208,2695,1,6,3,603.02,4636.87,13198.0
2696,20250130,2696,7,5,7,1098.03,4044.56,10937.0
2697,20251005,2697,9,2,26,789.88,3278.83,5640.17
2698,20250912,2698,2,6,24,1115.31,3831.9,13304.64
2699,20250502,2699,15,2,16,628.2,2864.04,13671.02
2700,20250625,2700,19,5,27,621.6,6200.16,14409.2
2701,20250802,2701,4,2,19,1269.26,805.11,3186.09
2702,20250822,2702,19,5,18,1378.62,1834.26,2938.8
2703,20250212,2703,7,3,14,579.31,6863.66,24410.15
2704,20250821,2704,4,5,25,748.2,4621.06,18717.04
2705,20250125,2705,8,4,29,119.99,8951.91,22172.53
2706,20251128,2706,18,5,4,1170.46,2413.23,11985.54
2707,20251225,2707,15,1,27,620.7,7893.05,16179.2
2708,20250106,2708,10,3,30,1177.51,4542.15,11728.62
2709,20250419,2709,3,4,18,1066.31,1718.34,3359.89
2710,20250902,2710,2,2,23,1044.37,7644.26,35858.9
2711,20250507,2711,11,5,8,1153.25,7122.98,29302.23
2712,20251024,2712,3,2,13,884.68,9413.92,42003.85
2713,20251013,2713,11,2,12,1455.06,6401.02,21655.99
2714,20250801,2714,14,4,22,1171.84,4917.89,21084.59
2715,20251006,2715,2,2,19,543.36,6688.25,21596.95
2716,20250330,2716,6,6,25,211.69,9031.43,42746.11
2717,20251110,2717,20,5,28,1404.91,9037.83,44795.36
2718,20250404,2718,14,3,23,1088.74,8201.29,33270.68
2719,20251030,2719,10,2,24,267.54,1700.86,5095.79
2720,20250416,2720,16,6,16,923.09,1054.81,3306.33
2721,20250625,2721,6,2,25,765.82,4928.14,14278.67
2722,20250602,2722,5,5,5,336.43,6155.92,10931.04
2723,20250414,2723,8,5,19,849.8,6300.87,11852.35
2724,20250616,2724,17,1,9,709.09,2384.31,7454.16
2725,20250305,2725,15,4,30,851.96,6059.55,14269.61
2726,20250106,2726,15,2,11,1034.52,1510.65,7500.48
2727,20250227,2727,20,6,26,208.32,9776.43,29063.9
2728,20250803,2728,2,1,4,929.33,530.96,2283.22
2729,20250502,2729,10,6,14,1055.34,3784.87,12725.44
2730,20250121,2730,6,6,12,1073.52,6800.75,29338.04
2731,20251230,2731,16,1,10,315.11,937.98,2784.69
2732,20250703,2732,7,2,5,259.27,8610.3,27164.51
2733,20251101,2733,17,1,21,435.7,1844.8,3874.52
2734,20250416,2734,3,1,27,858.1,5294.58,22900.79
2735,20250105,2735,7,3,23,1203.54,5399.3,22580.91
2736,20250629,2736,9,5,27,530.47,3615.36,15071.64
2737,20250101,2737,1,4,15,1492.9,4447.95,9638.45
2738,20250910,2738,12,2,11,941.58,3839.57,16056.83
2739,20250416,2739,7,5,29,106.65,4248.91,16146.81
2740,20250122,2740,3,2,7,1123.25,859.0,4076.58
2741,20250805,2741,15,4,4,510.41,1065.36,4713.67
2742,20250426,2742,4,6,22,1263.12,5307.04,21472.43
2743,20251126,2743,4,1,1,1290.21,7159.48,32348.92
2744,20250721,2744,10,6,1,1155.97,7232.63,28537.33
2745,20251106,2745,5,6,3,547.47,9730.78,17395.74
2746,20251021,2746,11,6,6,615.55,5738.9,9359.99
2747,20250423,2747,3,3,14,1356.7,7136.81,35330.82
2748,20250828,2748,14,6,23,972.92,4336.21,17510.56
2749,20250101,2749,3,3,6,396.35,2659.6,4404.37
2750,20250730,2750,20,4,2,729.6,957.72,1515.07
2751,20250218,2751,6,3,2,1397.62,4632.03,9056.38
2752,20251013,2752,12,6,5,847.18,3479.87,9650.9
2753,20250829,2753,2,5,12,925.93,4823.64,22497.09
2754,20251130,2754,14,6,3,800.81,3221.47,6756.12
2755,20250822,2755,15,4,29,147.0,9619.18,36688.56
2756,20250128,2756,2,5,19,237.1,508.78,1708.62
2757,20251126,2757,17,3,7,591.46,5979.3,14860.18
2758,20250604,2758,6,1,7,1262.38,2665.97,10254.56
2759,20250208,2759,20,6,27,986.5,1931.33,4522.22
2760,20251012,2760,4,2,11,1223.95,9385.43,31256.35
2761,20250120,2761,12,6,19,182.82,6395.87,19958.34
2762,20250825,2762,8,1,1,1221.82,2490.11,6391.79
2763,20251103,2763,17,4,19,682.2,4209.89,9961.45
2764,20250906,2764,7,6,20,280.57,6940.4,31124.64
2765,20251017,2765,6,5,19,874.17,5692.59,26224.56
2766,20250423,2766,9,3,12,652.06,7784.91,15402.18
2767,20250430,2767,4,6,11,1382.07,9111.33,31006.91
2768,20250421,2768,5,2,10,1398.36,8576.86,19286.56
2769,20250119,2769,17,3,24,1469.48,6989.28,13611.4
2770,20250609,2770,10,2,11,268.95,2109.79,9543.9
2771,20251130,2771,12,3,10,278.51,6134.26,19704.38
2772,20250113,2772,6,4,22,392.6,2273.44,9958.62
2773,20250203,2773,15,3,9,203.64,6861.98,32490.22
2774,20251004,2774,9,2,17,1091.31,6410.53,19763.96
2775,20251213,2775,10,3,6,356.18,9714.34,46887.82
2776,20250313,2776,15,2,29,348.32,4417.17,17972.94
2777,20250305,2777,3,6,7,455.93,5047.17,19864.32
2778,20250318,2778,15,3,16,1042.72,8420.71,34813.04
2779,20250716,2779,6,5,22,572.52,8563.76,19591.55
2780,20250217,2780,16,1,26,1390.4,5014.59,13338.64
2781,20250303,2781,18,4,11,120.74,8385.25,31767.26
2782,20250819,2782,12,2,13,642.99,5918.49,11253.65
2783,20250401,2783,12,4,5,993.64,5020.25,9641.41
2784,20250609,2784,5,4,12,1337.24,8796.02,40833.76
2785,20251013,2785,4,2,24,247.51,7093.32,15267.87
2786,20250925,2786,11,6,30,172.52,4780.14,14880.34
2787,20251201,2787,7,3,4,840.38,9686.07,16573.11
2788,20250423,2788,3,5,24,601.28,4242.5,12453.54
2789,20250207,2789,11,4,11,1478.0,4249.12,9801.29
2790,20250717,2790,8,4,11,190.23,8434.8,29246.04
2791,20251120,2791,17,5,3,1229.43,8336.99,13097.59
2792,20250102,2792,18,6,16,1080.77,7472.34,33799.33
2793,20251219,2793,4,2,24,700.32,8597.5,33665.62
2794,20250409,2794,15,1,27,527.78,3072.77,8250.64
2795,20250713,2795,10,4,24,1462.57,8504.52,22966.53
2796,20250502,2796,8,5,11,186.03,7409.09,31478.97
2797,20250320,2797,3,5,1,363.53,4155.97,16755.37
2798,20251109,2798,8,2,15,1312.42,3102.3,5789.7
2799,20250610,2799,9,3,23,1393.65,1928.5,9070.29
2800,20250824,2800,6,6,29,545.96,8776.45,38176.04
2801,20251221,2801,12,6,21,117.12,5168.1,8076.65
2802,20250417,2802,7,5,3,1022.15,3803.92,14364.26
2803,20250121,2803,3,5,9,1401.39,5957.95,24007.99
2804,20250119,2804,11,6,16,841.12,3183.89,13485.0
2805,20251211,2805,14,3,19,231.05,3821.97,9143.79
2806,20250601,2806,3,1,27,1056.96,2434.7,8046.52
2807,20250301,2807,7,5,4,1494.77,3282.59,12832.43
2808,20250413,2808,12,1,17,953.92,9763.8,41151.45
2809,20250217,2809,19,5,4,192.04,3665.95,14856.81
2810,20250119,2810,10,3,3,836.21,8536.41,38790.09
2811,20250419,2811,16,2,5,1452.51,3769.17,9695.25
2812,20250303,2812,12,6,30,1202.68,1725.16,4277.67
2813,20250209,2813,19,1,19,852.03,4835.63,23603.5
2814,20250902,2814,8,3,5,342.06,6711.68,20700.31
2815,20250303,2815,10,5,1,482.74,6212.31,25195.65
2816,20250726,2816,2,3,3,832.17,9523.14,41759.2
2817,20250811,2817,17,1,7,1289.14,5301.77,24357.93
2818,20250924,2818,6,3,19,1476.44,6114.81,17627.37
2819,20250224,2819,10,6,4,974.36,9385.52,21256.43
2820,20251022,2820,15,3,13,782.42,3719.73,8573.15
2821,20250827,2821,5,4,7,410.51,8640.55,19783.33
2822,20250101,2822,15,5,16,1362.92,2044.87,7872.18
2823,20250219,2823,9,4,6,1478.9,7058.93,23231.6
2824,20250124,2824,1,1,1,448.46,2633.9,12503.07
2825,20250425,2825,18,4,23,965.45,3618.93,7534.69
2826,20250713,2826,18,6,24,1461.97,1302.65,4492.22
2827,20250325,2827,1,5,6,1264.84,4573.64,15343.47
2828,20250330,2828,18,6,27,341.05,7694.75,12337.9
2829,20250421,2829,18,4,30,998.23,3264.49,5678.5
2830,20250211,2830,20,2,28,451.16,4448.9,20232.39
2831,20250629,2831,9,4,30,458.82,4115.93,8178.14
2832,20250927,2832,13,5,27,236.88,7410.73,16860.08
2833,20250219,2833,8,6,16,240.62,7357.3,23671.11
2834,20250424,2834,10,3,20,232.0,7824.59,21179.11
2835,20250130,2835,11,6,16,926.85,1931.93,6426.4
2836,20250706,2836,19,1,28,283.24,783.72,2379.83
2837,20251120,2837,13,4,10,678.44,7119.39,34879.05
2838,20250317,2838,12,6,19,557.64,3455.68,15163.05
2839,20250823,2839,6,1,10,1029.7,8394.87,28365.33
2840,20251103,2840,15,3,9,487.91,3372.6,15849.35
2841,20250809,2841,4,6,22,237.55,5234.53,22975.6
2842,20251029,2842,14,2,4,860.47,5240.64,20325.77
2843,20250504,2843,19,4,17,642.45,6193.65,20288.06
2844,20250504,2844,8,4,23,1159.12,3288.92,11573.94
2845,20251006,2845,3,3,18,1240.18,3671.93,11308.3
2846,20250309,2846,7,4,20,1131.0,1883.4,8647.21
2847,20250819,2847,9,1,5,620.89,2702.63,9237.88
2848,20251209,2848,3,3,11,1105.7,7567.81,33267.05
2849,20250719,2849,20,3,17,935.93,4563.84,19953.28
2850,20250121,2850,5,6,7,809.85,9040.42,36632.48
2851,20250930,2851,18,2,15,481.39,5563.72,18438.24
2852,20250214,2852,20,2,25,1055.03,7376.1,33476.23
2853,20250208,2853,6,3,22,1057.99,3352.89,8696.33
2854,20250302,2854,6,2,4,754.15,6626.61,12160.54
2855,20250919,2855,11,6,11,1271.76,5940.14,20658.72
2856,20250427,2856,11,6,30,1449.04,9713.73,30720.1
2857,20250928,2857,8,5,25,732.23,9326.06,29995.01
2858,20251021,2858,1,1,13,566.78,553.59,2271.71
2859,20250203,2859,16,3,15,1349.85,3262.17,10399.84
2860,20250511,2860,10,1,30,1356.63,8677.37,36019.9
2861,20251218,2861,13,3,20,1106.54,9808.08,33916.84
2862,20250815,2862,16,5,28,869.17,1455.64,4047.7
2863,20250217,2863,14,4,15,184.44,4619.98,10928.74
2864,20250320,2864,5,2,14,410.1,7922.66,35469.29
2865,20251119,2865,14,5,23,1228.43,9801.38,22588.97
2866,20250501,2866,1,3,21,485.83,2795.7,12474.51
2867,20251017,2867,4,2,5,822.19,9116.19,19727.57
2868,20250512,2868,9,6,9,395.42,916.17,4365.15
2869,20250710,2869,2,3,24,806.98,7536.93,16305.15
2870,20250119,2870,17,3,28,1335.45,4537.29,18847.55
2871,20251222,2871,11,5,11,497.47,6830.12,12270.76
2872,20251205,2872,19,6,28,1049.02,7227.31,12452.82
2873,20250906,2873,17,3,9,865.03,3713.09,17408.81
2874,20250410,2874,2,6,13,501.01,9390.87,38964.06
2875,20251119,2875,8,5,17,678.06,7315.51,30134.08
2876,20250422,2876,4,3,18,1209.34,2921.15,9008.52
2877,20251126,2877,2,3,1,446.04,8104.76,12180.46
2878,20251206,2878,5,4,20,623.56,8101.04,16452.29
2879,20250121,2879,8,5,8,521.59,1557.51,5817.07
2880,20250509,2880,20,3,25,166.8,3422.17,10112.53
2881,20251230,2881,10,4,28,470.18,6498.0,22007.88
2882,20250104,2882,17,6,29,326.89,6066.53,18154.82
2883,20251007,2883,15,1,12,281.2,1579.93,5632.04
2884,20250107,2884,9,4,20,1413.54,1563.85,7779.92
2885,20250417,2885,10,6,5,374.1,8340.49,22047.74
2886,20250605,2886,20,5,15,381.43,7066.86,24927.61
2887,20250423,2887,16,2,15,576.28,1209.15,2880.11
2888,20250930,2888,8,1,30,1329.12,5116.42,22110.79
2889,20250124,2889,5,5,29,1198.32,1291.06,2073.89
2890,20250929,2890,10,2,16,1057.5,9397.46,24842.65
2891,20250515,2891,17,3,7,816.02,751.62,3409.16
2892,20250104,2892,20,5,27,524.17,8507.19,36143.42
2893,20250424,2893,6,1,3,158.5,5641.48,26288.68
2894,20250310,2894,19,6,23,1481.81,6323.26,19803.42
2895,20250319,2895,11,1,23,401.27,1275.9,4030.45
2896,20250405,2896,1,2,19,923.44,3030.47,14294.8
2897,20251202,2897,12,5,14,707.61,1910.65,8426.39
2898,20250703,2898,11,2,14,1179.96,5899.21,15187.37
2899,20250723,2899,2,4,1,150.12,8654.87,27745.8
2900,20251025,2900,19,4,5,972.35,4569.56,14626.45
2901,20250709,2901,13,1,12,982.76,7657.17,24372.54
2902,20250621,2902,14,1,7,633.68,5634.36,25901.16
2903,20250211,2903,17,4,10,1123.79,5129.12,22412.99
2904,20250220,2904,15,1,15,1319.59,6167.86,21696.47
2905,20250401,2905,11,6,13,226.97,1831.36,6752.43
2906,20251010,2906,6,1,24,325.02,4260.02,9657.18
2907,20250803,2907,3,4,2,808.64,5217.92,18175.16
2908,20251016,2908,2,5,10,947.39,7499.35,16724.5
2909,20250617,2909,8,1,13,1015.47,1252.83,2515.96
2910,20251115,2910,15,2,3,285.57,6816.0,17321.22
2911,20251226,2911,15,3,15,605.63,2601.12,8115.48
2912,20251017,2912,8,2,1,408.32,5381.68,11673.27
2913,20251012,2913,10,4,6,243.31,6923.76,30973.88
2914,20250520,2914,10,4,15,786.34,7468.89,35247.35
2915,20250201,2915,19,6,16,744.59,2454.11,4367.06
2916,20250319,2916,6,5,28,1220.11,1193.47,3611.99
2917,20250404,2917,14,6,11,484.9,7684.29,16149.27
2918,20250824,2918,20,6,11,1169.08,9925.69,48058.07
2919,20251029,2919,12,1,19,325.17,8452.83,22225.68
2920,20250706,2920,2,5,4,368.48,5200.18,16840.91
2921,20251021,2921,9,5,20,1005.2,2504.5,8558.59
2922,20250611,2922,8,2,1,939.39,8306.28,13803.75
2923,20250801,2923,4,2,7,540.79,2824.12,8280.13
2924,20250411,2924,4,4,8,1237.25,8437.59,18277.8
2925,20251027,2925,13,1,4,700.08,2754.51,5330.39
2926,20250313,2926,19,6,6,213.88,2208.25,10954.13
2927,20251206,2927,15,4,13,935.62,4140.52,10933.45
2928,20250728,2928,1,5,9,911.38,6393.63,15241.55
2929,20250209,2929,3,6,12,1461.13,3988.06,18272.4
2930,20250702,2930,19,3,6,1088.27,9980.99,43542.08
2931,20250503,2931,11,6,12,1360.34,8022.15,18658.06
2932,20250502,2932,17,5,21,1164.23,1035.98,1916.73
2933,20250405,2933,8,2,19,347.18,9086.59,31994.98
2934,20250104,2934,2,6,1,555.04,8208.22,36602.17
2935,20250808,2935,9,1,8,383.43,2272.9,10995.5
2936,20250418,2936,11,4,1,304.24,5804.15,9035.3
2937,20250407,2937,3,5,22,739.75,2966.38,10319.19
2938,20251229,2938,8,6,6,1280.67,1092.08,3130.86
2939,20250224,2939,12,5,23,351.98,681.78,1981.3
2940,20250722,2940,8,3,27,366.39,4580.51,9962.78
2941,20250615,2941,8,6,4,496.66,6642.83,27390.52
2942,20250221,2942,16,6,24,957.35,8283.03,35492.68
2943,20251119,2943,20,2,14,951.62,8301.08,23841.53
2944,20250717,2944,19,2,2,193.4,3343.67,7432.33
2945,20250707,2945,7,5,10,693.86,9776.6,34470.8
2946,20250813,2946,9,1,12,1436.72,9613.71,17471.42
2947,20251128,2947,8,5,29,1132.49,8982.03,24469.77
2948,20251013,2948,17,5,14,1047.42,4777.56,10830.81
2949,20250318,2949,16,6,1,1258.75,8029.85,23972.43
2950,20250303,2950,12,2,6,389.77,5581.36,19532.96
2951,20251216,2951,8,2,27,885.05,558.82,1440.85
2952,20250227,2952,19,2,13,867.87,7779.0,13842.62
2953,20250304,2953,1,5,24,264.35,8419.79,37832.14
2954,20251018,2954,13,1,18,1312.67,2958.03,5032.93
2955,20251105,2955,8,2,5,818.82,1704.63,7125.35
2956,20251027,2956,9,2,4,1089.44,7231.36,12268.57
2957,20250719,2957,14,1,30,336.75,638.66,1418.79
2958,20250723,2958,3,6,30,858.15,1165.28,5160.02
2959,20251020,2959,15,3,5,161.35,3657.67,11884.56
2960,20250121,2960,19,5,21,1476.87,7689.94,37309.35
2961,20250830,2961,19,1,12,492.92,4446.64,21133.15
2962,20250501,2962,15,2,13,1243.2,1390.45,5326.53
2963,20250814,2963,7,5,4,491.78,9527.02,33431.9
2964,20251113,2964,11,5,25,460.42,5920.15,19679.52
2965,20251017,2965,17,3,13,674.74,2245.1,8691.87
2966,20250122,2966,5,2,5,220.33,3086.24,14955.51
2967,20250510,2967,8,5,1,876.36,7072.36,25646.62
2968,20250117,2968,3,6,8,288.24,6593.71,20345.23
2969,20250220,2969,1,2,17,793.27,7311.71,35295.2
2970,20251212,2970,17,5,29,1081.76,9971.8,17219.12
2971,20250407,2971,1,3,12,161.42,1547.36,3088.83
2972,20251021,2972,16,6,11,660.11,6151.03,14944.25
2973,20250908,2973,17,4,19,514.81,7198.36,20837.25
2974,20250812,2974,4,3,1,616.71,3839.47,8424.69
2975,20251224,2975,17,6,25,888.85,1316.7,6550.73
2976,20250916,2976,6,5,1,393.31,5091.11,13193.82
2977,20251218,2977,4,3,23,1068.41,9394.02,29267.08
2978,20250121,2978,2,1,3,865.25,3098.51,11243.77
2979,20250106,2979,13,4,28,268.38,9805.58,38031.12
2980,20250201,2980,15,1,19,701.21,5595.09,9518.56
2981,20250727,2981,11,2,15,681.87,7910.95,30031.64
2982,20250826,2982,7,6,21,1236.4,4439.03,20094.56
2983,20250823,2983,14,4,28,1371.68,2441.36,6381.01
2984,20250410,2984,3,3,26,1491.56,2432.11,4546.8
2985,20250427,2985,13,1,23,1230.4,6525.19,17901.35
2986,20250713,2986,15,1,29,224.96,3052.14,11361.79
2987,20250224,2987,17,4,22,409.72,8326.92,31796.45
2988,20251117,2988,14,1,10,1134.48,5104.32,23605.54
2989,20250416,2989,13,6,9,581.96,1224.51,4706.24
2990,20250408,2990,11,4,28,884.31,4248.33,8421.99
2991,20250823,2991,19,3,30,986.95,7254.38,28144.44
2992,20250802,2992,3,5,13,1286.79,6809.7,31561.2
2993,20250615,2993,1,5,2,436.31,3949.24,13550.54
2994,20250124,2994,17,6,18,735.65,4104.57,13617.57
2995,20251031,2995,6,3,8,1253.38,6399.9,30607.93
2996,20251012,2996,19,6,27,1481.13,737.12,1291.28
2997,20251025,2997,7,4,12,1152.06,5326.28,9492.49
2998,20250622,2998,17,3,8,112.28,4853.67,18839.9
2999,20251226,2999,15,2,28,831.44,1917.49,7258.15
3000,20250705,3000,5,2,2,452.28,9310.07,43580.5
3001,20250119,3001,3,3,26,1075.31,3069.64,6963.28
3002,20251201,3002,19,1,2,975.89,6842.69,11567.44
3003,20251024,3003,17,1,22,394.45,6897.88,32182.15
3004,20250111,3004,19,6,20,688.68,6878.7,29898.29
3005,20250402,3005,11,6,14,1220.29,8812.51,21946.63
3006,20250613,3006,8,2,17,1291.7,6665.33,22381.94
3007,20250419,3007,13,1,21,605.62,7840.74,34390.56
3008,20251028,3008,7,6,14,1166.63,6540.28,20695.61
3009,20250527,3009,20,4,6,1370.5,3937.62,9097.66
3010,20250206,3010,8,2,20,652.28,2016.27,5354.22
3011,20251112,3011,6,1,23,339.66,642.18,1021.56
3012,20251221,3012,12,2,11,904.85,5043.05,18868.91
3013,20250520,3013,1,4,16,577.2,2989.96,13682.93
3014,20250718,3014,7,4,20,1050.01,7329.45,22724.47
3015,20250824,3015,3,1,15,440.1,8142.64,18381.73
3016,20250617,3016,20,2,13,1289.96,598.4,1085.36
3017,20250427,3017,2,1,4,716.36,8606.12,26931.66
3018,20250819,3018,13,5,21,671.82,594.16,2817.31
3019,20250827,3019,16,3,13,383.51,3756.29,14728.53
3020,20250504,3020,12,6,9,353.75,9351.46,44741.62
3021,20250523,3021,11,6,4,1002.08,1333.18,5145.11
3022,20250512,3022,16,3,29,133.97,6406.21,17925.39
3023,20250520,3023,18,4,18,718.04,1211.79,2065.68
3024,20250816,3024,14,3,1,1003.87,5198.97,17519.84
3025,20250509,3025,14,6,29,380.23,8894.16,38070.94
3026,20250211,3026,14,3,24,345.61,8596.83,41743.0
3027,20251219,3027,17,3,18,607.19,3078.79,13594.29
3028,20251220,3028,8,4,25,1345.79,5689.43,15351.62
3029,20250219,3029,17,6,11,1280.96,9102.61,13907.92
3030,20251021,3030,12,3,28,471.0,8970.18,23100.0
3031,20251027,3031,9,1,19,150.99,9639.18,22974.57
3032,20250215,3032,5,5,16,1001.97,9743.5,16903.98
3033,20251024,3033,9,1,8,1190.75,6140.37,18128.88
3034,20251007,3034,17,6,30,189.05,9033.32,24742.61
3035,20251016,3035,20,5,24,1264.14,3404.41,14729.03
3036,20251018,3036,2,2,5,470.0,2746.96,10713.31
3037,20251007,3037,12,4,21,966.5,3526.58,9114.31
3038,20251109,3038,17,2,26,815.53,7207.73,15409.7
3039,20251229,3039,11,3,29,566.48,4539.52,21188.35
3040,20250813,3040,5,6,25,116.87,7283.62,17625.43
3041,20250810,3041,4,4,13,921.72,7149.04,30647.9
3042,20250330,3042,15,1,6,529.91,3916.13,18393.85
3043,20250223,3043,2,4,13,395.81,2891.68,8162.8
3044,20251123,3044,9,2,29,455.41,9506.13,36668.13
3045,20250206,3045,20,4,12,363.61,2760.75,4431.01
3046,20250916,3046,8,1,10,1043.67,5920.79,27591.23
3047,20250326,3047,19,5,20,1415.74,1222.07,2382.08
3048,20251210,3048,8,5,17,928.65,2587.68,4413.18
3049,20250811,3049,3,5,9,1269.83,7902.82,27437.21
3050,20250926,3050,20,6,26,1026.78,8613.07,29361.38
3051,20250416,3051,6,2,4,168.43,3598.63,6632.59
3052,20250701,3052,18,3,8,184.9,9022.5,35300.39
3053,20251024,3053,15,6,17,230.11,4023.99,6773.01
3054,20251204,3054,8,3,30,600.39,574.27,2834.85
3055,20250813,3055,9,2,21,761.28,5988.46,13363.44
3056,20250923,3056,13,5,28,1304.65,5444.85,10567.96
3057,20251117,3057,16,2,28,389.02,7906.48,32318.12
3058,20251011,3058,1,1,28,551.58,6836.44,17661.55
3059,20251027,3059,13,3,14,676.43,8515.4,29639.44
3060,20250517,3060,4,2,16,184.2,1326.94,6055.71
3061,20250815,3061,3,3,4,1147.64,753.87,2433.89
3062,20251222,3062,18,6,24,1292.96,1735.64,4901.01
3063,20250324,3063,1,3,4,1326.41,9520.52,44248.95
3064,20250129,3064,2,6,22,400.12,2213.49,4282.92
3065,20250502,3065,1,6,24,1342.19,2364.6,6058.81
3066,20250204,3066,3,6,8,900.47,4148.39,12399.47
3067,20250617,3067,2,3,5,545.45,2053.15,7244.24
3068,20250211,3068,2,2,22,1181.23,6632.63,10565.62
3069,20250109,3069,8,3,25,375.01,3170.89,12252.5
3070,20250628,3070,6,6,27,1383.92,4636.09,8736.04
3071,20250724,3071,2,4,18,1210.69,8570.34,27491.11
3072,20250404,3072,2,3,10,247.73,4471.01,11135.91
3073,20250624,3073,5,6,11,1194.29,2614.07,4106.5
3074,20250619,3074,8,3,28,917.02,3994.77,7368.71
3075,20250830,3075,1,6,8,1426.76,5241.36,16807.92
3076,20251221,3076,13,6,11,639.09,8146.71,33234.78
3077,20250427,3077,9,4,12,1147.96,5565.53,27079.99
3078,20251211,3078,3,1,3,1162.64,9466.86,14315.83
3079,20250627,3079,13,5,28,327.9,5016.19,11163.49
3080,20251029,3080,15,2,25,1458.71,6146.74,11035.69
3081,20250812,3081,7,6,9,297.76,9906.04,25567.04
3082,20250413,3082,11,6,7,686.48,6703.95,17243.78
3083,20250316,3083,18,3,28,1477.99,1984.29,8277.39
3084,20250930,3084,9,2,17,1493.4,7595.3,33208.61
3085,20250913,3085,17,1,30,745.46,7589.1,37917.5
3086,20251128,3086,14,6,6,1277.33,2985.64,12493.97
3087,20250915,3087,10,1,1,277.98,7075.8,13910.29
3088,20250228,3088,14,4,12,1214.6,4373.7,21296.95
3089,20250114,3089,14,5,26,469.99,4998.36,13788.16
3090,20250610,3090,19,1,2,1289.2,7630.73,30808.99
3091,20250513,3091,17,1,10,1058.9,5991.95,19956.67
3092,20250904,3092,13,3,19,1064.32,5497.69,22032.22
3093,20250905,3093,1,6,7,637.6,2437.97,6542.57
3094,20250831,3094,8,1,18,436.08,9423.66,45794.05
3095,20251105,3095,14,2,25,955.16,3639.85,10636.61
3096,20250828,3096,6,3,23,193.05,7075.37,16568.4
3097,20250730,3097,18,5,11,1298.84,4967.39,21373.56
3098,20250411,3098,19,2,28,139.09,6385.54,29315.79
3099,20251113,3099,8,3,26,253.31,3464.77,10360.8
3100,20250125,3100,6,6,8,377.96,7758.15,33899.86
3101,20250110,3101,20,4,2,191.49,6063.69,20670.27
3102,20250304,3102,1,3,22,929.89,7177.53,30641.14
3103,20250423,3103,8,3,2,1049.0,9789.32,42525.81
3104,20250217,3104,14,2,2,999.12,3977.9,16704.76
3105,20250418,3105,10,2,25,1388.83,2811.76,6212.5
3106,20250105,3106,2,1,5,1262.29,2102.68,6167.27
3107,20250307,3107,3,5,20,1226.01,5377.22,20920.75
3108,20250119,3108,8,2,19,1261.08,643.91,2206.52
3109,20251001,3109,13,1,11,1227.66,2670.22,7389.45
3110,20250703,3110,12,6,2,984.8,2864.08,7228.95
3111,20251125,3111,19,3,17,540.23,653.61,2692.92
3112,20250929,3112,7,2,10,639.38,2730.22,5040.8
3113,20251218,3113,12,6,30,279.26,9169.55,22945.0
3114,20250909,3114,7,2,7,134.09,757.0,3055.57
3115,20250530,3115,3,2,12,680.78,7022.41,16967.4
3116,20251008,3116,17,3,28,354.54,6398.32,29478.91
3117,20250203,3117,7,5,6,701.01,2654.88,9623.71
3118,20251111,3118,11,5,6,292.43,9387.19,39127.97
3119,20251216,3119,18,5,24,930.58,1118.04,3671.09
3120,20250227,3120,10,4,13,1169.23,895.91,1603.2
3121,20251203,3121,11,6,17,1361.73,7936.89,17673.12
3122,20250731,3122,14,5,15,1427.63,9722.2,34197.98
3123,20250518,3123,2,3,2,455.98,5150.21,17229.97
3124,20251209,3124,16,1,29,332.85,4755.56,17231.61
3125,20250825,3125,13,4,7,987.18,9340.79,17622.75
3126,20250327,3126,5,6,19,610.57,8455.99,16708.05
3127,20250715,3127,8,2,27,100.55,4188.93,15773.02
3128,20250219,3128,20,3,29,1474.79,6882.04,33054.98
3129,20250422,3129,12,1,1,1411.96,6576.16,19060.76
3130,20250103,3130,14,5,18,1122.29,6613.54,28240.1
3131,20250209,3131,19,3,16,467.09,3352.65,14342.61
3132,20250630,3132,2,1,29,339.65,5456.24,24610.47
3133,20250914,3133,10,2,25,268.19,3390.64,6181.93
3134,20250928,3134,11,3,11,344.67,852.07,1984.84
3135,20250501,3135,2,3,21,1004.92,7406.92,11706.5
3136,20250729,3136,17,5,10,1486.17,4985.32,14592.96
3137,20250107,3137,9,2,3,605.38,8910.97,30260.19
3138,20251203,3138,10,1,30,1113.19,7918.85,36468.1
3139,20250630,3139,20,5,14,966.69,4114.59,15834.14
3140,20250407,3140,6,2,29,787.14,2639.69,12757.12
3141,20250716,3141,7,4,18,416.63,3092.17,9267.13
3142,20250915,3142,13,1,9,289.67,8402.33,18343.01
3143,20250917,3143,12,3,6,122.62,6516.55,22222.51
3144,20250423,3144,4,4,13,1407.66,5629.28,16452.4
3145,20250710,3145,12,2,6,1107.39,3774.44,17579.33
3146,20250522,3146,11,5,26,723.22,2144.04,6039.16
3147,20250205,3147,9,4,26,117.32,2474.4,11292.45
3148,20250514,3148,8,4,26,494.61,8460.22,27038.26
3149,20251231,3149,13,4,27,565.59,9403.05,42728.85
3150,20251204,3150,6,5,1,409.27,7963.2,22194.11
3151,20250824,3151,4,2,9,880.33,7358.11,12287.92
3152,20250831,3152,16,6,5,1048.72,4813.38,23225.68
3153,20250715,3153,5,5,5,657.03,2525.18,7714.45
3154,20251124,3154,15,4,25,669.83,2634.1,8109.09
3155,20250310,3155,7,3,27,1298.74,8571.46,23084.31
3156,20251109,3156,6,4,24,1160.33,1071.2,4197.23
3157,20250323,3157,2,6,29,1150.93,8873.68,39142.62
3158,20250204,3158,8,6,14,822.4,2029.02,7166.16
3159,20250507,3159,1,3,22,1032.78,2624.15,8449.05
3160,20250226,3160,5,5,7,376.24,5488.17,9684.68
3161,20250324,3161,4,3,4,544.08,7197.29,33002.12
3162,20250323,3162,15,3,6,642.98,7354.16,19543.46
3163,20250928,3163,7,6,15,726.29,5352.62,22437.45
3164,20251010,3164,4,2,3,467.23,1125.23,4237.95
3165,20250401,3165,5,4,22,701.36,1899.19,9173.3
3166,20251104,3166,1,3,23,767.44,7035.59,25919.9
3167,20251026,3167,8,5,9,198.9,7105.46,31877.33
3168,20251102,3168,6,6,21,1344.38,8717.06,13845.09
3169,20251106,3169,17,3,26,742.12,2665.63,8648.3
3170,20251130,3170,9,1,16,187.54,1449.77,6529.27
3171,20250724,3171,9,3,29,683.51,5143.24,24399.13
3172,20250103,3172,10,5,28,524.82,5991.94,28190.03
3173,20250831,3173,19,1,23,548.19,5817.09,10260.31
3174,20250611,3174,4,5,10,925.98,1253.86,4150.1
3175,20250723,3175,19,2,26,896.62,7653.72,15367.52
3176,20250608,3176,5,2,6,1051.72,8409.68,15010.43
3177,20251229,3177,14,3,23,340.95,3802.38,7983.8
3178,20251123,3178,10,3,6,1471.82,618.95,1784.5
3179,20250313,3179,6,2,23,646.14,4140.97,16025.15
3180,20250608,3180,10,3,27,1343.66,1656.71,3343.84
3181,20250624,3181,15,1,14,1390.38,1599.05,4173.32
3182,20251029,3182,18,4,13,417.67,1359.4,5004.33
3183,20251223,3183,17,6,10,399.19,7566.2,23085.16
3184,20250225,3184,16,5,5,1486.62,6701.42,20987.81
3185,20250122,3185,9,1,7,955.82,6122.99,10298.92
3186,20250628,3186,3,4,22,944.3,4214.95,20932.26
3187,20251228,3187,12,6,18,481.81,6218.25,23049.42
3188,20250713,3188,18,4,17,1234.43,2824.24,4874.91
3189,20251103,3189,20,2,29,329.65,765.85,2150.99
3190,20250718,3190,16,2,13,414.16,4461.13,14695.45
3191,20250610,3191,14,6,11,742.87,7942.27,34869.83
3192,20251231,3192,3,2,18,1416.78,1767.04,4583.22
3193,20250711,3193,4,3,18,1156.38,7186.16,21745.8
3194,20251005,3194,14,1,28,473.85,8534.64,23545.45
3195,20251217,3195,7,2,14,1117.67,3573.91,5653.93
3196,20250401,3196,19,4,4,710.7,1492.24,3269.15
3197,20250522,3197,15,3,15,112.75,4784.15,21005.88
3198,20251124,3198,16,4,30,1417.18,4246.21,12905.49
3199,20250529,3199,6,3,21,365.35,1812.45,7926.8
3200,20251106,3200,15,1,21,1388.08,3044.76,6960.55
3201,20250830,3201,9,3,29,689.45,6516.12,14400.07
3202,20250301,3202,11,2,13,407.62,7389.19,24640.26
3203,20250514,3203,18,6,2,393.08,6552.88,17133.26
3204,20251108,3204,6,2,20,885.65,7915.32,39472.2
3205,20250624,3205,19,6,13,115.69,1098.8,5426.61
3206,20251014,3206,10,6,11,570.72,2532.26,9953.52
3207,20250522,3207,4,6,10,651.32,6809.08,25380.8
3208,20250807,3208,6,3,9,843.04,3779.87,10355.15
3209,20250601,3209,15,6,4,1323.8,611.62,1712.79
3210,20250224,3210,9,6,9,742.88,6541.0,21551.17
3211,20251215,3211,9,1,27,821.63,6099.89,30189.58
3212,20251226,3212,11,6,19,1074.06,7623.21,38062.75
3213,20250420,3213,10,6,25,1058.01,5358.06,20971.74
3214,20250519,3214,12,2,11,778.86,1996.66,5966.28
3215,20250424,3215,11,2,11,210.35,4859.91,19526.68
3216,20250524,3216,12,3,2,556.83,4167.04,8137.68
3217,20250113,3217,7,4,21,1211.06,8121.7,34571.7
3218,20250312,3218,11,5,18,650.15,5270.78,24888.93
3219,20250122,3219,18,6,27,955.19,6470.99,10637.79
3220,20250914,3220,2,4,9,489.7,6415.45,18137.89
3221,20251220,3221,8,3,6,991.26,4891.55,14643.6
3222,20251011,3222,1,5,15,703.58,7468.32,16952.53
3223,20251018,3223,15,3,27,192.01,1096.21,1697.94
3224,20250614,3224,10,4,26,891.06,4682.22,10873.64
3225,20250208,3225,11,2,13,1333.36,1482.28,2429.74
3226,20251015,3226,10,6,22,1062.88,1400.38,3429.95
3227,20251130,3227,4,1,12,488.33,3734.73,14118.4
3228,20251108,3228,7,5,3,399.9,6359.59,18713.84
3229,20250531,3229,11,3,7,1322.88,909.89,1739.9
3230,20250918,3230,4,6,25,1286.75,9047.0,37148.69
3231,20251018,3231,13,5,27,1012.98,6212.48,20697.68
3232,20251125,3232,2,1,19,1308.38,3045.16,8528.43
3233,20250224,3233,1,3,5,657.99,9571.33,34661.65
3234,20251227,3234,5,6,14,248.53,6737.94,31862.28
3235,20250419,3235,3,6,18,962.01,3619.41,16637.09
3236,20251108,3236,7,2,21,1355.84,4349.33,15911.87
3237,20250715,3237,10,1,8,251.01,4040.37,9913.7
3238,20250116,3238,13,4,30,1125.31,5623.51,22441.8
3239,20251012,3239,8,4,21,1414.58,3760.39,17011.28
3240,20250326,3240,14,3,24,214.86,9498.37,18835.73
3241,20251123,3241,12,6,13,333.63,4770.46,10724.11
3242,20250714,3242,15,2,12,633.03,1656.48,3614.07
3243,20250425,3243,10,3,29,739.28,2695.85,11242.69
3244,20251214,3244,1,2,26,155.76,6818.66,28206.73
3245,20250508,3245,5,5,4,1333.24,9297.89,42190.68
3246,20251209,3246,5,2,27,524.55,4553.37,22485.98
3247,20250322,3247,4,5,22,661.14,9598.77,21717.24
3248,20251004,3248,19,4,17,445.91,564.6,1522.99
3249,20250706,3249,2,1,10,569.42,6539.08,12107.52
3250,20250403,3250,11,4,21,955.29,2202.97,7428.25
3251,20250607,3251,20,2,9,896.41,7569.3,35783.41
3252,20250402,3252,8,5,24,659.53,2934.98,8322.43
3253,20250528,3253,19,3,18,789.11,3386.56,9373.2
3254,20250117,3254,2,5,21,108.79,9057.79,32233.46
3255,20250801,3255,6,6,19,1420.44,8589.49,25549.67
3256,20251124,3256,14,3,6,347.35,3849.49,11667.08
3257,20251101,3257,19,5,12,628.96,4358.9,21540.34
3258,20250905,3258,10,5,19,1272.16,1646.66,3448.36
3259,20250619,3259,14,6,8,195.34,1040.17,4014.19
3260,20251203,3260,1,4,2,709.77,9699.35,44418.58
3261,20251018,3261,3,3,8,782.53,8588.76,38508.78
3262,20250706,3262,15,6,9,1061.42,8570.78,38837.82
3263,20250622,3263,13,3,28,518.14,9810.44,28814.41
3264,20251221,3264,7,5,16,547.19,3688.24,16115.28
3265,20251217,3265,11,4,21,403.18,924.02,2144.44
3266,20251231,3266,6,6,12,855.72,5497.31,16520.31
3267,20250903,3267,8,3,7,455.95,885.28,1433.86
3268,20250630,3268,9,3,2,177.21,7827.37,38946.5
3269,20251218,3269,13,3,26,783.62,6596.62,32910.32
3270,20250516,3270,12,5,30,962.08,8918.05,30366.52
3271,20251216,3271,1,5,10,1330.52,4255.1,20772.28
3272,20251223,3272,13,1,3,1170.5,7647.62,18055.77
3273,20250120,3273,10,5,15,772.2,6979.37,30942.09
3274,20250919,3274,5,3,12,320.24,9247.73,35395.21
3275,20250407,3275,6,4,11,1095.2,2426.53,8053.13
3276,20250203,3276,18,4,6,1398.37,6834.55,11117.53
3277,20250709,3277,11,3,27,892.76,4701.8,15927.68
3278,20251109,3278,2,3,24,113.27,5416.78,8710.67
3279,20250723,3279,7,1,7,1386.04,7923.07,23189.69
3280,20250322,3280,16,3,25,1065.54,9008.34,20733.58
3281,20251021,3281,6,1,16,796.83,5789.09,19014.73
3282,20250817,3282,18,2,7,1310.08,1605.74,6143.64
3283,20250525,3283,15,2,25,407.65,2809.44,13758.17
3284,20250831,3284,20,4,19,474.6,6493.1,24934.62
3285,20250701,3285,14,4,28,1204.04,4148.1,9416.99
3286,20250202,3286,3,2,14,723.86,765.84,2016.38
3287,20250716,3287,7,5,18,1017.4,6271.6,24890.16
3288,20251215,3288,7,4,17,338.84,1687.84,3556.01
3289,20251112,3289,3,4,23,690.33,4196.56,16074.45
3290,20251019,3290,4,1,15,1347.31,1691.09,3975.92
3291,20250714,3291,17,3,2,982.15,3265.86,6405.61
3292,20250509,3292,1,1,2,1485.34,4744.74,13911.09
3293,20251112,3293,1,2,30,132.2,2349.31,3890.16
3294,20250330,3294,2,1,28,1066.05,4388.56,19775.6
3295,20250131,3295,10,5,9,978.35,8934.01,35451.26
3296,20250923,3296,4,1,1,1079.88,2918.83,9472.89
3297,20250820,3297,12,3,15,1107.27,4400.45,21564.27
3298,20250319,3298,17,3,5,1449.18,1665.48,4755.03
3299,20250403,3299,6,1,6,343.61,559.73,1609.28
3300,20251218,3300,18,2,8,897.67,8096.78,18283.41
3301,20250310,3301,5,1,24,1296.58,5479.66,13859.45
3302,20250525,3302,18,3,20,1155.43,2817.13,11094.5
3303,20250608,3303,12,2,13,505.72,3382.78,7396.92
3304,20250826,3304,16,1,30,1065.57,2792.65,5746.01
3305,20250728,3305,3,6,12,1346.96,4418.07,9855.67
3306,20250902,3306,18,3,20,1155.86,1768.66,7886.58
3307,20250803,3307,5,5,17,519.68,1783.1,5293.15
3308,20250401,3308,14,5,8,1454.54,2394.8,11896.96
3309,20250809,3309,3,3,6,511.46,9266.75,46159.38
3310,20250718,3310,11,6,20,1446.68,9150.18,41768.5
3311,20250301,3311,4,6,28,1089.73,7747.72,33740.12
3312,20250516,3312,3,4,26,1147.96,581.6,1084.28
3313,20250531,3313,20,2,18,371.89,5669.1,12576.42
3314,20250625,3314,10,2,26,999.65,1379.87,6404.78
3315,20250719,3315,9,2,25,1114.38,4680.45,10961.59
3316,20250312,3316,4,4,16,195.85,7915.27,15510.75
3317,20250903,3317,7,2,2,279.55,3613.06,8432.09
3318,20250703,3318,7,5,4,972.75,1566.98,5776.03
3319,20251124,3319,8,6,30,667.48,828.82,2213.72
3320,20250401,3320,19,5,5,749.31,9406.2,22843.23
3321,20250610,3321,9,4,15,1135.21,1574.32,3339.78
3322,20250712,3322,20,2,17,215.06,3327.44,10253.63
3323,20250425,3323,18,2,8,103.51,9087.67,26428.37
3324,20250210,3324,8,2,30,552.4,9356.55,14507.75
3325,20250712,3325,7,1,21,584.87,5305.51,8105.81
3326,20250601,3326,18,6,9,877.37,6797.88,19840.94
3327,20250104,3327,3,3,8,1244.57,8314.79,27605.49
3328,20250315,3328,2,2,4,1179.23,9393.6,19054.42
3329,20250607,3329,3,3,11,1478.13,7236.45,25580.34
3330,20250905,3330,16,6,16,1262.7,2558.46,10477.06
3331,20251019,3331,18,3,5,256.97,5632.53,19177.48
3332,20250311,3332,5,6,14,517.6,8618.89,33127.67
3333,20250405,3333,5,2,15,1192.9,8253.79,12688.89
3334,20250413,3334,4,4,27,629.46,4415.81,14511.88
3335,20250119,3335,9,2,28,1270.39,5828.58,17538.59
3336,20250611,3336,16,1,3,1301.79,3688.31,16166.45
3337,20250112,3337,13,1,2,1415.05,3139.71,10460.14
3338,20250614,3338,6,2,24,435.87,8351.19,32667.55
3339,20251124,3339,12,3,7,331.27,1330.46,6356.81
3340,20250923,3340,12,5,30,344.59,7604.18,31862.71
3341,20250523,3341,4,2,7,1021.88,1974.77,4511.65
3342,20250318,3342,6,2,8,113.93,7599.69,36957.4
3343,20250830,3343,1,3,2,514.89,5595.57,25604.14
3344,20251207,3344,14,2,26,469.26,5890.3,14790.7
3345,20250905,3345,20,6,21,632.76,8955.49,14923.41
3346,20250827,3346,18,1,27,114.96,4641.21,11512.2
3347,20251210,3347,19,3,3,156.17,8123.48,14110.07
3348,20250804,3348,7,1,20,146.85,4099.78,16611.43
3349,20251005,3349,11,6,30,171.64,7901.39,14183.87
3350,20251219,3350,20,2,25,1276.51,9203.46,14142.12
3351,20250907,3351,15,4,15,1258.7,6635.41,25522.35
3352,20251216,3352,3,3,8,992.6,5706.05,26726.63
3353,20250511,3353,2,6,20,127.79,6674.77,17645.72
3354,20250630,3354,20,2,17,891.0,7178.96,31172.77
3355,20250428,3355,7,6,8,540.27,2205.85,9471.05
3356,20251002,3356,11,6,26,905.44,1486.82,3435.31
3357,20251221,3357,11,5,3,188.83,1451.32,2580.88
3358,20251214,3358,13,5,2,1416.0,2297.15,4225.23
3359,20250103,3359,12,2,18,130.09,5321.74,13214.2
3360,20251005,3360,9,5,9,975.84,5763.89,23390.15
3361,20250617,3361,6,3,23,371.49,621.94,2320.37
3362,20250707,3362,14,6,21,733.58,1041.2,2352.94
3363,20251028,3363,9,6,17,563.59,2567.5,10044.8
3364,20250513,3364,5,4,16,222.68,2958.71,5843.53
3365,20250828,3365,7,1,22,663.97,8885.72,26740.28
3366,20250818,3366,1,1,24,1462.94,5081.69,15579.45
3367,20250911,3367,18,5,11,165.74,900.85,3896.85
3368,20250308,3368,13,6,18,218.08,3476.27,5961.94
3369,20250708,3369,6,3,4,1399.88,7388.15,13712.96
3370,20250129,3370,1,3,28,239.03,7095.47,35302.64
3371,20250130,3371,11,4,8,876.52,9572.59,41074.66
3372,20250218,3372,3,4,12,959.26,7674.05,37947.94
3373,20250329,3373,8,5,24,103.22,1211.1,5660.84
3374,20250528,3374,15,1,27,126.32,2647.36,10438.3
3375,20250604,3375,2,3,3,1121.68,1860.07,8062.17
3376,20251031,3376,4,4,28,462.38,4002.44,7058.35
3377,20251202,3377,8,4,5,1274.22,6745.74,16092.44
3378,20250311,3378,4,2,23,235.02,9388.28,44618.91
3379,20250518,3379,11,6,26,804.91,1725.0,8292.8
3380,20251216,3380,14,4,15,982.54,1477.85,4082.95
3381,20250706,3381,4,2,15,1188.5,5644.18,27745.99
3382,20250325,3382,19,1,28,138.42,3728.71,15610.4
3383,20250131,3383,8,6,8,1021.47,3459.75,9246.22
3384,20251129,3384,5,1,27,541.74,8434.87,27958.8
3385,20250530,3385,9,4,7,849.37,2123.65,7372.87
3386,20250217,3386,11,6,24,1274.77,797.13,1325.73
3387,20250507,3387,2,4,13,1484.42,4747.98,22445.62
3388,20250323,3388,9,6,15,1264.54,9567.89,42544.27
3389,20250603,3389,9,5,14,1445.33,4327.03,17619.84
3390,20251205,3390,11,3,8,894.71,3311.49,13972.48
3391,20250131,3391,7,1,7,509.23,5832.61,16541.15
3392,20251208,3392,16,4,3,551.52,3654.09,5823.58
3393,20250901,3393,11,4,24,518.12,1610.67,6348.61
3394,20250304,3394,7,2,1,858.69,1990.82,4105.22
3395,20250527,3395,20,5,8,599.25,1419.55,3130.27
3396,20250127,3396,11,5,16,1099.4,8356.75,30248.23
3397,20251009,3397,17,3,27,312.61,3106.36,5854.47
3398,20250822,3398,2,4,11,940.74,6037.67,21170.97
3399,20250528,3399,16,3,16,358.6,5983.44,28240.15
3400,20251020,3400,18,6,29,1203.22,9952.53,39165.69
3401,20250723,3401,20,2,27,773.8,2704.67,8700.89
3402,20251101,3402,20,6,27,1351.09,8520.64,38679.97
3403,20251218,3403,9,3,16,381.85,9360.67,42934.77
3404,20250719,3404,8,5,30,1016.42,2513.08,4391.24
3405,20250517,3405,7,6,1,714.07,9505.96,32049.92
3406,20250116,3406,18,5,12,329.43,9051.26,30913.46
3407,20250506,3407,1,1,1,739.38,3098.08,6762.29
3408,20250504,3408,18,6,30,1155.27,9947.58,46713.74
3409,20250823,3409,19,5,14,632.61,6258.75,9584.45
3410,20250727,3410,10,3,7,957.34,5789.02,17231.71
3411,20250925,3411,19,4,11,1248.3,2352.89,10138.6
3412,20250210,3412,13,6,16,913.87,8763.38,31834.94
3413,20251128,3413,9,2,9,157.25,9387.27,23043.05
3414,20250624,3414,7,4,22,910.16,8518.4,15872.69
3415,20250723,3415,9,4,8,1106.27,5494.51,12760.21
3416,20251016,3416,12,1,12,708.01,6994.45,23410.0
3417,20250328,3417,1,1,27,696.99,4420.8,19728.02
3418,20251101,3418,4,2,19,914.11,5839.8,19261.95
3419,20250901,3419,4,4,21,454.25,1063.67,2008.75
3420,20250622,3420,6,2,16,1412.85,1809.65,6895.28
3421,20250129,3421,9,4,13,753.72,2528.41,4899.72
3422,20250915,3422,14,3,9,111.43,6103.7,11840.62
3423,20251205,3423,20,2,8,346.13,4040.37,8100.11
3424,20250628,3424,16,3,17,765.57,9798.79,18747.83
3425,20250323,3425,11,3,11,521.87,8613.7,15621.22
3426,20250509,3426,18,1,26,1442.57,1022.59,3942.07
3427,20250302,3427,2,2,12,1336.71,4657.2,19846.97
3428,20250301,3428,18,5,27,622.03,7228.06,33201.14
3429,20250613,3429,1,6,26,1227.81,4238.09,15294.88
3430,20251007,3430,16,3,21,1016.83,8604.25,22829.81
3431,20251002,3431,7,6,26,980.21,4800.55,12567.04
3432,20251015,3432,19,6,9,941.73,9550.07,33752.74
3433,20251026,3433,3,6,29,413.41,1511.13,4095.59
3434,20250905,3434,8,1,15,507.86,9590.77,19605.56
3435,20251213,3435,14,2,25,1152.87,3127.35,7310.06
3436,20251114,3436,12,1,30,851.28,2538.36,11590.55
3437,20251218,3437,10,1,30,601.58,2972.2,5122.3
3438,20250309,3438,6,5,7,343.69,4677.14,12820.27
3439,20250624,3439,1,1,22,647.62,5621.41,19499.89
3440,20250411,3440,9,6,21,1434.83,8738.49,39965.5
3441,20250312,3441,7,2,25,1403.23,1280.76,3263.32
3442,20250407,3442,4,3,24,1220.09,1903.12,3215.52
3443,20250810,3443,10,6,24,1419.82,9967.92,39478.67
3444,20250920,3444,8,1,23,336.48,3278.83,13356.68
3445,20250329,3445,16,6,4,817.21,5846.54,17678.8
3446,20251228,3446,10,5,18,582.08,4149.11,18379.32
3447,20250408,3447,4,2,23,1058.28,4255.96,12485.68
3448,20250512,3448,6,5,5,1469.6,5708.17,21299.17
3449,20250607,3449,3,2,2,874.26,8738.02,42257.47
3450,20250528,3450,9,4,7,1016.2,4596.91,14389.34
3451,20250411,3451,9,5,13,960.57,8316.71,35702.89
3452,20251214,3452,9,4,2,875.51,8558.88,15050.78
3453,20251018,3453,6,3,3,544.84,7879.5,27091.65
3454,20250629,3454,11,2,6,343.84,2157.52,3363.18
3455,20250824,3455,1,4,16,303.0,7093.62,24709.58
3456,20251115,3456,10,3,25,290.98,633.52,2472.31
3457,20251113,3457,18,4,11,890.29,7414.12,25683.19
3458,20250424,3458,9,5,6,1021.75,7870.24,33688.64
3459,20251221,3459,6,2,20,811.42,7696.54,18276.98
3460,20250119,3460,11,1,24,880.54,988.63,1625.96
3461,20250118,3461,1,2,18,1432.14,1509.42,3240.41
3462,20250819,3462,11,2,12,1402.49,1990.81,8988.92
3463,20250606,3463,12,3,16,1348.47,9351.16,15979.25
3464,20250915,3464,17,6,25,773.56,7075.25,17815.95
3465,20251213,3465,11,2,23,301.73,4378.96,8444.71
3466,20250616,3466,17,1,17,1381.85,7620.6,14783.79
3467,20251118,3467,2,4,17,946.63,4466.14,19592.26
3468,20250721,3468,16,6,9,408.23,4065.42,15685.54
3469,20250623,3469,7,4,14,1152.14,6665.34,24691.47
3470,20250716,3470,20,5,14,1040.59,4024.81,6892.21
3471,20251128,3471,18,3,19,400.5,7033.97,11415.96
3472,20250911,3472,15,6,8,549.83,5365.85,24799.89
3473,20250407,3473,5,5,9,839.74,9622.68,39038.32
3474,20251130,3474,2,6,16,1133.02,6575.37,13151.34
3475,20251009,3475,2,2,19,1246.49,4330.22,17811.81
3476,20250817,3476,11,2,19,983.14,3954.85,7224.37
3477,20251130,3477,9,3,25,391.81,2107.38,4424.83
3478,20250218,3478,20,5,30,472.3,6008.15,15633.82
3479,20251030,3479,11,2,18,1347.39,4082.05,10657.04
3480,20250407,3480,11,5,12,598.67,2881.62,4858.72
3481,20250207,3481,13,4,26,1478.99,3594.93,8389.47
3482,20251107,3482,16,5,19,1087.24,6169.91,23435.97
3483,20251119,3483,3,5,1,709.35,5729.2,26304.18
3484,20250121,3484,5,5,10,1053.46,3227.72,10498.02
3485,20250808,3485,8,2,17,271.38,8583.65,35516.26
3486,20250807,3486,8,3,8,225.82,5193.95,12192.81
3487,20250706,3487,11,4,1,1381.18,2065.45,5302.47
3488,20250513,3488,12,5,24,1076.65,3704.78,7488.71
3489,20250716,3489,2,1,12,971.78,1376.89,4331.59
3490,20250623,3490,15,4,9,477.28,7245.4,29150.89
3491,20250515,3491,16,2,10,775.88,8915.73,31667.63
3492,20250429,3492,4,6,30,923.2,6571.18,26170.82
3493,20250412,3493,9,6,24,665.7,4292.89,20554.58
3494,20251217,3494,12,5,3,1261.93,8584.57,13133.29
3495,20250628,3495,7,6,27,216.9,9146.64,19160.69
3496,20250814,3496,8,2,10,1087.89,8028.25,20296.4
3497,20250225,3497,12,4,27,892.84,1657.64,5151.9
3498,20250305,3498,13,3,30,572.5,2771.4,9464.64
3499,20250901,3499,7,1,22,270.77,2870.8,7394.7
3500,20251208,3500,3,5,29,1035.27,5708.06,12876.84
3501,20250515,3501,20,6,18,239.0,5081.59,20529.95
3502,20250429,3502,5,5,30,678.59,8090.65,33826.4
3503,20250323,3503,8,6,1,1272.02,5856.21,21224.54
3504,20251226,3504,18,4,27,819.83,4508.83,21227.82
3505,20251216,3505,7,6,8,771.45,581.86,2819.72
3506,20251128,3506,5,2,23,1164.92,3039.27,12132.45
3507,20250809,3507,12,4,26,334.74,5907.68,12122.74
3508,20250425,3508,7,1,15,139.62,6113.06,12889.06
3509,20250821,3509,6,2,3,956.62,9219.81,23740.09
3510,20250126,3510,20,1,14,360.57,6903.83,16463.35
3511,20250115,3511,8,6,11,932.14,1758.09,7817.35
3512,20250630,3512,2,2,11,665.25,6630.92,30433.8
3513,20250121,3513,17,5,4,987.99,5431.28,22701.4
3514,20250816,3514,1,3,16,1267.73,8562.41,22031.53
3515,20250811,3515,17,2,27,786.6,4736.04,8988.32
3516,20251008,3516,3,2,7,598.38,3574.49,11893.32
3517,20251203,3517,19,4,11,453.62,2166.16,7690.05
3518,20250907,3518,8,2,12,537.79,3422.79,15236.6
3519,20251228,3519,5,1,20,792.17,9342.38,35635.29
3520,20250305,3520,7,3,8,689.87,3502.33,7351.17
3521,20250330,3521,15,5,3,697.89,5163.11,12407.18
3522,20250502,3522,17,1,15,323.34,5141.07,9183.53
3523,20250202,3523,7,6,27,1345.28,1782.04,6015.97
3524,20251218,3524,12,5,17,1472.87,6215.15,18567.53
3525,20250513,3525,9,3,1,1449.85,3734.33,14750.4
3526,20250514,3526,2,3,3,765.29,9274.38,27325.92
3527,20251118,3527,20,5,26,141.99,7910.33,31399.47
3528,20250611,3528,10,3,25,737.45,2916.83,5780.56
3529,20251118,3529,20,1,24,638.94,502.56,1477.76
3530,20250612,3530,10,3,22,1331.85,8241.13,13851.29
3531,20250416,3531,16,6,28,744.53,1296.03,6169.3
3532,20251206,3532,3,2,5,441.95,923.78,4159.95
3533,20250213,3533,3,1,9,699.3,9516.09,33919.99
3534,20250715,3534,17,3,3,244.49,1522.78,7127.59
3535,20250725,3535,10,2,25,849.09,6502.59,11305.04
3536,20250804,3536,17,1,21,985.8,5237.12,16040.34
3537,20251122,3537,8,2,27,125.42,9750.47,45271.96
3538,20251107,3538,2,2,1,907.23,4729.29,13939.75
3539,20250201,3539,17,1,16,515.28,3895.94,18688.39
3540,20250926,3540,4,5,15,142.56,1131.52,5400.03
3541,20251016,3541,3,5,5,369.02,5318.94,19318.86
3542,20250614,3542,15,1,27,1368.45,4489.99,9256.75
3543,20251029,3543,17,4,19,625.19,9030.94,18996.94
3544,20251207,3544,8,4,24,162.99,9636.55,31102.41
3545,20251130,3545,12,3,20,1283.26,5115.18,22116.84
3546,20250104,3546,20,4,13,442.36,1377.37,6660.22
3547,20251216,3547,6,1,11,521.79,5750.05,26353.24
3548,20250801,3548,13,3,15,1080.72,925.91,4088.53
3549,20250329,3549,8,6,3,1481.26,3900.67,18990.61
3550,20250825,3550,19,6,19,1442.07,6148.59,25765.06
3551,20250814,3551,1,1,21,1234.27,4616.76,13593.61
3552,20250323,3552,18,4,25,261.48,2343.29,10689.33
3553,20251009,3553,10,5,5,679.9,7604.26,21390.16
3554,20250226,3554,6,3,2,861.59,7753.65,25133.33
3555,20251123,3555,12,3,9,708.81,7718.48,14048.28
3556,20250904,3556,2,3,30,1394.73,7973.13,16265.15
3557,20250831,3557,9,6,23,1178.55,4810.96,13645.28
3558,20251006,3558,20,4,11,937.31,9541.31,28855.29
3559,20251208,3559,4,3,8,360.85,578.74,2708.24
3560,20251121,3560,3,4,12,369.65,6104.26,21419.58
3561,20251014,3561,11,1,13,1396.02,7194.24,26065.59
3562,20250330,3562,10,3,12,213.85,5246.57,8652.18
3563,20250818,3563,3,1,25,507.02,2512.44,12231.23
3564,20250723,3564,13,6,17,717.63,3220.66,13088.45
3565,20250716,3565,15,1,28,975.3,2268.85,10201.55
3566,20251222,3566,3,1,9,629.48,7942.1,37913.51
3567,20250524,3567,2,6,21,355.38,7330.97,33035.14
3568,20250821,3568,5,5,12,1294.94,771.7,1373.0
3569,20250215,3569,10,5,11,609.03,2301.05,5691.47
3570,20251104,3570,8,1,16,414.25,4746.91,21924.47
3571,20250708,3571,18,1,19,632.06,6136.82,26731.27
3572,20251128,3572,3,3,3,791.61,5279.7,23878.34
3573,20251230,3573,10,1,16,550.65,8625.08,22717.44
3574,20250307,3574,13,1,25,287.98,3436.91,6122.01
3575,20250618,3575,14,5,5,853.95,3535.04,8659.53
3576,20251117,3576,13,1,10,1062.26,8057.15,16624.22
3577,20250907,3577,14,4,11,592.1,5495.0,20586.48
3578,20251126,3578,8,3,19,1334.26,3785.18,17620.47
3579,20251004,3579,1,5,8,462.44,4568.67,19809.84
3580,20250928,3580,1,4,9,124.14,3299.54,9368.18
3581,20250611,3581,10,3,18,1315.57,7362.7,28564.59
3582,20250130,3582,17,3,24,622.29,9774.83,27920.25
3583,20250821,3583,1,1,20,1181.86,5278.94,24713.44
3584,20250114,3584,5,6,6,396.72,2836.92,12216.24
3585,20250404,3585,14,1,9,672.05,4616.1,20856.63
3586,20250208,3586,2,1,30,554.56,3935.92,7933.18
3587,20251110,3587,20,4,3,690.3,6446.43,9744.82
3588,20250325,3588,7,4,6,550.49,3348.41,8837.81
3589,20250130,3589,12,1,7,512.17,8798.48,34785.09
3590,20251227,3590,14,3,28,283.03,7148.94,35000.12
3591,20250804,3591,1,4,16,1228.88,504.14,1010.13
3592,20251025,3592,3,3,17,642.11,2785.74,8319.93
3593,20250726,3593,3,3,24,341.16,2879.5,7256.48
3594,20250922,3594,20,4,18,1390.32,6181.84,21840.06
3595,20250913,3595,11,4,8,396.03,8020.0,37495.67
3596,20250920,3596,15,1,20,874.3,7740.15,11757.3
3597,20251124,3597,9,3,24,468.34,8099.81,31256.69
3598,20250127,3598,4,4,19,597.98,5057.17,9130.53
3599,20251120,3599,6,4,9,252.78,3444.66,13304.15
3600,20250503,3600,13,4,21,262.01,1184.45,4657.17
3601,20250131,3601,5,1,7,1222.31,3550.68,14601.5
3602,20250221,3602,18,3,3,382.92,3775.76,12971.63
3603,20251020,3603,12,6,21,1123.25,5682.91,17753.82
3604,20250418,3604,2,5,28,793.14,4608.94,11697.18
3605,20250410,3605,18,2,2,1495.96,2122.88,8875.56
3606,20250227,3606,15,2,25,847.92,6859.16,32944.17
3607,20250314,3607,4,2,26,447.3,3780.95,13586.95
3608,20250308,3608,17,5,5,1218.68,6591.35,19761.72
3609,20251119,3609,5,5,28,597.93,5731.93,18260.49
3610,20250414,3610,9,1,21,1346.14,3249.05,13898.39
3611,20251126,3611,11,5,16,142.75,8394.9,24824.07
3612,20250725,3612,10,3,9,802.24,4238.92,17476.15
3613,20250526,3613,3,6,28,909.15,6124.4,24820.5
3614,20250815,3614,17,5,16,156.01,7429.5,28186.41
3615,20250203,3615,19,5,4,202.12,8027.87,33452.24
3616,20250624,3616,15,4,11,736.23,7428.01,31163.18
3617,20251014,3617,2,5,8,322.66,8849.42,15118.03
3618,20250623,3618,9,3,12,1434.69,7417.9,14743.56
3619,20251223,3619,12,2,26,435.05,9626.11,38534.16
3620,20250107,3620,5,2,25,511.88,1714.79,4193.47
3621,20250415,3621,9,1,30,971.19,3362.08,5146.65
3622,20250706,3622,11,1,21,257.69,9712.37,19618.86
3623,20250531,3623,6,3,6,860.21,8482.8,23377.78
3624,20250412,3624,2,6,3,1009.85,4846.31,15700.47
3625,20250228,3625,16,5,26,742.87,9901.21,43122.35
3626,20250226,3626,18,1,19,867.8,2363.9,10811.15
3627,20250330,3627,18,6,19,204.48,4855.41,19893.2
3628,20250128,3628,2,4,7,174.11,7595.53,12564.97
3629,20250518,3629,15,1,3,721.7,3380.23,14905.93
3630,20250117,3630,13,1,21,618.13,4995.92,17272.67
3631,20250806,3631,5,1,24,1208.23,4312.68,14234.18
3632,20250312,3632,13,6,17,1115.14,3931.88,19361.83
3633,20251222,3633,14,4,16,816.34,8271.54,20156.61
3634,20250119,3634,6,6,29,1493.35,8764.65,43821.13
3635,20251222,3635,2,6,7,312.99,1159.24,4575.56
3636,20250217,3636,12,1,20,481.86,7970.96,21716.65
3637,20250525,3637,1,2,20,863.3,2123.7,4688.15
3638,20250209,3638,1,2,5,969.31,8209.08,32746.53
3639,20250423,3639,17,3,25,346.32,7649.08,15174.81
3640,20251130,3640,15,3,1,1426.72,7187.88,35121.66
3641,20250310,3641,15,3,12,480.36,6651.27,24955.07
3642,20250304,3642,9,3,21,900.93,6424.51,17751.01
3643,20250427,3643,11,6,17,1413.33,8506.38,39107.1
3644,20251028,3644,20,3,25,716.04,6533.37,20443.62
3645,20250128,3645,2,1,2,931.76,2113.05,8096.49
3646,20250715,3646,18,4,20,1257.15,4346.65,13185.42
3647,20250424,3647,5,1,15,191.71,5765.34,22672.32
3648,20250108,3648,8,2,13,507.0,1849.82,5046.93
3649,20250125,3649,16,5,18,102.48,9512.81,45314.91
3650,20250110,3650,13,1,27,453.75,6915.74,19999.95
3651,20250228,3651,9,4,11,1155.28,5289.16,18746.59
3652,20250202,3652,16,4,7,1399.09,8175.04,27411.64
3653,20250313,3653,11,2,30,869.98,3645.52,12495.07
3654,20251216,3654,1,4,16,1463.02,7590.06,32284.17
3655,20251229,3655,2,4,24,825.54,7860.57,17462.53
3656,20250422,3656,6,2,3,990.14,9108.08,29256.16
3657,20251224,3657,15,1,2,970.97,8288.08,13022.64
3658,20251203,3658,7,1,18,314.59,8075.15,12997.77
3659,20251016,3659,4,2,20,742.53,2868.69,13044.49
3660,20250426,3660,17,2,15,397.72,7390.68,11721.11
3661,20250802,3661,11,2,29,942.63,8336.13,27733.62
3662,20250929,3662,4,2,11,373.27,9349.84,14930.65
3663,20251024,3663,13,1,10,1392.55,967.81,3366.91
3664,20250329,3664,18,2,18,1147.2,855.41,2742.83
3665,20250104,3665,10,3,15,559.02,2309.26,4496.03
3666,20251224,3666,4,1,16,679.81,7437.36,26241.88
3667,20250103,3667,2,6,3,819.69,1722.88,8374.27
3668,20250215,3668,19,2,2,707.57,8665.25,24426.46
3669,20250325,3669,19,6,8,465.01,1600.95,6370.63
3670,20250306,3670,6,6,12,960.2,6157.61,15847.97
3671,20251107,3671,2,5,9,243.75,8991.96,39468.4
3672,20250408,3672,8,4,14,1397.17,9757.4,18719.86
3673,20250802,3673,17,1,3,675.07,7669.22,20587.65
3674,20251119,3674,10,1,30,338.16,5915.2,23476.97
3675,20251022,3675,8,2,20,733.11,3757.82,15767.96
3676,20251009,3676,19,6,4,832.72,3357.83,11827.62
3677,20250419,3677,1,2,1,1369.16,9066.51,29713.26
3678,20251011,3678,18,3,5,121.51,9617.25,30394.77
3679,20250307,3679,4,6,24,1231.5,8911.83,17256.95
3680,20251119,3680,17,1,18,1349.44,1183.32,2473.26
3681,20251123,3681,15,3,3,1088.79,2083.79,8999.36
3682,20250713,3682,3,6,6,825.47,4760.35,10214.19
3683,20250712,3683,3,2,1,1331.34,9497.89,20773.48
3684,20250803,3684,7,2,6,228.76,9577.84,42463.75
3685,20251210,3685,11,2,9,1436.25,6979.34,11916.91
3686,20251221,3686,16,4,1,821.03,7273.43,21657.91
3687,20250610,3687,20,3,19,1168.74,7616.94,21773.56
3688,20250406,3688,20,3,20,1130.34,6754.52,21181.67
3689,20251021,3689,2,4,19,680.37,4005.98,13420.6
3690,20250813,3690,6,5,1,1480.2,6586.12,27301.28
3691,20251207,3691,5,4,2,171.02,3404.18,10061.62
3692,20251128,3692,5,3,18,476.8,3338.27,12418.5
3693,20250320,3693,12,6,11,805.88,8681.25,29572.78
3694,20250315,3694,17,6,13,1293.18,7919.24,34350.76
3695,20250320,3695,7,3,10,701.02,645.77,2608.74
3696,20250315,3696,1,5,23,643.11,5942.15,20916.88
3697,20250706,3697,9,2,19,1265.27,7717.65,33249.79
3698,20250801,3698,13,3,16,1115.71,5030.39,18079.5
3699,20250413,3699,18,5,11,481.12,8262.1,30168.93
3700,20250120,3700,15,6,8,1214.65,9844.42,43361.67
3701,20250501,3701,13,5,1,918.49,8359.52,25263.26
3702,20250519,3702,1,1,24,988.11,6000.55,19257.03
3703,20250103,3703,15,4,1,1263.45,6450.12,27774.81
3704,20250725,3704,9,4,8,422.08,572.42,1220.01
3705,20251115,3705,15,1,5,546.43,7200.69,24205.24
3706,20250207,3706,2,3,27,439.18,6434.62,31623.32
3707,20250819,3707,5,2,6,1024.0,2051.42,6932.85
3708,20250108,3708,8,4,18,831.2,6373.41,20479.2
3709,20251031,3709,6,2,13,1405.96,4997.98,22889.76
3710,20250421,3710,16,2,22,443.64,2565.08,6068.36
3711,20251019,3711,19,2,22,378.86,890.75,3703.38
3712,20250616,3712,1,1,25,857.91,1083.61,5182.24
3713,20251027,3713,3,2,23,1391.75,646.29,1813.39
3714,20250413,3714,8,5,29,985.04,6634.22,18194.87
3715,20250830,3715,7,6,30,423.45,9371.48,44876.94
3716,20250723,3716,7,3,22,543.38,1787.26,8030.52
3717,20250701,3717,4,1,25,1494.13,8932.57,25575.64
3718,20250302,3718,8,6,1,1175.4,8195.03,24401.75
3719,20250304,3719,20,5,13,383.92,4799.47,20540.71
3720,20250720,3720,7,6,8,834.85,3239.95,15099.81
3721,20251106,3721,16,3,14,522.47,2492.75,4995.13
3722,20250710,3722,12,4,27,522.68,4253.64,9099.49
3723,20250308,3723,7,5,25,1260.89,4571.63,13731.49
3724,20250811,3724,7,6,3,165.39,1344.36,4717.09
3725,20250204,3725,11,4,9,1127.7,6608.79,16225.86
3726,20250212,3726,20,2,21,1478.29,1772.79,4631.3
3727,20250613,3727,2,2,27,1420.03,514.24,2051.25
3728,20251113,3728,14,6,24,1002.33,5883.99,18870.74
3729,20250930,3729,2,6,1,1078.11,9057.81,23499.36
3730,20251024,3730,20,1,22,242.85,1990.44,4054.14
3731,20250611,3731,1,1,16,929.88,7126.37,27682.89
3732,20250323,3732,7,2,7,103.45,2619.15,5318.47
3733,20250503,3733,2,1,5,1269.72,2648.02,5492.24
3734,20250524,3734,4,4,4,1240.1,8033.95,38091.94
3735,20251103,3735,5,2,15,182.63,5465.63,24480.65
3736,20250502,3736,4,2,7,432.05,8837.71,15143.98
3737,20250119,3737,16,1,6,443.98,9511.95,31222.63
3738,20250801,3738,7,5,19,867.8,7908.54,39384.21
3739,20250313,3739,15,3,30,1293.97,7145.27,21717.19
3740,20250429,3740,17,3,17,948.52,7734.67,23173.5
3741,20251015,3741,8,3,22,1401.87,630.27,1489.66
3742,20251201,3742,4,4,29,694.17,7996.1,37020.16
3743,20251206,3743,6,4,4,778.8,7370.9,27184.93
3744,20250529,3744,14,4,28,820.91,8773.43,28237.13
3745,20250731,3745,4,1,6,422.44,1688.89,7878.14
3746,20250718,3746,12,6,1,697.83,5756.74,19488.24
3747,20250702,3747,1,4,24,623.82,8918.44,29141.93
3748,20251030,3748,19,5,26,843.74,2570.16,4254.06
3749,20250312,3749,7,6,14,615.81,2433.89,6669.64
3750,20250906,3750,4,6,3,534.84,6012.58,14940.06
3751,20251016,3751,17,4,25,557.49,1345.63,6026.46
3752,20251205,3752,14,2,18,780.74,7104.05,19019.29
3753,20250613,3753,11,3,14,570.8,596.58,1535.6
3754,20250805,3754,20,1,30,1115.44,5910.76,18937.07
3755,20250202,3755,14,5,25,529.91,6743.89,21460.68
3756,20250125,3756,12,2,4,993.21,9182.95,18170.82
3757,20250420,3757,13,2,21,209.79,518.48,1809.74
3758,20250115,3758,16,3,10,582.28,4375.01,10572.15
3759,20250518,3759,5,6,20,118.29,3138.75,10317.89
3760,20250407,3760,1,3,19,386.7,6528.87,14251.97
3761,20250529,3761,2,6,27,1493.64,9873.03,47137.97
3762,20250502,3762,5,3,15,622.1,2134.0,6807.1
3763,20250425,3763,8,5,23,883.12,9836.04,32261.33
3764,20250904,3764,1,5,23,433.42,7901.03,37137.16
3765,20250623,3765,18,4,29,1371.66,4611.47,12687.73
3766,20250806,3766,6,6,19,1444.27,8594.92,32148.58
3767,20250405,3767,20,2,7,478.33,3118.87,13708.4
3768,20250225,3768,15,3,14,1261.42,5476.7,26568.43
3769,20250708,3769,14,5,29,1314.88,2832.38,4767.82
3770,20250506,3770,16,3,28,1267.23,3129.48,13556.84
3771,20251109,3771,15,2,9,892.38,7047.72,16952.42
3772,20250914,3772,18,3,16,212.12,8562.73,42390.68
3773,20251101,3773,16,5,19,1204.89,6705.84,28872.54
3774,20250117,3774,20,3,13,1222.83,1359.19,6109.65
3775,20251224,3775,6,2,16,1014.76,885.49,2778.26
3776,20250717,3776,3,3,12,1091.71,8224.92,31555.55
3777,20251001,3777,6,1,26,766.14,8518.13,24156.35
3778,20251017,3778,20,6,24,516.33,6245.19,24019.24
3779,20250824,3779,17,5,5,500.41,9409.42,17488.46
3780,20251206,3780,11,5,14,1408.96,8647.61,31960.0
3781,20250424,3781,12,2,26,122.63,3877.04,15516.62
3782,20250327,3782,20,6,1,1444.86,6976.37,30334.35
3783,20251222,3783,18,1,17,605.8,5205.73,14896.3
3784,20250911,3784,10,5,1,1290.89,3488.94,5600.51
3785,20250422,3785,8,5,23,860.19,4404.78,20383.63
3786,20250110,3786,14,1,28,127.19,840.93,1514.93
3787,20250926,3787,15,4,20,990.8,6884.06,22721.4
3788,20250506,3788,9,2,13,429.61,2151.02,10249.4
3789,20251130,3789,12,5,19,185.55,765.46,3108.15
3790,20250520,3790,18,4,12,992.29,3920.02,16574.71
3791,20251205,3791,17,4,28,1089.1,7390.82,13889.78
3792,20251229,3792,20,5,23,444.97,5768.24,21684.36
3793,20250205,3793,18,6,28,823.07,4590.36,17654.51
3794,20250528,3794,9,2,18,988.14,5573.09,13517.42
3795,20250820,3795,1,2,17,1214.35,2587.55,8904.83
3796,20251227,3796,13,6,9,645.75,4244.27,16953.57
3797,20250330,3797,19,6,18,1337.01,1952.06,4090.15
3798,20250512,3798,15,6,2,1031.12,2828.59,13657.55
3799,20251206,3799,8,4,11,1014.01,4755.22,23432.66
3800,20251203,3800,8,3,25,479.36,8217.67,29389.54
3801,20251201,3801,18,5,12,275.64,6324.63,28113.73
3802,20250806,3802,4,4,11,848.72,3723.59,16547.38
3803,20250902,3803,12,5,3,1402.95,9413.39,40597.91
3804,20250905,3804,19,4,10,635.93,1277.3,5725.09
3805,20250529,3805,5,6,14,1092.6,1613.3,3118.91
3806,20250207,3806,15,1,3,213.4,7626.11,27289.64
3807,20250516,3807,11,4,29,713.19,3179.35,5064.2
3808,20250325,3808,8,2,18,855.32,4006.76,17857.11
3809,20251121,3809,4,1,15,1478.83,2893.74,12414.4
3810,20250429,3810,9,1,30,494.11,6272.28,29848.12
3811,20250515,3811,13,6,8,219.57,6534.24,21562.75
3812,20250608,3812,3,6,24,777.13,3951.01,12475.31
3813,20250218,3813,8,2,11,727.77,9256.45,46089.51
3814,20251129,3814,3,3,29,187.35,2716.28,11629.32
3815,20250710,3815,12,4,17,360.81,3678.46,6874.14
3816,20251011,3816,15,3,29,220.57,9232.26,36833.68
3817,20251006,3817,17,5,1,482.01,7681.47,28125.01
3818,20250709,3818,18,5,9,880.42,6408.55,18604.01
3819,20250728,3819,6,5,3,136.33,9534.43,17587.58
3820,20251108,3820,2,3,30,538.64,5408.76,16588.83
3821,20250209,3821,12,1,20,775.88,9826.13,24457.4
3822,20250814,3822,20,1,6,1166.41,5560.97,17987.29
3823,20250104,3823,7,3,11,102.89,6920.1,24003.31
3824,20250927,3824,10,6,25,1091.6,9937.43,26915.46
3825,20250407,3825,6,5,5,1023.45,8075.34,14094.92
3826,20251105,3826,18,6,5,354.1,6818.41,18031.66
3827,20250926,3827,4,2,25,1142.45,7422.02,13524.09
3828,20251024,3828,14,3,11,636.36,7720.46,29388.61
3829,20250111,3829,6,2,9,1202.7,5604.07,22193.43
3830,20250610,3830,11,4,2,1190.33,6259.57,28136.58
3831,20250930,3831,19,6,14,1440.94,2618.29,11482.65
3832,20251122,3832,11,3,21,307.36,5989.65,14508.45
3833,20250305,3833,19,3,25,788.69,2778.08,12442.19
3834,20251016,3834,7,6,6,1427.97,9378.09,29099.4
3835,20250111,3835,11,3,25,741.75,9571.72,15775.68
3836,20250927,3836,3,1,17,1337.72,5229.87,18463.26
3837,20251023,3837,16,2,20,356.2,4525.68,15707.45
3838,20250701,3838,16,6,12,494.39,7335.24,11846.38
3839,20251220,3839,16,5,2,912.92,2323.49,8904.85
3840,20251122,3840,20,6,7,451.27,9298.45,44132.91
3841,20250804,3841,3,4,12,1495.87,4513.42,12953.21
3842,20251224,3842,8,5,6,474.61,8288.91,14424.15
3843,20251014,3843,10,3,10,503.93,6381.59,15942.39
3844,20250405,3844,4,2,19,1183.93,7998.71,32836.5
3845,20250131,3845,5,4,12,303.98,1779.92,6102.2
3846,20250126,3846,7,5,13,243.16,724.62,2104.88
3847,20250405,3847,16,6,7,678.49,2283.13,7845.04
3848,20250216,3848,2,5,11,1037.97,3865.29,10930.14
3849,20250717,3849,20,4,7,283.61,5073.28,12438.19
3850,20251125,3850,7,3,17,166.7,589.23,1983.19
3851,20250310,3851,9,3,26,1427.09,2025.76,3621.96
3852,20250404,3852,13,1,26,892.02,7630.72,22609.06
3853,20250213,3853,20,6,25,749.47,7658.64,30969.37
3854,20250603,3854,17,6,4,623.26,7557.97,37621.08
3855,20250923,3855,18,4,1,1494.17,6381.93,10991.62
3856,20251008,3856,17,5,20,1474.94,5376.62,22990.69
3857,20251127,3857,17,4,30,432.73,3423.67,8579.56
3858,20251219,3858,5,3,13,1281.0,1009.22,2186.1
3859,20250310,3859,11,4,9,430.78,4424.15,9771.36
3860,20251107,3860,10,2,30,1372.0,8366.66,27516.33
3861,20251130,3861,5,2,11,1051.62,7482.81,25272.02
3862,20250831,3862,2,5,22,1085.09,9441.52,42961.12
3863,20250425,3863,3,6,8,795.51,8849.43,38956.0
3864,20250427,3864,8,6,1,1113.76,4931.7,14352.23
3865,20251201,3865,18,6,1,1037.32,9279.42,36115.33
3866,20250327,3866,16,2,10,835.9,1351.69,5026.97
3867,20250414,3867,5,1,18,279.73,8946.61,42626.07
3868,20250226,3868,18,2,19,679.69,3903.37,6207.25
3869,20250611,3869,11,6,1,167.74,7498.29,27890.91
3870,20250602,3870,18,6,8,156.36,1571.46,3581.44
3871,20250821,3871,5,4,7,215.2,4640.2,16499.19
3872,20251019,3872,14,1,20,487.79,1434.5,5613.97
3873,20250429,3873,6,3,23,168.36,3097.78,12104.35
3874,20250419,3874,11,6,14,1240.14,2347.98,8315.1
3875,20250916,3875,4,6,1,301.35,6420.58,12971.53
3876,20250420,3876,5,3,21,1000.25,3373.22,6183.71
3877,20250608,3877,7,3,6,733.69,7892.53,38390.16
3878,20251204,3878,11,5,14,135.18,966.23,4011.63
3879,20250702,3879,3,1,1,128.57,3412.99,13092.21
3880,20250728,3880,9,3,8,520.59,2542.0,6939.46
3881,20251129,3881,11,3,8,752.89,8607.58,31010.96
3882,20250816,3882,10,4,29,462.43,1682.4,5301.13
3883,20250407,3883,4,3,10,958.69,3881.97,15106.1
3884,20250812,3884,13,2,7,246.76,1240.28,1875.84
3885,20251128,3885,17,5,2,1321.41,7805.64,34040.72
3886,20250216,3886,1,6,18,783.97,5336.73,8367.1
3887,20251020,3887,18,6,9,280.57,8780.57,38860.67
3888,20251117,3888,20,6,12,1486.07,4903.47,15447.53
3889,20250914,3889,9,2,10,995.2,9383.87,46838.08
3890,20250127,3890,13,5,10,1397.86,5278.5,20280.99
3891,20250502,3891,12,6,30,176.04,4218.68,17550.53
3892,20250626,3892,11,6,17,601.19,2575.42,9830.61
3893,20251114,3893,1,5,19,1378.62,7599.66,20580.82
3894,20250907,3894,9,5,5,1499.43,9561.33,24757.12
3895,20250521,3895,8,2,17,917.99,7511.94,15600.84
3896,20251007,3896,19,3,18,1171.96,8590.24,37644.03
3897,20250428,3897,19,4,29,973.45,4244.77,10760.63
3898,20250416,3898,6,6,10,519.89,4943.27,23950.67
3899,20250410,3899,16,2,13,779.32,5248.39,21952.47
3900,20250401,3900,17,2,5,1178.08,3679.0,8550.64
3901,20250524,3901,16,4,14,1296.89,1699.15,2702.95
3902,20250718,3902,11,3,2,871.31,6887.51,18137.5
3903,20250915,3903,20,4,15,1174.41,4226.53,13337.81
3904,20250520,3904,4,5,3,212.81,1637.71,4772.47
3905,20250402,3905,14,1,6,947.66,3031.85,5387.45
3906,20250817,3906,5,6,15,1480.95,4415.68,16444.83
3907,20250418,3907,7,3,15,114.48,7797.26,31773.43
3908,20251115,3908,2,4,13,1310.83,9946.59,28198.39
3909,20250606,3909,4,3,20,163.39,4863.21,17879.48
3910,20250414,3910,8,3,13,681.43,4789.21,18425.41
3911,20250103,3911,16,4,30,585.4,3074.63,10717.07
3912,20250926,3912,11,2,5,387.06,6220.19,25584.48
3913,20250119,3913,10,6,25,1159.85,5402.19,26373.48
3914,20250807,3914,4,2,3,1203.61,6390.28,27961.01
3915,20250331,3915,12,2,13,377.18,5209.41,15280.12
3916,20250809,3916,2,3,14,481.65,5891.09,13429.52
3917,20250813,3917,18,6,6,229.47,2712.67,13443.25
3918,20251004,3918,7,4,17,644.72,5322.48,20518.55
3919,20251031,3919,13,2,1,1055.58,4476.55,19281.33
3920,20250907,3920,16,3,16,1389.27,9216.22,37899.95
3921,20251022,3921,2,4,22,132.91,4161.43,17163.34
3922,20251109,3922,1,5,15,182.43,1665.24,5251.56
3923,20251215,3923,3,1,24,145.9,3438.16,7596.55
3924,20250818,3924,7,6,27,1100.91,2669.35,11149.65
3925,20250209,3925,5,1,29,779.39,6430.48,10384.33
3926,20250302,3926,6,3,23,1432.75,6341.12,21899.36
3927,20250412,3927,9,4,21,514.89,5074.28,12972.7
3928,20250622,3928,16,3,25,176.03,1908.44,2918.9
3929,20250908,3929,7,1,1,1469.45,3813.16,12736.95
3930,20250914,3930,11,1,15,1324.03,9637.19,46366.32
3931,20250713,3931,8,2,25,1093.24,4758.0,15562.64
3932,20250129,3932,19,1,20,274.89,9404.27,32515.62
3933,20250506,3933,19,4,21,561.77,3931.41,6324.15
3934,20250725,3934,17,6,25,1430.39,5684.36,11157.94
3935,20250101,3935,7,2,14,217.19,3604.78,6539.28
3936,20250110,3936,4,4,3,381.35,3315.38,11412.21
3937,20250119,3937,19,1,26,1327.81,6932.98,16162.45
3938,20250829,3938,15,3,5,715.42,843.44,2116.05
3939,20250703,3939,8,1,16,923.94,6482.15,31884.68
3940,20250412,3940,3,4,14,889.39,8145.03,32843.5
3941,20250516,3941,13,4,30,850.26,3943.87,12482.2
3942,20250804,3942,7,3,13,184.05,1597.92,6713.62
3943,20250811,3943,12,6,19,860.53,1102.38,2852.38
3944,20251018,3944,4,3,2,1202.92,4693.05,21934.94
3945,20250411,3945,6,1,1,1227.17,6515.62,27537.44
3946,20250317,3946,4,5,20,766.54,566.87,2455.3
3947,20251201,3947,13,2,20,1399.61,6689.73,31410.25
3948,20250521,3948,9,1,27,610.14,957.49,2009.11
3949,20250103,3949,2,6,24,1449.66,7044.41,25316.04
3950,20250918,3950,12,5,8,485.69,6554.76,11359.42
3951,20251010,3951,13,6,1,1153.41,8419.25,28622.63
3952,20250504,3952,20,3,7,696.9,6410.01,16375.1
3953,20250608,3953,3,2,21,294.49,7821.71,25510.73
3954,20250330,3954,1,1,17,756.08,7083.09,15822.12
3955,20250201,3955,15,3,16,771.53,4023.07,10600.71
3956,20250606,3956,20,2,9,340.29,4792.74,15347.42
3957,20250704,3957,12,5,23,768.5,3683.9,13108.56
3958,20251005,3958,20,1,22,574.94,6041.12,14028.93
3959,20250707,3959,18,3,13,753.68,2783.25,12162.47
3960,20251104,3960,17,4,2,621.71,5746.09,22981.86
3961,20250704,3961,10,6,2,1152.77,9305.96,21716.19
3962,20250930,3962,14,1,29,1410.37,2450.75,6860.48
3963,20250912,3963,16,1,15,780.87,4405.83,10969.26
3964,20250504,3964,20,3,6,124.03,7055.63,17103.82
3965,20250429,3965,20,1,28,242.52,2382.9,3749.02
3966,20250907,3966,8,6,19,951.6,3066.42,7313.57
3967,20250526,3967,15,2,11,850.18,3286.57,11182.6
3968,20250401,3968,1,3,3,695.13,7674.46,32016.14
3969,20250609,3969,18,2,20,1217.47,2752.93,9896.36
3970,20251121,3970,7,1,13,839.07,9848.85,21856.15
3971,20250123,3971,7,3,21,983.6,4779.52,9110.79
3972,20251015,3972,16,4,28,1116.57,3964.42,12569.29
3973,20250320,3973,18,1,28,1139.94,1693.46,6132.58
3974,20250819,3974,8,6,13,253.95,819.91,1429.09
3975,20250212,3975,14,1,9,1059.07,2757.99,8416.3
3976,20251006,3976,11,4,24,1084.09,1530.12,4554.89
3977,20251130,3977,10,5,26,1026.86,5788.41,24232.43
3978,20250106,3978,2,4,6,582.19,2997.64,6811.6
3979,20250204,3979,7,2,15,911.06,3549.91,13889.84
3980,20250219,3980,7,3,7,1190.84,2868.64,13066.53
3981,20250605,3981,3,4,6,429.45,554.67,1247.24
3982,20251015,3982,16,1,20,1180.03,9097.47,34666.84
3983,20251018,3983,10,2,27,362.7,519.1,2175.74
3984,20251213,3984,13,4,8,1499.78,7150.25,19135.84
3985,20250925,3985,14,4,4,931.38,7791.34,17235.14
3986,20251105,3986,16,6,5,935.36,9755.12,28670.68
3987,20250602,3987,13,4,24,1144.59,7855.51,19141.82
3988,20251102,3988,5,1,6,959.27,1169.28,2397.38
3989,20250123,3989,15,4,27,1026.96,3594.12,6681.65
3990,20250525,3990,10,3,27,367.75,6498.94,17904.52
3991,20250506,3991,7,1,7,1417.91,3010.62,9433.02
3992,20251007,3992,5,1,13,277.2,6959.32,13194.96
3993,20250513,3993,7,6,30,292.55,6506.52,16368.17
3994,20250913,3994,6,3,12,902.48,610.0,1573.62
3995,20251205,3995,2,2,20,506.35,6858.89,31589.33
3996,20250804,3996,9,2,15,336.47,5218.82,14244.13
3997,20250705,3997,20,3,25,483.38,892.32,4379.36
3998,20251015,3998,14,4,29,1140.87,7488.72,22530.54
3999,20250723,3999,5,5,14,800.45,1774.55,2897.89
4000,20250101,4000,11,3,11,713.55,6040.28,13547.47
4001,20250924,4001,8,6,4,863.87,6399.52,11183.9
4002,20250518,4002,18,5,1,243.75,7341.15,24665.92
4003,20250127,4003,12,5,11,1349.45,4873.14,15415.53
4004,20251008,4004,13,1,5,1247.9,9707.96,28495.95
4005,20250525,4005,14,4,4,1083.85,6907.74,28904.85
4006,20250117,4006,2,4,11,933.32,2406.63,10746.88
4007,20250502,4007,8,3,26,319.41,3868.3,17399.43
4008,20250523,4008,8,4,23,1268.52,6946.8,27538.39
4009,20250821,4009,2,5,14,1140.82,9917.6,47694.41
4010,20251125,4010,11,1,27,756.63,8326.86,40061.5
4011,20251115,4011,14,1,26,840.35,698.19,2471.34
4012,20250313,4012,19,3,29,1027.18,8561.77,42220.05
4013,20250513,4013,3,4,9,837.88,5404.7,21887.3
4014,20250829,4014,10,4,10,1320.08,3671.53,13225.87
4015,20250428,4015,3,4,24,985.31,5810.17,21928.17
4016,20250707,4016,16,3,20,635.26,8551.39,30806.99
4017,20250330,4017,8,6,6,782.65,8305.62,32809.76
4018,20250716,4018,19,2,28,1046.87,7921.12,19840.96
4019,20251025,4019,15,2,10,488.01,7001.09,28623.79
4020,20251229,4020,12,1,5,222.28,7637.74,13865.86
4021,20250914,4021,18,4,23,681.64,6795.83,17889.65
4022,20251031,4022,14,1,23,461.54,1539.68,6005.23
4023,20250507,4023,14,1,10,358.05,6658.93,12489.16
4024,20250211,4024,20,2,29,1368.91,2301.07,4230.92
4025,20250707,4025,17,6,7,249.69,8601.64,19332.47
4026,20250427,4026,4,1,24,602.67,3755.32,14531.76
4027,20250418,4027,16,6,3,231.47,8932.8,24937.25
4028,20250905,4028,6,6,2,800.91,6007.92,26316.25
4029,20250718,4029,7,3,8,498.45,2277.11,5846.96
4030,20250306,4030,9,3,18,371.65,4829.66,11635.74
4031,20251129,4031,15,3,10,284.68,5837.1,28297.78
4032,20250224,4032,4,2,17,923.5,1820.6,6240.22
4033,20250411,4033,8,1,2,926.41,5763.15,9585.96
4034,20250624,4034,1,4,21,1001.66,1156.0,5337.73
4035,20250902,4035,6,5,11,1319.77,1584.99,5891.27
4036,20250625,4036,19,3,4,160.65,2829.33,6546.07
4037,20250911,4037,17,6,19,791.16,6787.44,17746.86
4038,20250107,4038,8,2,24,1202.79,1900.91,2894.66
4039,20250925,4039,17,2,25,446.38,5824.02,11843.11
4040,20250105,4040,5,6,17,291.82,4049.58,11824.67
4041,20250115,4041,17,3,19,374.82,2988.18,5322.22
4042,20250209,4042,17,4,24,305.02,7217.48,17403.6
4043,20250508,4043,7,4,15,534.89,3015.66,14461.48
4044,20250920,4044,2,2,28,618.61,7856.56,23119.67
4045,20250118,4045,11,6,3,1139.74,932.78,2648.89
4046,20250402,4046,13,1,27,834.81,4214.05,16690.38
4047,20250824,4047,1,2,3,1481.78,1559.82,2669.32
4048,20250722,4048,19,6,22,168.67,8463.49,14022.32
4049,20251218,4049,4,5,2,868.71,3133.46,6494.2
4050,20251129,4050,16,3,25,728.67,3264.25,14967.52
4051,20250115,4051,1,1,25,294.27,8537.6,15600.3
4052,20251010,4052,17,4,7,555.1,9985.99,40705.72
4053,20251029,4053,16,1,26,1329.88,8858.05,38424.21
4054,20250415,4054,13,4,14,897.29,2654.8,6198.45
4055,20250119,4055,3,6,2,733.92,2830.47,4952.67
4056,20250803,4056,6,4,14,1200.56,4640.81,19836.49
4057,20250110,4057,6,4,8,1120.26,633.8,2220.08
4058,20250501,4058,7,1,5,189.64,8091.48,35874.89
4059,20251130,4059,4,4,10,1186.04,4308.19,19419.84
4060,20250905,4060,11,4,10,344.91,4357.61,10465.17
4061,20250523,4061,13,4,19,811.11,8585.96,34207.79
4062,20251123,4062,16,4,4,803.14,1195.47,3452.95
4063,20251010,4063,15,5,16,1068.55,1024.76,2058.49
4064,20250325,4064,13,4,13,1083.78,2534.34,6085.95
4065,20250622,4065,5,3,6,281.89,3621.22,10428.1
4066,20251118,4066,7,1,19,462.65,6609.87,17197.4
4067,20250101,4067,1,4,19,557.42,2068.95,7966.32
4068,20250804,4068,19,4,16,363.85,4923.67,8518.85
4069,20251214,4069,16,4,27,1295.95,7067.58,34942.41
4070,20251102,4070,15,3,23,986.76,4855.55,11486.85
4071,20251207,4071,1,3,30,102.06,7780.8,15878.77
4072,20251015,4072,11,1,7,332.87,9058.86,22647.13
4073,20251226,4073,12,2,11,1077.14,795.36,1235.61
4074,20250505,4074,5,4,27,551.53,637.79,2341.2
4075,20250516,4075,1,5,24,153.14,5903.48,11288.18
4076,20250329,4076,14,2,7,515.61,2389.67,3800.24
4077,20250711,4077,6,6,19,970.46,5110.97,24075.16
4078,20250101,4078,13,3,30,785.17,758.11,3026.11
4079,20250213,4079,16,2,18,937.71,6952.03,34667.34
4080,20251118,4080,5,3,23,128.19,3499.96,12561.63
4081,20250704,4081,8,5,29,1218.75,2988.09,9036.5
4082,20250307,4082,19,5,12,217.29,1542.36,2528.23
4083,20251220,4083,14,3,21,450.7,1323.03,5759.18
4084,20250522,4084,10,3,28,694.85,5969.29,22077.37
4085,20250908,4085,1,3,12,816.84,8613.75,28842.84
4086,20250128,4086,2,1,20,790.9,5566.98,24746.01
4087,20250831,4087,2,6,26,1138.61,8983.08,20474.19
4088,20251121,4088,16,2,16,582.01,7266.15,18600.38
4089,20250213,4089,8,2,6,388.46,5152.56,18476.77
4090,20251001,4090,18,2,28,603.38,5362.33,8054.16
4091,20250619,4091,18,2,7,1286.04,4364.22,7285.33
4092,20250912,4092,2,6,12,975.29,1211.08,3335.3
4093,20250416,4093,3,5,17,869.18,8950.43,17196.57
4094,20250605,4094,14,5,6,135.62,8402.41,39617.7
4095,20251213,4095,7,5,23,817.79,3880.34,13913.7
4096,20250913,4096,17,2,3,207.57,7762.55,32502.9
4097,20250307,4097,14,6,15,338.97,1844.87,4938.02
4098,20251027,4098,16,6,30,699.56,1270.79,2654.95
4099,20250618,4099,13,5,1,446.58,4161.29,8675.78
4100,20250119,4100,19,2,25,1488.64,7001.66,31422.99
4101,20251003,4101,17,2,18,198.51,5646.08,14174.18
4102,20250602,4102,12,1,4,382.33,6691.49,24377.9
4103,20250415,4103,5,2,11,1436.51,7422.08,20424.89
4104,20250804,4104,13,2,7,1041.03,9898.33,39634.04
4105,20250218,4105,13,4,22,618.1,2097.25,6737.7
4106,20250716,4106,18,4,11,186.01,4614.86,21979.75
4107,20250410,4107,8,3,4,641.6,3371.21,13691.66
4108,20250402,4108,12,6,21,392.89,8735.59,29405.45
4109,20250804,4109,6,1,2,706.12,5208.21,19384.85
4110,20250331,4110,6,3,6,118.76,8934.49,20717.86
4111,20250817,4111,20,6,7,1378.86,4963.89,20058.89
4112,20250815,4112,6,4,3,831.65,7854.98,13213.5
4113,20251216,4113,19,3,3,533.72,1647.82,4689.39
4114,20250531,4114,16,1,13,1379.3,1970.84,6497.39
4115,20250507,4115,12,3,26,1419.97,826.01,1824.75
4116,20250120,4116,11,6,12,473.72,5466.37,17384.33
4117,20250710,4117,20,3,14,1021.8,4421.19,16721.26
4118,20250727,4118,12,3,24,616.24,9959.73,28856.83
4119,20250805,4119,9,2,30,414.29,6638.71,15269.99
4120,20251205,4120,18,1,19,1452.26,1315.05,4377.59
4121,20250414,4121,8,2,25,205.99,2650.11,9339.43
4122,20251209,4122,2,2,8,1193.94,7161.6,25676.02
4123,20251018,4123,9,6,18,542.19,3735.72,7993.03
4124,20251107,4124,13,2,18,904.17,8957.55,25352.05
4125,20251211,4125,7,3,8,1056.64,9438.15,21107.88
4126,20250731,4126,15,3,7,581.6,9518.14,44013.65
4127,20250426,4127,17,3,10,1494.65,1936.3,8532.73
4128,20250312,4128,20,4,24,319.06,6691.47,16302.84
4129,20250127,4129,8,3,23,1080.49,5052.29,8798.6
4130,20250607,4130,12,3,2,696.3,9645.27,31943.02
4131,20250621,4131,19,2,8,858.38,9885.26,23797.67
4132,20251023,4132,14,3,12,667.23,2035.82,7683.9
4133,20250606,4133,14,1,10,435.8,4533.72,10962.69
4134,20250123,4134,7,1,5,938.48,3348.78,13509.41
4135,20250829,4135,17,2,26,1051.05,5214.38,18119.91
4136,20251023,4136,2,6,16,1360.03,6771.51,29618.96
4137,20250423,4137,7,1,17,1439.06,7267.1,14637.89
4138,20250601,4138,10,2,13,713.61,5089.25,10476.81
4139,20251117,4139,15,3,28,1370.04,6183.97,13693.15
4140,20250724,4140,4,4,18,850.22,9286.41,24600.12
4141,20250321,4141,13,5,15,1121.54,3477.55,7410.79
4142,20250515,4142,18,2,22,1198.82,8419.48,20181.25
4143,20250413,4143,1,6,10,452.84,4144.23,10518.94
4144,20250221,4144,2,5,15,327.44,2064.09,4332.94
4145,20250830,4145,3,2,11,101.66,3011.63,7576.94
4146,20251126,4146,6,1,26,819.9,8262.23,35601.34
4147,20251203,4147,1,6,18,761.51,2309.34,8502.03
4148,20250102,4148,8,2,17,160.82,1050.03,2837.72
4149,20250103,4149,11,5,10,927.68,1149.18,3652.75
4150,20250113,4150,13,1,17,790.28,2224.05,5967.27
4151,20251124,4151,11,1,8,408.91,4681.03,17403.41
4152,20250216,4152,10,6,7,465.47,7648.02,26738.29
4153,20251013,4153,11,1,5,586.83,2956.82,7609.83
4154,20250410,4154,19,1,26,190.66,6639.84,27939.29
4155,20250216,4155,17,1,19,1212.98,9115.18,22628.88
4156,20250115,4156,1,2,12,188.79,1671.39,7045.86
4157,20250216,4157,20,3,10,1373.89,7742.92,37016.69
4158,20250901,4158,8,3,9,1066.41,6269.52,11336.43
4159,20250903,4159,17,2,21,880.78,9911.54,27324.49
4160,20250607,4160,2,5,28,1217.43,7889.75,21383.5
4161,20250911,4161,5,3,19,200.23,6561.78,26485.98
4162,20251101,4162,5,1,15,1399.91,8361.53,38543.97
4163,20250704,4163,3,5,7,115.59,3807.48,13145.06
4164,20250116,4164,13,4,6,1214.66,6971.84,27280.87
4165,20250126,4165,9,4,26,489.3,8479.34,20845.72
4166,20250909,4166,13,5,24,1341.73,1488.69,3425.98
4167,20251201,4167,16,1,14,773.24,6129.9,19428.47
4168,20250108,4168,17,2,12,464.28,9803.42,16949.17
4169,20251231,4169,1,2,28,993.77,1687.3,5885.44
4170,20251020,4170,7,4,4,1373.87,9592.12,43193.11
4171,20250923,4171,2,2,18,829.3,3186.3,5298.86
4172,20250723,4172,8,3,4,367.93,5605.08,22966.76
4173,20250126,4173,5,3,17,997.15,4860.32,18966.27
4174,20251103,4174,9,2,12,1270.01,9033.14,40626.11
4175,20250716,4175,13,5,30,928.56,4151.87,16601.73
4176,20250716,4176,3,6,16,458.77,2412.53,5620.87
4177,20250121,4177,9,6,24,995.09,2883.98,11229.16
4178,20250325,4178,5,6,29,1267.9,2091.32,8205.26
4179,20250203,4179,20,3,27,423.53,3544.57,8983.69
4180,20250502,4180,8,3,12,678.04,9542.54,14555.29
4181,20250326,4181,9,1,7,654.48,6658.71,16508.29
4182,20250524,4182,5,5,1,286.92,1053.95,5208.89
4183,20251008,4183,2,4,6,678.78,9629.52,16784.33
4184,20251111,4184,7,3,7,123.68,8912.33,15623.44
4185,20251203,4185,16,1,18,973.45,8493.99,18561.49
4186,20251025,4186,15,3,21,132.85,9922.62,16872.12
4187,20251210,4187,4,1,9,896.13,9267.55,14647.27
4188,20250113,4188,16,3,9,1188.5,2115.86,8823.96
4189,20250615,4189,8,5,17,1038.19,2200.79,6114.18
4190,20250302,4190,20,1,24,1340.44,4890.32,8946.3
4191,20251218,4191,5,4,10,148.76,6518.45,31737.32
4192,20251126,4192,17,2,3,613.9,6528.19,9979.44
4193,20250131,4193,5,2,3,624.03,1830.07,4144.94
4194,20250708,4194,12,2,14,737.52,830.94,3209.41
4195,20250119,4195,19,3,30,521.5,5475.04,26381.53
4196,20251114,4196,1,1,10,820.67,2142.13,6244.46
4197,20250506,4197,15,2,19,115.8,4864.63,13310.14
4198,20250906,4198,4,2,16,307.94,9263.88,43580.66
4199,20250810,4199,9,1,14,1290.75,8341.06,32733.91
4200,20250831,4200,2,6,8,211.46,3049.33,8719.67
4201,20250817,4201,10,3,2,492.09,6171.42,30584.47
4202,20251008,4202,8,6,4,127.79,1362.54,3973.57
4203,20250731,4203,12,2,24,734.04,6850.09,11217.15
4204,20250217,4204,19,5,25,370.14,7354.78,30949.01
4205,20250707,4205,10,2,23,328.71,7108.97,28866.56
4206,20250817,4206,11,2,29,226.06,9795.66,42275.22
4207,20251112,4207,9,2,10,261.94,1144.33,3920.82
4208,20250120,4208,13,1,17,1405.7,2290.68,10686.7
4209,20250912,4209,7,3,28,912.91,3899.15,10549.89
4210,20251106,4210,3,1,26,1165.2,5117.33,17122.3
4211,20251222,4211,19,4,28,1344.28,8607.88,34767.07
4212,20250520,4212,9,3,28,420.35,3897.85,12289.14
4213,20251126,4213,15,2,21,904.85,5841.74,9642.55
4214,20251008,4214,2,5,2,1197.04,6513.8,25914.01
4215,20250918,4215,1,1,26,430.92,4176.49,16927.66
4216,20250420,4216,14,6,11,1108.64,3918.12,18989.17
4217,20251117,4217,16,3,8,1261.23,2288.77,6445.2
4218,20250614,4218,8,6,30,670.72,3092.33,13600.84
4219,20250419,4219,5,4,19,195.02,6007.0,24453.32
4220,20250701,4220,20,2,13,994.13,5917.14,17438.91
4221,20250816,4221,5,3,7,1085.74,6956.35,17219.69
4222,20250701,4222,8,4,14,740.07,5272.73,18465.85
4223,20250113,4223,5,1,5,1074.75,9269.24,23062.33
4224,20250605,4224,8,4,10,808.45,4744.69,8315.26
4225,20250712,4225,19,2,21,849.06,3176.36,7443.1
4226,20250308,4226,15,4,11,121.85,1254.37,5827.62
4227,20250728,4227,19,4,21,1488.81,3954.65,12566.08
4228,20250116,4228,18,2,10,426.69,1475.41,6240.4
4229,20251205,4229,8,4,8,173.57,726.54,3452.73
4230,20251204,4230,16,4,12,1414.14,2370.1,8890.62
4231,20250626,4231,4,5,1,730.75,9135.47,39780.44
4232,20250816,4232,8,4,9,342.24,7812.17,14306.0
4233,20250413,4233,17,6,28,457.4,3020.46,8468.99
4234,20251101,4234,5,4,16,511.8,4596.94,16375.59
4235,20250817,4235,4,1,29,241.85,6405.2,17305.61
4236,20251027,4236,20,4,24,431.04,1751.72,5585.23
4237,20250806,4237,10,2,23,1215.94,6744.13,31854.18
4238,20250507,4238,17,6,3,1134.43,7535.42,35842.7
4239,20250729,4239,17,3,13,438.63,2516.71,10857.66
4240,20250809,4240,20,3,3,1137.4,4715.46,15514.12
4241,20250208,4241,5,4,27,1049.56,6985.86,25179.46
4242,20251215,4242,16,1,30,361.43,654.32,2405.77
4243,20250725,4243,7,6,4,1366.67,7597.68,14918.17
4244,20250620,4244,10,4,10,981.74,6403.98,25428.4
4245,20250127,4245,1,4,18,243.17,6667.82,28244.37
4246,20250203,4246,9,5,5,1222.85,7324.54,24910.98
4247,20250918,4247,18,5,11,488.22,6445.57,13581.87
4248,20250906,4248,7,5,21,214.03,9470.1,36164.14
4249,20250313,4249,15,5,16,1480.82,3315.73,15018.85
4250,20250406,4250,1,5,24,484.79,8258.52,31361.32
4251,20250717,4251,7,5,10,1423.24,2782.57,5372.93
4252,20250910,4252,9,4,15,627.25,1134.17,4554.85
4253,20250522,4253,16,1,16,1175.12,1467.81,2876.18
4254,20250307,4254,16,6,27,1306.92,2954.38,14596.62
4255,20250324,4255,2,2,7,345.36,9316.38,25771.56
4256,20250430,4256,5,6,1,838.61,4626.77,15787.09
4257,20250831,4257,9,1,2,709.02,6385.91,31219.18
4258,20250413,4258,17,3,6,1100.47,5989.02,24847.75
4259,20250915,4259,18,4,9,1052.07,4725.75,17365.47
4260,20250401,4260,9,4,9,394.17,8571.33,25232.54
4261,20250209,4261,10,4,12,1220.78,5526.21,18625.83
4262,20250215,4262,5,5,26,355.15,967.51,4767.69
4263,20250925,4263,12,1,26,945.26,947.87,3944.72
4264,20250227,4264,9,5,9,1263.89,4811.93,22225.77
4265,20251030,4265,11,2,15,406.48,7215.78,29354.31
4266,20250516,4266,9,6,21,396.69,3423.77,15402.95
4267,20251215,4267,19,5,26,572.71,3524.76,10809.27
4268,20250217,4268,2,4,11,1159.13,2284.12,3860.36
4269,20250128,4269,19,6,21,1199.99,8980.59,39343.7
4270,20251028,4270,8,1,9,879.59,1619.84,3298.18
4271,20250710,4271,3,4,21,522.99,4236.11,13542.54
4272,20250219,4272,9,1,8,917.12,6247.27,28033.23
4273,20250210,4273,16,1,10,542.33,2103.56,10234.69
4274,20250220,4274,14,1,1,272.45,6598.52,19743.44
4275,20250108,4275,2,1,12,445.91,3882.35,14379.29
4276,20250320,4276,8,6,29,756.58,6824.58,32811.75
4277,20251120,4277,5,2,15,680.77,9114.07,16910.32
4278,20250219,4278,6,5,10,1217.31,2520.67,6738.11
4279,20250407,4279,14,5,28,864.56,7020.16,25132.48
4280,20250612,4280,9,6,27,669.09,6973.79,14992.92
4281,20250204,4281,11,5,13,642.28,3422.18,9410.38
4282,20250809,4282,5,5,17,811.59,4032.57,10212.28
4283,20250712,4283,5,2,12,558.61,8601.27,33977.93
4284,20251031,4284,7,3,11,362.81,4827.02,15202.3
4285,20250330,4285,6,3,22,1249.51,9949.85,36209.57
4286,20251005,4286,10,3,5,572.28,5373.63,26130.34
4287,20250705,4287,8,1,2,549.74,3056.37,5453.67
4288,20250401,4288,13,3,27,342.72,2450.0,9032.74
4289,20251217,4289,15,2,13,224.79,7928.49,28326.14
4290,20250109,4290,3,5,15,740.2,4075.26,19833.94
4291,20250806,4291,11,4,23,256.57,5525.32,16125.05
4292,20250117,4292,1,2,25,739.18,8333.9,18024.89
4293,20250717,4293,12,6,16,891.22,6046.54,21563.15
4294,20250606,4294,14,5,17,1393.18,5603.85,26194.26
4295,20250419,4295,7,4,19,1171.56,7355.24,32941.08
4296,20250929,4296,14,3,12,393.6,6326.33,20562.14
4297,20250702,4297,9,5,21,821.05,1031.89,3129.78
4298,20250622,4298,8,3,22,1260.99,1941.43,9495.48
4299,20250530,4299,6,1,4,369.45,1111.45,4290.45
4300,20250105,4300,17,1,4,464.23,3492.16,13500.91
4301,20250517,4301,16,3,25,332.91,8308.85,13656.5
4302,20251010,4302,4,2,3,850.87,7161.09,27950.65
4303,20250321,4303,10,3,20,975.35,2749.58,11605.08
4304,20250317,4304,10,6,29,1161.89,7646.85,29801.88
4305,20250101,4305,8,2,23,662.94,5268.22,9517.72
4306,20251021,4306,18,6,14,256.65,8057.84,32175.9
4307,20251106,4307,16,3,20,152.52,4451.71,15417.87
4308,20250620,4308,4,6,28,1096.45,9098.89,31943.64
4309,20250619,4309,18,6,11,840.11,5731.89,9529.01
4310,20250418,4310,17,5,23,345.67,8520.92,28861.35
4311,20250406,4311,17,6,15,1010.3,6651.61,10990.46
4312,20250615,4312,2,4,30,1498.17,9432.33,18380.83
4313,20250717,4313,20,2,15,545.23,3327.66,10848.58
4314,20250702,4314,13,3,14,1088.54,9256.72,44732.91
4315,20250913,4315,15,6,23,639.68,8238.52,18839.31
4316,20250118,4316,7,5,17,649.18,3692.09,7080.27
4317,20250715,4317,20,4,9,913.95,8059.13,21046.87
4318,20251124,4318,4,2,4,580.5,8548.47,33260.96
4319,20250921,4319,20,2,3,802.07,2879.3,4544.92
4320,20251031,4320,3,6,18,1251.23,9259.43,20547.92
4321,20250405,4321,9,5,27,513.56,7022.39,27095.7
4322,20250616,4322,5,2,8,1123.95,1932.54,4190.71
4323,20250111,4323,14,6,11,727.67,4159.83,6437.26
4324,20251015,4324,15,6,29,754.48,1385.09,3154.94
4325,20251216,4325,7,3,3,1404.73,2399.05,10165.74
4326,20250413,4326,10,4,29,579.92,7541.84,31548.78
4327,20251231,4327,19,5,18,1223.75,6890.99,15467.34
4328,20250404,4328,9,4,24,216.67,7769.65,13350.07
4329,20250505,4329,1,3,5,1107.02,7617.29,20371.82
4330,20250115,4330,9,4,3,337.85,2952.96,4710.9
4331,20251103,4331,11,3,1,689.51,4978.63,21613.39
4332,20250311,4332,8,5,13,684.36,542.23,1693.82
4333,20250826,4333,10,3,3,807.01,5632.44,22694.26
4334,20251025,4334,19,6,13,300.35,9762.18,48679.57
4335,20250414,4335,12,5,27,713.64,4734.04,16644.03
4336,20250728,4336,16,3,19,1114.85,5147.41,18615.74
4337,20250925,4337,11,5,29,890.33,8760.05,16284.96
4338,20250703,4338,19,5,22,1055.65,9850.74,42382.17
4339,20250302,4339,10,5,5,1059.64,7758.85,16954.17
4340,20250612,4340,10,2,26,915.29,7433.07,28227.6
4341,20251202,4341,17,2,19,680.41,4741.16,22444.48
4342,20250907,4342,2,3,2,1015.32,7304.76,20243.44
4343,20250329,4343,12,5,5,1238.38,7191.19,34471.43
4344,20250407,4344,7,1,4,758.29,2491.3,7516.06
4345,20250615,4345,20,4,3,480.92,1139.74,4102.58
4346,20250107,4346,13,3,17,1481.91,3828.88,18801.49
4347,20250623,4347,19,2,17,1058.26,7318.16,32960.95
4348,20251218,4348,17,5,14,453.58,2500.35,5113.15
4349,20250627,4349,6,5,3,1002.32,9589.91,31367.84
4350,20251005,4350,20,5,6,886.82,6322.01,31428.03
4351,20251101,4351,7,3,11,1146.86,2132.24,6635.52
4352,20251102,4352,6,4,14,872.78,8989.6,22146.73
4353,20250120,4353,11,6,14,1150.34,2960.23,6307.53
4354,20250308,4354,17,5,20,1287.37,5477.9,19000.96
4355,20250828,4355,2,3,10,1249.82,8127.2,28240.55
4356,20250708,4356,16,1,14,1044.38,1281.02,4465.4
4357,20250611,4357,17,6,2,411.57,1216.44,5021.38
4358,20250308,4358,18,4,7,186.9,5093.89,25246.24
4359,20250123,4359,15,3,23,1421.32,8635.47,31259.93
4360,20250706,4360,8,2,24,1167.27,9576.6,28199.25
4361,20251119,4361,16,5,14,173.19,717.31,2858.09
4362,20250919,4362,11,4,22,1239.16,3418.98,13076.03
4363,20250510,4363,1,1,12,376.79,5691.71,22260.37
4364,20250521,4364,7,4,14,956.82,8687.17,36285.84
4365,20250909,4365,8,3,26,1123.83,7531.06,14492.59
4366,20250113,4366,8,4,16,1201.03,4893.94,14495.67
4367,20250209,4367,6,3,20,419.51,8121.07,33557.88
4368,20251003,4368,8,6,13,1436.79,4556.33,16498.24
4369,20250504,4369,11,6,7,511.6,790.5,2965.31
4370,20251230,4370,17,3,19,329.84,6276.14,21003.22
4371,20251123,4371,10,3,16,1115.5,8813.77,23973.61
4372,20251012,4372,16,4,13,541.77,6604.14,13429.07
4373,20250609,4373,11,6,26,257.91,8781.24,18919.77
4374,20250711,4374,15,2,24,611.13,6049.05,10451.69
4375,20250318,4375,10,3,24,1294.36,6515.27,15282.53
4376,20250220,4376,11,6,15,665.04,7948.46,29793.67
4377,20250308,4377,5,3,6,410.85,701.59,1664.34
4378,20250719,4378,13,1,26,857.01,4019.28,13914.83
4379,20250903,4379,11,5,4,1053.24,1937.9,7793.67
4380,20250810,4380,16,2,27,1485.16,9828.67,19511.09
4381,20250617,4381,1,5,12,385.87,8077.43,32182.75
4382,20250623,4382,11,3,14,176.56,2043.11,4408.36
4383,20250817,4383,10,4,30,477.59,5253.58,24988.34
4384,20251229,4384,5,1,22,683.99,8897.44,25947.21
4385,20250912,4385,11,4,20,385.02,7708.82,20715.1
4386,20250225,4386,16,4,3,249.91,8013.47,38317.99
4387,20250103,4387,10,5,26,472.99,2355.95,11240.74
4388,20250916,4388,18,5,12,550.48,3173.09,13859.12
4389,20250410,4389,14,6,20,1462.97,1306.58,3736.95
4390,20250213,4390,13,4,13,1258.82,5706.84,18647.68
4391,20250816,4391,6,5,1,550.78,4773.47,14828.32
4392,20250903,4392,16,3,9,1052.62,1857.45,3471.52
4393,20250821,4393,8,1,18,252.4,8838.86,37638.93
4394,20250726,4394,5,2,23,915.12,1542.06,7513.11
4395,20251222,4395,2,4,18,296.02,3993.57,10962.25
4396,20251103,4396,17,6,3,690.08,924.23,2072.82
4397,20250828,4397,7,5,5,231.39,2204.73,3713.56
4398,20250814,4398,7,1,25,539.57,7304.88,27252.83
4399,20250815,4399,12,5,7,1067.54,5456.25,23398.4
4400,20250409,4400,19,1,12,314.06,4324.45,9958.52
4401,20250524,4401,10,1,13,342.4,2283.8,5767.73
4402,20251014,4402,7,6,23,1409.15,6123.62,26477.34
4403,20251109,4403,6,4,2,1480.3,4824.26,11100.94
4404,20250921,4404,3,4,10,1289.14,6519.15,32578.58
4405,20251119,4405,20,2,16,596.22,7059.01,35218.04
4406,20250415,4406,12,1,7,500.35,5014.98,12587.63
4407,20250104,4407,17,4,27,986.53,3915.22,7989.09
4408,20251226,4408,1,2,20,581.29,7877.1,34494.66
4409,20250311,4409,3,4,10,885.39,2048.99,9161.11
4410,20250210,4410,2,5,21,813.45,3704.81,14430.95
4411,20250319,4411,10,3,1,749.11,4874.96,9703.79
4412,20250109,4412,13,1,11,1234.26,2532.19,7216.85
4413,20251210,4413,2,6,29,920.84,9080.16,16372.78
4414,20250705,4414,1,2,6,1038.37,9743.8,24042.56
4415,20251225,4415,19,1,26,214.25,5314.12,16258.74
4416,20250525,4416,12,6,4,316.81,2148.2,9701.03
4417,20251106,4417,17,3,1,1123.49,4453.97,9840.52
4418,20250125,4418,17,2,12,111.59,1663.57,5958.72
4419,20250517,4419,10,1,23,965.77,8977.93,24879.36
4420,20251210,4420,3,3,28,246.8,4939.23,18917.94
4421,20250817,4421,4,3,22,491.02,2762.98,7059.35
4422,20250802,4422,16,1,19,1067.83,7891.78,12308.15
4423,20250908,4423,5,5,12,115.45,2496.34,6001.75
4424,20251217,4424,8,2,18,654.18,1601.3,4441.21
4425,20250617,4425,4,3,1,1268.75,2973.67,13700.98
4426,20250427,4426,1,4,5,1233.01,1945.42,6369.17
4427,20251114,4427,7,1,29,586.61,5851.1,12247.83
4428,20250614,4428,3,5,14,1118.92,7599.79,37716.48
4429,20250831,4429,9,1,8,1281.34,1415.3,5648.01
4430,20250604,4430,7,5,4,910.65,5072.54,17532.54
4431,20250619,4431,3,4,24,1128.67,2267.02,5297.07
4432,20250303,4432,12,4,7,1253.28,671.15,1234.95
4433,20250710,4433,15,1,15,408.72,636.48,963.11
4434,20250408,4434,16,1,28,1460.93,2039.83,7024.05
4435,20251123,4435,3,3,8,522.4,2435.27,9707.08
4436,20250314,4436,10,6,20,776.01,758.72,2904.81
4437,20251029,4437,12,4,19,1102.95,1262.2,2407.86
4438,20250501,4438,19,6,20,136.37,2287.12,9564.63
4439,20250303,4439,2,6,23,879.01,892.6,2250.81
4440,20251207,4440,19,1,17,1227.0,6150.05,14909.39
4441,20251102,4441,8,2,9,1327.27,5544.35,10641.32
4442,20250831,4442,1,3,22,116.22,641.99,1632.03
4443,20251009,4443,10,6,23,1337.41,701.27,3032.59
4444,20250816,4444,7,1,9,164.68,3381.32,16188.44
4445,20250828,4445,19,2,20,688.37,5045.48,9723.0
4446,20250212,4446,17,5,2,412.83,6674.67,18597.06
4447,20251010,4447,20,4,6,915.79,1515.22,2426.57
4448,20250905,4448,18,4,19,1397.73,8790.02,42005.0
4449,20250904,4449,11,4,24,136.24,7124.83,26573.1
4450,20250525,4450,10,1,8,749.04,1255.37,4839.42
4451,20251031,4451,3,4,29,718.17,774.51,2041.44
4452,20250401,4452,20,5,4,264.4,6999.47,13080.47
4453,20250207,4453,9,1,10,132.04,8527.34,14289.78
4454,20250620,4454,7,3,7,741.08,4259.56,11751.17
4455,20250601,4455,11,2,16,512.5,6252.65,16641.21
4456,20250806,4456,17,4,24,686.7,7535.18,25354.02
4457,20250330,4457,6,1,26,768.95,715.48,2730.22
4458,20250223,4458,6,6,1,1001.85,8221.13,14188.99
4459,20250608,4459,12,5,23,282.46,7692.81,19021.46
4460,20250629,4460,7,5,2,1341.88,1118.31,3474.51
4461,20250330,4461,18,1,23,1001.53,4249.26,13099.51
4462,20251210,4462,5,5,20,191.75,3878.69,19151.17
4463,20250327,4463,3,1,16,1171.66,4688.91,22917.31
4464,20250616,4464,17,6,18,898.29,8980.34,32512.35
4465,20250806,4465,16,3,11,1238.63,3128.93,9439.34
4466,20250810,4466,6,6,2,1446.85,6105.23,12266.49
4467,20250306,4467,15,3,13,809.78,5975.43,16273.22
4468,20250323,4468,16,3,11,100.52,7201.7,25777.14
4469,20250131,4469,5,5,4,1227.83,3191.23,10718.23
4470,20250911,4470,15,5,3,280.53,6425.8,16133.39
4471,20251210,4471,15,6,22,778.45,1843.73,8399.74
4472,20251225,4472,12,6,28,1133.54,4445.17,15003.71
4473,20250203,4473,19,6,12,444.0,3085.51,5296.71
4474,20250613,4474,2,4,10,1403.76,9462.74,29008.13
4475,20250531,4475,9,1,11,1173.94,9190.54,26743.16
4476,20251210,4476,20,2,29,423.47,9329.52,29566.09
4477,20250108,4477,9,6,9,934.26,2787.34,4778.66
4478,20250117,4478,19,5,9,206.29,9548.43,32879.15
4479,20250709,4479,3,5,11,455.98,8652.13,40763.72
4480,20251104,4480,17,1,23,612.28,6101.4,19187.36
4481,20251222,4481,19,3,18,598.77,5667.04,10633.1
4482,20250605,4482,15,4,1,817.35,9166.99,18210.1
4483,20251111,4483,14,1,24,195.49,8509.95,26373.16
4484,20251206,4484,19,5,30,160.2,2156.84,8974.82
4485,20251106,4485,9,5,4,241.28,9295.51,23110.33
4486,20250528,4486,18,3,18,1159.13,3467.81,15391.23
4487,20251028,4487,7,3,29,589.57,8296.77,29477.74
4488,20250719,4488,16,5,28,1042.49,5919.91,24609.92
4489,20250922,4489,12,1,30,1172.98,2972.83,6273.53
4490,20251205,4490,12,6,4,112.32,1803.43,3824.09
4491,20250123,4491,2,3,24,1006.28,8282.38,26618.77
4492,20250328,4492,2,5,9,907.32,8850.29,28639.58
4493,20250929,4493,3,5,20,636.01,1533.37,7419.17
4494,20250816,4494,12,3,2,1184.06,4666.92,17983.27
4495,20250226,4495,1,2,3,207.65,4655.36,18389.24
4496,20250913,4496,20,1,13,1349.39,6309.94,30826.7
4497,20250308,4497,15,1,24,782.74,7746.03,31419.99
4498,20250918,4498,13,6,6,387.8,5762.8,17940.12
4499,20250721,4499,20,2,19,900.05,7841.05,29806.0
4500,20250728,4500,6,5,22,1064.13,5996.84,28898.83
4501,20250225,4501,8,4,10,901.61,7185.16,18842.73
4502,20250514,4502,19,4,15,355.47,7911.95,12668.69
4503,20250627,4503,10,4,12,574.55,9387.62,37191.78
4504,20251118,4504,19,1,9,1228.57,7989.14,38865.31
4505,20250114,4505,5,4,27,990.45,3949.56,18071.67
4506,20251126,4506,5,4,21,806.0,5119.7,14927.79
4507,20251207,4507,1,6,23,743.17,7313.71,29480.87
4508,20250423,4508,5,5,22,1206.68,1581.35,4084.45
4509,20250508,4509,16,1,19,534.59,9684.83,38131.2
4510,20250427,4510,8,5,29,1385.29,1571.67,5845.94
4511,20250821,4511,14,1,18,198.33,3502.68,10733.15
4512,20250803,4512,16,4,23,300.98,9498.49,38317.2
4513,20251104,4513,11,1,18,1374.41,8510.91,15278.87
4514,20251103,4514,11,4,10,1385.17,7604.94,16960.76
4515,20250910,4515,5,1,30,125.04,5930.73,24647.3
4516,20250519,4516,3,6,30,559.48,3972.78,8725.54
4517,20250904,4517,10,5,28,381.22,1111.45,2566.22
4518,20251119,4518,14,6,23,832.87,1970.01,9746.39
4519,20251205,4519,19,2,2,753.48,1798.6,2926.38
4520,20251120,4520,3,6,11,1279.16,502.83,1409.18
4521,20251119,4521,7,5,9,569.44,5570.67,10366.81
4522,20250629,4522,18,5,10,1121.32,9864.88,46634.09
4523,20250104,4523,8,3,3,559.79,1633.44,5715.24
4524,20250503,4524,8,2,7,185.3,9694.03,21692.06
4525,20250418,4525,20,5,17,1103.68,7557.21,36766.98
4526,20251208,4526,16,1,21,436.99,6759.7,24332.66
4527,20250807,4527,12,1,7,226.92,1360.24,2396.66
4528,20251017,4528,5,5,19,558.91,7986.61,26205.79
4529,20250626,4529,13,5,2,415.56,3174.79,12089.33
4530,20251031,4530,9,4,7,1135.7,7538.51,17488.32
4531,20251212,4531,17,6,22,570.91,9792.4,20175.16
4532,20251214,4532,16,3,25,541.11,8155.29,27335.96
4533,20251104,4533,17,5,16,853.66,8623.91,18594.11
4534,20250624,4534,11,3,3,258.49,2716.21,6565.23
4535,20251014,4535,10,2,29,1150.93,3114.74,10339.23
4536,20250719,4536,3,1,4,771.43,1533.34,3122.18
4537,20250410,4537,19,4,15,1499.06,4215.25,10989.13
4538,20250117,4538,7,4,13,268.1,9447.99,18082.84
4539,20250409,4539,20,3,6,273.45,3809.41,10032.44
4540,20250117,4540,13,3,5,862.72,6689.93,12232.02
4541,20250725,4541,2,2,29,357.85,3426.45,5600.04
4542,20250918,4542,16,5,3,366.56,6335.17,28159.84
4543,20250524,4543,13,3,23,159.48,6660.18,19977.79
4544,20250514,4544,6,3,19,400.49,6494.36,19801.35
4545,20250403,4545,9,5,3,386.9,2145.42,5955.49
4546,20250624,4546,18,6,3,1351.57,8859.02,26700.97
4547,20250417,4547,3,6,27,311.03,8519.39,28711.22
4548,20250821,4548,12,4,22,1183.95,8423.28,15079.08
4549,20250416,4549,20,5,18,678.07,881.07,3186.56
4550,20251125,4550,8,6,21,890.1,9590.8,36696.36
4551,20250616,4551,7,2,20,830.62,4239.75,14902.76
4552,20250523,4552,4,3,10,603.86,6399.9,30103.27
4553,20250405,4553,19,5,23,507.28,7788.02,28683.41
4554,20251117,4554,11,2,12,1045.08,1032.4,5021.41
4555,20251121,4555,19,1,28,572.39,5837.24,10829.12
4556,20250528,4556,15,6,14,379.12,4556.1,15711.77
4557,20251118,4557,3,4,8,1102.98,5564.63,9300.39
4558,20250404,4558,19,5,26,702.61,8166.14,24262.59
4559,20251008,4559,20,2,6,843.79,5228.13,14625.25
4560,20250715,4560,14,3,12,1342.38,1314.74,4014.99
4561,20250620,4561,9,6,4,193.64,5975.65,12566.2
4562,20251101,4562,3,1,24,746.89,5155.39,14871.84
4563,20250829,4563,16,1,4,499.33,7837.41,26671.08
4564,20250929,4564,6,2,15,1083.53,9622.09,34737.71
4565,20250222,4565,6,1,29,531.06,8260.83,23244.15
4566,20250228,4566,2,3,8,557.86,3058.02,13745.06
4567,20250913,4567,6,2,18,1428.4,7333.04,12604.95
4568,20250620,4568,10,5,28,994.37,3003.07,12445.99
4569,20251003,4569,15,4,6,869.56,7796.76,15097.22
4570,20250306,4570,16,4,18,123.71,1280.03,3163.94
4571,20250125,4571,8,2,29,172.35,2424.69,8778.64
4572,20251016,4572,19,3,21,1422.57,1692.3,3445.91
4573,20250812,4573,14,6,21,886.07,4503.51,9649.56
4574,20250911,4574,18,1,20,976.12,2610.39,10002.39
4575,20250602,4575,11,6,27,282.47,3906.63,8521.64
4576,20250825,4576,5,2,7,1463.6,2588.1,12217.07
4577,20250720,4577,5,4,29,1185.04,9284.12,29776.28
4578,20250328,4578,18,5,10,1028.03,6071.12,21181.46
4579,20250213,4579,6,5,2,362.56,5486.49,12713.98
4580,20250408,4580,12,2,17,454.7,5879.92,20016.0
4581,20250131,4581,10,1,6,1319.65,2309.94,9219.79
4582,20250802,4582,13,5,7,1497.73,3500.52,10463.93
4583,20251229,4583,5,5,4,297.98,5028.98,13693.88
4584,20251206,4584,2,5,18,717.47,4779.25,10687.87
4585,20250913,4585,3,2,21,847.68,9308.8,36171.25
4586,20251205,4586,20,3,16,737.51,3767.8,6028.55
4587,20250310,4587,1,6,12,1054.66,4139.93,19894.58
4588,20250516,4588,11,3,29,840.15,2992.54,8422.11
4589,20251117,4589,1,6,6,1160.0,3614.16,13910.48
4590,20250107,4590,5,1,2,365.49,2534.21,11868.14
4591,20250622,4591,11,2,13,1208.35,1398.17,5442.17
4592,20250721,4592,16,1,22,1485.78,1482.44,3727.46
4593,20250422,4593,4,2,20,135.82,7765.25,36363.97
4594,20251021,4594,16,6,11,1331.49,1238.03,4318.77
4595,20250725,4595,14,4,22,1104.32,5484.11,25733.65
4596,20250812,4596,15,1,29,1459.22,1828.41,6664.65
4597,20250728,4597,6,6,21,1343.12,4221.03,19999.48
4598,20250428,4598,9,6,4,1260.23,594.17,2323.49
4599,20250305,4599,2,2,20,920.36,3864.96,6094.55
4600,20251107,4600,9,5,3,466.46,7598.25,18318.38
4601,20251217,4601,20,1,23,1003.36,7500.23,11366.29
4602,20251202,4602,7,3,1,629.64,1472.62,6447.14
4603,20250814,4603,1,6,23,1151.55,6448.79,9788.41
4604,20250309,4604,14,6,23,619.98,6881.79,30917.1
4605,20250127,4605,6,2,5,730.47,9616.0,39121.97
4606,20250506,4606,3,6,1,833.84,1165.91,2878.35
4607,20250723,4607,6,6,4,1317.85,5097.81,21486.27
4608,20250414,4608,20,5,1,355.61,2529.85,11916.74
4609,20250704,4609,11,1,9,1487.96,9276.19,28790.03
4610,20250722,4610,1,3,9,483.99,4885.85,15381.58
4611,20250621,4611,5,3,1,1309.94,9946.54,28660.85
4612,20250624,4612,15,3,18,1072.03,5238.01,11382.45
4613,20250607,4613,10,5,12,217.41,7548.83,27253.94
4614,20250727,4614,11,5,21,1429.69,7238.23,26152.6
4615,20250628,4615,16,6,29,484.59,3588.75,14369.21
4616,20250522,4616,1,6,28,1414.87,1614.02,4565.65
4617,20251210,4617,10,4,20,958.61,8394.47,34863.43
4618,20250517,4618,17,4,7,470.58,7980.77,15458.52
4619,20250112,4619,16,1,25,124.49,8800.45,23615.95
4620,20251217,4620,19,1,14,563.02,7494.4,15163.76
4621,20250216,4621,14,1,13,1108.57,6232.16,21409.94
4622,20251129,4622,20,5,5,102.98,4709.31,7133.21
4623,20250101,4623,9,2,28,453.48,7930.83,14125.28
4624,20250911,4624,8,5,9,1377.59,2727.61,4551.41
4625,20250424,4625,13,6,29,1181.54,3900.44,17930.94
4626,20250915,4626,8,5,29,443.1,7258.76,13685.32
4627,20250222,4627,5,5,17,702.64,2226.57,6713.1
4628,20250813,4628,19,5,3,1440.9,4367.34,12894.98
4629,20250506,4629,19,3,19,502.55,6633.85,28761.97
4630,20250520,4630,1,4,10,1062.49,8686.77,14472.84
4631,20250129,4631,5,2,8,603.65,8665.61,13785.08
4632,20250124,4632,3,2,18,166.24,2409.23,5250.27
4633,20251006,4633,9,1,1,514.96,8140.8,27146.7
4634,20251009,4634,7,3,12,1270.21,9482.45,47374.37
4635,20250503,4635,9,2,23,1037.07,6869.88,17238.16
4636,20250512,4636,19,3,3,1024.81,3936.37,10617.4
4637,20250413,4637,12,5,7,1029.57,4865.96,15759.77
4638,20250126,4638,7,2,26,597.26,6085.22,18127.21
4639,20250929,4639,5,4,3,1375.16,2111.86,9949.4
4640,20250130,4640,12,3,5,1449.83,1804.85,8328.86
4641,20250827,4641,2,5,3,675.72,6866.03,11159.05
4642,20250630,4642,1,2,10,1446.09,5982.13,25752.21
4643,20250206,4643,2,3,10,378.71,5974.4,25418.94
4644,20251002,4644,4,2,29,1196.25,6288.25,10815.4
4645,20251205,4645,13,2,21,941.71,3186.98,8731.26
4646,20250412,4646,4,6,11,720.91,9441.92,37943.29
4647,20250312,4647,12,3,12,947.5,6834.18,29467.51
4648,20250313,4648,15,6,21,309.38,592.15,2708.73
4649,20250328,4649,20,2,28,1473.84,2426.11,11616.26
4650,20251227,4650,2,1,17,1021.11,7427.75,21733.05
4651,20250822,4651,12,6,19,547.16,2700.9,13454.77
4652,20250819,4652,16,2,16,1398.73,8621.47,29658.99
4653,20250106,4653,17,2,6,462.06,797.21,3342.34
4654,20250627,4654,5,5,10,751.82,1307.7,5159.54
4655,20251025,4655,14,6,20,756.08,8143.76,27705.73
4656,20251222,4656,3,4,24,1077.42,1082.66,3962.43
4657,20250926,4657,15,5,21,1336.31,4214.3,17187.59
4658,20250526,4658,12,5,16,990.2,2251.0,6508.99
4659,20250524,4659,3,6,9,388.84,7476.86,31038.85
4660,20251202,4660,3,5,24,509.42,5601.42,17522.95
4661,20250416,4661,16,5,8,1484.26,1416.01,2831.09
4662,20250723,4662,15,6,20,246.06,4341.07,8594.54
4663,20251106,4663,10,3,11,258.36,5626.52,20490.1
4664,20250217,4664,15,5,19,844.41,1320.69,4405.26
4665,20251202,4665,3,2,17,1296.12,7474.86,35776.11
4666,20250312,4666,15,2,6,724.69,515.49,1944.06
4667,20250221,4667,4,2,29,836.32,5915.27,13562.5
4668,20250106,4668,9,3,8,1298.24,7313.57,27679.3
4669,20250830,4669,15,5,18,291.67,9772.55,31537.61
4670,20250226,4670,10,4,12,843.75,8911.14,28217.49
4671,20250428,4671,1,5,20,1150.8,2772.79,13392.41
4672,20251107,4672,18,4,1,952.52,9734.78,16359.17
4673,20250620,4673,16,6,1,1437.31,2191.06,5441.68
4674,20250809,4674,12,3,7,745.2,4301.54,21164.14
4675,20250705,4675,9,5,7,833.84,1377.04,4666.52
4676,20251130,4676,14,5,25,647.66,6244.76,20072.68
4677,20250115,4677,4,1,8,408.97,2212.34,6616.38
4678,20250328,4678,6,2,18,1173.8,2781.75,10121.56
4679,20250503,4679,1,5,22,1466.33,7088.55,19610.22
4680,20251029,4680,3,5,1,787.13,751.39,2979.86
4681,20250517,4681,2,1,10,1455.27,7784.42,18994.48
4682,20250802,4682,7,5,26,1384.91,8969.39,18282.25
4683,20251023,4683,17,1,18,893.69,1141.85,3998.4
4684,20251223,4684,4,2,5,1177.04,2287.27,5963.57
4685,20250816,4685,2,6,15,756.34,6773.72,29506.37
4686,20250109,4686,13,6,23,410.81,3413.72,13450.16
4687,20251226,4687,9,3,6,773.56,4068.27,14126.83
4688,20250614,4688,5,1,1,865.43,690.79,1825.53
4689,20250105,4689,7,2,9,163.77,9272.91,45778.24
4690,20250218,4690,15,3,11,590.29,1727.55,3903.98
4691,20250110,4691,4,1,10,773.76,9601.33,21687.76
4692,20250804,4692,16,6,28,799.15,8457.77,18571.62
4693,20250122,4693,15,1,27,659.3,6463.85,21926.26
4694,20250704,4694,14,2,16,702.07,8086.01,24035.58
4695,20250421,4695,1,5,14,1242.37,9877.06,20634.61
4696,20250928,4696,8,1,2,730.89,5512.61,25008.11
4697,20250311,4697,5,2,27,491.2,1749.37,5566.79
4698,20250225,4698,12,2,22,570.76,4249.97,18320.02
4699,20250411,4699,8,4,6,892.05,7897.92,12328.4
4700,20250524,4700,15,6,30,1261.96,5998.94,26227.05
4701,20251023,4701,18,6,11,817.61,3647.8,7499.44
4702,20250304,4702,13,3,15,273.03,4931.37,17994.03
4703,20251205,4703,17,2,24,376.21,1742.29,4221.37
4704,20250210,4704,11,6,22,779.37,1612.39,7065.58
4705,20250528,4705,5,1,27,171.41,8609.96,16355.23
4706,20250226,4706,1,3,2,149.63,5172.62,11850.93
4707,20251019,4707,11,2,23,1344.1,8056.82,14922.8
4708,20250709,4708,18,5,15,1276.37,3054.14,15142.33
4709,20251016,4709,7,5,10,800.02,5802.35,28941.54
4710,20250427,4710,10,1,24,581.61,9880.86,17989.95
4711,20250708,4711,20,5,24,106.82,9729.61,22035.92
4712,20250925,4712,8,5,23,1276.84,1519.88,2682.06
4713,20250224,4713,11,6,8,601.25,7296.82,35516.71
4714,20250106,4714,16,3,5,622.59,3569.0,8434.39
4715,20251230,4715,3,1,11,248.24,9885.99,16122.08
4716,20250120,4716,1,6,18,561.39,6079.64,12918.88
4717,20250410,4717,18,3,26,510.66,9975.14,29112.49
4718,20250606,4718,11,6,11,702.35,8098.71,17932.92
4719,20250410,4719,18,3,21,446.47,8215.08,21662.42
4720,20250815,4720,11,2,3,321.9,8188.25,39120.96
4721,20251105,4721,18,6,2,216.01,4018.74,15335.4
4722,20250813,4722,1,1,8,512.42,9064.82,43185.66
4723,20250221,4723,4,6,12,628.14,8814.95,31966.5
4724,20250610,4724,6,2,20,1270.69,4894.51,24011.56
4725,20250615,4725,15,3,18,1115.25,5456.68,16667.68
4726,20250208,4726,14,3,5,1336.12,6140.78,13483.15
4727,20250329,4727,16,1,28,1156.54,1711.94,7447.01
4728,20250701,4728,5,3,24,972.05,7504.49,16925.23
4729,20250215,4729,11,3,29,884.66,7985.58,20451.86
4730,20250615,4730,6,3,25,144.46,3814.24,9562.77
4731,20250713,4731,5,2,8,453.81,9394.37,16559.08
4732,20250531,4732,3,4,8,1103.11,6035.71,29681.05
4733,20250826,4733,5,6,27,489.01,5219.74,23810.42
4734,20251011,4734,13,6,6,1002.7,6940.43,32148.67
4735,20250817,4735,5,5,28,1167.77,805.41,2809.46
4736,20250716,4736,1,3,17,911.5,3023.93,10996.22
4737,20250728,4737,15,2,12,132.59,558.25,2425.73
4738,20251225,4738,16,6,29,1385.1,6029.36,26323.48
4739,20250527,4739,4,1,5,115.33,2740.72,9487.85
4740,20250312,4740,15,4,18,1227.81,7481.07,35437.27
4741,20251022,4741,12,4,12,1360.34,1047.7,2799.79
4742,20250627,4742,18,5,19,317.76,1499.17,3010.4
4743,20250510,4743,18,5,1,1320.79,2514.51,11231.1
4744,20251204,4744,3,1,12,151.88,5533.22,26615.34
4745,20250321,4745,12,5,23,1063.51,1268.13,2458.49
4746,20251021,4746,6,3,19,334.61,7767.53,33793.94
4747,20250801,4747,6,4,8,1086.85,7802.55,30716.82
4748,20250506,4748,11,5,19,726.97,8689.63,29038.48
4749,20250711,4749,12,4,7,763.08,2476.65,6072.11
4750,20250318,4750,20,1,9,492.6,1596.28,2683.72
4751,20250821,4751,16,6,8,1244.93,2935.97,10484.26
4752,20250215,4752,11,5,1,1351.66,8612.88,36912.83
4753,20251208,4753,10,4,18,1237.78,984.7,3382.2
4754,20250804,4754,19,3,24,633.39,3700.93,14327.13
4755,20250410,4755,7,4,17,1147.69,8360.83,19159.25
4756,20250108,4756,13,3,29,307.47,2665.14,7180.29
4757,20250825,4757,19,4,26,1214.19,2789.86,9981.16
4758,20251112,4758,11,2,28,1304.14,2186.1,7767.86
4759,20250830,4759,6,1,10,489.55,2109.4,7901.12
4760,20250427,4760,15,3,20,725.76,529.29,2196.42
4761,20250310,4761,12,1,6,1472.48,9652.66,23569.79
4762,20250203,4762,12,4,28,631.12,1487.42,6915.87
4763,20250820,4763,2,5,1,110.73,2458.77,12211.55
4764,20251024,4764,6,1,26,959.37,2814.89,8217.74
4765,20251117,4765,4,3,23,1394.26,1839.75,6079.92
4766,20250212,4766,20,5,30,433.52,6802.98,17164.64
4767,20250310,4767,7,1,28,433.03,1950.86,9465.09
4768,20250110,4768,10,5,14,1428.34,8568.97,23987.04
4769,20251125,4769,16,1,14,945.95,9603.28,22693.55
4770,20250807,4770,19,6,27,698.6,3885.53,14652.44
4771,20250901,4771,13,4,3,298.14,9163.22,29350.65
4772,20250225,4772,9,5,30,201.04,5206.09,14923.13
4773,20250614,4773,8,2,14,628.65,1171.82,4049.9
4774,20250830,4774,18,4,27,387.22,1016.92,3757.65
4775,20251106,4775,13,6,5,919.3,9484.95,33781.89
4776,20250216,4776,20,4,10,1258.51,7834.74,18015.77
4777,20250617,4777,10,3,11,1336.04,5141.08,11126.89
4778,20250321,4778,12,3,11,112.35,2576.89,9887.76
4779,20250807,4779,18,4,14,776.52,5964.86,9906.2
4780,20250624,4780,18,1,29,983.94,1243.21,5442.48
4781,20250916,4781,11,6,5,404.12,763.29,3677.86
4782,20250123,4782,8,4,18,213.97,3596.42,9673.81
4783,20251210,4783,11,4,7,170.11,2550.47,6807.4
4784,20250224,4784,4,5,2,1226.63,7584.86,25335.05
4785,20250724,4785,9,6,3,776.17,2495.08,9073.87
4786,20251111,4786,14,5,9,318.99,5435.82,25234.32
4787,20250906,4787,15,1,17,644.16,593.33,2162.39
4788,20250226,4788,8,6,18,1063.56,6619.4,11060.59
4789,20250604,4789,14,5,24,402.81,1434.54,3240.18
4790,20251226,4790,16,2,22,942.16,2683.26,7173.86
4791,20250225,4791,12,5,12,1111.88,735.59,2300.27
4792,20250724,4792,15,1,12,121.87,8332.18,36066.23
4793,20250120,4793,15,3,4,1083.09,8119.98,22063.1
4794,20250714,4794,12,6,7,1271.86,8951.52,14366.15
4795,20250512,4795,3,6,3,1230.85,746.37,2911.5
4796,20250918,4796,7,4,25,368.34,945.89,2815.37
4797,20250428,4797,16,3,15,514.85,5023.04,19906.86
4798,20250920,4798,13,2,28,448.43,1409.64,3446.94
4799,20250126,4799,14,1,17,533.98,9773.91,24340.09
4800,20250406,4800,1,5,25,513.24,3737.05,14512.61
4801,20250217,4801,2,5,19,940.64,5267.14,14058.26
4802,20250524,4802,19,3,3,1009.38,4082.3,10452.3
4803,20251101,4803,1,4,15,1455.13,7534.1,16993.91
4804,20250214,4804,19,1,15,141.92,4360.36,10610.86
4805,20250908,4805,18,4,25,1054.99,5027.99,22123.23
4806,20251009,4806,12,3,10,1080.94,3815.92,9547.65
4807,20250811,4807,15,2,7,175.17,3676.43,17787.53
4808,20250617,4808,6,1,7,266.21,6129.87,22563.43
4809,20250814,4809,6,1,3,142.85,1487.77,2714.9
4810,20251211,4810,17,1,18,229.65,3223.59,6880.41
4811,20250720,4811,3,1,9,945.93,2645.06,10022.8
4812,20250411,4812,17,1,30,579.86,9498.35,16081.88
4813,20250714,4813,10,3,9,946.1,2211.64,6267.69
4814,20250910,4814,3,4,3,225.73,4843.77,20124.34
4815,20250113,4815,1,3,27,920.75,1475.97,4719.96
4816,20251219,4816,11,6,12,1159.57,874.08,3835.98
4817,20250414,4817,15,3,19,1403.92,700.2,2687.44
4818,20251009,4818,12,2,10,443.01,8246.25,20382.58
4819,20250917,4819,18,6,1,221.4,937.08,2870.37
4820,20251206,4820,3,5,9,1324.96,4119.15,17855.9
4821,20250721,4821,19,5,17,1367.38,1474.4,5821.42
4822,20250711,4822,12,6,16,426.77,550.78,1829.74
4823,20251101,4823,2,4,5,802.34,6800.46,33271.62
4824,20250408,4824,10,1,11,412.35,7394.52,20655.84
4825,20250226,4825,7,5,26,328.68,7442.78,22282.71
4826,20250529,4826,20,3,21,869.15,2108.63,5024.7
4827,20250812,4827,7,5,15,324.49,8041.77,36308.12
4828,20251126,4828,2,6,25,539.77,8271.3,37767.7
4829,20251019,4829,5,1,26,954.54,4206.75,8241.33
4830,20250207,4830,18,2,11,743.66,7757.46,25965.7
4831,20250127,4831,4,6,10,1330.39,3187.24,8072.23
4832,20250508,4832,2,4,5,1140.11,4545.3,7373.76
4833,20250629,4833,12,6,7,906.33,1550.93,4251.0
4834,20250912,4834,10,2,14,883.79,8792.76,42291.13
4835,20251003,4835,1,6,24,630.82,8392.81,40556.23
4836,20251205,4836,15,6,14,884.64,9405.77,38273.5
4837,20250511,4837,10,2,4,608.95,5189.49,17707.06
4838,20250821,4838,20,1,9,867.0,4222.75,18672.22
4839,20250705,4839,11,5,15,1103.02,5768.02,8691.48
4840,20251009,4840,11,5,4,956.28,9241.32,17441.55
4841,20250203,4841,15,1,14,799.81,2907.96,11170.23
4842,20250625,4842,14,2,10,301.29,9018.21,28690.2
4843,20250606,4843,17,1,29,758.63,2663.96,13280.85
4844,20250522,4844,17,5,15,646.75,4738.68,18471.64
4845,20250330,4845,9,5,29,1346.38,3915.82,6390.65
4846,20250629,4846,13,4,17,536.09,7852.75,27446.94
4847,20251009,4847,1,1,25,578.53,7482.37,16194.28
4848,20250425,4848,14,6,16,483.58,6849.45,16071.13
4849,20250527,4849,16,6,28,102.37,8982.77,19826.26
4850,20251211,4850,5,5,12,1033.56,6629.88,23235.29
4851,20250709,4851,1,3,9,651.85,1365.24,3660.44
4852,20251012,4852,15,6,15,896.96,9176.86,22430.98
4853,20250612,4853,19,1,12,1096.01,3493.35,17245.01
4854,20251001,4854,13,5,18,1448.48,4528.63,7728.86
4855,20250418,4855,17,6,28,727.15,6948.43,10662.46
4856,20250708,4856,20,6,13,1206.28,7399.66,31233.55
4857,20250116,4857,14,3,1,383.75,2541.43,10159.23
4858,20251217,4858,2,1,17,334.81,9804.38,38118.35
4859,20250304,4859,7,5,24,1442.45,7514.08,26979.42
4860,20250502,4860,5,4,2,203.37,8127.96,29853.08
4861,20250929,4861,20,6,25,771.23,2557.41,7155.25
4862,20250510,4862,4,3,26,469.71,6148.88,25696.22
4863,20250405,4863,1,1,24,280.69,2033.64,6873.51
4864,20250809,4864,17,4,27,926.42,5671.05,22493.24
4865,20250213,4865,16,6,4,568.08,2922.59,4525.25
4866,20251001,4866,11,5,3,111.01,6468.67,14525.63
4867,20250818,4867,14,3,4,1385.05,8864.6,34208.17
4868,20250319,4868,19,2,3,390.99,762.75,3459.51
4869,20251023,4869,19,1,18,1171.56,860.61,1562.1
4870,20250131,4870,9,5,2,517.08,5985.9,15961.67
4871,20251106,4871,6,4,9,321.06,7292.8,20235.1
4872,20251229,4872,6,1,1,467.38,8562.53,30783.77
4873,20250511,4873,8,4,14,117.19,8865.35,28890.22
4874,20250906,4874,3,6,10,850.79,4277.46,18695.57
4875,20250928,4875,9,6,16,1332.11,9128.15,27866.45
4876,20250122,4876,17,2,9,534.95,6857.31,13426.15
4877,20250406,4877,4,6,7,430.35,6689.44,25960.89
4878,20251228,4878,12,2,18,1393.43,1927.77,9282.73
4879,20250418,4879,12,1,5,1416.82,5489.98,20949.25
4880,20250702,4880,8,1,3,200.24,1518.87,4018.02
4881,20251104,4881,5,4,10,167.17,3057.41,5542.64
4882,20250317,4882,19,2,12,377.33,5292.75,9741.78
4883,20250721,4883,3,3,15,1276.7,1250.54,5066.03
4884,20250217,4884,19,2,28,541.04,3701.48,7471.68
4885,20251130,4885,19,2,24,302.32,809.47,2279.54
4886,20250830,4886,8,5,25,721.0,4391.72,11528.04
4887,20250805,4887,12,3,5,1176.16,6459.39,28539.19
4888,20250105,4888,18,2,18,648.6,5437.71,21123.31
4889,20251016,4889,6,1,2,1178.25,4911.21,9794.19
4890,20250921,4890,6,2,15,1437.29,5513.42,8898.11
4891,20250507,4891,2,1,3,300.35,6272.25,19219.11
4892,20250107,4892,20,1,25,694.79,7779.15,23020.67
4893,20251027,4893,13,2,18,1397.49,7098.97,27376.33
4894,20250403,4894,11,4,4,1469.6,3785.49,17963.51
4895,20250330,4895,10,6,7,1476.36,1968.08,9555.45
4896,20250226,4896,6,6,26,614.13,7372.63,18089.28
4897,20250205,4897,16,2,7,1118.55,2995.43,7898.46
4898,20250714,4898,5,6,11,279.88,2479.67,7114.54
4899,20250418,4899,17,3,28,562.77,4114.62,10799.19
4900,20250206,4900,12,3,26,1118.52,3027.57,6278.12
4901,20250817,4901,5,6,30,507.3,850.86,3212.0
4902,20250219,4902,13,1,1,348.24,7597.37,24024.07
4903,20250426,4903,5,1,7,470.04,5837.77,10082.76
4904,20250806,4904,7,1,3,672.44,574.81,2831.57
4905,20250801,4905,6,6,13,765.13,3045.25,13079.34
4906,20250826,4906,7,3,10,755.44,3293.42,12947.4
4907,20250808,4907,11,4,24,733.7,2034.89,9816.09
4908,20251205,4908,8,1,1,432.87,6004.57,11550.31
4909,20250928,4909,15,5,17,1098.08,8173.0,17254.1
4910,20250125,4910,8,1,7,1300.11,3175.83,5232.64
4911,20250124,4911,19,1,24,240.58,8029.64,17470.21
4912,20251214,4912,2,6,20,194.89,3503.64,15311.81
4913,20250123,4913,17,5,23,688.49,4385.92,17757.19
4914,20251116,4914,7,4,22,303.16,8536.52,22342.63
4915,20250816,4915,15,2,23,906.24,8339.23,14560.94
4916,20251221,4916,19,6,11,1001.66,8371.36,24997.18
4917,20250729,4917,7,3,1,903.05,4039.93,18097.3
4918,20250725,4918,20,4,29,760.81,6807.78,11412.44
4919,20250731,4919,4,1,5,439.38,2658.94,13146.3
4920,20250709,4920,1,1,8,701.9,6239.48,29272.76
4921,20251005,4921,14,6,21,713.13,5868.43,15933.86
4922,20250711,4922,6,2,28,332.16,1004.18,4525.29
4923,20250407,4923,7,2,28,1476.6,4303.05,15323.97
4924,20250223,4924,4,1,5,1333.51,2368.97,6051.22
4925,20251025,4925,10,4,19,472.21,7084.43,20505.22
4926,20250119,4926,16,4,23,859.02,885.13,1371.95
4927,20250216,4927,5,5,20,1037.01,6168.62,28011.98
4928,20250728,4928,14,6,1,1493.9,8441.43,36533.83
4929,20250112,4929,8,6,6,1143.75,3969.65,19289.47
4930,20250919,4930,6,4,11,888.52,8112.33,17084.76
4931,20250225,4931,10,5,4,979.54,6529.47,18562.4
4932,20250505,4932,4,4,24,1228.57,5972.92,11057.02
4933,20250129,4933,11,6,19,483.97,2699.5,4497.44
4934,20250411,4934,5,6,21,1177.65,5272.55,23568.12
4935,20250907,4935,19,1,4,556.97,2698.88,4153.38
4936,20250119,4936,4,3,11,1474.35,1866.72,6705.95
4937,20250604,4937,10,3,19,862.48,4025.17,16772.34
4938,20250621,4938,14,4,8,1155.81,7356.92,13677.57
4939,20250516,4939,5,2,10,1041.06,6551.99,12916.27
4940,20250706,4940,10,3,10,782.26,3326.45,15026.41
4941,20250601,4941,2,6,27,1403.44,9287.16,45228.3
4942,20250910,4942,9,2,11,437.08,8349.19,22269.53
4943,20250619,4943,3,4,30,1424.45,1242.5,2561.56
4944,20251203,4944,7,4,12,782.11,2277.07,6461.09
4945,20250130,4945,5,2,19,259.08,3909.95,6610.54
4946,20250426,4946,17,4,14,694.95,1596.61,5112.98
4947,20250206,4947,20,5,7,1429.37,5120.77,16107.43
4948,20250515,4948,9,3,16,1006.25,5482.9,8951.44
4949,20250817,4949,7,3,21,387.49,9820.92,33491.61
4950,20250813,4950,1,4,23,1355.85,2630.78,6266.82
4951,20250206,4951,6,5,12,156.07,1408.79,4028.57
4952,20250323,4952,3,2,10,643.19,1511.14,6555.02
4953,20250422,4953,19,6,17,1368.98,1793.31,4989.96
4954,20250530,4954,13,3,4,930.3,3838.25,14537.44
4955,20251130,4955,3,4,11,1178.52,9154.18,36644.42
4956,20250411,4956,13,1,28,220.84,3428.66,13120.66
4957,20250324,4957,14,1,3,1251.94,6432.11,23035.11
4958,20251008,4958,20,3,2,1180.62,7616.94,18136.5
4959,20251116,4959,4,3,22,1102.4,5787.2,14820.48
4960,20251024,4960,9,5,11,1098.6,670.89,2293.21
4961,20250214,4961,5,4,10,711.12,2401.72,6645.32
4962,20250411,4962,15,1,5,1340.62,9666.83,28523.71
4963,20251212,4963,3,6,2,1130.19,2500.45,5098.53
4964,20250823,4964,16,4,5,833.16,4253.39,18023.64
4965,20250924,4965,4,5,1,528.91,5330.34,25962.21
4966,20250219,4966,6,1,18,635.35,1695.23,2758.95
4967,20250125,4967,12,6,27,883.63,4650.89,19301.86
4968,20250128,4968,5,3,13,404.6,5587.39,22224.08
4969,20250810,4969,6,5,2,831.87,2135.29,4754.25
4970,20251228,4970,6,5,6,1046.12,1103.5,5498.55
4971,20250921,4971,8,2,29,811.41,1306.86,6321.39
4972,20250603,4972,8,6,23,1056.08,1289.73,6130.96
4973,20250131,4973,20,1,11,877.5,9451.79,23829.03
4974,20250106,4974,18,6,14,651.79,4027.53,15052.87
4975,20250622,4975,8,1,23,537.39,9450.59,24830.42
4976,20250423,4976,16,4,25,139.93,8251.73,27436.01
4977,20250622,4977,11,2,18,1027.41,5807.35,27046.49
4978,20250810,4978,20,1,8,1400.41,7642.25,33882.54
4979,20250926,4979,18,3,19,571.24,1325.57,2722.97
4980,20250107,4980,20,1,9,1480.31,6782.05,26544.36
4981,20250602,4981,15,4,7,428.5,1108.46,4640.99
4982,20251007,4982,16,4,24,587.74,4356.5,21574.65
4983,20250907,4983,9,3,19,426.73,5345.62,23730.59
4984,20251210,4984,11,2,3,1095.78,2847.11,12404.23
4985,20251001,4985,9,3,29,1447.04,5988.16,21114.5
4986,20250613,4986,10,3,1,1112.25,5092.0,19177.16
4987,20250708,4987,4,2,27,133.49,4120.98,12375.87
4988,20250313,4988,10,6,2,890.94,1745.0,7956.55
4989,20250206,4989,11,1,26,134.05,4362.45,18964.14
4990,20250311,4990,6,4,10,375.71,5192.9,18516.82
4991,20250816,4991,15,6,12,611.69,3367.34,9709.86
4992,20251007,4992,14,5,2,1197.83,5128.46,9794.95
4993,20250710,4993,16,2,17,369.14,7669.35,20461.21
4994,20250804,4994,12,2,18,1302.25,7832.56,20187.73
4995,20250411,4995,18,4,9,108.23,2344.52,7312.13
4996,20250312,4996,9,2,24,322.28,1386.79,3219.34
4997,20250831,4997,15,3,6,817.1,7424.37,31594.33
4998,20250922,4998,7,1,30,416.51,8509.17,17442.66
4999,20251018,4999,16,4,29,1092.54,9456.59,46370.58
5000,20250811,5000,4,1,4,1137.56,1279.61,2856.21
5001,20250106,5001,3,5,13,135.18,8455.62,13987.82
5002,20250608,5002,17,5,22,674.63,3454.6,11615.9
5003,20250301,5003,4,3,13,300.69,2162.43,5800.35
5004,20251119,5004,20,4,29,1337.24,9044.9,19553.01
5005,20250409,5005,17,5,27,1427.72,6618.23,15338.71
5006,20251223,5006,19,2,15,414.87,5814.07,26650.83
5007,20250609,5007,20,3,16,106.68,2445.48,7715.02
5008,20250306,5008,16,2,15,782.96,4335.28,13976.5
5009,20250626,5009,12,3,19,505.15,4679.95,12420.06
5010,20251225,5010,10,3,28,1053.18,2778.9,9282.46
5011,20250620,5011,13,4,15,512.05,8398.73,41312.91
5012,20250516,5012,1,2,15,1284.28,2064.21,6000.35
5013,20251108,5013,10,1,9,691.44,938.43,4343.89
5014,20251011,5014,12,4,22,837.35,4047.26,6709.56
5015,20251106,5015,20,1,15,334.97,6843.22,32133.82
5016,20250123,5016,1,3,12,956.25,8540.01,38558.23
5017,20250201,5017,13,3,9,611.41,9319.22,37612.27
5018,20250505,5018,2,3,24,1371.77,5029.53,9788.57
5019,20250113,5019,20,3,20,153.11,1368.53,3065.79
5020,20250113,5020,12,1,2,926.58,9775.55,36011.9
5021,20250814,5021,18,4,16,1414.07,3298.4,8703.91
5022,20250607,5022,19,4,20,397.85,8443.77,20202.12
5023,20250829,5023,6,3,26,909.2,864.87,3703.17
5024,20251218,5024,18,4,26,179.13,579.89,2432.24
5025,20250421,5025,6,5,16,362.39,6779.27,24892.05
5026,20251009,5026,19,6,14,1272.74,3723.64,10809.1
5027,20250901,5027,7,2,22,321.86,8982.59,19340.91
5028,20250504,5028,13,3,28,884.56,9795.51,45001.52
5029,20250711,5029,9,1,18,259.14,2564.28,10003.52
5030,20250711,5030,5,2,23,1092.08,8419.09,17121.63
5031,20250720,5031,4,6,22,724.37,8152.38,18077.92
5032,20250228,5032,8,5,11,606.04,9622.6,38036.17
5033,20250214,5033,9,3,11,605.92,1283.58,3411.08
5034,20250415,5034,5,6,16,659.42,4386.83,13182.06
5035,20250404,5035,4,3,13,1349.68,827.56,2911.85
5036,20251223,5036,17,5,3,1032.47,8573.13,35583.19
5037,20250129,5037,9,5,25,810.25,4954.84,22516.13
5038,20250329,5038,12,2,14,454.79,6473.85,11943.56
5039,20250304,5039,20,6,18,1279.99,967.54,3908.07
5040,20250518,5040,18,4,1,605.26,5067.81,14935.12
5041,20250908,5041,4,1,29,985.18,7417.68,15607.26
5042,20250525,5042,7,5,5,599.25,4342.73,15407.34
5043,20250908,5043,10,2,12,979.8,4286.2,14277.6
5044,20251111,5044,14,4,17,918.33,1061.33,2222.67
5045,20251214,5045,14,5,4,1000.02,5289.53,25956.22
5046,20250409,5046,15,6,11,298.34,8626.96,41133.52
5047,20250419,5047,1,3,17,487.36,9481.0,31769.32
5048,20250815,5048,8,2,17,476.69,8060.14,18067.37
5049,20251111,5049,2,3,27,1088.54,2637.42,9221.99
5050,20250613,5050,17,4,21,1282.69,3169.38,8142.4
5051,20250530,5051,9,4,28,112.69,5858.32,26332.96
5052,20250901,5052,18,5,18,105.76,5920.86,19538.02
5053,20251127,5053,20,6,19,822.0,9219.12,42845.46
5054,20250207,5054,6,4,22,1402.48,8297.94,27180.54
5055,20250910,5055,1,2,2,158.93,6976.65,31894.18
5056,20251014,5056,16,4,7,923.71,7064.39,11463.54
5057,20250429,5057,8,6,2,822.93,1361.63,4439.73
5058,20250218,5058,19,3,8,1181.02,7288.69,32175.3
5059,20250301,5059,18,6,29,1350.48,2978.74,9052.74
5060,20251027,5060,5,6,11,426.07,3496.3,10573.93
5061,20251018,5061,2,4,21,409.32,1308.27,3333.88
5062,20250130,5062,20,4,15,1305.04,1059.77,2980.7
5063,20250814,5063,4,1,1,724.42,7871.4,25693.96
5064,20250210,5064,5,6,21,791.34,4198.21,10399.03
5065,20251118,5065,12,5,11,280.0,1774.18,7912.06
5066,20250718,5066,1,3,14,1336.36,7951.02,15220.21
5067,20250225,5067,10,4,30,1309.86,8123.43,17542.2
5068,20250123,5068,14,5,25,1371.72,2119.32,5152.0
5069,20250619,5069,20,1,2,1323.79,2574.55,5606.49
5070,20250513,5070,20,3,25,156.07,6425.17,25864.59
5071,20250624,5071,10,6,19,381.48,8235.56,37328.28
5072,20250627,5072,15,4,26,747.07,8397.76,41308.54
5073,20251013,5073,2,3,24,1414.04,7100.89,27975.8
5074,20250707,5074,20,4,6,250.11,2902.01,14232.57
5075,20251202,5075,10,1,22,297.07,3770.39,15928.62
5076,20250515,5076,18,2,30,675.57,6995.5,14756.99
5077,20250401,5077,20,3,10,977.92,9161.21,45674.0
5078,20250505,5078,8,1,27,472.2,5191.48,20449.74
5079,20250217,5079,15,5,24,465.76,6326.33,29912.79
5080,20250226,5080,2,4,11,317.9,6100.42,13519.97
5081,20250201,5081,3,4,25,341.98,5208.8,19780.53
5082,20251224,5082,17,5,26,939.22,1634.92,4084.8
5083,20251110,5083,18,4,3,1393.39,9019.3,37473.08
5084,20251230,5084,10,2,28,468.52,8013.99,19865.66
5085,20250425,5085,6,3,17,425.59,3156.94,7274.89
5086,20250725,5086,17,4,15,376.11,8117.1,30602.69
5087,20251112,5087,10,3,19,663.81,6965.48,13318.74
5088,20250803,5088,7,4,6,1319.36,8799.04,27748.19
5089,20250503,5089,5,1,30,1432.74,4827.54,20578.22
5090,20250420,5090,1,5,10,378.66,612.26,1414.2
5091,20250804,5091,11,1,16,836.75,7530.52,15165.32
5092,20250205,5092,5,5,26,636.95,3491.35,14507.31
5093,20250915,5093,14,6,27,647.28,6357.89,9883.33
5094,20250512,5094,15,5,23,1130.63,9672.55,17048.28
5095,20250826,5095,2,4,19,235.44,2088.77,5191.7
5096,20250603,5096,3,4,17,1113.23,8758.74,36732.3
5097,20251203,5097,8,3,14,881.83,4467.75,15290.62
5098,20250326,5098,13,6,8,1337.66,5809.49,17158.22
5099,20250723,5099,16,3,7,795.76,9975.73,39306.84
5100,20250210,5100,3,5,9,692.46,9408.78,21031.88
5101,20250308,5101,7,6,13,1018.38,1412.29,4824.04
5102,20251225,5102,17,3,10,445.44,7137.37,26778.79
5103,20250519,5103,10,3,16,585.87,8960.81,36812.67
5104,20250825,5104,4,4,4,779.12,3055.07,13616.22
5105,20250422,5105,15,2,27,815.73,6766.23,24532.12
5106,20250123,5106,14,6,5,286.91,3343.03,11768.16
5107,20250113,5107,1,2,5,982.27,8875.24,28703.11
5108,20251013,5108,4,4,16,147.72,2336.02,7689.7
5109,20250122,5109,3,3,5,1267.78,5255.31,13374.22
5110,20250620,5110,15,1,24,349.22,7105.32,26447.39
5111,20250302,5111,5,2,26,1041.9,6181.04,24848.14
5112,20250829,5112,5,6,15,1244.37,2150.78,4317.71
5113,20251130,5113,6,5,25,865.9,5523.78,21702.37
5114,20250115,5114,10,6,10,792.78,5400.75,12869.57
5115,20250410,5115,17,5,23,510.64,5463.44,15623.17
5116,20250415,5116,9,1,25,713.94,570.76,1484.52
5117,20250802,5117,5,4,10,804.85,2612.0,7507.1
5118,20251224,5118,16,4,13,239.9,6037.86,25068.98
5119,20250510,5119,7,3,20,981.61,6951.22,34575.82
5120,20250109,5120,2,5,18,821.82,598.47,2849.27
5121,20251017,5121,5,4,14,956.52,3636.81,15487.37
5122,20250325,5122,7,5,30,1317.27,7274.22,23669.88
5123,20250923,5123,12,6,3,626.42,8639.23,16956.77
5124,20250809,5124,16,4,30,1093.38,7155.07,24599.55
5125,20250725,5125,12,2,27,581.6,6841.46,12083.71
5126,20250709,5126,15,4,11,626.3,5803.49,11969.1
5127,20250806,5127,14,5,15,107.19,3495.08,9072.62
5128,20251224,5128,3,3,28,375.01,4948.79,20631.86
5129,20251130,5129,1,3,29,1366.0,9109.29,38588.11
5130,20251114,5130,16,5,2,659.94,6955.9,23026.71
5131,20250111,5131,1,6,5,344.05,1522.0,6569.91
5132,20251222,5132,9,5,16,1204.45,915.6,3356.26
5133,20250916,5133,9,4,29,864.05,3356.28,10157.46
5134,20250216,5134,3,4,12,461.17,6005.15,26445.59
5135,20250505,5135,6,3,5,453.9,4944.94,15324.86
5136,20250723,5136,6,1,24,1464.61,3546.05,8687.94
5137,20250321,5137,4,3,7,1320.21,8908.42,29892.66
5138,20251208,5138,17,5,11,1193.85,2446.83,5191.31
5139,20250824,5139,16,2,25,1290.21,9556.29,33526.64
5140,20250522,5140,6,1,20,1407.14,6257.84,17383.4
5141,20250930,5141,18,4,30,513.47,900.17,3554.69
5142,20250913,5142,1,2,3,817.67,568.82,1839.17
5143,20251012,5143,13,6,5,177.98,529.22,1220.11
5144,20250827,5144,8,2,8,1088.12,5055.9,21212.02
5145,20250723,5145,3,1,13,1062.73,5731.13,13491.7
5146,20250517,5146,3,3,5,1348.37,1140.11,2470.82
5147,20251130,5147,2,3,30,977.0,2354.79,9986.97
5148,20250613,5148,13,3,23,1048.83,2955.24,13354.32
5149,20250310,5149,6,6,16,790.71,6166.55,17325.46
5150,20250723,5150,20,6,25,1033.51,1240.63,3950.09
5151,20251017,5151,2,5,13,1024.53,4396.6,7796.96
5152,20251218,5152,19,2,5,122.64,8435.43,25705.67
5153,20250518,5153,10,1,20,373.5,4784.22,18994.11
5154,20250113,5154,11,4,29,1472.81,6331.24,20607.23
5155,20251126,5155,10,1,5,1465.33,3218.0,9647.8
5156,20250503,5156,20,2,27,892.83,1168.25,2747.25
5157,20251007,5157,12,4,10,1237.37,5496.29,16042.89
5158,20251029,5158,6,5,26,1273.04,8838.04,28427.35
5159,20250612,5159,20,2,30,932.53,752.13,1479.73
5160,20250317,5160,17,2,20,402.0,7309.61,33296.44
5161,20251223,5161,15,2,1,1460.92,3414.09,11639.67
5162,20250902,5162,11,3,16,1381.14,7619.62,36931.87
5163,20250129,5163,8,5,24,723.24,7460.99,27980.53
5164,20250904,5164,12,3,24,1322.1,7088.24,11043.26
5165,20251017,5165,14,2,24,142.52,5348.03,18308.8
5166,20250725,5166,8,5,26,849.64,4065.4,7348.7
5167,20250405,5167,7,1,7,283.09,5150.62,15437.11
5168,20251024,5168,9,2,5,380.62,8319.46,18099.14
5169,20250126,5169,19,2,4,324.05,3978.36,10853.53
5170,20251008,5170,7,1,18,508.67,9471.27,31288.14
5171,20250307,5171,12,2,19,782.53,943.84,1594.26
5172,20250418,5172,3,3,22,604.44,4731.52,20205.87
5173,20251227,5173,10,5,8,1239.23,1175.41,3860.21
5174,20251007,5174,6,6,21,1025.18,6350.62,22706.34
5175,20251024,5175,15,6,16,779.06,7276.16,25417.7
5176,20250409,5176,9,5,22,240.26,2899.3,10526.32
5177,20250312,5177,14,2,14,431.21,3937.68,9798.3
5178,20251102,5178,17,3,10,1004.44,3768.99,8680.25
5179,20250904,5179,13,3,23,1435.71,6125.52,12769.86
5180,20251213,5180,12,3,5,1370.57,8519.98,17586.65
5181,20250531,5181,15,5,2,722.32,583.27,1209.7
5182,20251116,5182,18,1,10,487.69,9337.69,27991.16
5183,20251014,5183,20,6,28,433.56,6078.32,21959.43
5184,20250811,5184,1,3,18,389.54,7081.93,15722.72
5185,20251023,5185,2,6,28,1273.74,9057.9,13616.94
5186,20250411,5186,20,6,12,480.46,1391.92,2449.89
5187,20250419,5187,20,1,26,1350.54,9045.59,40485.97
5188,20251020,5188,5,6,10,1454.89,7502.57,31765.05
5189,20250224,5189,19,3,25,1217.13,8468.22,35294.81
5190,20250110,5190,11,6,2,1183.88,7481.49,31059.62
5191,20250802,5191,20,2,10,1287.32,7354.6,19380.74
5192,20251018,5192,17,2,18,1157.72,4264.4,20370.81
5193,20250809,5193,8,3,14,937.29,3481.53,14703.13
5194,20250601,5194,3,1,16,847.17,5129.59,15019.95
5195,20250704,5195,11,1,13,981.79,5325.88,10622.61
5196,20250817,5196,10,5,15,782.95,2177.74,7663.13
5197,20250329,5197,19,1,16,951.93,2725.66,5794.5
5198,20250802,5198,17,2,22,878.89,844.14,3094.52
5199,20250525,5199,4,3,21,100.99,4395.22,11803.46
5200,20250131,5200,18,3,15,899.17,4628.23,18589.64
5201,20251211,5201,20,4,30,1310.68,5022.84,22373.46
5202,20250306,5202,16,5,12,318.96,9426.26,20662.18
5203,20251104,5203,5,5,14,242.16,7853.1,23161.33
5204,20251114,5204,1,3,21,603.19,5721.35,28170.86
5205,20250726,5205,6,6,14,897.33,7829.12,12437.65
5206,20251123,5206,7,6,5,1027.68,7071.44,14465.61
5207,20251216,5207,12,4,27,1216.03,9263.88,20217.93
5208,20250103,5208,2,5,19,679.28,7740.9,19389.61
5209,20251231,5209,16,4,15,303.18,3201.39,5296.05
5210,20251110,5210,17,4,13,365.48,9903.57,39043.62
5211,20250514,5211,5,5,24,898.66,6512.88,17521.4
5212,20250223,5212,16,6,23,116.92,5514.65,26379.49
5213,20250204,5213,8,5,9,222.39,8405.74,18864.95
5214,20251124,5214,17,2,30,556.41,4422.09,13771.88
5215,20250721,5215,17,1,25,1417.44,5810.48,25767.84
5216,20250629,5216,11,1,15,357.97,2375.4,4035.09
5217,20250911,5217,16,1,3,1298.31,9395.31,40948.52
5218,20250102,5218,16,3,13,1443.88,4499.29,8048.77
5219,20251205,5219,3,6,25,1355.45,9692.94,33871.32
5220,20251119,5220,16,1,18,691.16,2076.01,9471.98
5221,20250126,5221,7,5,28,150.72,2790.87,7654.24
5222,20250508,5222,4,4,6,208.72,2897.56,11094.87
5223,20250628,5223,13,5,16,942.1,6908.53,28431.44
5224,20250814,5224,18,3,25,716.53,8037.59,35377.06
5225,20251031,5225,15,5,17,380.57,9651.06,46283.65
5226,20250426,5226,1,2,3,399.9,510.8,1790.55
5227,20250703,5227,8,2,22,1352.1,4563.66,14551.3
5228,20251107,5228,2,1,5,880.84,3347.19,11099.75
5229,20250216,5229,1,3,5,1356.66,2061.54,6590.27
5230,20250713,5230,8,5,10,677.67,5136.38,17169.4
5231,20251205,5231,11,3,22,1498.73,8585.57,40823.03
5232,20251027,5232,6,5,23,1282.42,9488.14,42225.05
5233,20250701,5233,8,3,6,729.33,3029.38,9300.88
5234,20250108,5234,14,5,30,406.44,9908.39,17725.15
5235,20250407,5235,19,4,22,1443.06,4881.45,13016.53
5236,20250706,5236,12,1,5,1104.27,2031.24,3714.07
5237,20251208,5237,15,2,7,1355.83,749.41,2318.79
5238,20250901,5238,5,2,22,411.49,1994.11,6910.02
5239,20250630,5239,20,3,10,182.2,782.15,1775.48
5240,20250107,5240,16,5,16,370.73,5398.86,22949.9
5241,20250421,5241,8,3,5,345.25,6980.35,13841.99
5242,20250202,5242,16,1,8,1145.12,8518.46,15735.14
5243,20250413,5243,19,5,23,760.2,6031.12,18912.61
5244,20250207,5244,2,2,23,763.34,2461.19,6557.37
5245,20250812,5245,5,5,21,1039.97,6394.25,11095.56
5246,20251205,5246,8,6,19,1051.08,8700.66,36245.32
5247,20250720,5247,3,4,7,876.05,7077.74,28403.65
5248,20250610,5248,11,4,30,870.57,2354.34,6130.26
5249,20250122,5249,5,6,24,364.21,4178.5,6590.02
5250,20251227,5250,9,1,20,1008.78,5196.92,22547.73
5251,20250410,5251,10,5,19,1096.87,5458.66,25061.91
5252,20250811,5252,7,4,23,1249.0,1873.77,5402.89
5253,20250702,5253,13,4,12,316.03,3040.47,13085.21
5254,20250221,5254,4,3,27,934.38,9979.75,47362.47
5255,20251031,5255,3,1,8,1407.75,3808.87,17308.45
5256,20250506,5256,5,6,26,637.81,955.51,3557.98
5257,20251005,5257,14,2,19,1295.7,5189.96,21975.14
5258,20251006,5258,13,3,8,660.08,8898.92,18216.74
5259,20250729,5259,5,6,30,1244.64,4116.92,9229.59
5260,20250719,5260,9,1,14,960.86,5112.82,8163.46
5261,20250913,5261,5,6,30,492.44,5714.66,8680.05
5262,20250423,5262,17,1,24,999.78,3418.03,6929.25
5263,20250223,5263,19,5,8,309.72,3670.36,9712.04
5264,20250504,5264,18,1,7,1331.41,963.27,4206.48
5265,20251115,5265,7,6,28,1433.77,8042.8,39966.52
5266,20250617,5266,17,1,7,803.86,9505.61,37292.59
5267,20250820,5267,9,4,22,919.92,9365.42,43840.05
5268,20251228,5268,10,4,23,1276.56,1824.56,3179.3
5269,20250512,5269,19,4,16,1103.05,5343.91,23012.09
5270,20250808,5270,6,5,21,722.21,7189.34,27522.09
5271,20250321,5271,12,1,26,659.97,3996.36,15483.46
5272,20250715,5272,7,2,19,141.44,9843.95,21611.28
5273,20250127,5273,6,2,27,546.66,2052.37,9702.9
5274,20250619,5274,5,6,20,182.08,2856.45,5999.56
5275,20250504,5275,14,3,25,112.51,5507.11,15177.54
5276,20250617,5276,17,4,2,910.92,2069.57,7414.19
5277,20250110,5277,7,3,7,976.31,7320.82,20826.91
5278,20251007,5278,9,2,17,724.01,3389.0,15577.28
5279,20250622,5279,19,2,18,450.36,1970.73,3826.65
5280,20250301,5280,3,6,3,1005.82,5267.9,21714.2
5281,20250510,5281,20,3,4,1208.88,8262.37,25129.7
5282,20250724,5282,3,6,2,433.48,9114.15,26806.16
5283,20250531,5283,15,6,30,229.08,4752.2,10347.84
5284,20250305,5284,19,6,26,822.2,7969.87,13769.71
5285,20250407,5285,11,6,2,745.98,2930.99,8539.66
5286,20250414,5286,3,3,10,594.89,2722.59,9329.52
5287,20251202,5287,7,3,27,437.97,597.09,1286.62
5288,20250308,5288,18,5,26,871.54,4648.45,18858.1
5289,20251028,5289,19,2,13,300.77,8717.43,33132.48
5290,20250206,5290,10,3,8,452.48,4641.03,20201.26
5291,20250921,5291,9,2,17,673.25,9812.16,32425.6
5292,20250211,5292,14,1,15,370.2,4412.25,18482.44
5293,20250923,5293,14,4,19,1156.05,9427.31,41991.1
5294,20250927,5294,16,5,15,921.61,5637.55,23346.95
5295,20250729,5295,19,3,17,408.92,7572.61,34864.48
5296,20250917,5296,8,1,4,299.91,5052.01,15615.82
5297,20250704,5297,3,5,14,1420.24,9194.82,31180.05
5298,20251014,5298,12,3,27,1339.62,6941.68,15798.56
5299,20250721,5299,18,4,23,429.24,9899.67,24884.27
5300,20250218,5300,20,2,8,1139.01,6345.43,12289.47
5301,20250314,5301,3,2,22,1136.39,5038.47,9162.34
5302,20250821,5302,7,2,8,395.13,5224.03,15001.4
5303,20250215,5303,11,5,17,792.9,7174.04,23136.62
5304,20250112,5304,12,6,11,483.89,4265.99,13247.7
5305,20251225,5305,5,6,25,914.72,6771.79,30873.8
5306,20250107,5306,6,6,21,1425.56,1991.62,4764.67
5307,20251009,5307,13,3,25,301.22,5539.96,20151.43
5308,20250722,5308,8,6,22,279.55,785.37,1836.05
5309,20250207,5309,8,4,2,302.3,8891.58,17214.72
5310,20250930,5310,12,1,30,848.9,6392.51,12008.53
5311,20250516,5311,10,5,29,934.04,5627.8,13146.04
5312,20250729,5312,2,6,20,394.64,6978.7,19991.14
5313,20251116,5313,20,1,22,1371.92,7191.81,16920.38
5314,20251026,5314,4,3,27,620.12,7564.11,24301.61
5315,20250604,5315,4,2,8,728.72,5965.26,17045.56
5316,20250109,5316,12,3,12,647.69,3863.46,10596.9
5317,20251009,5317,2,2,8,583.93,5187.1,13920.71
5318,20250806,5318,7,4,8,143.7,6975.41,13276.02
5319,20250420,5319,6,3,22,1308.04,538.82,1678.97
5320,20250312,5320,17,4,18,411.87,7549.16,23571.12
5321,20250111,5321,17,5,13,1297.88,6249.55,10054.37
5322,20251211,5322,8,2,14,1455.06,7944.24,25139.39
5323,20250305,5323,12,4,22,450.44,2547.11,10537.74
5324,20251229,5324,6,6,11,815.5,4915.87,8289.94
5325,20250611,5325,15,1,8,774.29,3050.85,5868.07
5326,20251226,5326,20,2,27,1400.35,1758.19,4898.88
5327,20250109,5327,7,1,24,120.22,3986.47,18151.83
5328,20250423,5328,8,4,10,1033.82,6068.24,28912.02
5329,20250327,5329,13,6,8,143.97,6983.8,23676.37
5330,20250714,5330,1,1,7,894.3,6458.55,29310.66
5331,20250802,5331,8,6,21,1047.77,7346.79,28702.71
5332,20250426,5332,17,2,13,135.88,4533.73,7892.35
5333,20250522,5333,13,6,14,186.05,7009.27,27467.94
5334,20251104,5334,11,5,12,448.44,9950.3,15648.46
5335,20250805,5335,13,2,26,358.53,6220.6,27668.47
5336,20250219,5336,6,3,4,927.96,9888.89,27502.63
5337,20250312,5337,16,6,16,448.42,7514.65,34262.49
5338,20251030,5338,1,5,6,1145.43,891.35,4242.11
5339,20250403,5339,15,5,17,306.87,4035.33,11544.03
5340,20250101,5340,11,4,3,1042.05,3272.67,12519.03
5341,20251213,5341,3,4,2,353.77,8647.91,41821.24
5342,20250504,5342,6,4,29,1169.68,4605.38,8093.08
5343,20251126,5343,11,5,6,172.57,1140.12,3718.53
5344,20250827,5344,17,5,14,161.94,2933.99,13364.9
5345,20250529,5345,3,6,8,542.58,2537.14,9185.82
5346,20250110,5346,4,6,6,1303.26,1449.81,5139.67
5347,20250306,5347,20,3,2,1239.59,8137.86,22819.88
5348,20250726,5348,4,5,2,753.26,3136.22,11612.31
5349,20251109,5349,18,1,24,1263.82,5422.15,17035.77
5350,20251214,5350,14,5,6,470.09,1345.02,2038.97
5351,20251118,5351,5,5,30,1039.89,5595.71,24103.5
5352,20250918,5352,1,6,26,453.96,7632.63,34141.72
5353,20250726,5353,1,3,28,1042.6,5551.89,14150.83
5354,20250917,5354,19,4,17,1018.38,798.54,2988.31
5355,20251012,5355,5,3,1,433.36,7093.7,22662.93
5356,20250816,5356,2,3,19,1292.99,7961.04,21642.81
5357,20250405,5357,16,6,17,798.19,6225.67,15089.45
5358,20250823,5358,2,3,18,1116.52,9726.32,18011.89
5359,20250630,5359,4,6,25,427.28,2096.39,8749.7
5360,20250902,5360,14,1,13,275.96,955.67,3601.46
5361,20250227,5361,16,6,14,1094.49,3771.54,7181.62
5362,20250131,5362,6,2,26,1039.64,4729.5,7979.25
5363,20250419,5363,3,6,13,1036.02,1962.24,9123.84
5364,20250314,5364,5,2,10,247.74,8640.04,34199.22
5365,20250720,5365,1,2,6,1289.5,4941.96,19445.09
5366,20251116,5366,5,5,1,1306.48,2890.73,7130.06
5367,20250715,5367,1,4,11,251.57,7636.48,36283.27
5368,20250917,5368,14,2,10,733.82,9354.95,35912.85
5369,20251031,5369,17,1,2,399.23,9423.41,34094.08
5370,20251123,5370,16,1,22,498.62,8579.27,19541.44
5371,20250320,5371,7,2,28,810.81,8941.47,31282.64
5372,20250326,5372,17,6,1,562.9,3316.12,5890.22
5373,20251203,5373,14,2,5,271.36,4622.21,19652.88
5374,20251101,5374,5,5,14,253.37,1931.33,7025.91
5375,20250315,5375,18,2,10,257.91,1208.62,3731.27
5376,20250306,5376,18,1,9,552.53,2303.02,6866.91
5377,20250921,5377,16,3,20,251.27,9144.0,17705.71
5378,20251009,5378,18,1,6,1029.88,2166.08,4372.99
5379,20251026,5379,7,1,12,958.04,7372.57,21566.35
5380,20250430,5380,20,6,15,1076.05,4061.07,6642.09
5381,20250606,5381,1,6,27,897.09,3262.92,11796.33
5382,20250206,5382,20,5,28,207.24,8785.7,32473.67
5383,20250131,5383,10,2,7,193.68,9090.26,36983.37
5384,20250916,5384,18,5,27,655.15,8936.99,14347.29
5385,20250213,5385,19,1,11,1477.93,9266.71,42097.7
5386,20250920,5386,18,1,26,953.59,2547.36,10506.16
5387,20250105,5387,3,5,8,204.83,2157.84,6366.03
5388,20251108,5388,18,3,28,1363.9,3996.89,11703.09
5389,20250811,5389,6,6,19,1040.17,8897.89,38042.76
5390,20251218,5390,9,6,25,1396.89,2938.68,11476.2
5391,20251104,5391,17,3,17,186.56,1175.01,4485.31
5392,20250711,5392,9,1,30,1347.26,8547.77,15879.72
5393,20251006,5393,17,2,22,297.78,2551.28,10827.46
5394,20251110,5394,18,4,9,217.61,6506.5,27499.19
5395,20250806,5395,12,6,11,1186.06,7918.98,21789.33
5396,20250309,5396,2,2,30,785.04,5139.54,11500.99
5397,20250908,5397,10,5,21,1006.05,2754.94,12078.63
5398,20250814,5398,18,4,17,265.75,2246.39,10878.44
5399,20250630,5399,10,4,4,1499.23,7133.27,26343.28
5400,20250623,5400,1,1,25,1200.79,7294.72,18938.32
5401,20250826,5401,2,5,14,128.89,4818.85,8473.82
5402,20250224,5402,1,1,24,1466.64,4248.14,7294.61
5403,20250919,5403,13,3,20,875.2,1821.01,4115.73
5404,20250522,5404,1,5,22,1449.01,7750.08,22595.2
5405,20251229,5405,8,2,29,1194.01,7584.62,24474.61
5406,20250128,5406,19,4,30,760.68,3369.88,16840.74
5407,20250913,5407,13,1,3,153.37,8515.21,18732.15
5408,20250308,5408,20,6,4,980.35,2803.45,7312.85
5409,20250610,5409,1,4,9,472.01,6240.64,25971.31
5410,20251103,5410,18,2,12,1181.68,4441.12,19486.82
5411,20251213,5411,1,4,15,582.98,1390.2,6678.62
5412,20251231,5412,18,1,17,556.15,2443.84,6292.77
5413,20250928,5413,17,2,28,221.08,2917.04,10975.17
5414,20250125,5414,16,1,14,504.58,5733.02,9520.15
5415,20251031,5415,16,4,22,447.52,4855.46,12489.2
5416,20250914,5416,12,6,23,197.51,7563.25,33253.84
5417,20250126,5417,17,5,27,1044.23,5520.26,19134.37
5418,20250213,5418,20,2,15,858.08,9883.74,35607.72
5419,20250606,5419,4,2,25,1154.46,8636.3,39522.0
5420,20250426,5420,20,6,26,263.82,4729.28,21831.98
5421,20250604,5421,18,4,30,1445.53,4023.22,6728.0
5422,20250421,5422,13,4,29,905.73,7995.91,33181.64
5423,20250328,5423,1,5,18,744.35,2028.73,8253.23
5424,20251210,5424,5,4,22,659.67,5783.64,26370.47
5425,20250622,5425,19,6,13,1477.21,9321.3,18260.31
5426,20250328,5426,2,6,3,317.24,7666.24,12538.21
5427,20251019,5427,1,5,14,217.74,5574.21,10671.97
5428,20250122,5428,18,4,22,1428.94,7795.34,28474.83
5429,20250723,5429,18,2,1,451.77,9664.39,25549.75
5430,20250718,5430,3,3,19,967.53,2193.99,9977.08
5431,20250516,5431,4,3,19,419.26,2687.08,6953.31
5432,20250625,5432,7,1,4,677.97,3050.09,14616.78
5433,20250705,5433,10,5,27,968.65,6269.28,27157.66
5434,20250220,5434,8,4,21,509.99,3349.85,6737.55
5435,20250330,5435,18,4,20,719.73,3097.19,5454.56
5436,20250821,5436,16,3,3,410.85,6411.55,20323.26
5437,20250213,5437,7,4,4,1318.91,964.93,3294.06
5438,20250513,5438,15,3,8,1050.98,4133.56,14827.56
5439,20250531,5439,8,1,30,817.58,5223.63,9542.57
5440,20250805,5440,19,3,4,105.78,3175.86,7388.74
5441,20251109,5441,1,5,21,707.03,4902.64,22346.5
5442,20251111,5442,11,1,20,1368.99,4823.76,11013.42
5443,20251208,5443,15,2,10,777.28,9081.66,37257.66
5444,20250115,5444,12,1,7,1171.3,550.47,2555.37
5445,20250421,5445,10,6,24,659.99,1636.06,5353.6
5446,20250506,5446,8,4,16,168.16,8181.5,25610.69
5447,20250729,5447,14,6,18,729.24,3105.01,13278.01
5448,20250626,5448,15,5,18,426.36,868.08,2334.11
5449,20250213,5449,17,6,9,1134.38,2219.67,3702.94
5450,20251221,5450,8,5,11,528.29,3318.68,10437.03
5451,20251027,5451,3,1,4,374.54,3207.68,7256.0
5452,20251020,5452,1,4,13,1453.4,5007.25,9001.33
5453,20250425,5453,19,1,13,545.5,9754.31,33354.48
5454,20251216,5454,20,6,21,751.35,6429.87,13113.68
5455,20250317,5455,14,2,12,1293.69,6173.03,27060.83
5456,20250731,5456,4,1,15,1201.89,4603.97,17605.21
5457,20250224,5457,2,1,5,871.02,9832.81,40101.57
5458,20250228,5458,3,5,5,420.1,6759.26,10712.14
5459,20250914,5459,8,6,5,1353.07,5873.39,23035.04
5460,20250928,5460,18,3,15,965.97,1697.75,6752.34
5461,20251211,5461,10,3,29,167.27,704.14,1692.17
5462,20250216,5462,5,5,4,682.47,8842.83,19507.17
5463,20250305,5463,15,3,11,993.27,4909.53,10206.19
5464,20250213,5464,1,3,3,286.84,6477.65,29524.17
5465,20250320,5465,15,3,1,1146.9,7025.22,27563.71
5466,20250910,5466,8,5,2,328.76,1663.79,7687.14
5467,20250724,5467,18,6,9,1459.79,8421.06,29057.82
5468,20251127,5468,17,5,1,951.89,8636.73,35751.99
5469,20250903,5469,18,4,17,1315.25,1470.95,5693.66
5470,20250218,5470,14,5,5,364.23,4807.81,20296.66
5471,20250822,5471,17,1,23,120.83,3103.24,14327.03
5472,20250118,5472,12,2,1,714.39,3757.35,18190.33
5473,20250221,5473,9,1,7,987.64,1850.84,6102.49
5474,20251113,5474,11,3,11,850.33,3762.09,13877.37
5475,20251222,5475,13,1,7,1306.1,1093.27,2423.52
5476,20251129,5476,13,5,12,487.25,9310.11,42499.07
5477,20251125,5477,13,6,27,1115.16,2458.56,6317.98
5478,20251219,5478,19,6,24,1069.39,6741.53,12640.63
5479,20250720,5479,15,5,9,678.13,3685.09,9313.86
5480,20250901,5480,2,4,1,1192.34,8655.31,36509.32
5481,20251209,5481,16,4,17,359.18,8710.5,22752.44
5482,20250320,5482,5,1,2,476.35,9302.09,19247.4
5483,20250406,5483,18,3,26,1352.17,9156.71,43752.36
5484,20250304,5484,9,2,14,1322.4,8262.11,14883.7
5485,20250129,5485,15,6,5,1045.71,3974.42,13427.38
5486,20250504,5486,13,2,3,701.19,9940.52,34211.3
5487,20250910,5487,13,6,1,669.25,4602.19,16111.14
5488,20250909,5488,12,6,17,973.41,6558.46,31469.74
5489,20250712,5489,13,2,16,636.42,8082.06,18529.86
5490,20250509,5490,9,2,24,1093.33,5801.55,21701.12
5491,20250127,5491,14,4,27,609.22,7201.67,12903.38
5492,20250304,5492,6,3,22,1160.57,3359.82,8120.2
5493,20250615,5493,19,5,19,1468.17,5032.96,16420.17
5494,20251202,5494,15,4,15,307.05,9160.1,19276.08
5495,20251124,5495,9,5,15,366.4,5623.24,19171.22
5496,20250104,5496,3,5,13,999.9,1573.71,4848.98
5497,20250204,5497,17,2,2,1323.63,6713.83,27704.84
5498,20250624,5498,17,6,14,1194.8,4333.6,10442.58
5499,20250622,5499,17,5,3,1153.58,7044.13,18766.89
5500,20251014,5500,9,5,2,1124.56,1793.46,5459.95
5501,20250702,5501,9,3,25,1150.35,8127.63,31642.95
5502,20250519,5502,14,2,25,298.54,7270.7,22491.87
5503,20250226,5503,14,1,9,1244.18,4008.94,10314.38
5504,20251130,5504,9,6,8,656.44,3929.7,17030.28
5505,20250622,5505,5,6,18,246.36,6090.62,24634.11
5506,20250323,5506,10,3,18,390.64,4677.91,20235.46
5507,20250830,5507,17,1,16,123.73,6006.74,20149.86
5508,20250803,5508,1,3,20,282.61,5845.78,15434.6
5509,20250618,5509,5,4,6,701.08,2441.21,9998.87
5510,20250501,5510,12,5,13,479.2,5314.88,17039.16
5511,20250501,5511,7,3,11,803.77,1515.79,3609.76
5512,20250817,5512,9,2,6,1007.04,8210.05,27601.33
5513,20250408,5513,3,5,15,412.72,3855.04,16871.03
5514,20250610,5514,12,2,2,1117.31,4507.18,20930.76
5515,20250831,5515,2,3,5,651.41,9608.38,17812.66
5516,20251111,5516,13,3,10,1438.96,9703.53,43046.23
5517,20250627,5517,20,4,21,460.33,9224.99,44609.75
5518,20250514,5518,4,1,15,361.2,4193.51,11650.35
5519,20250807,5519,3,1,29,974.04,8119.71,27867.11
5520,20250616,5520,10,3,10,582.1,8193.09,35007.33
5521,20250512,5521,2,4,24,387.81,2432.32,11684.54
5522,20250806,5522,2,3,5,1473.15,6618.65,14788.74
5523,20250717,5523,17,1,14,138.78,3848.99,6486.46
5524,20250829,5524,19,4,29,822.56,596.13,1973.15
5525,20250519,5525,17,5,12,853.38,8526.72,41011.55
5526,20250905,5526,10,2,24,412.43,597.74,1882.86
5527,20250619,5527,18,4,8,140.06,6512.67,15927.84
5528,20250828,5528,5,4,15,1083.74,2723.33,7516.42
5529,20250425,5529,13,4,9,519.81,1436.75,4949.11
5530,20250522,5530,2,4,18,662.11,5802.99,23013.66
5531,20250611,5531,6,5,28,1129.68,7310.88,17840.92
5532,20250722,5532,7,5,4,660.38,8506.23,39070.3
5533,20250207,5533,6,6,8,589.21,8847.62,23725.67
5534,20250827,5534,4,2,13,1380.17,9449.34,25493.98
5535,20250201,5535,14,4,10,1027.76,1495.77,3824.08
5536,20251224,5536,4,5,8,1104.94,1805.77,5761.18
5537,20250330,5537,12,4,23,528.07,7709.89,24096.47
5538,20251125,5538,13,2,29,1297.3,2833.17,8862.73
5539,20250718,5539,6,6,26,662.22,8821.16,37976.44
5540,20251215,5540,2,5,15,235.62,3614.01,5939.25
5541,20250902,5541,15,2,27,992.6,4269.92,12441.64
5542,20251101,5542,11,4,27,479.22,1083.31,3911.52
5543,20250128,5543,19,5,19,601.24,3445.83,11720.67
5544,20250728,5544,18,5,4,1074.78,7438.02,34701.96
5545,20250904,5545,12,6,7,762.75,8195.73,20202.23
5546,20250311,5546,11,3,10,497.39,6638.74,24647.76
5547,20251011,5547,4,3,14,1022.29,2318.91,9619.07
5548,20250429,5548,7,2,4,985.59,2693.91,13411.68
5549,20250826,5549,15,2,10,202.97,4699.44,15807.65
5550,20250218,5550,10,5,23,1403.31,4087.72,19802.95
5551,20250415,5551,5,3,21,1402.47,2289.98,6125.06
5552,20250812,5552,15,3,24,510.16,6797.68,23696.17
5553,20250120,5553,10,3,26,1160.21,9597.9,27206.92
5554,20250822,5554,12,4,25,204.1,4706.49,13753.95
5555,20250516,5555,17,5,23,202.61,3602.2,6231.43
5556,20250601,5556,17,1,13,282.47,5031.64,8811.53
5557,20251022,5557,17,6,20,839.79,7716.61,20857.89
5558,20251107,5558,11,2,25,913.08,2068.49,4813.0
5559,20251207,5559,7,6,20,515.21,8134.34,33213.14
5560,20250922,5560,8,6,7,1008.89,2789.85,5112.1
5561,20251228,5561,16,6,25,528.78,3939.82,10488.57
5562,20250627,5562,1,5,2,105.68,9356.52,21940.54
5563,20251121,5563,17,5,17,800.51,7080.06,19775.99
5564,20250411,5564,1,2,15,1481.79,4392.51,9854.54
5565,20250103,5565,13,4,18,896.42,8350.85,37961.95
5566,20250216,5566,3,6,3,1499.54,6613.08,11854.9
5567,20250401,5567,3,4,23,365.32,5168.34,14274.51
5568,20250916,5568,6,6,12,975.72,2289.29,8657.05
5569,20250418,5569,18,1,23,843.65,8540.35,28671.78
5570,20251003,5570,6,2,12,259.27,5012.22,22975.22
5571,20250809,5571,1,5,30,1332.08,9745.1,18644.44
5572,20250811,5572,7,6,15,1391.1,1662.43,7057.27
5573,20250323,5573,4,6,30,930.55,4870.77,20828.0
5574,20250326,5574,3,3,15,1475.71,6943.84,18517.48
5575,20250318,5575,6,3,1,138.8,1343.77,3940.73
5576,20250620,5576,13,2,4,735.06,783.42,2696.26
5577,20250718,5577,17,1,8,1359.21,7797.45,25702.18
5578,20250507,5578,8,4,26,538.72,8503.67,33903.87
5579,20250601,5579,13,4,8,1137.61,5023.23,17223.39
5580,20250701,5580,7,6,12,420.82,4368.87,16444.13
5581,20251120,5581,9,4,20,867.38,3037.7,6644.87
5582,20250706,5582,4,3,23,1499.79,643.51,2225.55
5583,20250905,5583,14,1,8,1001.82,8180.45,14261.38
5584,20250111,5584,9,2,25,318.24,3986.99,6671.36
5585,20250202,5585,15,5,19,1245.25,1282.74,3567.65
5586,20251126,5586,10,6,25,612.91,7344.76,26532.68
5587,20250225,5587,6,4,22,149.36,6753.05,12937.54
5588,20251126,5588,12,3,24,797.66,5253.81,8153.8
5589,20250817,5589,1,2,21,1482.17,1402.2,2762.57
5590,20250624,5590,10,3,16,884.69,4399.31,13959.32
5591,20250716,5591,10,1,17,107.33,9647.78,32391.82
5592,20250614,5592,9,3,22,643.03,9455.82,24854.47
5593,20250128,5593,11,5,1,555.88,4500.52,20904.22
5594,20251023,5594,16,5,20,1160.61,999.22,1528.3
5595,20251223,5595,11,1,22,1496.37,1375.01,4253.71
5596,20250322,5596,3,1,8,788.69,4256.72,13252.13
5597,20251128,5597,14,6,19,1452.32,6179.04,10577.82
5598,20250903,5598,16,4,29,810.28,1504.07,6400.46
5599,20251030,5599,12,4,18,1081.08,3994.99,9924.76
5600,20250614,5600,14,3,13,188.17,4577.49,22057.74
5601,20251220,5601,13,1,13,793.69,3285.78,16275.33
5602,20250504,5602,15,5,9,231.42,7539.03,12800.5
5603,20250306,5603,11,1,6,918.54,925.45,2233.88
5604,20250317,5604,1,4,6,1402.12,7821.65,30175.04
5605,20250330,5605,9,4,1,830.83,9852.25,37407.5
5606,20251205,5606,18,2,27,1245.8,3200.75,13483.31
5607,20251231,5607,7,2,4,942.16,9993.93,38472.37
5608,20250119,5608,15,3,8,558.66,8916.08,40106.59
5609,20250524,5609,8,4,11,1271.39,2124.37,4871.16
5610,20250531,5610,16,4,15,529.12,4183.66,9158.12
5611,20250322,5611,6,2,6,797.21,3635.75,7164.56
5612,20250721,5612,11,1,6,293.97,9774.2,42778.54
5613,20250728,5613,8,6,6,1247.6,5586.45,12740.24
5614,20251007,5614,4,3,15,799.72,6204.48,13687.72
5615,20250805,5615,12,2,4,765.66,6003.51,28310.81
5616,20250925,5616,3,5,16,718.02,1078.45,2637.84
5617,20251215,5617,15,2,9,1166.95,1167.2,3052.97
5618,20251130,5618,7,2,19,241.19,7291.51,29373.38
5619,20250205,5619,15,6,20,102.05,9900.54,39013.86
5620,20250805,5620,11,2,29,576.05,2612.72,6349.23
5621,20250419,5621,20,2,16,1345.69,6102.35,10728.39
5622,20251016,5622,16,4,7,514.15,8668.8,16660.74
5623,20250215,5623,15,1,30,567.75,8161.13,38943.27
5624,20251030,5624,2,3,17,1053.93,4213.49,14849.31
5625,20250909,5625,10,5,17,1486.35,9292.16,32750.81
5626,20251125,5626,12,5,25,814.53,5341.81,21301.82
5627,20250314,5627,9,4,28,1278.93,3826.87,7828.08
5628,20250206,5628,17,4,20,484.16,9066.28,22222.95
5629,20250103,5629,17,3,29,1053.87,2919.15,11009.35
5630,20250508,5630,20,6,17,581.97,9799.87,23393.81
5631,20251110,5631,6,4,19,151.53,1251.58,3254.84
5632,20250506,5632,11,2,19,1461.94,6533.4,31681.79
5633,20250308,5633,18,4,28,114.95,7595.65,28101.6
5634,20250412,5634,7,4,22,1165.57,1244.11,2007.75
5635,20251123,5635,15,1,29,380.3,918.89,3709.66
5636,20250618,5636,11,4,1,1174.13,7243.4,25279.1
5637,20250828,5637,3,1,25,568.33,7515.86,31250.17
5638,20250723,5638,6,2,27,763.46,3211.06,10874.91
5639,20251223,5639,18,4,1,1463.11,1575.09,5771.06
5640,20250602,5640,4,4,11,410.12,2003.69,6085.59
5641,20250703,5641,11,1,26,981.04,2499.19,8616.23
5642,20250220,5642,2,1,29,176.34,1688.09,5503.23
5643,20250411,5643,19,5,6,904.87,3623.63,12727.21
5644,20251217,5644,19,2,24,562.32,2851.88,10391.61
5645,20250412,5645,10,4,17,305.33,8870.35,21461.57
5646,20251115,5646,1,5,30,610.51,7910.95,38002.25
5647,20250719,5647,19,5,12,595.11,5329.77,17676.71
5648,20250307,5648,10,2,15,318.47,3432.32,6513.98
5649,20250604,5649,11,3,10,1095.36,4232.79,15289.41
5650,20250213,5650,7,5,23,419.1,3599.3,14077.52
5651,20250106,5651,19,2,9,711.86,6674.62,28801.74
5652,20250430,5652,5,6,10,277.17,2908.6,10910.23
5653,20251025,5653,4,6,10,1456.93,6620.51,10734.08
5654,20250611,5654,15,4,15,335.44,8967.57,35661.76
5655,20250829,5655,19,6,20,944.6,5134.64,15481.99
5656,20250906,5656,15,3,20,1218.76,5385.17,16335.84
5657,20250618,5657,4,4,6,583.65,9815.03,27598.73
5658,20251127,5658,17,4,15,1187.95,8156.59,40480.16
5659,20250617,5659,8,5,15,952.59,5809.07,9492.27
5660,20250902,5660,17,4,8,817.8,8044.42,19364.04
5661,20251216,5661,7,5,11,214.23,4430.63,21263.39
5662,20250114,5662,11,1,25,376.45,1244.3,5738.97
5663,20251026,5663,11,1,8,185.58,567.26,1002.14
5664,20250701,5664,7,3,24,599.59,4301.7,17647.76
5665,20250614,5665,1,4,10,1361.07,5478.18,24572.53
5666,20250602,5666,17,4,29,931.8,3354.2,14864.01
5667,20250408,5667,10,3,27,1270.79,9807.54,15888.36
5668,20251111,5668,2,6,14,1300.18,8296.51,18646.36
5669,20250201,5669,6,2,4,542.39,7737.15,22755.47
5670,20250827,5670,10,5,27,376.74,7465.28,35459.54
5671,20251118,5671,4,3,16,314.04,9671.17,35928.92
5672,20250723,5672,19,3,10,1055.42,4016.29,15874.54
5673,20250119,5673,8,4,26,1411.78,2082.39,7767.75
5674,20250617,5674,15,3,22,475.9,804.33,3549.99
5675,20250108,5675,16,5,26,1317.61,9633.92,40756.23
5676,20251120,5676,16,2,1,463.33,4535.61,21040.48
5677,20251112,5677,14,3,11,1007.49,763.88,2191.82
5678,20251014,5678,5,5,28,1177.09,4550.81,19620.95
5679,20250804,5679,1,1,11,806.14,6323.22,11769.97
5680,20250404,5680,5,1,7,108.3,2161.58,7255.89
5681,20251126,5681,7,1,4,1431.08,8318.06,23987.31
5682,20251115,5682,10,5,29,1418.69,9062.87,30977.97
5683,20251024,5683,11,4,15,705.97,6943.01,16366.73
5684,20250806,5684,1,3,28,1095.71,5629.25,14702.97
5685,20251128,5685,8,1,12,1258.78,9174.51,35766.35
5686,20250218,5686,15,2,12,1187.71,3301.62,6057.22
5687,20251022,5687,4,3,6,1029.84,2437.3,11737.4
5688,20251124,5688,2,2,8,121.26,4012.05,8050.12
5689,20251019,5689,8,1,5,266.73,7201.56,21249.7
5690,20250325,5690,1,6,20,912.29,7589.29,20629.15
5691,20250922,5691,16,6,4,135.97,2997.66,12688.6
5692,20250130,5692,17,3,2,600.3,8054.53,31463.31
5693,20251124,5693,3,2,28,887.98,2516.54,12491.55
5694,20250407,5694,3,1,1,827.78,9497.37,22182.77
5695,20250920,5695,16,5,1,930.32,4186.39,8590.13
5696,20250925,5696,14,1,15,1441.98,7226.21,33604.62
5697,20250606,5697,11,2,24,373.76,2817.15,11496.2
5698,20250502,5698,20,6,9,363.78,1937.69,6320.46
5699,20250126,5699,15,1,9,556.45,7720.92,16199.21
5700,20250104,5700,3,2,24,702.32,926.9,2427.56
5701,20250418,5701,5,1,3,173.59,8894.85,40889.05
5702,20251220,5702,10,4,9,1010.15,3919.86,8974.71
5703,20250915,5703,17,1,1,296.03,8534.01,37431.9
5704,20251206,5704,10,3,28,223.92,1397.84,4144.46
5705,20250910,5705,19,2,12,397.78,5842.72,22070.13
5706,20250120,5706,16,1,14,955.34,8487.39,20803.33
5707,20250427,5707,20,3,11,752.77,5273.47,11762.51
5708,20250913,5708,15,5,5,826.64,4842.82,14692.4
5709,20251003,5709,3,2,26,1002.53,6404.32,16348.02
5710,20250625,5710,17,6,18,377.66,6488.01,31559.25
5711,20250110,5711,10,1,21,492.15,9544.76,33535.52
5712,20250719,5712,20,6,20,1215.15,9244.16,37721.32
5713,20250731,5713,6,3,19,632.21,2229.79,8441.4
5714,20251105,5714,7,4,10,834.08,6907.86,20472.14
5715,20250926,5715,6,3,21,975.42,5139.66,12502.79
5716,20251020,5716,19,2,15,258.04,6143.33,18864.08
5717,20250717,5717,15,3,29,113.41,5354.1,14874.03
5718,20250218,5718,5,3,13,254.58,5406.61,12749.21
5719,20251023,5719,9,5,11,715.3,6029.08,28574.48
5720,20250320,5720,12,1,2,799.88,6572.88,10377.44
5721,20250118,5721,14,1,9,316.83,3180.44,7747.03
5722,20251031,5722,4,1,21,733.13,2118.46,5721.89
5723,20250127,5723,6,1,18,766.36,5594.34,22419.42
5724,20250317,5724,13,3,24,181.35,3813.7,14980.31
5725,20250815,5725,2,5,21,1338.5,7291.97,27951.63
5726,20250615,5726,18,3,25,1247.65,3158.09,14513.83
5727,20250419,5727,20,4,29,330.79,5949.45,9653.72
5728,20251112,5728,2,4,21,122.13,4268.85,15600.48
5729,20250319,5729,14,2,12,138.32,595.47,2595.65
5730,20251109,5730,6,6,7,464.85,9957.55,20115.4
5731,20250721,5731,2,6,25,1103.68,1829.76,2775.57
5732,20250510,5732,9,1,28,1140.52,2935.95,6266.44
5733,20250910,5733,10,5,24,478.23,2749.37,10354.09
5734,20250404,5734,19,4,8,1185.58,860.25,3903.42
5735,20250302,5735,6,2,27,1011.21,2423.84,9926.98
5736,20250108,5736,2,6,4,955.71,7341.12,24701.78
5737,20250130,5737,5,5,8,860.74,6264.78,25856.77
5738,20250508,5738,17,6,4,193.77,1363.84,6125.09
5739,20250630,5739,10,5,11,323.05,1817.24,3347.21
5740,20250810,5740,9,6,22,888.36,9849.71,31495.7
5741,20250519,5741,18,2,30,270.05,6947.48,10623.98
5742,20250718,5742,20,6,22,108.96,9448.35,37155.08
5743,20250528,5743,2,4,7,322.85,3775.24,11188.53
5744,20250111,5744,6,6,4,909.64,5546.65,25343.15
5745,20250911,5745,3,3,30,1410.4,8955.48,31829.93
5746,20250211,5746,9,6,15,866.14,4589.01,8403.44
5747,20250202,5747,9,2,5,291.92,1874.23,8863.05
5748,20250908,5748,13,1,16,895.93,3968.2,5977.48
5749,20250415,5749,2,3,27,1340.25,3933.63,8404.19
5750,20250916,5750,19,5,23,887.72,6307.66,25267.23
5751,20251102,5751,9,3,13,1284.61,8908.01,38998.29
5752,20250603,5752,13,1,8,237.62,3882.04,11157.2
5753,20251203,5753,12,1,12,816.72,2807.83,12114.15
5754,20251214,5754,2,6,21,490.63,1057.88,3125.57
5755,20251206,5755,15,4,26,439.69,5149.9,22704.66
5756,20251123,5756,3,5,17,408.26,1277.82,5881.08
5757,20251217,5757,14,3,6,974.67,7064.46,15343.86
5758,20250724,5758,11,4,13,541.22,9223.47,37132.8
5759,20250102,5759,17,6,17,1137.79,7090.03,29800.96
5760,20250121,5760,6,5,5,1031.78,2825.49,11705.78
5761,20251026,5761,15,2,7,1206.92,1782.04,7466.8
5762,20250906,5762,11,3,18,894.51,5189.05,18273.63
5763,20250723,5763,18,1,4,744.64,9219.4,26789.94
5764,20250110,5764,16,3,6,713.8,595.12,1216.93
5765,20250324,5765,12,4,24,986.87,7235.55,35570.74
5766,20250823,5766,17,6,15,930.2,3242.6,12671.09
5767,20250303,5767,10,5,2,109.31,5278.21,17587.8
5768,20250216,5768,13,3,4,1094.59,1412.27,7012.71
5769,20251029,5769,6,4,19,1211.56,6295.05,10397.49
5770,20250919,5770,3,1,30,1379.62,4803.0,8007.34
5771,20250926,5771,17,2,17,1090.27,1628.29,6957.7
5772,20250710,5772,12,6,4,290.78,7315.79,25124.43
5773,20250912,5773,17,3,8,1458.1,8741.22,39887.78
5774,20250608,5774,4,4,26,398.83,4203.89,11710.58
5775,20250905,5775,17,1,30,1376.29,2144.57,10440.62
5776,20250424,5776,20,6,22,1424.46,2440.83,11823.24
5777,20251112,5777,15,2,25,217.68,8997.49,38553.09
5778,20250216,5778,10,5,14,564.87,1534.93,6557.11
5779,20250403,5779,5,4,27,709.49,5815.75,28347.06
5780,20250904,5780,9,5,5,236.07,5834.56,22125.52
5781,20251012,5781,16,3,14,772.32,7027.95,28621.89
5782,20250925,5782,17,2,13,305.93,7090.92,12251.61
5783,20250218,5783,1,1,26,1118.31,1756.33,5013.65
5784,20250305,5784,12,5,9,1355.33,3998.57,7077.52
5785,20250822,5785,16,2,21,424.84,7995.65,38436.38
5786,20250314,5786,15,6,17,702.76,6630.75,31448.86
5787,20250701,5787,3,5,25,707.99,7670.03,32798.49
5788,20250220,5788,4,2,27,753.24,5865.23,28564.06
5789,20250810,5789,9,6,27,170.87,6497.32,22410.86
5790,20250720,5790,2,6,29,1368.99,5539.86,14466.76
5791,20251108,5791,5,5,24,384.82,3156.16,6123.32
5792,20250516,5792,15,2,1,779.59,2430.39,9086.17
5793,20250325,5793,4,2,21,1359.78,6224.91,23848.27
5794,20250813,5794,2,6,5,472.82,5217.35,21893.07
5795,20250325,5795,11,3,23,1044.87,7977.03,33705.85
5796,20250811,5796,10,6,22,1169.23,1154.23,5253.21
5797,20251024,5797,15,3,11,1230.67,6939.24,28835.13
5798,20250123,5798,9,5,27,648.86,7655.88,26032.92
5799,20250728,5799,9,1,30,895.51,6354.42,29059.23
5800,20251025,5800,9,2,4,443.33,9881.29,26785.26
5801,20250807,5801,6,5,1,102.24,8983.18,31549.9
5802,20250418,5802,4,5,11,442.19,4419.97,22083.2
5803,20251227,5803,15,5,1,468.44,7056.69,35277.01
5804,20251109,5804,11,5,4,562.36,8097.49,30289.79
5805,20251112,5805,10,6,27,1002.2,3820.42,15308.34
5806,20250429,5806,2,2,29,207.94,8201.98,19337.75
5807,20250225,5807,20,6,25,1282.11,1086.65,2155.8
5808,20250217,5808,10,3,3,1202.81,8762.45,16258.89
5809,20251127,5809,18,2,20,146.93,7336.93,20613.77
5810,20250128,5810,20,1,21,1177.92,6786.05,33357.23
5811,20250214,5811,15,5,20,1346.38,8375.16,26324.88
5812,20251107,5812,11,4,20,758.94,8881.64,40352.77
5813,20251115,5813,3,6,8,1379.79,9918.72,39974.18
5814,20250927,5814,4,1,28,1295.91,9966.4,17741.43
5815,20250906,5815,5,3,17,223.04,7845.52,20939.41
5816,20251226,5816,12,1,3,181.49,2342.46,7526.07
5817,20250120,5817,17,3,27,946.27,5015.59,12594.48
5818,20250321,5818,11,5,27,1446.26,4106.01,9060.61
5819,20250429,5819,11,5,19,1154.92,2993.68,7342.69
5820,20250408,5820,7,5,17,111.42,3879.12,18793.02
5821,20250411,5821,3,4,4,925.07,5844.24,22438.34
5822,20250719,5822,3,2,26,1090.72,4020.25,15812.73
5823,20250526,5823,11,4,29,370.25,7606.0,12499.03
5824,20251229,5824,16,3,4,1471.7,1664.67,4258.04
5825,20251219,5825,17,2,1,195.41,631.5,2915.14
5826,20250407,5826,1,5,25,884.22,9297.88,20613.02
5827,20250124,5827,7,4,18,1232.98,9479.66,42733.46
5828,20251229,5828,10,2,30,950.34,1293.49,5446.77
5829,20250119,5829,18,4,14,1417.89,7253.9,28665.38
5830,20250615,5830,9,4,15,1029.7,6882.59,23311.8
5831,20251028,5831,8,1,9,1263.52,7082.67,19059.1
5832,20250626,5832,4,4,23,1436.93,1590.47,7919.53
5833,20250221,5833,1,2,20,1035.22,8741.17,35142.55
5834,20250828,5834,4,3,24,304.79,6703.52,32264.09
5835,20250101,5835,6,2,30,692.63,4615.4,7523.2
5836,20250528,5836,2,4,24,788.71,2464.04,5888.5
5837,20250207,5837,14,2,10,306.03,7947.83,33691.34
5838,20250122,5838,11,5,20,409.95,1515.49,2682.81
5839,20250129,5839,2,3,27,201.1,1723.77,7348.02
5840,20250104,5840,15,5,14,1476.98,9465.11,31639.37
5841,20251127,5841,7,2,5,276.15,6475.27,10479.5
5842,20250408,5842,4,5,22,220.44,5913.2,8913.19
5843,20250816,5843,17,2,26,572.59,5703.37,26101.69
5844,20250810,5844,10,1,30,754.32,2010.59,3178.96
5845,20250501,5845,14,1,8,651.73,5321.04,9970.26
5846,20251104,5846,3,2,10,690.93,5989.74,18683.45
5847,20250225,5847,9,5,4,685.73,8982.24,24966.06
5848,20250211,5848,18,3,2,104.59,5020.93,24215.68
5849,20250423,5849,15,1,28,927.55,7710.03,25874.45
5850,20250912,5850,11,4,29,1474.5,8437.01,28411.85
5851,20251115,5851,12,4,8,618.0,7238.0,11868.48
5852,20250807,5852,9,4,22,412.28,4817.43,23959.62
5853,20250710,5853,8,6,20,725.41,2651.21,8616.66
5854,20250221,5854,8,2,27,946.36,7392.38,29525.3
5855,20250407,5855,4,5,4,1067.09,7891.49,38261.35
5856,20251031,5856,8,4,5,1310.07,1940.68,9255.72
5857,20250315,5857,18,6,30,930.17,2975.62,14343.15
5858,20250821,5858,15,2,25,701.69,9829.53,18466.44
5859,20250913,5859,16,2,6,304.42,3179.14,15201.21
5860,20251220,5860,17,2,10,1075.39,8289.47,14034.12
5861,20250427,5861,5,2,25,1144.86,697.63,2450.82
5862,20250916,5862,18,5,7,656.84,3998.06,11023.11
5863,20250529,5863,1,2,13,394.05,7997.06,32987.22
5864,20250831,5864,18,2,1,410.94,5431.73,17147.51
5865,20250301,5865,11,3,9,110.2,7881.7,16361.91
5866,20250705,5866,5,6,10,473.25,8624.24,20858.57
5867,20250826,5867,9,2,12,592.69,2381.32,6169.44
5868,20250215,5868,8,2,14,1437.88,4539.31,20253.03
5869,20250702,5869,2,2,4,990.35,7006.28,34128.96
5870,20250222,5870,9,2,15,908.56,3320.22,15419.98
5871,20250525,5871,3,3,2,1483.32,7621.77,27796.9
5872,20251002,5872,13,1,2,1493.9,6430.86,9701.98
5873,20250819,5873,6,3,14,476.45,660.08,1151.09
5874,20251029,5874,18,2,23,435.82,1400.03,3364.46
5875,20250420,5875,19,4,18,942.86,5144.38,18187.89
5876,20250622,5876,19,1,12,697.05,1450.02,2615.63
5877,20250121,5877,5,1,27,472.1,1251.25,2032.47
5878,20250601,5878,6,5,8,661.77,1169.49,5387.49
5879,20250414,5879,20,1,25,159.06,5159.71,22799.87
5880,20250905,5880,9,2,29,141.43,3004.92,11611.14
5881,20250430,5881,11,4,6,741.64,3267.7,15230.73
5882,20250131,5882,11,6,6,556.73,6035.74,11068.83
5883,20251111,5883,12,2,27,512.86,3511.47,12037.14
5884,20250619,5884,2,5,6,453.64,4980.91,22846.88
5885,20250521,5885,7,4,28,524.58,9954.54,30769.13
5886,20251220,5886,6,5,23,642.4,5402.74,16118.61
5887,20251216,5887,11,1,4,209.23,6333.21,14032.47
5888,20250503,5888,7,2,13,645.37,5550.0,19572.24
5889,20250619,5889,9,6,20,517.21,4143.88,13632.94
5890,20250123,5890,19,3,27,435.85,6225.21,10996.9
5891,20250523,5891,17,1,25,431.33,7664.61,18182.8
5892,20250308,5892,8,4,25,330.14,2259.39,10829.1
5893,20250108,5893,1,5,14,790.13,7548.68,36342.35
5894,20250619,5894,1,3,23,661.85,9065.94,25840.45
5895,20251118,5895,5,6,2,234.79,1270.62,5158.89
5896,20250331,5896,15,4,10,1076.46,8090.54,19547.73
5897,20251126,5897,12,4,17,211.74,9735.04,41715.0
5898,20250328,5898,6,1,22,384.25,8329.0,37462.93
5899,20250423,5899,3,4,19,1087.77,1368.62,2580.16
5900,20250908,5900,16,4,20,700.35,4960.76,8404.02
5901,20251230,5901,8,6,23,1270.75,837.99,3447.82
5902,20250429,5902,6,6,6,406.75,726.5,1969.19
5903,20250115,5903,20,1,13,992.09,5768.27,24117.89
5904,20251120,5904,8,6,4,873.61,5911.72,22210.63
5905,20251017,5905,2,3,8,234.99,4137.3,20225.38
5906,20250322,5906,15,1,27,676.9,1130.55,5222.26
5907,20250331,5907,17,5,14,1132.51,9754.09,34467.16
5908,20250406,5908,14,4,17,510.83,7119.95,27155.41
5909,20251220,5909,1,6,29,1157.81,9567.78,42525.06
5910,20251018,5910,2,2,18,591.12,8431.17,12961.5
5911,20250506,5911,10,6,30,1342.47,1296.52,3184.11
5912,20250605,5912,10,4,6,612.17,5784.37,14334.68
5913,20251227,5913,17,2,23,1169.92,6039.01,19828.94
5914,20250509,5914,3,2,26,1379.91,3549.41,17395.21
5915,20250922,5915,2,3,8,239.43,4544.47,9033.92
5916,20250224,5916,15,3,1,655.04,1726.01,3918.31
5917,20251118,5917,20,5,11,1049.29,4637.85,11348.12
5918,20250908,5918,8,1,23,643.61,7183.78,31489.42
5919,20250528,5919,9,1,11,219.49,2429.52,6670.92
5920,20250530,5920,3,1,5,690.59,978.44,1588.33
5921,20251223,5921,19,5,15,1368.91,4671.37,13829.03
5922,20250816,5922,1,1,20,220.63,620.1,938.54
5923,20250831,5923,18,2,11,1037.31,3961.57,7781.58
5924,20250818,5924,16,3,21,894.43,2791.24,11406.62
5925,20250803,5925,18,1,9,614.99,9669.46,44446.41
5926,20250412,5926,1,4,5,728.32,778.38,1479.38
5927,20250213,5927,19,2,13,145.13,9175.6,17752.05
5928,20250901,5928,20,4,11,1227.74,8815.02,28690.04
5929,20250321,5929,14,1,26,170.16,2004.81,7503.8
5930,20251204,5930,16,6,15,1062.88,9526.44,31405.25
5931,20250527,5931,14,5,25,1306.42,981.42,2660.02
5932,20250128,5932,9,3,10,954.5,1610.02,7970.73
5933,20250105,5933,19,5,13,1462.98,8847.55,16187.79
5934,20250823,5934,14,2,9,738.72,8549.2,38113.39
5935,20250530,5935,8,2,20,248.38,1929.84,8456.45
5936,20250525,5936,15,5,26,1223.06,2236.46,5243.09
5937,20250928,5937,5,6,4,1268.32,7144.08,21295.87
5938,20250314,5938,15,4,25,784.49,3575.33,14418.53
5939,20250319,5939,6,2,15,211.44,831.33,3239.02
5940,20250706,5940,13,1,3,1178.64,5382.75,15643.12
5941,20250220,5941,17,4,25,638.62,2810.77,5698.2
5942,20250523,5942,1,3,10,1355.59,8610.45,25013.14
5943,20250813,5943,5,6,29,769.4,3106.08,15268.1
5944,20251020,5944,6,1,21,968.81,1672.81,6056.55
5945,20250502,5945,17,6,11,881.24,1019.22,4029.64
5946,20250108,5946,17,6,18,1110.48,5644.21,27418.38
5947,20250810,5947,12,5,24,1125.13,6186.68,18294.49
5948,20250709,5948,8,1,17,506.26,7530.96,18396.41
5949,20251112,5949,13,6,29,1178.58,2584.78,9920.1
5950,20250611,5950,3,6,22,851.66,1172.83,3293.79
5951,20251111,5951,15,2,18,935.27,4102.99,18245.88
5952,20250808,5952,14,4,18,500.0,5355.43,20070.59
5953,20250713,5953,14,6,22,1226.29,9111.06,23822.6
5954,20250323,5954,3,3,15,1418.37,4015.37,10156.18
5955,20250130,5955,20,2,11,339.57,3273.06,5780.84
5956,20250404,5956,1,2,25,937.99,3189.74,6257.88
5957,20250102,5957,16,2,18,478.05,7948.33,38969.74
5958,20250928,5958,5,1,27,1066.84,3584.66,5655.66
5959,20250309,5959,16,5,16,994.96,5009.83,7995.7
5960,20250701,5960,18,5,6,147.07,6920.64,32674.11
5961,20250712,5961,1,2,22,1075.82,7798.73,30844.13
5962,20250112,5962,16,1,6,454.31,6319.69,30367.57
5963,20251027,5963,14,6,18,532.9,731.5,2853.5
5964,20250107,5964,19,1,19,695.03,948.69,1460.99
5965,20250729,5965,19,3,17,1168.34,1883.63,9264.48
5966,20250825,5966,5,2,28,1157.49,3452.81,15669.67
5967,20251006,5967,4,2,21,1334.84,4413.22,17558.11
5968,20250402,5968,12,3,10,641.56,6032.33,24056.94
5969,20250405,5969,18,4,23,840.09,8966.77,22380.41
5970,20251126,5970,12,4,5,1468.6,2322.52,9272.79
5971,20250727,5971,11,1,25,874.95,8359.1,15537.51
5972,20250124,5972,3,1,22,127.68,4804.11,23659.48
5973,20250803,5973,6,3,24,915.32,8093.86,31692.68
5974,20250825,5974,11,4,8,848.63,9362.51,15730.99
5975,20250516,5975,19,5,20,322.49,1814.81,6264.98
5976,20250627,5976,17,2,29,930.35,9300.67,26070.8
5977,20250404,5977,14,3,28,368.58,3811.63,17421.15
5978,20250606,5978,6,6,6,1134.06,3021.88,12056.32
5979,20250501,5979,15,3,1,1217.06,1903.76,6444.16
5980,20250205,5980,18,6,24,167.58,4905.4,16452.08
5981,20250418,5981,14,1,5,1022.77,7702.51,13965.81
5982,20250519,5982,7,2,3,891.52,1433.57,5896.76
5983,20251215,5983,3,4,17,407.83,5018.68,22493.14
5984,20250918,5984,8,4,22,1439.56,6061.07,26508.02
5985,20250824,5985,14,3,20,1416.72,7121.42,24503.02
5986,20251221,5986,5,3,14,609.45,3863.21,11975.25
5987,20250327,5987,12,4,8,184.4,5683.74,26787.92
5988,20250728,5988,13,2,29,614.4,3630.51,16598.43
5989,20250317,5989,8,1,3,169.91,7861.51,24271.94
5990,20251201,5990,18,2,17,731.54,1259.95,2355.92
5991,20250414,5991,20,6,1,562.63,7740.99,26779.79
5992,20250421,5992,2,6,28,477.08,5005.23,15441.68
5993,20251212,5993,1,4,15,181.13,5595.37,24534.27
5994,20250518,5994,3,4,15,303.83,4335.47,15473.29
5995,20251218,5995,20,6,9,1039.36,1038.78,3017.87
5996,20250929,5996,6,1,16,748.35,1825.55,3357.11
5997,20250123,5997,14,4,22,900.34,8767.63,21353.57
5998,20250412,5998,15,5,9,602.54,6100.07,12132.94
5999,20251004,5999,9,1,14,1116.57,3945.07,10189.4
6000,20251115,6000,17,5,14,551.76,9133.5,35524.36
6001,20250306,6001,15,5,21,959.14,5560.8,18788.64
6002,20251211,6002,18,5,16,885.02,4081.15,17765.95
6003,20250309,6003,5,3,17,559.63,3987.36,7181.05
6004,20250128,6004,1,6,10,405.82,3754.25,13983.45
6005,20250215,6005,12,2,11,1192.91,4294.93,12448.99
6006,20250811,6006,2,1,21,1052.47,5125.79,22822.53
6007,20251008,6007,18,4,15,1097.29,5316.65,12166.29
6008,20251119,6008,4,3,17,1321.93,622.53,3018.82
6009,20250112,6009,18,5,13,1113.58,2425.03,11838.61
6010,20250608,6010,18,6,28,227.49,3634.6,10733.81
6011,20250920,6011,2,2,30,430.0,7150.5,24584.89
6012,20251119,6012,14,5,5,528.19,7471.13,32367.68
6013,20251121,6013,11,5,17,417.51,1580.44,4938.08
6014,20251019,6014,13,1,20,1017.04,6062.57,26561.68
6015,20250223,6015,15,6,14,1308.27,5379.76,19689.15
6016,20251125,6016,9,6,2,359.13,1425.56,5172.83
6017,20250202,6017,4,3,8,410.5,7220.88,20473.5
6018,20250519,6018,5,6,26,1465.49,1078.73,4558.87
6019,20250920,6019,1,5,24,923.02,2270.79,4901.57
6020,20250513,6020,12,3,26,192.69,1487.99,2866.53
6021,20250806,6021,5,3,7,753.44,1601.06,5995.67
6022,20250825,6022,8,4,6,163.67,3400.31,14475.72
6023,20250705,6023,16,3,3,1006.98,2120.64,7280.5
6024,20250903,6024,2,3,21,1003.4,3283.8,6884.92
6025,20250210,6025,20,3,27,372.53,1135.41,4926.88
6026,20251022,6026,8,3,5,1216.72,1519.92,4215.37
6027,20251228,6027,13,5,28,1171.63,2921.48,10082.33
6028,20250306,6028,3,2,20,488.36,5796.25,24797.09
6029,20250525,6029,15,3,10,254.54,6800.94,24612.88
6030,20251228,6030,2,2,4,330.57,7514.24,17833.43
6031,20250809,6031,5,6,17,265.98,3599.09,12186.55
6032,20250328,6032,8,2,15,1499.08,3712.06,12254.18
6033,20250105,6033,9,3,5,590.17,5286.41,24192.2
6034,20250817,6034,17,2,2,1479.52,4867.77,24210.16
6035,20250529,6035,12,1,27,905.36,4023.62,17361.77
6036,20251023,6036,6,1,16,615.04,5793.96,12097.54
6037,20250129,6037,6,6,14,779.97,8830.2,38311.11
6038,20250310,6038,4,4,15,444.84,3579.89,5597.76
6039,20250220,6039,13,5,4,955.58,1073.25,4996.97
6040,20251113,6040,15,6,4,1340.71,2944.42,5321.27
6041,20250713,6041,8,3,17,613.47,4626.37,16688.91
6042,20250629,6042,2,5,23,678.16,4076.64,14273.01
6043,20250408,6043,7,5,14,427.14,3659.05,11444.72
6044,20251005,6044,13,3,19,158.34,4722.06,8238.52
6045,20251207,6045,8,1,13,1195.47,5046.58,21851.79
6046,20250704,6046,20,2,6,1035.01,7849.59,12723.96
6047,20251203,6047,5,6,20,876.7,9131.71,39404.04
6048,20250724,6048,10,6,2,1146.82,2297.69,5342.71
6049,20250310,6049,5,1,11,927.45,8373.24,19773.19
6050,20250909,6050,13,3,4,614.02,8633.89,30521.25
6051,20251104,6051,11,1,21,207.93,9525.52,40738.11
6052,20250515,6052,7,6,9,1110.73,8913.9,38250.91
6053,20251011,6053,14,3,26,158.22,5868.68,25126.62
6054,20250211,6054,3,5,7,1429.76,4365.85,18717.0
6055,20250908,6055,13,6,6,758.95,9472.41,30370.32
6056,20251023,6056,3,5,12,1115.84,4100.59,11054.36
6057,20250704,6057,11,1,30,1277.49,6559.79,26522.85
6058,20251109,6058,14,5,13,287.2,1149.29,5172.87
6059,20251123,6059,10,4,9,423.86,1814.79,8669.91
6060,20251129,6060,10,5,30,200.69,4251.19,11904.72
6061,20250711,6061,18,4,12,446.81,9055.68,19989.7
6062,20250115,6062,20,5,10,1098.38,4134.66,20119.53
6063,20250910,6063,14,5,15,1210.3,774.65,1939.53
6064,20251124,6064,16,3,12,772.52,4041.53,6463.91
6065,20251206,6065,7,3,18,460.4,8205.99,15865.0
6066,20250214,6066,4,2,13,658.37,6486.25,13249.98
6067,20250306,6067,16,2,6,723.13,615.63,1884.9
6068,20250524,6068,5,2,24,1469.69,7258.99,28423.48
6069,20250901,6069,17,4,2,557.5,2378.42,3727.33
6070,20251004,6070,9,2,13,1450.89,2601.77,8767.42
6071,20250805,6071,4,2,12,633.95,1699.8,3646.32
6072,20251021,6072,2,6,27,1016.96,7723.64,24685.87
6073,20250825,6073,20,4,17,1394.86,6499.24,29728.52
6074,20251212,6074,6,2,7,1091.87,5825.63,14640.77
6075,20250512,6075,9,2,29,1342.13,4304.61,7802.99
6076,20250706,6076,12,4,14,1447.4,6471.56,16592.8
6077,20251112,6077,11,4,7,565.52,4281.9,11006.9
6078,20250506,6078,12,2,29,370.0,7739.31,16858.97
6079,20250325,6079,10,1,7,649.56,3448.92,15993.83
6080,20250906,6080,9,2,28,663.4,728.77,3516.24
6081,20251031,6081,3,2,6,1405.65,3836.96,10708.94
6082,20250815,6082,11,4,2,283.55,3072.46,5692.54
6083,20250327,6083,14,5,15,574.92,8157.24,38299.54
6084,20251127,6084,19,3,16,1137.08,5494.47,9349.13
6085,20251130,6085,2,1,26,489.24,7071.85,22017.84
6086,20250624,6086,15,6,27,871.85,3915.25,8299.34
6087,20250329,6087,19,6,12,308.94,1803.64,5034.3
6088,20250729,6088,9,2,15,615.29,6632.98,30309.68
6089,20250531,6089,16,2,23,464.96,3951.97,9813.42
6090,20250731,6090,11,3,25,831.02,5914.74,18117.42
6091,20250612,6091,18,3,8,458.89,3210.93,15027.3
6092,20250618,6092,14,6,2,1008.42,959.2,3407.87
6093,20250621,6093,7,5,10,196.94,6024.06,27067.17
6094,20251224,6094,18,3,10,651.12,2331.84,7222.68
6095,20250404,6095,6,6,6,683.5,4409.35,16038.99
6096,20250312,6096,12,4,15,393.3,8406.76,39392.41
6097,20250228,6097,6,5,9,606.05,1033.75,3281.66
6098,20250408,6098,7,6,15,1403.11,8721.41,38383.15
6099,20250709,6099,13,2,29,1304.95,1200.93,2080.83
6100,20250109,6100,12,2,10,322.38,8907.64,41880.84
6101,20250528,6101,15,5,16,1341.4,8255.0,31151.93
6102,20250226,6102,9,4,27,659.36,7357.75,22225.18
6103,20250407,6103,2,4,1,1166.39,557.17,1403.76
6104,20251129,6104,1,6,18,890.11,3612.08,13649.83
6105,20250530,6105,16,1,13,1217.57,8090.88,28349.49
6106,20251116,6106,19,2,21,451.37,4658.09,10804.81
6107,20251225,6107,1,6,19,1137.22,4432.81,21583.38
6108,20251230,6108,18,6,20,345.11,2521.98,9430.04
6109,20250606,6109,12,4,3,213.44,4706.36,14003.99
6110,20250812,6110,7,6,29,837.8,7141.54,27978.97
6111,20250303,6111,5,5,2,902.03,7954.47,32881.04
6112,20250222,6112,16,1,10,119.57,5422.67,11866.91
6113,20250506,6113,17,6,11,543.6,8581.06,23686.76
6114,20250426,6114,18,2,2,1019.48,6790.8,22405.49
6115,20250309,6115,19,5,29,1134.78,1244.17,2378.85
6116,20250616,6116,9,4,30,625.63,8582.37,27991.99
6117,20250830,6117,19,4,4,209.32,1194.78,5478.98
6118,20250706,6118,3,6,3,952.9,6005.82,12101.32
6119,20250903,6119,18,5,6,1340.48,3923.17,6457.78
6120,20250711,6120,6,3,11,341.58,6265.59,10146.49
6121,20250429,6121,11,4,3,391.2,7242.63,19231.79
6122,20250911,6122,19,4,27,703.01,1776.33,2940.4
6123,20251020,6123,17,1,26,1094.89,1636.45,3330.18
6124,20250327,6124,8,5,18,247.6,642.9,1739.3
6125,20250309,6125,11,3,9,123.64,8297.54,35243.3
6126,20251026,6126,4,1,3,789.77,1913.5,3458.06
6127,20250122,6127,2,2,25,690.57,3737.16,16591.03
6128,20250713,6128,1,2,2,940.66,6458.71,11946.75
6129,20251206,6129,6,3,25,1343.92,918.84,3383.88
6130,20250511,6130,5,5,4,1267.47,9890.86,32103.1
6131,20250208,6131,16,3,3,1452.77,9857.63,43144.43
6132,20250523,6132,18,5,15,301.91,8742.67,21745.02
6133,20250207,6133,2,4,24,707.09,7141.65,25110.13
6134,20250118,6134,18,1,4,827.83,612.1,1387.58
6135,20250721,6135,5,5,2,311.17,6149.34,16131.42
6136,20250721,6136,9,4,15,1024.77,2485.91,5128.36
6137,20251204,6137,15,5,2,479.44,1793.92,4739.99
6138,20250207,6138,17,1,30,322.25,4038.88,19444.75
6139,20250913,6139,18,5,8,838.22,1098.73,4255.69
6140,20250709,6140,15,3,3,274.93,6533.22,14451.11
6141,20251105,6141,6,5,13,1486.48,9814.43,33713.91
6142,20250816,6142,16,2,20,1416.59,7394.58,33599.15
6143,20250301,6143,5,3,28,1418.01,4090.14,19125.96
6144,20251021,6144,14,3,17,662.31,8865.91,20494.53
6145,20250121,6145,5,1,28,1413.03,692.46,1195.49
6146,20250922,6146,20,6,4,1120.47,9750.31,24744.67
6147,20250814,6147,16,3,29,563.27,648.39,1111.34
6148,20251002,6148,12,4,29,1210.45,2377.76,7594.48
6149,20251012,6149,18,6,11,911.69,8846.31,41714.22
6150,20251124,6150,8,2,12,1109.15,7318.79,19045.99
6151,20250207,6151,8,4,23,962.18,3869.32,12716.71
6152,20251223,6152,8,4,25,609.35,1999.28,9989.58
6153,20250405,6153,5,5,15,1400.03,5567.84,23965.13
6154,20251130,6154,7,1,19,612.14,4354.16,18550.73
6155,20250731,6155,1,2,26,1235.84,6430.23,24500.4
6156,20251212,6156,6,3,23,1017.13,7568.48,22861.01
6157,20250720,6157,4,6,17,1434.76,3404.35,6836.82
6158,20250206,6158,12,6,19,347.18,7136.23,33516.93
6159,20250413,6159,17,1,26,1031.45,7717.08,16175.15
6160,20250530,6160,15,2,17,400.78,6744.44,13356.88
6161,20251015,6161,16,3,23,669.72,1130.08,3725.34
6162,20250108,6162,20,3,12,1223.15,1128.61,5387.74
6163,20250115,6163,5,3,7,1356.42,5613.94,27400.65
6164,20250412,6164,9,2,2,735.9,5969.45,17094.43
6165,20250122,6165,9,2,17,1155.77,4307.33,20255.36
6166,20251129,6166,9,1,3,477.04,3652.23,15725.91
6167,20250929,6167,7,5,14,540.65,4557.44,13509.38
6168,20250320,6168,4,4,17,411.9,6353.59,27314.35
6169,20250130,6169,20,1,24,467.81,6378.94,24046.98
6170,20250805,6170,4,3,25,822.26,8635.0,31914.6
6171,20251217,6171,4,1,1,399.64,4415.4,20371.74
6172,20250321,6172,12,2,12,1084.35,778.88,2521.18
6173,20251112,6173,16,2,26,515.64,7641.43,14396.98
6174,20250618,6174,19,3,7,150.27,7814.17,19471.04
6175,20250828,6175,20,6,4,1293.82,1527.0,6784.99
6176,20250805,6176,19,1,28,1460.52,7501.73,28174.9
6177,20250904,6177,2,1,23,538.43,1519.04,6326.8
6178,20251219,6178,20,2,6,569.74,5535.92,18678.89
6179,20250117,6179,10,2,5,1225.94,7230.7,30314.35
6180,20250212,6180,16,6,21,1209.99,1482.34,6771.64
6181,20251113,6181,14,4,18,160.79,4003.38,15656.57
6182,20250617,6182,14,5,15,1138.66,9703.81,25974.04
6183,20250816,6183,15,6,25,477.4,7979.6,33520.61
6184,20250708,6184,14,1,25,425.8,9769.2,28062.69
6185,20250320,6185,10,4,9,987.41,4183.83,12188.42
6186,20250219,6186,4,2,1,632.19,7843.27,28748.88
6187,20250421,6187,6,3,18,557.07,2186.64,6843.27
6188,20250927,6188,2,6,21,413.92,7835.97,31341.93
6189,20250207,6189,10,3,30,322.93,5723.9,23766.32
6190,20250805,6190,15,4,15,122.93,727.98,1645.2
6191,20250902,6191,16,6,30,120.44,4634.03,18055.81
6192,20250924,6192,13,1,7,1095.97,5354.04,16476.41
6193,20250912,6193,16,5,13,785.33,9656.7,16997.64
6194,20250122,6194,11,4,14,1211.51,8801.16,23536.42
6195,20250316,6195,4,1,15,906.8,2406.71,10312.75
6196,20250620,6196,6,2,28,1313.31,5504.49,10019.69
6197,20250428,6197,6,3,23,467.02,9691.57,31428.88
6198,20250428,6198,9,5,25,691.51,4995.22,23384.59
6199,20250126,6199,9,5,21,124.86,3264.55,9275.88
6200,20251116,6200,19,3,11,1286.32,1142.37,3399.49
6201,20251002,6201,16,6,5,1361.18,4451.43,15968.58
6202,20250604,6202,20,3,6,503.46,7200.86,25558.83
6203,20250520,6203,2,5,20,853.56,8333.56,19078.97
6204,20250403,6204,10,4,22,925.61,6461.31,25907.69
6205,20250422,6205,10,4,21,1478.85,2905.27,10218.02
6206,20250927,6206,15,6,12,886.06,4148.25,17354.4
6207,20250824,6207,18,4,20,417.23,3357.38,6003.26
6208,20251030,6208,13,2,18,722.12,5604.6,16582.22
6209,20250119,6209,6,6,4,1186.18,8212.56,20851.41
6210,20251204,6210,18,1,5,681.05,717.51,1399.7
6211,20250408,6211,19,2,1,1342.41,4948.85,22929.46
6212,20251230,6212,11,6,26,1069.0,8570.71,26090.86
6213,20250801,6213,11,5,29,904.82,8671.08,13559.48
6214,20250924,6214,13,2,19,183.88,8092.67,34454.9
6215,20250101,6215,6,3,30,1488.53,2221.6,5878.25
6216,20250217,6216,18,1,25,852.76,6319.49,22631.49
6217,20250927,6217,14,4,9,485.29,5953.51,25782.58
6218,20250306,6218,18,1,16,731.87,7463.46,28117.33
6219,20250811,6219,19,5,14,1021.33,4397.09,16227.4
6220,20250624,6220,20,4,25,1336.36,5823.87,28650.59
6221,20250824,6221,9,3,3,619.92,8417.8,16036.8
6222,20250827,6222,8,4,17,1473.8,5199.21,19616.34
6223,20250430,6223,15,4,9,617.39,9537.88,30547.55
6224,20251204,6224,5,1,11,1487.9,7034.11,27140.05
6225,20250906,6225,11,1,19,349.82,711.46,1960.42
6226,20250601,6226,11,5,1,756.67,6945.81,18945.82
6227,20250408,6227,15,3,26,316.67,1463.86,6703.6
6228,20250607,6228,3,3,5,737.2,4057.63,15906.61
6229,20250106,6229,2,5,16,1205.48,9075.86,32998.87
6230,20251001,6230,3,1,8,1214.04,6940.45,23155.35
6231,20250804,6231,12,4,13,726.05,4198.35,19888.46
6232,20250703,6232,20,4,23,426.57,1293.69,3918.78
6233,20250418,6233,1,4,20,801.33,4007.34,19824.59
6234,20250823,6234,8,3,14,1315.12,8480.11,38827.64
6235,20250710,6235,18,4,15,500.9,9970.59,37838.8
6236,20251110,6236,20,1,2,1396.92,3795.27,12865.39
6237,20251202,6237,8,6,23,735.8,7332.19,34282.91
6238,20250706,6238,15,1,5,1420.25,548.29,1950.18
6239,20251006,6239,18,1,15,1280.65,5411.95,15307.54
6240,20250810,6240,13,3,2,192.15,3479.14,5250.55
6241,20250824,6241,7,6,24,1039.86,3359.76,14047.18
6242,20250827,6242,8,4,9,1241.74,6188.9,11063.07
6243,20250519,6243,20,1,25,1250.59,1753.68,4803.46
6244,20250211,6244,14,4,24,882.74,5789.99,18405.65
6245,20250618,6245,18,3,1,483.71,5623.26,17987.99
6246,20250521,6246,12,5,11,417.72,3722.53,12566.83
6247,20250420,6247,3,2,24,471.83,1802.44,6215.71
6248,20251209,6248,9,6,26,1434.94,7235.44,16959.55
6249,20250627,6249,14,5,13,295.86,8783.96,36734.11
6250,20250716,6250,15,3,14,1098.58,4992.45,18660.09
6251,20250519,6251,9,5,24,271.08,845.85,2485.96
6252,20250919,6252,15,4,20,1305.25,6603.98,19866.05
6253,20250801,6253,19,5,13,1075.43,1415.3,2717.41
6254,20250616,6254,15,3,15,156.68,9451.91,41334.69
6255,20251209,6255,5,3,14,309.94,7916.53,25826.95
6256,20250413,6256,11,1,3,103.79,4458.9,17773.91
6257,20250329,6257,13,1,17,843.24,791.81,1688.71
6258,20250820,6258,19,4,27,1232.76,6201.24,24928.4
6259,20251112,6259,6,2,9,1039.36,9809.83,47483.47
6260,20250304,6260,11,2,7,1073.92,5439.62,8770.94
6261,20250212,6261,6,5,3,1431.94,9629.28,29360.52
6262,20250204,6262,7,5,11,263.24,3537.34,5817.15
6263,20250929,6263,5,2,14,434.14,1611.29,7671.07
6264,20251210,6264,2,1,7,151.79,4824.87,11142.45
6265,20250603,6265,17,2,16,1107.67,6553.68,30005.67
6266,20250921,6266,12,2,2,262.98,1688.15,4441.57
6267,20250827,6267,16,6,15,204.33,9216.81,35392.72
6268,20250508,6268,16,5,9,1012.39,8913.68,24531.01
6269,20250625,6269,6,1,12,1180.8,2911.16,9045.07
6270,20250930,6270,13,6,11,554.78,7984.02,36006.84
6271,20250927,6271,18,1,14,155.43,8084.83,13877.61
6272,20250827,6272,8,2,15,908.59,1298.76,2612.34
6273,20250616,6273,1,3,14,1462.18,5552.52,19693.19
6274,20250330,6274,10,6,16,580.86,5582.8,25746.01
6275,20251113,6275,4,6,16,1054.87,859.33,1334.34
6276,20251127,6276,2,3,25,999.77,8940.77,38718.12
6277,20250921,6277,1,1,19,247.19,3663.99,15221.63
6278,20250708,6278,20,1,22,1304.69,2865.65,5294.87
6279,20250721,6279,2,4,25,1427.49,1998.51,8957.0
6280,20250530,6280,2,4,20,339.15,1129.86,3300.75
6281,20251119,6281,1,1,17,1017.85,6532.28,28585.13
6282,20250124,6282,16,1,3,1006.45,2792.65,9436.17
6283,20250823,6283,13,1,11,768.41,5770.44,18295.13
6284,20250106,6284,14,5,13,324.88,7348.78,31022.38
6285,20250918,6285,2,2,28,1355.04,9811.94,26031.81
6286,20250215,6286,14,4,19,698.54,1114.84,3161.48
6287,20250423,6287,7,2,14,1351.11,6748.04,16672.43
6288,20250810,6288,7,5,24,1306.29,3240.27,6446.83
6289,20250107,6289,17,2,27,1419.92,2313.69,9111.72
6290,20251215,6290,9,2,16,1224.39,6976.82,29480.4
6291,20250206,6291,14,3,20,822.01,8849.28,31045.68
6292,20250605,6292,17,6,6,1238.36,5512.07,23376.08
6293,20251011,6293,6,5,3,714.43,1724.77,7306.99
6294,20250128,6294,5,5,17,197.92,9584.12,22952.58
6295,20250721,6295,20,1,27,504.87,9740.82,36637.6
6296,20251013,6296,6,6,25,934.62,8062.92,21067.67
6297,20250327,6297,13,5,18,117.92,6377.61,18119.54
6298,20250825,6298,15,1,29,1009.48,8079.27,28297.0
6299,20250129,6299,4,6,27,678.58,4558.24,8959.23
6300,20250107,6300,3,2,9,587.99,5974.21,21152.82
6301,20250410,6301,5,4,3,951.54,7648.19,20943.13
6302,20250627,6302,8,6,1,1096.03,9803.69,22753.69
6303,20251211,6303,5,4,9,465.38,2260.61,4175.46
6304,20250528,6304,18,4,3,230.96,9573.15,26678.97
6305,20250512,6305,8,4,4,804.19,9052.67,40514.65
6306,20251230,6306,18,5,29,935.5,8874.9,25391.39
6307,20251017,6307,20,4,15,1272.52,2501.8,5468.35
6308,20250708,6308,17,6,10,326.99,5771.24,20080.48
6309,20250814,6309,17,3,11,829.85,2093.23,8756.6
6310,20250122,6310,2,6,22,1458.1,2134.76,6621.38
6311,20250504,6311,9,5,28,166.56,6325.01,16852.95
6312,20251203,6312,14,1,28,1387.13,7286.91,21382.14
6313,20250924,6313,17,6,2,891.75,6404.34,19549.21
6314,20251111,6314,1,2,19,956.6,1335.12,2615.3
6315,20251104,6315,12,1,29,1017.98,3184.52,13623.32
6316,20250305,6316,1,2,27,1070.38,8921.94,34095.66
6317,20250710,6317,17,2,21,1359.5,2863.49,12400.75
6318,20251203,6318,7,3,26,1485.61,3924.37,9004.1
6319,20250107,6319,16,3,20,1104.17,5666.76,8774.11
6320,20250630,6320,15,3,24,775.89,5815.43,12244.16
6321,20251129,6321,12,5,5,1242.17,9854.87,31392.54
6322,20251220,6322,7,3,9,688.44,8660.67,15253.97
6323,20250301,6323,15,6,6,734.09,781.1,1649.99
6324,20250418,6324,13,6,22,623.97,6894.44,21447.48
6325,20250815,6325,18,6,8,606.69,7953.62,15862.72
6326,20251103,6326,12,6,13,351.92,9405.97,20960.16
6327,20251223,6327,14,1,17,114.33,7247.52,16022.49
6328,20250225,6328,14,1,21,279.8,5040.07,19851.28
6329,20250131,6329,11,2,27,1039.39,5151.58,9711.67
6330,20250419,6330,10,3,11,872.82,8562.08,36347.68
6331,20251207,6331,20,6,17,670.63,3953.3,12850.87
6332,20250130,6332,4,1,4,1435.4,6067.77,29975.37
6333,20250315,6333,8,3,3,1303.8,2447.46,7047.68
6334,20250604,6334,8,1,21,930.68,975.1,1715.69
6335,20251215,6335,20,2,4,293.5,9436.98,20453.92
6336,20250817,6336,14,1,17,422.37,7608.04,13861.55
6337,20250819,6337,1,6,17,142.54,957.33,4407.38
6338,20251216,6338,7,5,2,142.86,4540.44,7619.8
6339,20250302,6339,17,2,5,1462.44,8008.26,21762.59
6340,20251114,6340,5,5,14,954.31,2771.82,7120.49
6341,20250906,6341,20,3,8,881.22,1416.29,2942.33
6342,20250909,6342,8,4,27,419.33,5067.62,21598.8
6343,20250107,6343,19,4,20,959.47,3445.33,11490.55
6344,20250409,6344,12,3,20,995.67,8091.49,27283.08
6345,20250509,6345,1,6,21,1438.35,5366.83,17020.18
6346,20250304,6346,9,4,16,460.77,7087.55,15260.2
6347,20250216,6347,7,1,20,467.16,4969.32,7651.38
6348,20250523,6348,10,6,14,107.77,9366.32,41424.47
6349,20250621,6349,8,1,6,859.36,1481.37,4667.65
6350,20251014,6350,20,4,29,720.56,9853.13,30877.65
6351,20250915,6351,9,1,28,208.44,2446.97,8051.21
6352,20250922,6352,19,2,23,1004.88,9647.26,15836.36
6353,20250813,6353,6,3,20,1473.57,2286.61,5267.88
6354,20250926,6354,11,6,1,306.4,4890.76,10828.68
6355,20250305,6355,18,2,9,652.05,5764.56,26431.94
6356,20250709,6356,3,4,24,1281.81,5616.36,20275.49
6357,20250110,6357,19,2,30,415.33,4474.3,15630.75
6358,20250516,6358,4,2,3,1281.99,607.84,1557.22
6359,20250821,6359,7,4,29,591.16,2034.77,5352.35
6360,20250209,6360,5,3,10,1322.18,9986.17,15325.66
6361,20250506,6361,9,4,2,863.7,3409.42,7900.37
6362,20250919,6362,2,1,8,1119.03,1020.76,4767.54
6363,20251106,6363,2,2,26,965.4,9395.55,21499.57
6364,20250806,6364,3,5,28,420.6,8076.95,39965.51
6365,20250217,6365,10,2,19,108.33,971.91,1613.89
6366,20250405,6366,3,6,16,654.25,7891.9,16735.8
6367,20250628,6367,16,1,1,136.16,2667.47,9727.69
6368,20251017,6368,14,1,27,476.32,5673.73,10866.93
6369,20250909,6369,4,4,9,1367.61,7612.13,17082.1
6370,20250511,6370,6,6,22,572.63,4272.3,13131.48
6371,20250416,6371,7,3,15,264.16,4462.9,17397.05
6372,20250805,6372,5,2,28,1251.06,8092.91,15902.3
6373,20250422,6373,11,3,16,464.64,1265.42,2821.33
6374,20250620,6374,18,3,25,429.46,6348.14,9833.94
6375,20250208,6375,9,5,4,140.95,3761.83,15719.82
6376,20250812,6376,6,6,10,1214.44,5231.47,20229.64
6377,20250831,6377,3,1,15,1243.04,6391.25,13424.72
6378,20251219,6378,10,4,11,748.13,7955.98,28763.6
6379,20250518,6379,1,1,12,1028.07,9568.22,31663.13
6380,20251001,6380,14,2,16,1061.41,3434.81,7703.77
6381,20250802,6381,14,2,3,1121.37,6560.49,16960.75
6382,20250825,6382,18,5,27,555.31,3470.09,13103.75
6383,20251203,6383,14,1,25,285.3,8111.86,28500.3
6384,20250519,6384,4,3,27,434.0,9616.44,45685.88
6385,20250322,6385,8,6,22,1217.66,3669.91,15202.32
6386,20251217,6386,4,4,8,971.96,6071.4,17279.23
6387,20250812,6387,6,5,23,1306.22,6906.07,11121.88
6388,20251129,6388,1,4,22,813.58,7747.67,37789.31
6389,20250515,6389,10,3,4,1093.47,4029.49,10040.73
6390,20250405,6390,11,6,20,596.86,2183.67,5020.57
6391,20251019,6391,9,6,29,784.8,9486.66,16725.18
6392,20251218,6392,18,3,7,1498.08,9551.96,19589.47
6393,20250203,6393,12,3,17,144.78,6307.85,18404.91
6394,20250615,6394,19,6,16,842.86,7456.32,29930.34
6395,20250904,6395,8,2,7,1435.17,1590.08,4699.73
6396,20250728,6396,14,5,11,490.6,5612.5,16137.2
6397,20250219,6397,10,5,25,1436.77,7058.92,24027.7
6398,20250709,6398,7,2,26,448.23,7245.77,30713.95
6399,20250712,6399,13,2,5,1458.66,9888.73,30772.68
6400,20250911,6400,5,3,23,570.61,5001.87,8416.33
6401,20250320,6401,6,2,30,744.08,2830.59,8804.17
6402,20250707,6402,3,6,12,280.9,5787.21,21721.69
6403,20250115,6403,11,5,9,593.43,4358.79,19441.72
6404,20250927,6404,7,5,15,288.02,1631.86,4166.83
6405,20250921,6405,5,2,17,1019.07,3863.03,15809.53
6406,20250319,6406,16,5,24,936.33,8449.25,28310.72
6407,20250730,6407,11,4,26,185.96,8915.1,31938.2
6408,20251108,6408,10,5,16,916.83,8591.05,31931.86
6409,20250625,6409,7,2,29,135.14,6914.04,20682.02
6410,20250221,6410,5,4,9,1476.08,5535.44,25193.41
6411,20250804,6411,18,1,13,1472.65,7099.38,12522.52
6412,20250925,6412,12,1,30,1122.75,2962.16,11529.95
6413,20250822,6413,9,6,20,1493.08,8483.58,41408.07
6414,20250724,6414,3,5,15,1221.78,6147.42,13695.27
6415,20251206,6415,16,2,24,955.6,7796.38,33802.71
6416,20250723,6416,2,5,25,890.19,7059.65,22603.18
6417,20251220,6417,19,1,27,822.21,9908.96,24182.35
6418,20250114,6418,14,5,16,117.47,3292.21,13870.86
6419,20250106,6419,7,2,25,470.08,7580.18,21698.98
6420,20250209,6420,14,5,20,1371.39,7246.0,14835.0
6421,20250522,6421,8,4,13,711.63,9023.88,40462.82
6422,20250602,6422,7,3,11,203.97,9355.73,32256.79
6423,20250925,6423,12,2,18,576.33,6204.23,12753.81
6424,20250412,6424,9,2,14,207.29,680.9,1162.04
6425,20250708,6425,18,1,9,220.24,8256.19,33122.03
6426,20250419,6426,15,1,6,1174.07,8426.16,18489.98
6427,20250529,6427,15,1,13,867.48,1097.37,5283.22
6428,20250416,6428,9,5,2,987.97,1879.59,4273.37
6429,20251012,6429,19,6,10,174.55,3070.74,7461.85
6430,20251122,6430,7,3,15,1473.12,3586.32,15296.22
6431,20251205,6431,12,6,20,1369.97,6261.9,25872.21
6432,20250319,6432,14,4,12,1414.92,8817.56,28058.6
6433,20251101,6433,17,1,29,581.97,7501.29,30605.63
6434,20250411,6434,12,5,24,102.61,5086.59,21462.08
6435,20250108,6435,13,6,27,893.96,8889.84,17410.09
6436,20250404,6436,14,6,5,735.17,8473.59,35725.85
6437,20250212,6437,18,5,28,1125.71,3270.19,14626.97
6438,20250331,6438,12,5,17,926.85,3546.25,12238.21
6439,20250418,6439,15,2,1,1110.22,7000.64,15360.19
6440,20250609,6440,17,1,26,850.83,9784.97,48389.82
6441,20250619,6441,20,3,6,1355.69,5452.42,24905.96
6442,20250510,6442,7,6,18,641.88,4218.43,16732.98
6443,20250810,6443,5,2,24,1135.59,8615.3,31107.29
6444,20251204,6444,17,2,26,897.38,617.45,1015.4
6445,20251226,6445,7,6,6,1160.76,861.81,2717.42
6446,20250530,6446,1,4,24,236.8,4816.03,22987.85
6447,20250217,6447,18,3,1,305.85,1842.94,6917.95
6448,20250610,6448,7,6,21,420.13,2287.76,6561.72
6449,20250716,6449,3,5,7,675.42,5383.08,20229.61
6450,20250507,6450,12,6,5,261.91,2181.15,9666.33
6451,20250608,6451,5,2,27,874.05,1494.96,3288.37
6452,20251212,6452,8,4,1,380.65,1526.39,2667.17
6453,20251130,6453,18,5,2,681.49,7074.97,25139.38
6454,20250311,6454,10,3,7,141.26,5497.81,20821.68
6455,20250307,6455,3,6,3,1192.97,3334.07,14083.2
6456,20250927,6456,5,2,21,824.55,2208.96,7746.85
6457,20250902,6457,19,4,27,633.6,9347.73,29727.49
6458,20250617,6458,16,6,19,868.66,4433.02,8066.17
6459,20250308,6459,4,3,4,1151.75,2537.28,8275.47
6460,20250516,6460,7,1,24,1362.55,3371.96,15424.48
6461,20250310,6461,7,6,24,1388.45,3892.18,10369.29
6462,20250311,6462,3,2,12,570.04,8130.84,20717.07
6463,20250628,6463,16,5,10,878.87,6506.64,12656.4
6464,20250712,6464,16,3,1,1179.44,9090.67,34108.08
6465,20250129,6465,11,2,29,400.38,3780.62,6988.22
6466,20250915,6466,19,2,2,149.75,2075.96,5309.16
6467,20250306,6467,14,2,5,1070.91,2569.08,6237.66
6468,20251204,6468,2,4,16,115.36,6204.05,27116.15
6469,20250530,6469,19,5,27,635.61,3870.83,10446.46
6470,20250814,6470,14,2,3,1375.42,1662.23,5007.03
6471,20251115,6471,15,2,22,854.44,6779.55,19137.13
6472,20251128,6472,9,4,25,869.73,8127.9,19711.47
6473,20250924,6473,13,6,21,481.97,2277.08,7040.33
6474,20251101,6474,3,1,8,226.57,9114.37,43265.91
6475,20251204,6475,6,2,25,1095.05,8942.32,14885.38
6476,20251227,6476,20,2,1,906.09,8997.52,30944.94
6477,20251202,6477,15,1,13,715.47,7511.04,16283.96
6478,20250108,6478,11,6,14,329.67,8219.4,29016.27
6479,20250620,6479,13,3,2,1408.97,2992.97,14152.48
6480,20250918,6480,7,3,13,506.24,2339.36,5413.88
6481,20250709,6481,6,1,15,578.88,2878.26,9028.31
6482,20250126,6482,4,2,22,380.35,9368.5,29842.1
6483,20250213,6483,10,6,16,284.48,8724.37,13263.61
6484,20250309,6484,16,2,16,611.0,685.53,2523.99
6485,20250401,6485,9,3,21,470.82,7681.6,35486.07
6486,20250511,6486,3,4,6,933.46,5587.47,24076.9
6487,20250818,6487,20,4,1,185.6,3605.06,6563.05
6488,20250615,6488,1,2,28,1084.35,3853.39,15873.45
6489,20250626,6489,4,2,22,1461.25,7327.95,13554.24
6490,20251006,6490,2,3,4,279.93,8768.16,26414.27
6491,20251202,6491,6,1,20,950.63,2228.77,10325.6
6492,20250414,6492,9,2,4,981.45,8407.04,39045.99
6493,20250626,6493,16,2,5,1338.07,6896.38,33888.9
6494,20250223,6494,4,2,9,397.02,3263.06,15474.23
6495,20251110,6495,13,1,14,579.02,2254.26,3643.37
6496,20250708,6496,4,3,8,1372.5,2732.31,11203.71
6497,20250217,6497,13,5,12,956.18,2643.82,10586.05
6498,20250319,6498,5,2,21,269.41,8116.59,38075.02
6499,20250608,6499,20,6,10,396.96,2431.39,4887.82
6500,20250703,6500,13,2,3,875.51,2610.31,5712.14
6501,20251110,6501,17,2,13,786.69,3485.53,15248.41
6502,20250716,6502,18,3,19,539.25,1644.86,3224.1
6503,20250407,6503,2,4,20,281.42,549.03,2313.05
6504,20250828,6504,3,3,21,976.19,6231.89,30410.13
6505,20250109,6505,18,4,18,996.56,8298.09,19216.01
6506,20250414,6506,1,1,30,1382.01,7788.9,25000.71
6507,20250714,6507,9,3,19,306.18,2351.84,7121.92
6508,20250104,6508,2,1,6,1356.34,8692.76,31820.93
6509,20251011,6509,19,4,3,1423.96,5195.3,16584.49
6510,20250629,6510,1,6,11,1362.25,8058.05,30112.62
6511,20250413,6511,11,2,26,444.89,9443.72,31890.55
6512,20250215,6512,11,3,9,473.15,1675.7,3439.65
6513,20250708,6513,10,3,17,765.91,3902.42,14377.15
6514,20251003,6514,17,5,1,1102.45,8981.9,29772.07
6515,20250419,6515,12,4,18,212.97,7152.38,18694.16
6516,20250721,6516,5,3,9,1055.48,6013.27,22478.58
6517,20250227,6517,19,2,10,410.44,4442.96,14387.04
6518,20250516,6518,15,2,10,944.66,5189.74,25203.62
6519,20250526,6519,12,3,1,699.0,9828.21,38609.7
6520,20250618,6520,19,3,20,376.83,4371.1,7275.6
6521,20251213,6521,14,2,15,587.84,7883.19,34355.09
6522,20250226,6522,14,4,30,396.57,9358.9,39247.34
6523,20250309,6523,19,5,17,576.89,4380.46,14890.24
6524,20250518,6524,13,6,27,169.18,4892.57,12989.91
6525,20250212,6525,20,2,3,924.41,2318.68,4461.77
6526,20250401,6526,14,2,6,955.52,8523.79,23343.73
6527,20250911,6527,5,3,3,1139.57,4174.94,9320.93
6528,20250930,6528,3,2,5,926.26,6094.05,10228.25
6529,20251105,6529,11,1,5,794.65,5640.36,23514.55
6530,20250830,6530,11,2,27,473.78,5388.06,20765.34
6531,20250912,6531,10,5,5,1332.55,623.42,3035.5
6532,20250525,6532,20,5,29,412.78,1257.83,3656.58
6533,20250131,6533,15,2,25,371.39,5669.59,13041.98
6534,20250511,6534,8,4,14,489.32,4637.03,18944.06
6535,20250827,6535,11,6,23,1148.54,2549.01,11437.29
6536,20250304,6536,20,4,4,1168.93,5997.28,28789.02
6537,20251105,6537,4,1,30,1097.78,5009.54,19275.04
6538,20250829,6538,6,3,8,223.69,6747.08,32192.51
6539,20251002,6539,1,6,7,882.93,6863.42,28542.11
6540,20250209,6540,1,1,24,1484.03,2817.59,9311.56
6541,20250410,6541,7,2,15,985.75,6906.01,28322.39
6542,20250329,6542,7,5,28,386.53,7036.26,27450.39
6543,20250428,6543,18,4,2,228.98,4327.92,7472.49
6544,20250301,6544,14,1,20,152.76,3884.59,9502.5
6545,20250126,6545,2,2,7,1163.21,5847.85,8897.76
6546,20250330,6546,10,4,4,866.74,6536.29,17932.03
6547,20250726,6547,11,6,7,782.97,6845.16,16298.77
6548,20251106,6548,12,5,10,1335.17,5031.22,8136.81
6549,20250301,6549,20,1,6,469.89,9580.6,35454.7
6550,20250222,6550,11,2,12,485.28,4738.91,8863.86
6551,20250716,6551,9,1,30,788.08,7921.17,38800.68
6552,20250301,6552,14,5,18,1268.47,4792.19,8177.85
6553,20250521,6553,4,4,20,166.15,4697.31,7706.59
6554,20250307,6554,19,6,18,1433.72,3397.74,15103.8
6555,20250321,6555,9,3,17,244.0,7202.49,21538.0
6556,20251010,6556,2,3,16,650.85,5500.19,11920.35
6557,20250215,6557,14,4,13,718.23,8204.1,32937.46
6558,20250119,6558,1,2,29,1193.7,9597.86,36428.84
6559,20251220,6559,9,2,29,421.7,765.52,1589.23
6560,20250505,6560,2,2,12,1415.61,2655.05,6834.29
6561,20250118,6561,11,2,23,1306.29,567.09,1340.4
6562,20250919,6562,14,4,26,715.37,2000.88,4857.9
6563,20250523,6563,5,6,13,259.88,4903.27,13846.27
6564,20251026,6564,16,4,20,1147.87,986.12,4506.98
6565,20251019,6565,19,6,2,175.87,2679.27,4132.93
6566,20250105,6566,18,5,6,1081.69,3293.36,11579.35
6567,20250905,6567,19,6,23,504.8,7456.59,19355.05
6568,20251025,6568,12,6,21,850.85,5919.68,14440.03
6569,20251022,6569,8,1,30,1032.51,2033.81,3928.64
6570,20250502,6570,20,5,25,200.38,2674.01,5976.5
6571,20250722,6571,4,4,20,1229.5,547.17,1081.8
6572,20250903,6572,8,1,6,1452.53,1979.3,8583.54
6573,20250911,6573,15,4,7,1321.17,1489.29,6335.29
6574,20251222,6574,2,3,22,850.05,7587.82,22151.31
6575,20250308,6575,11,1,6,892.1,4968.11,17515.88
6576,20250524,6576,19,2,21,594.1,726.13,3536.46
6577,20250905,6577,13,5,23,1216.27,6169.93,24548.56
6578,20250403,6578,14,1,9,204.07,6603.55,32659.34
6579,20250930,6579,8,2,24,330.81,5878.81,10925.61
6580,20250716,6580,9,3,27,447.75,1020.39,3255.63
6581,20250909,6581,16,5,26,1220.05,6397.6,9601.22
6582,20251207,6582,6,4,5,949.34,7109.71,24500.23
6583,20251010,6583,7,4,2,1158.2,6176.9,17632.26
6584,20250326,6584,1,2,19,277.41,2818.02,9360.64
6585,20251111,6585,5,4,23,1358.24,5875.3,27683.34
6586,20250215,6586,1,3,5,410.86,3818.53,12219.29
6587,20250523,6587,15,1,5,1256.83,2378.81,11502.28
6588,20250410,6588,4,5,7,741.38,9903.15,47155.37
6589,20250819,6589,6,5,29,1378.19,3683.63,16072.25
6590,20250720,6590,15,3,7,818.62,6933.14,29460.77
6591,20251211,6591,17,1,13,1086.68,8879.03,18704.98
6592,20250818,6592,17,5,23,847.7,4333.88,20652.3
6593,20251004,6593,8,3,26,1380.91,3942.89,15739.61
6594,20250725,6594,8,1,11,1149.73,6497.24,13702.88
6595,20250508,6595,10,2,10,1136.7,5476.02,24174.34
6596,20250505,6596,5,2,9,1076.02,2438.76,11767.42
6597,20250625,6597,1,5,3,786.62,8203.07,35470.32
6598,20250219,6598,19,1,16,125.08,6463.49,17636.46
6599,20250916,6599,18,4,26,1432.85,5180.58,23906.96
6600,20251208,6600,2,6,28,886.95,1433.05,3462.86
6601,20250611,6601,3,6,16,566.24,5316.71,9290.18
6602,20251028,6602,10,3,17,847.93,5556.17,10577.68
6603,20250128,6603,19,1,18,1366.33,3588.82,17650.12
6604,20250823,6604,13,1,8,389.65,8759.65,40326.16
6605,20250601,6605,7,4,4,209.26,3093.79,14369.09
6606,20250404,6606,13,4,25,1246.59,1444.57,2471.75
6607,20251022,6607,9,2,3,229.82,2179.18,9142.99
6608,20250408,6608,1,2,8,369.99,6979.98,24606.09
6609,20250222,6609,19,3,15,638.38,7663.32,31584.82
6610,20250408,6610,6,5,21,542.35,7077.81,19619.18
6611,20250307,6611,2,6,12,287.73,1922.01,3283.41
6612,20250528,6612,10,1,19,527.49,9337.4,35627.26
6613,20250515,6613,9,1,13,305.08,4080.68,14628.24
6614,20250711,6614,20,5,4,1289.38,1213.05,4530.76
6615,20250411,6615,13,1,12,620.75,2408.91,5418.49
6616,20251027,6616,1,3,29,794.77,9071.56,27637.88
6617,20250824,6617,3,6,3,520.89,5554.74,12820.64
6618,20251024,6618,2,2,21,1484.23,3656.28,17726.63
6619,20250412,6619,4,1,6,659.54,5877.84,28794.3
6620,20250720,6620,17,5,10,1040.43,7556.45,35887.94
6621,20250831,6621,8,3,8,1297.23,8214.64,23003.06
6622,20251214,6622,19,1,30,899.63,5590.91,26170.72
6623,20250311,6623,4,5,25,228.1,7788.74,19095.66
6624,20250114,6624,12,3,12,1267.39,9198.78,20223.78
6625,20250606,6625,2,3,24,511.63,8309.37,26515.3
6626,20250724,6626,8,1,12,1229.97,6454.65,17138.11
6627,20250729,6627,6,4,26,720.95,6946.71,33404.53
6628,20250508,6628,7,4,23,394.01,3609.21,7268.4
6629,20250122,6629,9,4,9,785.95,3003.88,9900.66
6630,20250606,6630,2,6,27,992.36,9417.14,35167.01
6631,20251016,6631,4,6,11,690.05,8382.93,41064.77
6632,20250824,6632,20,6,27,131.36,6339.49,13705.31
6633,20250826,6633,18,6,22,564.88,4950.05,15274.95
6634,20250426,6634,17,1,17,1169.75,9946.94,38928.88
6635,20251014,6635,14,6,27,1382.49,2884.42,10339.49
6636,20250206,6636,2,3,24,1400.4,661.86,1380.04
6637,20250222,6637,20,5,18,1050.65,3647.31,11062.38
6638,20251001,6638,13,4,11,889.9,5228.72,7998.25
6639,20250805,6639,19,6,28,1333.26,6835.62,29079.1
6640,20250917,6640,5,4,27,258.89,6681.87,17655.73
6641,20251210,6641,8,6,10,703.88,3529.81,12046.76
6642,20251116,6642,14,5,17,704.04,1992.1,8335.24
6643,20250707,6643,5,6,27,1012.8,7883.38,32999.24
6644,20250427,6644,17,2,21,1021.42,8774.0,41728.27
6645,20250915,6645,2,3,29,1057.97,7015.82,25607.44
6646,20250410,6646,8,3,6,286.98,7075.15,17742.72
6647,20250319,6647,18,4,9,1144.27,9237.44,42209.08
6648,20250503,6648,16,6,14,930.06,5336.28,15490.02
6649,20251105,6649,5,1,30,1277.07,1653.57,5407.12
6650,20250622,6650,16,1,30,669.95,2077.33,5775.56
6651,20251031,6651,7,1,27,989.1,6102.48,24908.39
6652,20250628,6652,18,4,19,598.39,2847.62,14099.51
6653,20250610,6653,6,3,30,1054.96,3138.45,10906.17
6654,20250728,6654,20,3,19,269.66,9257.66,21301.8
6655,20250304,6655,1,4,11,457.71,2629.14,8303.49
6656,20250429,6656,20,2,5,1385.34,7757.06,20056.13
6657,20250727,6657,14,2,14,340.73,2817.73,7492.91
6658,20251130,6658,6,5,18,776.33,8793.13,24293.45
6659,20250617,6659,3,6,22,530.32,3669.73,14036.39
6660,20250708,6660,11,3,19,1143.5,5168.35,16715.33
6661,20250103,6661,1,6,18,1427.15,9842.24,16239.38
6662,20250622,6662,5,3,18,1419.81,3803.95,12231.65
6663,20250514,6663,7,2,20,682.69,5557.41,21050.21
6664,20250322,6664,5,5,15,135.06,2023.35,9566.88
6665,20250211,6665,9,3,4,401.02,8393.71,29244.83
6666,20251125,6666,20,2,2,1133.54,1206.17,4829.62
6667,20250723,6667,1,5,21,376.54,6421.55,17818.41
6668,20251010,6668,9,4,20,854.66,735.79,2213.36
6669,20250718,6669,18,4,30,1335.88,2309.91,10308.73
6670,20250425,6670,18,3,3,308.12,1695.56,6681.06
6671,20251001,6671,14,5,29,230.36,8147.5,30727.89
6672,20250719,6672,2,2,22,690.98,5399.79,22866.33
6673,20250522,6673,15,5,13,142.65,8129.56,13073.19
6674,20250617,6674,12,6,22,904.02,7856.98,24202.02
6675,20250614,6675,10,5,22,493.28,7314.67,16239.0
6676,20250624,6676,18,3,10,1466.73,6695.97,21929.09
6677,20250903,6677,19,1,19,1413.99,3363.34,15968.4
6678,20250714,6678,14,5,12,921.35,5362.92,14404.05
6679,20250530,6679,20,1,18,1066.97,9710.33,29145.59
6680,20250104,6680,10,1,3,637.92,9209.67,43800.92
6681,20251226,6681,4,6,5,114.1,3190.45,5984.21
6682,20250430,6682,16,3,6,409.72,2922.43,8391.44
6683,20250920,6683,12,3,10,514.81,1993.81,4647.42
6684,20250625,6684,2,4,27,1398.36,830.06,3971.75
6685,20250916,6685,10,1,25,259.92,2005.31,8596.6
6686,20250216,6686,9,4,16,1446.32,2139.57,9610.17
6687,20250815,6687,11,2,10,935.22,8794.19,17460.05
6688,20250525,6688,8,1,20,780.21,7218.38,19009.48
6689,20250318,6689,9,3,11,1277.78,5587.19,18091.89
6690,20251222,6690,4,2,25,903.88,7685.14,29607.84
6691,20251005,6691,14,6,16,998.4,9768.52,30080.71
6692,20250819,6692,9,4,28,128.87,5763.13,9861.39
6693,20250217,6693,2,5,4,910.19,9414.0,18578.41
6694,20250630,6694,4,5,24,762.08,5414.34,19770.17
6695,20250212,6695,10,5,26,332.24,7579.19,36450.85
6696,20251105,6696,14,4,12,409.91,545.63,967.47
6697,20250916,6697,7,3,12,110.79,8633.89,34228.08
6698,20250705,6698,11,3,14,178.6,3154.36,6693.45
6699,20250415,6699,17,5,18,439.05,3400.22,14481.12
6700,20250718,6700,5,5,27,753.67,2367.59,10140.06
6701,20250614,6701,12,1,22,235.37,8056.21,27851.65
6702,20250131,6702,12,3,5,546.58,3121.91,5417.93
6703,20250217,6703,4,5,5,804.28,1360.23,3810.57
6704,20251130,6704,10,3,1,1394.13,9354.66,34418.52
6705,20250809,6705,3,5,11,291.43,4097.34,11331.22
6706,20250706,6706,5,3,6,1327.33,9014.13,23451.96
6707,20251210,6707,7,5,11,977.71,735.81,1487.2
6708,20251228,6708,10,6,25,640.83,9717.44,32833.37
6709,20250418,6709,14,2,24,428.69,5179.74,17412.2
6710,20251205,6710,4,3,21,233.76,623.87,1993.02
6711,20250603,6711,7,6,18,1183.24,1175.78,2059.33
6712,20250622,6712,11,4,29,1048.82,9758.09,44100.6
6713,20250610,6713,8,3,7,1220.85,8491.4,37978.74
6714,20250219,6714,7,1,8,963.06,4658.52,14647.18
6715,20250907,6715,9,3,16,1438.79,9481.66,37322.94
6716,20251013,6716,10,4,10,445.89,6732.31,23130.45
6717,20250713,6717,11,4,5,1045.29,3266.32,10603.89
6718,20250324,6718,13,1,23,618.13,4634.07,12289.36
6719,20250601,6719,8,1,1,1181.16,9088.91,27401.86
6720,20250702,6720,15,1,26,900.87,3594.94,17951.09
6721,20250206,6721,3,6,3,137.7,6876.03,27445.17
6722,20250119,6722,5,6,20,486.43,3538.02,13913.4
6723,20250711,6723,8,1,2,1415.88,7093.5,31666.06
6724,20251025,6724,9,2,29,1127.55,1456.44,3075.55
6725,20251019,6725,20,4,8,336.0,6706.37,29108.89
6726,20250704,6726,12,1,26,891.15,683.47,3303.14
6727,20250310,6727,8,3,30,1181.83,1172.72,4784.37
6728,20251217,6728,15,3,6,1052.67,6461.23,24133.88
6729,20250920,6729,10,4,11,1164.15,1446.81,2570.9
6730,20250602,6730,20,4,28,1074.65,5609.2,16464.25
6731,20250407,6731,6,4,1,925.42,9411.45,16209.65
6732,20251028,6732,12,6,19,1003.16,2022.12,8371.51
6733,20250802,6733,13,1,8,998.72,8350.92,33149.06
6734,20250721,6734,19,1,30,948.06,4217.87,10248.06
6735,20250806,6735,5,1,27,1153.25,926.68,1540.87
6736,20250709,6736,19,1,22,724.08,8127.57,33254.81
6737,20250731,6737,19,1,25,1409.31,9365.49,21462.8
6738,20250211,6738,17,2,12,528.93,750.31,2673.65
6739,20250214,6739,11,6,28,810.95,8217.28,32516.81
6740,20250106,6740,1,3,27,155.56,3597.57,15524.3
6741,20250926,6741,12,6,5,411.2,4885.41,13356.82
6742,20250916,6742,16,6,5,1434.03,1837.37,7649.26
6743,20251207,6743,9,4,13,1253.48,2981.88,8492.21
6744,20251231,6744,7,6,30,375.03,1184.26,4455.75
6745,20250912,6745,5,4,30,1174.94,4867.29,19429.26
6746,20250213,6746,12,4,17,1435.29,1101.26,4762.06
6747,20250114,6747,10,6,20,656.67,7364.51,17813.89
6748,20250218,6748,8,4,18,299.14,6332.04,23949.87
6749,20250525,6749,13,1,4,1292.14,854.41,2642.03
6750,20250920,6750,11,1,21,921.92,1521.14,3078.74
6751,20250131,6751,17,4,19,938.46,4026.62,8693.43
6752,20250412,6752,10,4,21,559.88,2685.01,11712.18
6753,20250907,6753,7,3,28,235.97,8154.98,23090.04
6754,20250424,6754,8,4,28,1381.27,7168.82,32603.83
6755,20250217,6755,11,2,22,1312.07,9866.33,33735.25
6756,20250219,6756,7,5,1,1252.35,7939.72,31401.2
6757,20250411,6757,5,5,21,1305.72,4773.37,14793.74
6758,20251124,6758,13,3,2,1266.53,8355.63,16095.94
6759,20250131,6759,16,1,19,630.43,1516.84,3856.19
6760,20250401,6760,10,3,12,570.32,7946.35,38372.22
6761,20251222,6761,14,3,17,538.3,5574.37,23450.54
6762,20250309,6762,11,4,4,149.56,3330.26,11856.59
6763,20250415,6763,16,6,19,1206.17,6767.82,29206.17
6764,20250213,6764,5,5,24,1166.4,5066.66,12632.13
6765,20250520,6765,5,6,14,132.97,7965.13,19131.62
6766,20251014,6766,7,6,23,166.97,4519.15,12077.15
6767,20251015,6767,15,1,10,1246.49,2422.67,4456.97
6768,20250717,6768,9,4,14,1239.73,987.73,3015.1
6769,20251019,6769,9,2,10,176.42,5206.95,25080.5
6770,20250528,6770,8,4,28,246.15,2294.69,7957.75
6771,20251120,6771,17,2,24,1332.98,665.25,1605.85
6772,20250227,6772,5,2,25,397.92,8631.04,31472.98
6773,20250903,6773,4,1,27,336.41,5806.66,18083.59
6774,20250101,6774,6,6,27,635.64,7377.53,33527.71
6775,20250127,6775,13,1,2,225.42,9250.15,43403.69
6776,20250205,6776,6,5,25,452.35,9313.45,22429.61
6777,20250925,6777,6,6,10,783.94,718.45,1085.1
6778,20250126,6778,3,2,24,729.06,1037.33,4324.39
6779,20250730,6779,6,1,29,374.0,7310.19,31792.25
6780,20250725,6780,1,4,11,370.35,846.61,3112.97
6781,20250727,6781,17,4,3,249.38,4815.08,20227.52
6782,20250725,6782,3,3,1,393.71,7608.38,29724.53
6783,20250331,6783,17,3,1,601.68,4625.9,20069.47
6784,20250910,6784,9,5,17,704.93,3309.55,8927.64
6785,20251228,6785,2,5,1,494.75,5560.91,9853.54
6786,20250707,6786,3,4,3,586.89,1076.68,3472.99
6787,20250304,6787,14,1,23,109.92,2398.87,4286.1
6788,20250809,6788,12,5,1,959.1,1466.41,2227.21
6789,20250427,6789,17,6,18,440.94,3136.4,10057.55
6790,20250321,6790,1,4,27,1356.16,5964.11,27086.95
6791,20250804,6791,18,3,27,996.9,7213.91,12978.84
6792,20250919,6792,3,1,19,1231.36,9740.1,15262.0
6793,20250409,6793,13,4,12,218.28,2064.07,3121.29
6794,20250207,6794,17,1,24,1383.6,1964.75,6562.8
6795,20251227,6795,4,1,14,249.8,6332.56,11840.49
6796,20250622,6796,12,4,18,1369.91,9608.76,41175.91
6797,20250820,6797,11,5,13,936.62,3883.94,5910.42
6798,20250620,6798,6,6,25,1010.58,3835.06,8556.91
6799,20251030,6799,2,3,3,1452.25,2404.31,10932.22
6800,20251210,6800,17,5,20,897.94,2216.39,5860.75
6801,20250909,6801,13,3,21,916.28,6681.84,12252.17
6802,20250221,6802,16,5,21,1432.45,5386.81,16584.39
6803,20250526,6803,10,5,20,603.37,7596.76,35086.36
6804,20250119,6804,3,2,21,150.34,8627.73,40359.18
6805,20250627,6805,6,6,7,1405.14,7481.29,27405.97
6806,20250830,6806,9,3,13,867.17,5985.89,11048.0
6807,20250506,6807,1,5,5,629.94,9594.51,46037.77
6808,20250820,6808,3,1,2,211.61,2451.16,4788.6
6809,20251122,6809,10,4,14,1483.0,2273.17,9172.24
6810,20251002,6810,16,1,21,910.05,4173.74,8673.33
6811,20250621,6811,15,2,24,1171.82,7669.42,11700.21
6812,20250305,6812,11,3,6,505.21,4540.52,9676.66
6813,20251012,6813,9,5,26,613.93,3446.35,5252.11
6814,20251220,6814,19,3,13,582.39,525.54,800.87
6815,20251207,6815,16,5,11,260.28,4651.25,7853.27
6816,20251224,6816,20,1,4,608.91,8774.18,20057.62
6817,20251127,6817,2,5,7,756.92,3863.91,6264.93
6818,20251108,6818,4,4,27,117.95,1217.55,4546.54
6819,20250204,6819,10,1,4,1441.39,3258.48,10844.58
6820,20250905,6820,15,6,10,1299.72,6592.31,21358.77
6821,20251016,6821,8,2,11,723.18,4820.11,9663.37
6822,20250527,6822,17,2,23,746.97,3868.16,19153.92
6823,20250420,6823,13,5,25,858.43,9492.19,37476.32
6824,20250624,6824,19,3,15,945.45,1769.26,7239.67
6825,20251121,6825,18,5,17,576.23,5160.26,17677.98
6826,20250923,6826,6,6,24,1070.91,9972.15,21067.28
6827,20250319,6827,12,6,1,131.71,7503.3,37261.37
6828,20250906,6828,3,4,19,567.0,2163.5,6079.14
6829,20251007,6829,7,5,29,1332.34,1640.0,7436.56
6830,20251126,6830,15,1,20,1404.99,7457.73,33056.71
6831,20251025,6831,4,3,26,817.7,5692.37,19914.5
6832,20250508,6832,5,1,9,1247.56,3968.58,19480.29
6833,20250907,6833,8,3,11,834.11,2747.76,9339.07
6834,20250524,6834,10,4,3,328.81,8186.65,28621.06
6835,20251212,6835,13,5,4,748.56,8859.81,33798.22
6836,20250821,6836,8,3,26,734.82,7065.1,25227.22
6837,20250627,6837,7,6,13,1177.94,3593.09,17231.76
6838,20250126,6838,1,5,18,158.93,7790.8,22240.47
6839,20250323,6839,8,1,8,1308.35,5020.9,23649.13
6840,20250604,6840,16,3,11,1287.49,9885.76,27393.52
6841,20250823,6841,5,3,21,838.92,661.6,1625.66
6842,20250509,6842,5,2,26,988.05,2710.42,12207.76
6843,20250817,6843,16,1,13,1037.63,1754.1,7495.33
6844,20251110,6844,13,3,6,1135.93,2959.91,8229.49
6845,20250101,6845,19,2,11,843.0,889.21,4034.75
6846,20250520,6846,18,5,14,603.61,3110.97,11433.46
6847,20250122,6847,13,2,28,416.05,3808.5,14913.77
6848,20250913,6848,5,6,16,377.01,3565.71,16701.12
6849,20251002,6849,11,6,17,532.42,742.75,1569.89
6850,20250602,6850,19,3,22,433.08,9336.77,28564.76
6851,20250223,6851,5,4,20,585.92,6495.69,26846.8
6852,20250102,6852,18,4,8,722.2,3620.64,5866.35
6853,20250228,6853,20,1,9,478.51,5875.99,20718.21
6854,20251121,6854,11,4,20,301.21,4929.33,13442.67
6855,20250324,6855,2,5,10,232.95,3360.89,16141.71
6856,20250206,6856,10,2,7,684.99,2302.59,11259.43
6857,20250322,6857,17,6,3,496.81,8981.37,35921.07
6858,20250106,6858,10,2,1,218.98,2343.9,7084.25
6859,20250902,6859,3,4,24,1376.76,7551.76,17110.59
6860,20250801,6860,5,4,7,1029.73,9468.47,23820.78
6861,20250918,6861,16,3,12,875.59,4763.23,21074.62
6862,20250916,6862,13,4,13,528.49,8792.02,24017.51
6863,20250209,6863,6,6,22,731.49,4379.46,15025.09
6864,20251204,6864,9,2,3,1471.91,8799.81,20071.11
6865,20250814,6865,16,6,24,336.13,9059.1,42682.91
6866,20250805,6866,9,5,29,855.51,3489.49,6758.23
6867,20250403,6867,4,5,11,790.39,701.13,1203.89
6868,20250324,6868,7,4,4,601.45,2658.57,12268.05
6869,20251223,6869,5,3,25,1032.47,683.92,1963.22
6870,20250108,6870,3,6,8,808.45,8592.58,20536.24
6871,20250723,6871,2,2,28,1492.72,3039.06,4829.49
6872,20250729,6872,7,2,20,798.18,5456.42,21091.71
6873,20250612,6873,11,5,25,1016.04,9569.18,26001.21
6874,20250624,6874,10,6,30,1432.36,5304.95,14932.39
6875,20250828,6875,8,4,19,1079.01,4921.79,24600.41
6876,20250628,6876,18,6,28,1319.39,8222.71,40828.61
6877,20251107,6877,19,1,15,930.54,4932.39,14319.76
6878,20250528,6878,5,1,2,1238.03,7779.84,36024.45
6879,20250801,6879,10,4,19,624.78,2213.19,8871.34
6880,20250817,6880,9,5,10,1084.66,1030.65,2254.01
6881,20250508,6881,20,2,19,484.38,1714.04,6565.01
6882,20250420,6882,2,3,24,1037.31,7764.69,26458.6
6883,20250322,6883,4,5,5,164.67,8869.74,18993.52
6884,20250124,6884,4,4,19,1494.39,4432.02,16719.05
6885,20250429,6885,2,5,19,1212.05,4048.65,12878.09
6886,20251221,6886,1,3,30,657.81,7146.45,34152.01
6887,20250525,6887,4,3,12,1272.36,5294.64,20329.22
6888,20250709,6888,2,6,19,1228.12,2301.74,10917.61
6889,20250507,6889,14,3,11,936.25,8892.32,19778.11
6890,20250525,6890,10,4,24,936.6,2703.16,7091.98
6891,20250205,6891,16,1,5,1324.35,4513.03,22442.9
6892,20250204,6892,6,3,26,677.34,4712.69,21557.03
6893,20250825,6893,6,4,19,593.4,6990.8,23038.06
6894,20250610,6894,7,5,1,1078.78,1638.13,4930.03
6895,20250313,6895,10,3,19,705.79,7122.64,35168.74
6896,20251227,6896,15,4,30,340.28,1994.43,9354.47
6897,20251126,6897,15,1,13,988.83,2055.62,4390.14
6898,20250303,6898,12,3,12,138.06,4326.71,9592.23
6899,20250819,6899,7,4,24,193.61,9184.6,42899.79
6900,20251214,6900,9,2,13,564.18,9577.93,44911.65
6901,20250328,6901,17,4,29,113.64,1920.34,8009.51
6902,20251010,6902,7,3,16,1245.27,1677.95,2820.83
6903,20251230,6903,16,4,30,1320.37,1248.46,3552.17
6904,20250321,6904,17,3,19,1289.23,5310.65,17128.85
6905,20251230,6905,11,1,23,852.08,885.73,2295.72
6906,20250521,6906,3,2,2,1007.43,9724.56,30288.36
6907,20251028,6907,10,3,20,1347.72,6537.48,10388.27
6908,20250224,6908,13,1,26,871.39,7396.05,23974.72
6909,20250201,6909,7,3,20,1167.37,2714.52,8646.29
6910,20251205,6910,15,5,2,500.11,6712.53,15040.53
6911,20250715,6911,17,5,6,985.47,4021.98,16811.73
6912,20250930,6912,6,4,11,495.25,9434.17,23749.55
6913,20250907,6913,15,2,29,872.89,3362.46,11584.08
6914,20250818,6914,3,1,20,1321.29,9431.87,21972.11
6915,20250814,6915,9,2,3,1347.77,6736.22,17972.66
6916,20250608,6916,18,4,2,939.97,6990.06,32350.06
6917,20250906,6917,16,5,27,1156.3,7973.66,24156.66
6918,20251008,6918,2,2,16,606.57,3905.47,13580.95
6919,20250218,6919,14,2,19,1288.32,7706.44,38372.32
6920,20250424,6920,14,5,11,1022.45,9463.05,43759.77
6921,20250317,6921,2,3,2,704.66,1206.98,2581.05
6922,20250308,6922,17,4,9,293.46,8353.52,41011.85
6923,20250516,6923,6,4,29,734.6,661.46,1412.76
6924,20251123,6924,13,5,5,478.74,2883.17,4987.26
6925,20250318,6925,13,3,10,303.13,2040.23,3382.0
6926,20250205,6926,12,6,18,1035.89,7356.62,24995.22
6927,20250424,6927,18,4,23,794.04,8247.91,31537.72
6928,20250607,6928,4,4,28,158.62,8002.52,24873.98
6929,20250301,6929,5,4,9,592.14,6106.89,24416.18
6930,20250926,6930,14,2,17,1225.94,8730.08,29504.21
6931,20251026,6931,12,1,1,394.47,7832.51,13281.71
6932,20251110,6932,14,5,27,361.51,4670.92,17226.98
6933,20250207,6933,13,3,30,1457.33,3528.85,7230.93
6934,20250117,6934,10,2,17,166.45,2005.35,3695.89
6935,20250330,6935,15,3,2,1413.79,8439.27,13911.02
6936,20250914,6936,17,4,29,398.23,3792.83,11999.52
6937,20250516,6937,16,6,25,399.36,1850.91,3856.06
6938,20250316,6938,19,2,26,376.25,9511.07,44273.59
6939,20251023,6939,17,3,10,1277.12,5623.79,9536.89
6940,20251223,6940,4,3,5,1053.42,5088.57,13043.19
6941,20251228,6941,17,5,1,1167.95,9833.61,34733.54
6942,20250107,6942,6,3,17,833.6,4113.24,8662.26
6943,20250415,6943,2,3,30,755.45,7426.26,20479.64
6944,20250919,6944,7,3,21,1419.36,7386.53,12887.99
6945,20250406,6945,16,6,8,1110.64,7462.48,33706.92
6946,20250504,6946,5,2,2,1222.03,9751.75,32371.42
6947,20250110,6947,5,3,5,544.96,655.56,1369.25
6948,20251028,6948,10,6,29,225.73,9802.14,45893.87
6949,20251014,6949,17,3,29,1018.0,1843.27,8614.36
6950,20250713,6950,16,5,16,1452.1,4710.85,9514.6
6951,20251112,6951,6,2,17,891.79,591.6,1121.69
6952,20250726,6952,5,2,17,243.99,7412.34,25851.88
6953,20250822,6953,8,2,27,682.0,3382.82,9670.36
6954,20250406,6954,13,2,23,599.6,4824.71,20549.45
6955,20251011,6955,15,1,10,953.98,1987.85,7979.45
6956,20250709,6956,8,6,12,492.66,5675.77,19430.55
6957,20251212,6957,6,6,25,272.94,4568.76,18991.07
6958,20250721,6958,12,1,10,528.62,4853.38,17296.61
6959,20251207,6959,3,2,19,1400.56,3026.6,11603.58
6960,20250112,6960,1,5,25,405.56,7574.45,25843.12
6961,20251224,6961,18,3,29,305.09,8000.59,33864.09
6962,20250809,6962,6,1,11,484.35,7109.65,16672.47
6963,20250123,6963,1,6,9,982.29,7780.84,20702.38
6964,20250224,6964,20,5,23,302.44,7577.38,33218.79
6965,20250714,6965,14,4,2,667.95,9491.65,36870.18
6966,20251023,6966,7,4,26,1171.49,4973.09,19758.44
6967,20250224,6967,4,6,10,607.48,6081.6,13571.02
6968,20251130,6968,4,4,3,1065.86,4065.18,14354.17
6969,20250327,6969,16,3,8,1444.61,7662.3,20491.35
6970,20250920,6970,10,1,5,1266.76,5913.65,9961.94
6971,20250505,6971,1,3,30,476.07,5670.53,11117.37
6972,20251004,6972,14,3,17,279.35,6113.93,25374.53
6973,20251204,6973,18,4,6,646.47,3827.8,17063.16
6974,20250715,6974,16,2,30,1152.44,4720.91,16448.02
6975,20250217,6975,20,5,8,106.92,7555.97,35889.43
6976,20250824,6976,18,3,22,995.93,9107.42,19364.6
6977,20250728,6977,9,4,28,992.55,8517.75,22424.56
6978,20250622,6978,3,3,17,1203.28,2567.05,3955.89
6979,20250101,6979,14,5,24,1154.1,3730.58,10683.5
6980,20250421,6980,14,4,3,991.52,2571.3,11652.67
6981,20251116,6981,8,4,2,429.83,6844.25,27576.62
6982,20250526,6982,16,5,3,1458.88,6745.03,27888.86
6983,20251005,6983,5,6,21,1117.12,3276.12,5362.34
6984,20250125,6984,11,6,10,793.26,1758.1,8216.87
6985,20250528,6985,3,1,7,1121.85,9899.15,41295.45
6986,20250218,6986,6,6,10,305.88,1661.99,4743.78
6987,20250523,6987,20,4,16,1094.67,9315.0,45945.94
6988,20250926,6988,19,5,21,478.14,1686.05,3556.83
6989,20250722,6989,19,2,11,1095.36,9090.97,21281.01
6990,20250408,6990,12,1,21,455.62,3678.43,15327.55
6991,20250721,6991,1,1,10,959.51,1774.63,3774.99
6992,20250824,6992,15,4,21,297.28,6877.88,12089.53
6993,20251029,6993,15,6,24,450.15,2296.37,9579.4
6994,20251128,6994,3,1,2,323.36,8475.21,32410.29
6995,20250828,6995,20,4,30,757.68,5475.35,19909.97
6996,20250213,6996,7,5,6,580.2,5322.17,24446.87
6997,20250610,6997,16,4,21,1448.19,9755.88,43329.65
6998,20250611,6998,1,3,9,346.14,5836.31,13999.22
6999,20250418,6999,6,5,17,544.55,6034.91,30135.43
7000,20251224,7000,1,2,29,539.44,9083.29,35633.85
7001,20250918,7001,1,1,11,794.26,1020.01,2668.38
7002,20250716,7002,11,3,13,1238.45,7105.13,31808.6
7003,20251116,7003,17,4,14,1215.3,4523.34,15502.53
7004,20250702,7004,13,3,30,775.78,2096.56,7258.95
7005,20250224,7005,1,3,11,544.32,9030.57,26745.24
7006,20250604,7006,16,3,21,474.34,6946.16,14161.95
7007,20250514,7007,20,5,2,138.61,7690.43,31408.61
7008,20250405,7008,15,5,4,302.72,821.58,3460.33
7009,20251005,7009,10,6,26,720.8,3394.09,9503.74
7010,20251209,7010,13,5,23,298.8,2335.51,11556.74
7011,20251007,7011,14,2,29,1332.04,5154.14,22577.02
7012,20250221,7012,2,1,18,1229.58,3553.98,10942.51
7013,20251223,7013,5,1,14,1191.44,4263.63,14130.88
7014,20251104,7014,16,3,6,113.95,3274.83,7508.83
7015,20251028,7015,18,2,9,133.84,1576.09,4549.14
7016,20250115,7016,15,3,7,1449.95,3711.96,18331.35
7017,20250408,7017,2,2,23,824.43,9996.12,32186.21
7018,20250423,7018,14,3,30,755.06,1015.37,4139.87
7019,20251109,7019,6,1,20,149.48,2974.76,11264.27
7020,20251221,7020,20,2,5,1391.53,4116.09,16427.94
7021,20250929,7021,13,5,6,1455.78,7275.75,14123.5
7022,20250408,7022,19,3,2,508.78,6449.49,9878.2
7023,20250120,7023,7,5,18,575.19,8729.18,22661.05
7024,20250216,7024,18,5,18,1283.77,5167.57,14840.66
7025,20250729,7025,6,2,10,1263.12,2584.47,9253.7
7026,20251110,7026,13,4,23,355.75,1087.97,4985.33
7027,20250116,7027,2,3,29,1090.85,9525.38,19050.36
7028,20250115,7028,5,1,3,1424.72,5870.56,16909.56
7029,20250307,7029,17,2,22,602.23,8671.24,32094.46
7030,20251112,7030,12,6,28,451.25,7049.54,16081.45
7031,20250829,7031,5,3,16,354.04,7776.04,23387.47
7032,20251109,7032,4,1,9,1139.74,6601.62,13698.37
7033,20250304,7033,14,4,13,571.67,5902.18,18067.24
7034,20250606,7034,16,2,7,1232.05,9097.75,24942.75
7035,20250305,7035,6,2,11,1132.9,7756.83,21899.91
7036,20250904,7036,6,5,13,781.62,4980.41,21652.7
7037,20250219,7037,20,6,14,1212.28,1549.67,6181.62
7038,20250926,7038,14,4,22,834.04,6363.11,18107.26
7039,20250210,7039,19,2,21,255.78,4556.82,7307.77
7040,20250510,7040,2,1,12,320.85,2223.83,7351.3
7041,20250523,7041,2,6,16,1342.29,6614.92,17027.27
7042,20250604,7042,7,2,17,748.76,7954.87,34640.8
7043,20250731,7043,4,4,16,796.68,811.31,2499.23
7044,20250831,7044,13,6,9,1199.58,2609.33,8473.38
7045,20250710,7045,6,3,15,384.01,4714.68,7395.31
7046,20250201,7046,8,6,5,502.82,9823.65,40492.65
7047,20250614,7047,6,5,27,1471.58,3130.51,12903.04
7048,20250503,7048,8,4,30,266.72,8151.12,26085.72
7049,20250822,7049,15,1,14,690.53,6731.24,11004.75
7050,20250618,7050,3,2,30,1044.08,5750.21,9336.61
7051,20251206,7051,5,3,12,111.62,9902.03,47441.61
7052,20250803,7052,15,6,16,1000.8,762.93,2735.19
7053,20251213,7053,18,1,18,993.7,2287.85,7351.78
7054,20251113,7054,8,1,11,1277.81,5743.18,22689.75
7055,20251029,7055,10,2,28,354.95,8302.6,26741.07
7056,20251124,7056,18,6,1,1320.78,7129.88,27556.63
7057,20250719,7057,4,4,6,1295.69,8382.21,27758.34
7058,20250113,7058,20,5,29,667.59,8235.92,21434.4
7059,20250521,7059,19,6,8,885.19,5546.53,9598.56
7060,20250218,7060,11,5,3,214.52,7859.1,18338.06
7061,20251111,7061,5,1,7,896.48,7410.68,36951.33
7062,20251228,7062,14,6,21,221.28,8848.0,37654.95
7063,20250516,7063,16,5,6,303.88,9538.63,21702.94
7064,20250916,7064,5,2,19,399.77,1918.52,4014.24
7065,20250618,7065,20,1,4,427.92,8302.51,29807.31
7066,20250427,7066,13,1,21,1097.69,1358.19,5377.36
7067,20251018,7067,6,2,23,946.51,5208.13,13431.39
7068,20250729,7068,8,1,3,730.5,8271.59,31446.7
7069,20250727,7069,17,3,19,1295.8,2682.65,12919.21
7070,20251202,7070,5,3,30,377.97,823.22,2688.7
7071,20250515,7071,13,4,11,1059.54,5925.75,11165.07
7072,20250115,7072,10,2,21,412.62,3271.0,9136.38
7073,20251221,7073,20,2,25,1397.99,7337.56,19025.94
7074,20250302,7074,10,2,4,753.94,6964.93,33936.18
7075,20251110,7075,15,3,6,1134.85,2558.74,8691.69
7076,20250628,7076,13,1,1,909.46,6545.94,23085.89
7077,20250828,7077,3,4,22,943.0,2420.42,10894.94
7078,20250316,7078,15,1,9,417.11,5221.67,19909.17
7079,20250720,7079,2,2,23,437.1,3782.64,9121.08
7080,20250106,7080,17,1,5,448.04,3042.29,10936.41
7081,20251024,7081,15,6,20,701.75,2954.64,11461.54
7082,20250224,7082,20,3,20,1234.4,5855.64,13971.0
7083,20251201,7083,17,2,28,1045.44,3082.57,11896.31
7084,20250201,7084,15,1,30,727.11,9184.2,18023.08
7085,20250524,7085,10,6,29,707.24,1627.19,4766.36
7086,20250522,7086,19,6,28,389.83,7643.36,33303.14
7087,20250124,7087,1,2,7,529.2,8703.42,16245.04
7088,20251224,7088,9,3,25,937.33,5756.44,11036.83
7089,20250208,7089,15,2,18,1330.96,3489.92,14558.8
7090,20250701,7090,12,3,1,1036.55,3309.35,13456.71
7091,20250420,7091,9,3,1,1441.64,2255.84,4726.99
7092,20250613,7092,10,3,14,425.31,1527.59,3356.08
7093,20250623,7093,16,1,1,1155.97,1430.15,4571.07
7094,20250806,7094,5,1,5,1343.28,5571.41,10366.84
7095,20250204,7095,19,5,13,1267.36,8131.32,24549.27
7096,20250607,7096,18,6,2,1240.93,9483.43,14677.0
7097,20250216,7097,20,1,24,250.39,3080.48,7205.11
7098,20250625,7098,7,1,4,1068.47,6472.88,18748.47
7099,20250728,7099,16,4,29,346.72,2338.48,11657.99
7100,20250518,7100,6,3,18,981.35,665.44,1318.44
7101,20250528,7101,6,1,17,323.76,5019.24,7725.1
7102,20250209,7102,14,1,13,1023.25,1580.99,7842.51
7103,20251007,7103,17,5,29,1131.71,8404.26,18844.24
7104,20251125,7104,14,1,9,100.73,4261.76,8560.14
7105,20250729,7105,18,3,2,1283.31,9675.71,36126.54
7106,20250509,7106,2,4,25,727.48,2702.86,5908.52
7107,20250726,7107,9,5,25,308.45,9770.49,30585.25
7108,20251120,7108,5,4,16,1325.22,7885.77,26597.84
7109,20250731,7109,4,2,1,1296.44,7571.81,35756.31
7110,20250815,7110,13,4,25,533.77,5061.87,10060.37
7111,20251025,7111,18,5,3,871.66,6799.66,16625.06
7112,20251005,7112,18,6,26,633.21,7571.6,37737.04
7113,20250107,7113,2,2,14,882.05,1958.68,4816.98
7114,20250401,7114,17,1,18,154.15,8885.66,18798.23
7115,20251115,7115,9,4,4,791.96,4681.05,7236.76
7116,20250115,7116,9,4,17,842.34,6874.3,33658.64
7117,20250408,7117,20,1,11,354.35,8319.75,32720.41
7118,20250625,7118,17,2,19,391.73,4959.05,9968.16
7119,20251115,7119,8,5,6,904.39,2716.13,13229.9
7120,20250105,7120,9,3,26,1056.03,3753.92,14235.26
7121,20250412,7121,20,2,17,1463.58,6940.89,23237.87
7122,20250425,7122,2,3,5,1085.28,7758.56,14127.76
7123,20251109,7123,20,1,15,583.45,8201.91,33022.32
7124,20251108,7124,9,3,19,1175.74,9476.33,24806.54
7125,20251205,7125,3,3,23,861.36,7934.41,26746.22
7126,20250630,7126,12,5,27,1231.54,3033.58,10955.65
7127,20250213,7127,10,6,10,1483.18,3449.58,12651.98
7128,20250514,7128,1,3,20,884.46,3098.7,13511.59
7129,20250326,7129,2,1,2,1298.31,2711.35,9734.05
7130,20250221,7130,18,6,3,268.37,5750.32,17419.67
7131,20251021,7131,12,2,7,351.81,4910.36,19710.79
7132,20250907,7132,13,2,15,624.76,5708.77,15150.73
7133,20251029,7133,17,4,28,113.13,6475.11,28515.98
7134,20251128,7134,20,4,26,329.74,5783.7,10806.06
7135,20251102,7135,11,6,26,1294.75,6547.3,32195.74
7136,20250927,7136,5,5,17,1098.8,9196.69,27262.42
7137,20250719,7137,17,3,14,737.24,8270.44,17934.2
7138,20250522,7138,10,3,2,841.48,7674.48,30180.94
7139,20250923,7139,1,1,2,425.04,3104.74,10224.86
7140,20250430,7140,5,6,26,1087.26,3222.74,5245.18
7141,20250107,7141,4,5,21,752.99,2277.51,7673.89
7142,20250921,7142,9,1,15,681.7,5920.07,14416.88
7143,20250107,7143,4,2,4,1432.95,1021.34,3901.16
7144,20250728,7144,18,1,8,1224.92,2865.04,8530.93
7145,20250204,7145,5,4,10,1121.6,2956.23,8359.79
7146,20250203,7146,4,2,6,636.28,5004.28,12993.67
7147,20250105,7147,15,2,21,1222.0,5229.42,9243.86
7148,20250511,7148,14,2,20,1055.06,4890.09,11091.66
7149,20250328,7149,7,3,5,283.18,7123.21,33958.88
7150,20250808,7150,6,3,11,707.37,1006.68,2678.84
7151,20250407,7151,20,5,14,418.98,2439.1,4405.12
7152,20251202,7152,9,2,1,692.28,4756.59,9513.88
7153,20250917,7153,2,1,8,432.44,2401.81,10597.08
7154,20250520,7154,14,3,30,1323.07,3940.41,18663.97
7155,20251220,7155,10,3,25,1130.34,1166.85,5320.98
7156,20251019,7156,20,2,7,450.92,2747.81,11301.02
7157,20250913,7157,1,4,19,722.75,2599.79,5907.59
7158,20250105,7158,7,6,7,260.7,4087.86,16756.12
7159,20250715,7159,20,1,24,1398.97,3433.35,11274.65
7160,20250608,7160,1,5,2,1293.86,2655.89,9322.32
7161,20250502,7161,20,4,20,908.49,5464.13,17658.41
7162,20251207,7162,5,1,15,419.25,2687.78,9015.61
7163,20250128,7163,1,2,15,915.51,4545.1,20503.51
7164,20250918,7164,1,3,21,1003.93,5429.38,9895.7
7165,20251015,7165,15,6,16,941.27,8096.91,15001.52
7166,20250716,7166,19,2,5,1148.95,9651.25,35209.66
7167,20250225,7167,9,1,5,250.77,5720.9,23538.69
7168,20251109,7168,14,3,2,133.44,4127.58,6960.0
7169,20250914,7169,3,4,16,1014.18,8241.23,19568.65
7170,20250707,7170,16,5,22,894.33,1392.21,3383.9
7171,20251004,7171,6,4,25,1389.01,8548.97,15398.44
7172,20251005,7172,15,3,6,582.94,5260.45,19547.78
7173,20251004,7173,12,6,26,484.4,5799.92,9456.72
7174,20250702,7174,3,5,12,1078.8,6643.07,25487.88
7175,20251109,7175,2,1,14,530.88,6424.42,26629.45
7176,20250425,7176,3,4,22,1234.55,4182.95,13525.23
7177,20250128,7177,20,1,2,518.56,3310.82,13161.66
7178,20251013,7178,1,4,4,801.26,7603.17,15671.32
7179,20250123,7179,5,6,2,1330.94,1288.72,3053.96
7180,20250901,7180,11,1,14,1442.75,8092.59,27569.29
7181,20250204,7181,8,5,10,287.87,3365.69,14284.71
7182,20250320,7182,14,3,29,309.83,8269.54,23745.94
7183,20251014,7183,3,6,10,871.86,3379.85,10090.28
7184,20250605,7184,1,3,19,233.55,8592.33,14359.85
7185,20250823,7185,16,4,15,961.31,2727.43,9802.46
7186,20251109,7186,11,5,11,1176.13,9728.33,34493.89
7187,20250623,7187,6,1,22,688.77,1623.61,6642.8
7188,20250226,7188,8,3,29,923.58,9393.81,43633.48
7189,20250929,7189,6,1,14,631.32,2329.23,10183.72
7190,20250831,7190,18,6,14,1222.23,1973.43,5559.65
7191,20250920,7191,2,3,2,323.51,5262.36,24029.03
7192,20250730,7192,19,5,18,1310.6,621.97,2064.85
7193,20250119,7193,9,2,6,1423.48,3615.98,8127.61
7194,20250314,7194,4,1,4,124.9,7954.86,16160.47
7195,20251214,7195,3,3,15,666.07,9325.72,40727.45
7196,20250114,7196,18,4,6,253.19,1046.46,4743.69
7197,20250127,7197,16,2,20,1323.5,6233.45,14779.85
7198,20250703,7198,5,2,26,871.76,7892.06,33286.12
7199,20250905,7199,15,1,16,192.24,5078.27,22967.51
7200,20250309,7200,1,6,7,1325.33,5553.52,20491.98
7201,20250624,7201,6,3,27,1080.9,5030.82,17083.54
7202,20251014,7202,16,4,15,322.43,6074.34,26587.42
7203,20250808,7203,14,4,10,1343.73,9446.26,39815.57
7204,20250227,7204,8,1,27,1466.82,4694.24,22707.74
7205,20251016,7205,13,1,6,175.84,4381.08,15535.6
7206,20251026,7206,4,5,9,493.37,9392.78,26200.53
7207,20250808,7207,12,1,30,139.49,6575.25,23502.93
7208,20250226,7208,11,6,10,1187.51,9958.14,32124.28
7209,20251118,7209,5,1,12,1269.71,5203.49,11907.87
7210,20251215,7210,3,4,5,586.37,8895.1,18032.49
7211,20250705,7211,6,2,10,428.3,6412.42,28708.17
7212,20250419,7212,16,3,21,1258.04,6955.27,27607.21
7213,20250523,7213,7,4,14,390.79,4197.0,13723.56
7214,20250810,7214,19,3,25,920.84,4595.6,22969.01
7215,20251230,7215,7,2,21,1272.52,8364.71,25687.89
7216,20251219,7216,5,5,1,581.39,6752.16,27115.36
7217,20250412,7217,3,6,26,853.9,4059.83,19586.62
7218,20250525,7218,6,4,6,555.03,4838.71,18770.55
7219,20250420,7219,17,1,19,676.91,8164.2,32124.92
7220,20250407,7220,15,5,22,314.62,8665.72,31731.42
7221,20250817,7221,8,2,15,659.76,8493.61,13222.55
7222,20251230,7222,17,6,21,1324.43,2488.87,11633.02
7223,20250425,7223,1,3,5,955.11,4226.51,11384.1
7224,20250531,7224,8,3,22,449.99,3000.23,5141.4
7225,20250422,7225,11,6,20,233.6,7803.85,22721.12
7226,20250317,7226,20,5,9,1255.91,2690.37,10203.4
7227,20250619,7227,10,3,24,766.08,3317.25,5034.75
7228,20250612,7228,19,5,3,916.33,2478.78,6301.22
7229,20251220,7229,1,1,27,1010.37,1280.16,6358.72
7230,20250331,7230,4,6,14,1019.95,9568.88,18168.28
7231,20250908,7231,17,1,28,130.6,2300.79,8152.91
7232,20250123,7232,15,5,8,555.12,5889.89,28924.97
7233,20250805,7233,3,3,23,406.23,2078.04,5880.73
7234,20250404,7234,8,5,20,414.31,6664.67,27507.54
7235,20250322,7235,20,4,25,1208.07,2739.56,6516.98
7236,20250202,7236,19,6,12,1461.84,2331.3,7126.82
7237,20250225,7237,13,3,30,913.34,1929.18,6718.36
7238,20250605,7238,14,4,29,1230.86,2446.15,11438.46
7239,20250321,7239,1,1,9,460.74,9248.62,27003.97
7240,20250811,7240,5,3,25,593.42,1975.59,6038.74
7241,20250405,7241,10,6,16,1463.71,8756.26,28116.34
7242,20250616,7242,2,3,13,1339.61,2633.53,11953.56
7243,20250223,7243,20,5,11,918.62,2264.38,3791.51
7244,20250728,7244,5,3,25,1168.06,2018.55,6338.99
7245,20250703,7245,8,6,2,1418.48,3440.68,11293.92
7246,20250119,7246,4,2,14,968.14,7023.8,28286.55
7247,20251021,7247,8,3,19,1090.61,1033.82,3753.81
7248,20250116,7248,5,5,1,1250.86,4825.54,7826.36
7249,20250805,7249,9,6,4,685.67,5480.9,22823.41
7250,20251223,7250,18,4,14,1158.02,4738.52,20726.7
7251,20250325,7251,7,5,27,379.46,9097.94,21662.41
7252,20251115,7252,3,5,1,551.34,6750.84,21839.58
7253,20250630,7253,7,3,17,306.77,1276.15,5000.2
7254,20250429,7254,11,2,25,1076.91,2804.01,11030.87
7255,20250626,7255,10,2,25,1005.73,5104.73,10239.35
7256,20250327,7256,2,1,26,372.24,6393.17,22537.89
7257,20251120,7257,17,3,13,558.27,5532.47,25599.95
7258,20250407,7258,3,1,4,596.77,4274.25,20947.19
7259,20250708,7259,9,3,25,1258.78,5641.42,23576.25
7260,20250526,7260,11,3,14,1175.6,9651.75,15355.94
7261,20250506,7261,19,6,17,179.77,7337.2,28587.77
7262,20250516,7262,19,2,1,1366.67,5814.56,19366.61
7263,20250519,7263,8,4,21,826.44,6855.15,19987.7
7264,20250321,7264,3,6,4,485.51,8936.96,37810.25
7265,20251127,7265,5,5,23,383.23,7355.09,30670.47
7266,20250811,7266,7,3,19,951.83,9401.93,42526.71
7267,20250509,7267,15,6,17,317.59,4279.3,14762.58
7268,20250922,7268,15,6,14,982.13,7035.16,26425.79
7269,20250916,7269,17,4,29,1108.54,9033.8,27640.0
7270,20250511,7270,20,3,16,843.09,4514.19,19225.11
7271,20250403,7271,7,5,29,1422.33,5278.41,21902.61
7272,20250210,7272,19,1,4,407.7,1393.82,6589.63
7273,20251010,7273,8,3,30,1184.31,3757.9,13018.43
7274,20250720,7274,16,4,19,766.89,2729.86,6331.93
7275,20250307,7275,7,2,24,189.09,3689.66,18429.54
7276,20250915,7276,3,5,18,452.43,9883.28,35843.5
7277,20250808,7277,17,1,30,785.57,9385.67,19632.34
7278,20250605,7278,6,5,21,651.84,6332.82,23371.83
7279,20250823,7279,2,1,2,1376.14,1936.91,7202.44
7280,20251208,7280,11,4,21,259.89,3982.74,8005.04
7281,20250117,7281,3,4,6,1322.94,6847.66,10882.67
7282,20250308,7282,4,6,28,319.06,8158.42,26836.75
7283,20250505,7283,3,5,7,958.43,3153.4,11070.19
7284,20250822,7284,20,4,9,595.45,9037.52,33079.64
7285,20251101,7285,14,6,11,943.19,8301.16,13648.0
7286,20250302,7286,14,2,7,893.28,2574.62,7521.66
7287,20251103,7287,14,2,10,660.85,6077.92,18391.41
7288,20250524,7288,9,6,18,413.2,7414.82,26551.91
7289,20250304,7289,16,6,4,103.56,7001.18,16218.98
7290,20250224,7290,18,5,18,349.09,1395.71,2603.36
7291,20250829,7291,3,2,26,1161.3,6665.46,20705.95
7292,20250730,7292,16,5,9,906.37,6848.12,11073.55
7293,20251105,7293,1,3,9,176.04,2251.37,4287.46
7294,20250402,7294,15,6,1,805.35,7742.0,17604.89
7295,20250923,7295,13,3,19,1154.94,698.51,2089.66
7296,20251028,7296,6,6,2,258.05,4461.7,8257.81
7297,20250515,7297,4,3,22,539.12,9989.88,16914.22
7298,20250923,7298,10,3,16,1269.5,1504.72,3406.68
7299,20250516,7299,3,5,14,543.89,4159.61,16693.34
7300,20250321,7300,4,1,30,1228.2,1291.71,5859.33
7301,20250802,7301,4,4,20,674.53,3780.41,18594.81
7302,20251112,7302,4,2,24,683.45,2762.36,5621.38
7303,20250524,7303,8,5,21,177.77,9405.18,28552.67
7304,20250928,7304,16,4,8,411.51,7433.31,16743.69
7305,20251117,7305,13,2,9,1360.45,2874.43,10812.8
7306,20250815,7306,6,2,23,604.4,7915.58,28772.3
7307,20251222,7307,13,2,26,799.54,7604.99,29054.51
7308,20250313,7308,20,4,19,456.0,6295.73,16258.14
7309,20250923,7309,8,6,7,1162.84,6030.38,27690.06
7310,20250910,7310,3,4,6,648.77,5244.73,10449.79
7311,20251005,7311,20,1,17,757.35,936.73,3830.01
7312,20250323,7312,11,6,16,859.65,2829.89,9041.04
7313,20250226,7313,3,6,20,792.56,8561.6,16665.56
7314,20250420,7314,1,4,24,603.85,1811.6,9041.28
7315,20250715,7315,18,3,19,519.27,2326.26,4288.02
7316,20250309,7316,10,1,6,1480.59,5332.55,20071.3
7317,20250131,7317,6,2,18,919.48,1950.9,8918.88
7318,20251209,7318,4,6,8,400.77,6444.85,21156.1
7319,20251028,7319,5,6,11,137.4,1449.71,7184.68
7320,20250910,7320,1,1,30,1172.33,6108.41,28206.26
7321,20250607,7321,2,4,14,593.46,5862.54,15415.46
7322,20251227,7322,12,3,7,1223.01,3898.94,16822.51
7323,20250421,7323,6,2,5,1163.52,6113.66,15179.88
7324,20250516,7324,14,5,2,166.57,7726.14,28963.22
7325,20250920,7325,16,6,1,1089.08,7009.22,13939.98
7326,20251202,7326,14,1,23,1496.87,2509.72,5416.83
7327,20250328,7327,18,2,25,868.66,8008.94,17255.44
7328,20250724,7328,13,2,14,494.05,4774.04,16026.02
7329,20251114,7329,12,4,9,302.07,2091.78,7972.49
7330,20250226,7330,12,3,18,731.19,8292.52,12750.21
7331,20250414,7331,6,3,4,857.84,7660.36,25907.11
7332,20250822,7332,8,5,24,1098.1,1682.65,5137.4
7333,20250419,7333,19,2,2,499.96,9188.96,43175.04
7334,20250912,7334,1,6,12,146.98,6883.54,23458.77
7335,20251103,7335,11,4,25,778.73,5161.66,22230.98
7336,20251012,7336,17,2,1,1388.85,5206.31,13851.12
7337,20250428,7337,10,5,9,375.81,2224.72,9439.81
7338,20250825,7338,13,2,28,1004.45,5463.8,12979.3
7339,20250730,7339,3,1,27,341.0,8693.24,22502.05
7340,20250831,7340,8,4,27,1283.0,6843.22,25237.72
7341,20251209,7341,3,2,1,565.35,3455.98,16875.71
7342,20250809,7342,2,1,7,422.26,1059.85,3556.93
7343,20250731,7343,18,4,7,504.68,6614.4,26923.82
7344,20250216,7344,7,6,4,859.75,6463.11,28419.25
7345,20250211,7345,4,1,30,781.55,4126.03,18873.07
7346,20250929,7346,16,3,15,1048.69,7567.17,33161.65
7347,20251114,7347,10,2,13,1103.93,8877.48,36656.89
7348,20250214,7348,16,1,18,698.59,4151.35,11429.98
7349,20251125,7349,16,2,15,1220.98,9665.23,15612.41
7350,20250703,7350,15,1,15,253.56,8222.37,28026.6
7351,20250718,7351,16,1,8,1252.51,9733.26,15604.52
7352,20250306,7352,6,6,23,1337.13,8826.38,34603.13
7353,20250306,7353,2,5,29,528.8,2270.8,9884.62
7354,20250726,7354,13,5,23,557.33,5810.33,19595.35
7355,20251010,7355,6,2,13,730.4,4347.49,14774.18
7356,20251129,7356,7,4,19,454.98,5777.51,16208.6
7357,20251224,7357,13,1,2,628.9,8811.08,22736.35
7358,20250923,7358,10,1,22,979.68,5629.18,13152.48
7359,20251121,7359,3,2,14,121.74,8966.05,31245.65
7360,20250605,7360,3,2,19,379.63,5060.06,21562.7
7361,20251118,7361,5,3,2,280.48,806.07,2349.93
7362,20250128,7362,6,5,3,924.36,3654.02,14836.05
7363,20250428,7363,1,4,22,633.52,9799.78,24345.47
7364,20251119,7364,6,4,16,316.72,3626.24,11073.32
7365,20250917,7365,15,3,25,563.72,1618.1,4687.44
7366,20251020,7366,19,3,20,176.55,1950.09,6565.82
7367,20251001,7367,20,1,19,306.64,6598.54,31371.06
7368,20250529,7368,5,3,23,817.17,1738.83,7921.25
7369,20251124,7369,10,4,10,258.56,6158.62,24403.84
7370,20250726,7370,17,4,28,627.09,5589.79,8621.02
7371,20250801,7371,13,6,25,1361.25,4953.24,21922.41
7372,20251028,7372,10,3,25,1485.22,5360.79,18946.22
7373,20250604,7373,1,2,1,283.42,3717.57,15985.4
7374,20250717,7374,14,6,18,541.75,4791.92,21203.38
7375,20250314,7375,17,4,12,871.27,9292.97,15784.17
7376,20250713,7376,2,6,26,545.55,5689.69,20418.53
7377,20251231,7377,10,5,3,1066.93,7759.91,13386.47
7378,20250908,7378,12,1,25,471.49,6430.38,31522.19
7379,20251121,7379,3,3,17,1237.86,9539.71,46995.32
7380,20250802,7380,9,3,18,1352.91,8003.84,21713.74
7381,20250725,7381,7,3,11,1101.29,9208.82,21856.2
7382,20250101,7382,18,1,30,1368.92,577.89,2687.56
7383,20251118,7383,7,3,16,202.54,7407.75,13077.8
7384,20250403,7384,8,1,13,375.51,3255.87,9249.66
7385,20250413,7385,19,2,25,1470.28,5834.71,10086.22
7386,20250130,7386,2,1,3,128.04,5190.74,20928.75
7387,20251222,7387,15,1,15,104.52,6833.56,12140.61
7388,20250315,7388,6,3,16,1160.87,5909.18,27911.68
7389,20251129,7389,11,5,13,164.0,2893.06,4472.51
7390,20250905,7390,13,3,30,488.98,891.52,3401.94
7391,20250130,7391,20,2,9,570.46,7800.19,36802.01
7392,20250326,7392,18,1,4,412.06,3051.74,7720.99
7393,20250119,7393,4,5,25,1460.75,5525.64,23647.31
7394,20251002,7394,1,3,12,1349.55,3355.47,10206.53
7395,20251104,7395,17,4,23,636.16,2189.31,8701.35
7396,20251125,7396,8,3,12,666.3,8450.05,19693.96
7397,20250410,7397,8,2,5,1378.75,2311.53,6935.61
7398,20250609,7398,16,2,1,104.26,7619.21,22095.71
7399,20251014,7399,9,2,26,1158.42,3404.87,13830.49
7400,20250118,7400,1,6,27,1044.37,7950.21,25514.77
7401,20250308,7401,12,5,26,501.99,7775.29,19380.96
7402,20250305,7402,17,6,17,874.54,2730.8,6259.33
7403,20250407,7403,13,6,6,847.11,1868.74,3607.52
7404,20250430,7404,8,4,16,956.68,9842.13,17035.15
7405,20250228,7405,11,6,30,1376.65,9148.44,36158.46
7406,20250402,7406,13,6,2,893.88,789.79,2521.01
7407,20251104,7407,6,6,3,820.72,2919.44,11226.03
7408,20250615,7408,13,2,23,1348.41,9930.08,24725.39
7409,20251031,7409,17,1,30,631.11,3055.92,8455.57
7410,20250929,7410,1,5,27,949.04,9869.4,41878.92
7411,20250302,7411,17,5,19,613.14,2011.28,9893.45
7412,20250625,7412,18,1,28,1016.98,7306.98,33889.81
7413,20250620,7413,18,2,2,1006.26,1805.88,3636.02
7414,20250811,7414,15,1,12,156.5,1691.21,4787.98
7415,20250303,7415,10,3,1,1212.87,6198.16,11935.52
7416,20250710,7416,20,2,13,346.75,9986.23,34413.7
7417,20250723,7417,16,6,5,848.22,9516.57,40955.05
7418,20250407,7418,1,4,14,1360.37,4572.61,18599.79
7419,20250528,7419,16,3,22,1310.55,6607.61,19669.81
7420,20250521,7420,20,4,11,1023.28,7026.82,17769.1
7421,20250820,7421,14,5,16,527.0,9065.72,42030.3
7422,20251202,7422,8,3,29,487.76,1887.84,7993.52
7423,20251204,7423,15,4,26,692.94,3502.55,13160.6
7424,20250419,7424,15,2,23,679.72,2428.1,8411.61
7425,20250715,7425,17,6,27,346.61,7842.02,14981.05
7426,20251212,7426,5,5,29,1150.06,9371.92,39028.69
7427,20250909,7427,8,3,7,632.09,1524.97,2992.23
7428,20250514,7428,5,1,22,170.29,9061.02,33894.09
7429,20250930,7429,6,3,1,887.83,3125.33,12208.58
7430,20250813,7430,2,5,16,1380.82,4576.89,17698.5
7431,20250707,7431,12,2,15,996.65,4841.32,21943.7
7432,20251102,7432,5,3,14,1287.05,1292.15,4713.34
7433,20250428,7433,12,2,2,1271.43,9500.44,31708.95
7434,20250325,7434,10,6,3,516.95,700.22,2545.05
7435,20250507,7435,19,5,26,1160.5,2819.69,4559.32
7436,20250704,7436,9,1,1,1178.36,4243.15,18198.24
7437,20250623,7437,15,4,27,1127.13,5865.5,17315.71
7438,20250913,7438,13,6,20,359.97,4915.22,21940.98
7439,20251119,7439,6,3,5,970.1,4013.81,11059.7
7440,20250609,7440,3,6,11,879.89,1533.0,3430.4
7441,20250529,7441,3,4,26,356.99,6143.64,25230.45
7442,20250517,7442,8,2,23,1482.29,9724.06,45426.03
7443,20251219,7443,18,5,6,390.04,4826.8,22461.44
7444,20250203,7444,6,5,2,698.44,7259.49,11151.84
7445,20250122,7445,14,4,8,431.76,1704.89,7694.79
7446,20250610,7446,18,1,18,728.16,5178.65,12490.16
7447,20250624,7447,9,6,28,430.89,2172.27,7276.53
7448,20251030,7448,15,6,23,364.91,8295.44,16965.47
7449,20251106,7449,14,5,17,980.46,3721.02,9071.25
7450,20251203,7450,9,4,30,723.81,4047.24,12812.27
7451,20250825,7451,16,2,17,1327.87,9283.61,28486.12
7452,20251024,7452,10,6,24,508.09,4292.52,10369.65
7453,20251225,7453,10,2,7,1021.35,6894.07,11105.62
7454,20251113,7454,14,1,20,1426.92,623.73,2618.24
7455,20250816,7455,8,6,26,1331.71,9536.58,18008.47
7456,20250221,7456,5,2,5,584.18,8315.34,31342.17
7457,20251002,7457,9,1,3,221.34,1435.22,6139.17
7458,20251007,7458,9,4,11,627.54,9604.08,19821.29
7459,20250505,7459,4,4,19,530.08,8033.8,21510.87
7460,20250702,7460,17,2,23,844.39,5652.35,23455.26
7461,20250325,7461,13,6,14,1416.88,8036.09,35821.24
7462,20250730,7462,10,3,18,341.05,9873.3,45119.66
7463,20250129,7463,1,3,5,354.34,5998.18,25664.62
7464,20251228,7464,14,4,5,699.83,1247.61,2653.77
7465,20250304,7465,15,1,11,958.82,508.78,2304.61
7466,20250501,7466,11,4,2,1285.29,1288.79,6220.86
7467,20251005,7467,17,5,14,346.61,7053.23,30839.38
7468,20250628,7468,12,2,2,468.62,1033.9,4352.98
7469,20250130,7469,9,3,25,859.39,9704.28,16890.87
7470,20250921,7470,7,5,5,1285.25,4613.64,20071.75
7471,20250115,7471,13,1,21,249.38,1386.12,4667.61
7472,20250126,7472,20,1,25,577.98,4367.05,17483.4
7473,20251220,7473,3,3,9,592.24,8247.22,23318.43
7474,20250302,7474,16,6,14,1244.38,6871.66,30931.04
7475,20250823,7475,10,2,21,117.61,1696.16,3778.55
7476,20250319,7476,1,2,29,743.8,2027.2,4195.98
7477,20250916,7477,11,6,13,1416.17,8327.98,29052.75
7478,20250813,7478,20,6,11,536.29,7583.04,23539.0
7479,20250712,7479,19,6,10,1372.63,9435.49,28351.12
7480,20251224,7480,12,1,29,323.79,5204.1,12583.06
7481,20250608,7481,4,1,22,206.19,3851.09,14058.32
7482,20251207,7482,2,6,22,654.79,4751.35,19854.33
7483,20250306,7483,5,3,28,1068.86,7455.84,23292.8
7484,20250822,7484,7,6,27,1259.08,2998.95,11930.98
7485,20250622,7485,8,6,3,1459.48,7343.1,21337.52
7486,20250429,7486,14,4,23,400.3,3536.83,9849.75
7487,20250913,7487,15,3,21,380.52,4336.84,10370.83
7488,20250202,7488,3,2,5,1353.13,683.48,2953.42
7489,20251222,7489,14,4,28,1334.98,9292.35,43174.72
7490,20251216,7490,4,4,23,154.62,6716.59,22982.55
7491,20250129,7491,11,6,28,1115.09,5940.42,20893.01
7492,20251201,7492,6,3,14,525.4,2370.29,11532.77
7493,20251105,7493,8,5,27,880.47,4287.08,6906.94
7494,20251107,7494,4,1,29,388.04,1186.39,2115.1
7495,20250909,7495,1,5,12,451.63,4255.87,11831.73
7496,20250426,7496,15,1,5,351.03,509.21,1485.94
7497,20251112,7497,4,1,5,678.7,706.2,2112.46
7498,20250421,7498,13,4,19,1102.41,5041.19,11346.01
7499,20250227,7499,4,6,9,454.36,9975.65,49762.67
7500,20250123,7500,6,2,15,587.94,3827.53,11335.74
7501,20250818,7501,9,2,29,190.41,4995.61,8526.24
7502,20250525,7502,16,5,1,1190.42,9934.13,18739.31
7503,20250618,7503,7,3,3,405.92,4573.11,14032.7
7504,20250905,7504,18,1,5,186.55,2799.85,9436.41
7505,20250503,7505,16,5,27,192.06,5973.25,10694.93
7506,20250613,7506,9,4,5,1288.76,6131.25,16776.53
7507,20250921,7507,2,2,8,313.12,920.7,2259.1
7508,20250409,7508,13,5,30,1234.05,5650.24,8926.0
7509,20250329,7509,20,2,13,137.93,9277.95,17213.11
7510,20250417,7510,16,4,3,1128.46,7355.35,21238.78
7511,20250209,7511,9,6,26,1429.69,4288.13,16989.68
7512,20250711,7512,18,5,22,1446.53,3706.44,11743.48
7513,20250320,7513,17,2,27,1080.26,3014.75,12875.21
7514,20251024,7514,6,5,17,378.07,9736.31,27395.38
7515,20250603,7515,13,1,27,1438.8,7236.92,14053.71
7516,20250330,7516,15,3,18,1059.87,6190.86,20160.42
7517,20250913,7517,9,5,28,335.44,5628.34,20027.69
7518,20250329,7518,5,2,18,840.41,9478.58,27333.31
7519,20250622,7519,20,4,19,677.39,9968.64,28646.88
7520,20250420,7520,15,4,4,231.48,8519.26,29236.72
7521,20250923,7521,8,3,28,1306.2,2990.92,6607.64
7522,20251108,7522,11,5,19,534.34,2723.31,6338.39
7523,20251004,7523,11,6,29,1472.87,4540.14,19526.41
7524,20251028,7524,13,6,17,342.13,4318.79,13422.94
7525,20250814,7525,6,5,10,1251.33,2482.6,5798.19
7526,20251029,7526,18,4,4,707.32,2221.87,6565.51
7527,20251001,7527,3,3,3,1190.12,2937.99,8088.35
7528,20250423,7528,20,1,11,931.2,2893.54,6861.29
7529,20250817,7529,20,3,20,634.7,7250.47,35805.91
7530,20250411,7530,19,2,21,355.89,5660.37,18258.54
7531,20250827,7531,12,3,29,542.53,9073.24,38170.81
7532,20251118,7532,6,5,20,276.01,7987.32,21160.4
7533,20250426,7533,11,6,12,951.59,6495.77,26079.01
7534,20251022,7534,10,3,10,1033.43,7350.79,22291.94
7535,20251018,7535,10,6,6,579.72,9797.24,42604.74
7536,20250215,7536,9,6,28,1013.41,9045.52,29721.42
7537,20251126,7537,12,5,21,1191.0,4169.92,19024.68
7538,20250324,7538,8,5,29,203.94,2520.89,9394.51
7539,20250317,7539,15,4,19,666.39,1371.86,3898.17
7540,20250926,7540,12,5,19,1412.48,6940.29,25228.62
7541,20251206,7541,16,3,27,431.67,1375.47,6078.97
7542,20250706,7542,10,1,21,1350.76,1785.09,4383.23
7543,20250123,7543,15,4,2,103.37,2057.56,4029.54
7544,20250223,7544,4,4,25,1147.01,1807.25,8006.95
7545,20251130,7545,12,4,17,1162.25,6385.17,24490.24
7546,20250720,7546,4,3,16,1023.11,2884.95,5793.84
7547,20250809,7547,18,1,26,852.75,9455.57,28141.63
7548,20250831,7548,6,2,21,1326.38,6306.92,11232.32
7549,20250205,7549,12,5,15,681.12,8465.87,25561.31
7550,20251004,7550,7,3,7,1071.97,4479.1,11876.75
7551,20250422,7551,17,2,20,654.82,6865.13,20843.88
7552,20251015,7552,1,3,14,1040.72,7294.85,18557.23
7553,20250628,7553,9,4,25,483.7,5376.42,14447.52
7554,20251214,7554,3,6,26,131.45,3513.92,10934.87
7555,20250709,7555,12,4,10,1379.75,851.02,1661.29
7556,20250311,7556,16,3,19,934.43,7842.64,35111.4
7557,20251030,7557,6,2,16,242.91,8691.22,35668.58
7558,20250907,7558,1,3,5,427.9,2394.62,9130.92
7559,20250921,7559,7,1,17,1431.03,8038.63,40016.27
7560,20250426,7560,8,1,2,1036.57,3148.59,10049.13
7561,20250108,7561,11,5,30,798.41,8234.02,28858.38
7562,20250106,7562,17,2,17,960.26,5991.82,18385.57
7563,20251026,7563,9,6,9,381.96,1364.31,3209.26
7564,20251122,7564,9,4,20,831.28,9787.06,35005.46
7565,20250601,7565,7,5,8,453.31,8656.46,43184.5
7566,20250908,7566,5,3,13,366.83,1209.03,3003.88
7567,20250707,7567,9,2,22,1262.64,2399.74,10713.74
7568,20250204,7568,3,2,6,1348.99,2032.17,6107.48
7569,20250122,7569,9,4,27,821.29,9773.55,22001.52
7570,20250617,7570,10,3,13,1403.42,1901.1,4333.8
7571,20251202,7571,4,4,20,292.14,1131.85,5309.29
7572,20250829,7572,20,1,22,548.04,4104.37,18125.26
7573,20250815,7573,11,5,23,1284.19,9582.91,47674.71
7574,20250406,7574,2,6,2,1260.88,9899.36,43816.14
7575,20250326,7575,10,6,9,1408.29,3495.49,8074.11
7576,20251226,7576,15,3,4,819.93,5583.35,10386.67
7577,20251209,7577,13,2,17,387.27,2721.53,5724.26
7578,20251212,7578,13,2,13,193.05,9659.61,43002.53
7579,20250719,7579,7,5,30,479.15,6138.11,24181.54
7580,20251209,7580,11,6,6,967.1,3000.21,12106.85
7581,20250409,7581,10,5,2,352.68,6612.72,17338.16
7582,20251007,7582,2,5,15,1488.87,3542.1,8820.52
7583,20250423,7583,8,2,30,1047.22,9179.05,42422.93
7584,20250408,7584,18,4,29,624.62,2488.49,3839.85
7585,20251116,7585,20,4,12,1438.48,8872.82,28604.79
7586,20250808,7586,14,6,5,613.25,8384.28,32845.21
7587,20251115,7587,1,3,27,793.3,8298.02,18128.4
7588,20251229,7588,5,2,7,1420.81,6718.21,19739.28
7589,20250414,7589,15,2,15,815.19,6625.35,26922.69
7590,20250627,7590,4,4,2,514.87,4911.5,22678.98
7591,20250822,7591,12,3,5,325.02,9350.39,36761.73
7592,20251105,7592,20,4,17,807.22,8025.82,12831.02
7593,20250618,7593,19,2,26,1252.37,1073.01,4047.07
7594,20251114,7594,11,2,29,1245.71,3445.7,11810.5
7595,20250313,7595,2,2,15,660.83,1557.88,4864.08
7596,20250507,7596,19,5,14,177.23,6753.94,12224.48
7597,20250517,7597,7,3,17,861.73,4792.36,18363.9
7598,20250707,7598,18,6,20,1068.56,5569.36,19162.64
7599,20250601,7599,6,5,30,1091.14,3151.86,15228.03
7600,20250602,7600,13,4,16,1050.46,6390.68,22697.61
7601,20250620,7601,13,5,9,1466.4,3365.14,7437.02
7602,20250505,7602,17,1,27,1143.02,3139.12,7515.73
7603,20251104,7603,2,4,19,1184.57,1461.8,5417.04
7604,20250726,7604,1,3,19,327.16,3539.62,12909.84
7605,20250706,7605,8,1,25,689.44,5558.74,24562.27
7606,20250318,7606,10,4,21,460.58,860.42,1620.04
7607,20250605,7607,5,3,23,1373.1,2164.8,4040.64
7608,20250613,7608,4,3,29,206.36,1014.12,4838.35
7609,20250228,7609,14,1,16,1197.83,9369.74,29248.25
7610,20251114,7610,4,3,9,992.09,1086.98,1803.05
7611,20251111,7611,17,3,16,1041.96,3026.44,13885.4
7612,20250303,7612,3,3,22,499.48,3962.52,18130.29
7613,20250812,7613,8,3,3,1152.37,9072.89,19499.85
7614,20250805,7614,18,1,17,572.95,5405.95,19517.06
7615,20251103,7615,18,5,16,752.62,8248.01,27850.29
7616,20250509,7616,18,6,26,701.11,2597.11,9740.61
7617,20250703,7617,7,1,15,1207.97,9222.29,32244.97
7618,20250516,7618,4,4,23,1431.97,9684.89,25364.8
7619,20250925,7619,1,6,27,372.5,1338.24,4000.4
7620,20250610,7620,9,4,24,870.53,9532.21,38884.52
7621,20250428,7621,20,5,17,1133.27,4102.81,10263.54
7622,20251206,7622,11,4,21,687.8,7142.92,22087.29
7623,20251010,7623,12,4,13,882.28,5683.89,18389.76
7624,20251116,7624,11,5,4,1310.34,4644.53,18158.7
7625,20251112,7625,13,2,15,1069.51,9260.52,17113.13
7626,20250109,7626,1,6,8,161.38,6434.49,14823.37
7627,20250723,7627,9,1,7,1250.14,2798.5,12795.78
7628,20251022,7628,3,3,25,1491.31,925.04,2324.53
7629,20250324,7629,18,6,8,805.68,2517.09,7045.5
7630,20250213,7630,2,5,3,373.26,1856.98,5129.44
7631,20250909,7631,14,1,21,1302.43,4058.77,10009.4
7632,20250223,7632,7,5,15,321.07,7126.52,33763.27
7633,20250126,7633,4,5,26,1465.95,1263.55,5552.05
7634,20250830,7634,20,3,16,682.16,810.03,2682.9
7635,20251101,7635,20,3,20,1488.14,7319.46,14658.23
7636,20250205,7636,4,4,19,936.09,8690.78,39463.31
7637,20250423,7637,13,5,29,1131.01,5624.61,14499.04
7638,20251105,7638,13,6,8,1062.3,1292.66,3632.1
7639,20251127,7639,7,3,9,1091.32,5797.32,19972.19
7640,20250322,7640,19,3,8,174.37,8918.09,43845.78
7641,20250521,7641,19,2,12,1429.69,9209.79,26387.34
7642,20251128,7642,10,6,18,1129.98,4369.17,20677.14
7643,20250731,7643,18,3,1,820.91,942.85,3373.75
7644,20250130,7644,14,6,7,1115.0,1198.37,3936.2
7645,20251206,7645,11,4,3,227.5,9511.33,24337.2
7646,20250109,7646,9,1,30,1248.47,4679.24,18546.19
7647,20250426,7647,18,1,21,573.33,8398.88,31367.64
7648,20251023,7648,7,5,23,876.19,4576.47,14559.28
7649,20250727,7649,20,1,4,793.73,3863.92,16748.55
7650,20251128,7650,3,5,17,504.09,3326.04,12561.51
7651,20251122,7651,19,1,15,1193.02,7507.73,29697.37
7652,20250427,7652,10,2,26,1192.29,6150.34,30533.81
7653,20250709,7653,13,3,5,215.76,651.0,1816.51
7654,20250926,7654,1,4,6,584.78,8642.07,39460.38
7655,20251109,7655,16,4,12,852.18,4516.4,15060.65
7656,20250524,7656,7,3,14,401.32,9579.11,45797.19
7657,20250516,7657,7,6,15,821.95,6421.85,27338.78
7658,20250515,7658,15,6,9,1086.68,9946.13,17583.2
7659,20251106,7659,20,1,10,770.43,2984.0,10731.15
7660,20250125,7660,3,1,19,452.24,6320.03,28486.39
7661,20250509,7661,1,1,16,1383.69,2372.89,5394.33
7662,20251201,7662,7,3,28,262.01,5246.36,8881.35
7663,20251027,7663,10,1,15,671.65,513.64,1457.57
7664,20250724,7664,5,1,14,1199.59,6876.5,29733.1
7665,20250126,7665,7,5,1,560.76,6973.69,25909.29
7666,20250703,7666,14,1,7,893.2,2101.96,8335.0
7667,20250506,7667,2,4,20,823.12,9003.45,19669.85
7668,20250622,7668,15,6,30,719.4,5935.85,24589.44
7669,20250802,7669,20,2,28,554.12,606.24,1916.75
7670,20250529,7670,10,4,22,857.96,9249.54,15857.43
7671,20250409,7671,9,1,15,858.28,2091.15,7799.4
7672,20250724,7672,14,3,7,443.45,3479.17,14257.6
7673,20250908,7673,12,1,28,154.95,2743.72,7025.88
7674,20250331,7674,1,6,30,310.24,9181.74,14113.05
7675,20250517,7675,20,6,3,1278.52,9183.25,35950.92
7676,20251102,7676,6,2,27,1213.65,4296.22,20371.89
7677,20250330,7677,13,2,1,474.3,6620.51,18190.67
7678,20251119,7678,19,1,14,1065.53,7174.09,30861.23
7679,20250331,7679,10,2,28,888.17,9832.47,16148.47
7680,20250326,7680,12,5,19,1077.85,6847.27,26471.13
7681,20250620,7681,5,2,24,388.32,8490.82,41375.95
7682,20250409,7682,5,3,12,1282.49,1769.0,5567.2
7683,20250803,7683,13,5,17,110.44,5941.91,21172.77
7684,20250607,7684,15,3,30,394.4,5691.01,18292.99
7685,20250628,7685,7,6,20,878.3,4101.88,7002.63
7686,20250218,7686,19,4,3,729.66,2648.21,6741.07
7687,20250109,7687,2,6,13,812.92,995.52,1686.88
7688,20250831,7688,5,1,15,668.23,4334.91,11221.49
7689,20250414,7689,14,4,10,1461.12,9966.21,45938.28
7690,20250612,7690,10,2,9,627.35,6235.43,27728.96
7691,20250729,7691,20,2,19,1438.29,4802.84,10106.8
7692,20250416,7692,16,5,10,1129.63,2859.74,11819.87
7693,20250101,7693,15,3,3,519.0,8743.27,43107.41
7694,20250320,7694,2,6,15,1477.34,5998.9,20865.66
7695,20250715,7695,14,4,24,694.55,9387.09,42261.53
7696,20250504,7696,14,1,29,1051.97,806.1,1801.72
7697,20250627,7697,18,4,7,927.05,2403.11,7928.57
7698,20250225,7698,4,5,15,508.66,7624.36,32354.1
7699,20250816,7699,8,5,3,575.91,3627.94,13940.61
7700,20250822,7700,12,2,21,1459.0,6495.94,10882.34
7701,20250304,7701,15,2,23,787.2,3025.91,10452.8
7702,20251122,7702,8,6,17,194.29,4362.7,8525.26
7703,20251002,7703,12,6,17,271.81,6291.62,27219.37
7704,20250216,7704,12,4,25,1083.37,1610.18,4404.52
7705,20251225,7705,3,3,11,579.07,9379.83,22860.41
7706,20251113,7706,15,4,28,254.18,3344.4,14094.26
7707,20251223,7707,14,6,30,526.21,3147.42,6105.95
7708,20250906,7708,13,6,11,887.15,4791.81,16022.68
7709,20251118,7709,11,6,7,493.07,4465.57,17180.23
7710,20250604,7710,15,4,18,709.53,3341.23,7174.94
7711,20250609,7711,11,5,9,522.22,3141.93,8529.81
7712,20251208,7712,13,4,8,512.02,5371.74,9457.42
7713,20250107,7713,8,5,22,1317.78,4426.55,14168.39
7714,20250618,7714,15,4,7,655.27,4156.89,13572.15
7715,20250627,7715,9,4,11,559.59,6158.83,27462.65
7716,20250928,7716,1,6,5,1233.44,833.05,2806.34
7717,20250310,7717,20,3,27,481.75,9056.16,42343.58
7718,20251010,7718,8,5,2,145.09,3900.36,10801.16
7719,20250915,7719,8,3,1,977.15,2569.72,11855.84
7720,20250625,7720,19,3,5,357.44,7176.08,23644.23
7721,20250528,7721,4,6,28,766.94,7136.26,30731.68
7722,20250524,7722,11,5,24,1319.72,6116.42,20437.31
7723,20251104,7723,5,6,27,1423.69,1320.17,3193.37
7724,20250919,7724,9,6,10,1305.36,5918.33,17792.56
7725,20250416,7725,3,6,6,1203.77,506.28,2220.26
7726,20251029,7726,4,3,29,518.07,7899.73,15869.29
7727,20250405,7727,17,4,6,1457.18,6235.45,17982.37
7728,20250925,7728,16,3,20,532.71,8549.99,17218.46
7729,20250321,7729,2,5,3,581.39,8340.15,16491.99
7730,20251008,7730,9,5,26,371.83,7146.28,20629.94
7731,20250814,7731,15,5,1,1050.3,5347.13,10254.09
7732,20250521,7732,19,3,6,1049.09,7584.67,20737.45
7733,20250429,7733,10,1,7,1188.86,5088.09,9653.74
7734,20250719,7734,11,2,28,1422.19,7295.94,24423.2
7735,20250629,7735,15,4,19,430.06,5720.86,27383.79
7736,20250427,7736,14,2,22,592.21,4121.57,9297.7
7737,20251123,7737,11,5,28,332.52,5806.53,25684.12
7738,20251216,7738,11,5,17,168.79,7604.52,15887.9
7739,20251016,7739,11,2,21,352.63,6817.47,16972.93
7740,20250924,7740,16,5,7,507.84,4224.64,8517.2
7741,20250328,7741,14,1,29,1334.86,9681.88,32475.57
7742,20250702,7742,2,2,4,801.87,8459.86,22165.53
7743,20250328,7743,8,3,5,665.4,7185.79,11847.19
7744,20250921,7744,1,4,24,294.33,2238.77,4967.07
7745,20250324,7745,20,1,21,1034.78,8853.18,32350.65
7746,20250328,7746,16,6,2,1404.03,1044.83,2600.31
7747,20250727,7747,12,5,29,766.43,8228.56,40125.98
7748,20250829,7748,12,5,29,456.77,9259.68,26713.18
7749,20250208,7749,9,5,21,761.34,1805.79,6192.22
7750,20250918,7750,4,5,1,1129.08,9910.62,33026.37
7751,20250318,7751,17,3,27,166.1,3339.14,9959.79
7752,20250528,7752,20,6,22,375.79,3771.44,15750.5
7753,20250809,7753,6,5,1,1458.72,9164.46,28635.49
7754,20251126,7754,11,4,16,458.55,1672.26,3461.46
7755,20250730,7755,11,6,30,1061.83,8542.99,24702.0
7756,20250424,7756,10,5,2,1466.26,2781.56,6022.47
7757,20251114,7757,4,3,11,1035.09,5184.66,8857.68
7758,20251001,7758,10,4,11,1330.44,5226.19,10417.24
7759,20250908,7759,3,4,18,1027.02,4806.8,23036.27
7760,20251125,7760,12,6,19,958.74,2389.66,6018.27
7761,20250616,7761,10,6,12,1456.74,2818.29,13577.26
7762,20250124,7762,5,5,19,675.17,5626.28,19837.52
7763,20250410,7763,1,5,30,548.65,595.46,2748.9
7764,20251217,7764,1,6,30,938.82,1847.84,3733.91
7765,20250329,7765,8,3,26,1128.24,9499.28,31733.83
7766,20250707,7766,9,1,8,1182.54,9314.79,16424.14
7767,20251214,7767,17,4,22,1165.48,5656.82,26997.9
7768,20250906,7768,10,5,28,1381.67,9171.25,25689.37
7769,20250125,7769,6,5,14,1366.41,2752.47,7847.94
7770,20251106,7770,2,1,17,1414.49,2324.33,6541.58
7771,20250629,7771,13,4,29,158.9,6635.12,22257.7
7772,20251209,7772,15,6,29,160.17,8186.63,15926.12
7773,20250407,7773,13,5,16,1105.11,9327.25,15361.16
7774,20250824,7774,4,4,26,1192.52,4563.24,10337.18
7775,20250205,7775,2,4,10,295.39,948.78,1898.97
7776,20250531,7776,16,1,14,1105.7,8582.23,25113.96
7777,20250118,7777,4,5,22,622.36,4003.23,12389.77
7778,20250322,7778,9,1,3,156.53,7958.96,13839.39
7779,20250322,7779,13,1,6,1180.44,2430.24,6092.07
7780,20251114,7780,10,6,26,1067.59,6687.41,11158.24
7781,20251207,7781,2,1,17,1466.73,7913.29,14362.44
7782,20251213,7782,20,2,28,991.47,8549.58,23395.9
7783,20250917,7783,13,5,2,509.62,2028.7,9444.69
7784,20250120,7784,6,3,19,1148.59,4926.36,21502.43
7785,20250224,7785,14,2,24,110.69,6619.19,31439.04
7786,20250726,7786,12,2,8,1174.17,2577.69,8033.72
7787,20250522,7787,12,4,13,1317.27,8632.88,26042.59
7788,20250516,7788,18,5,22,1225.97,9559.58,47572.19
7789,20250705,7789,11,2,9,603.1,1568.16,6786.56
7790,20250319,7790,6,6,15,1491.05,4693.53,7693.34
7791,20250217,7791,11,5,21,622.71,7308.01,18215.28
7792,20250204,7792,14,5,8,695.04,4871.42,9861.61
7793,20250405,7793,13,4,20,661.85,2548.14,9539.93
7794,20250706,7794,8,5,21,1092.33,7029.34,12334.81
7795,20250123,7795,5,5,16,961.68,6515.95,10165.13
7796,20251213,7796,5,1,8,827.17,9973.25,22377.76
7797,20250304,7797,19,4,20,1374.51,7446.5,18801.12
7798,20250522,7798,10,3,5,302.26,6065.84,27639.36
7799,20250317,7799,15,2,21,264.95,2054.5,4174.44
7800,20250426,7800,4,2,2,879.38,6637.72,29691.68
7801,20250326,7801,6,6,7,357.69,6385.73,19710.56
7802,20250627,7802,1,2,2,968.37,3955.79,18062.25
7803,20250624,7803,20,4,24,1321.64,3656.35,13720.84
7804,20250213,7804,2,4,13,341.99,4654.7,9171.52
7805,20250729,7805,1,6,27,552.04,7696.2,13769.97
7806,20251022,7806,7,5,5,1094.58,9644.13,34158.63
7807,20250630,7807,10,2,4,759.51,1021.46,2007.54
7808,20250107,7808,13,4,8,806.2,7962.01,12947.88
7809,20250321,7809,20,5,26,1438.64,3168.94,14006.13
7810,20250512,7810,2,3,29,181.74,7617.26,17298.53
7811,20250123,7811,17,4,25,224.2,1551.0,2543.4
7812,20251218,7812,7,3,7,1304.67,1493.97,6985.34
7813,20250222,7813,18,6,2,722.57,668.0,1845.6
7814,20251201,7814,20,1,13,1262.7,1673.01,6084.53
7815,20251022,7815,6,5,22,1027.02,5283.09,10298.73
7816,20251219,7816,4,3,24,1063.72,5692.24,13015.44
7817,20251220,7817,12,2,17,387.98,3935.24,6053.72
7818,20251222,7818,6,6,24,393.06,8421.6,16688.89
7819,20251031,7819,4,4,14,1314.84,2871.97,8873.18
7820,20250303,7820,2,3,14,230.2,1764.57,5858.6
7821,20251120,7821,3,5,25,1277.89,3870.21,15381.99
7822,20250719,7822,7,4,21,364.09,3368.04,6729.52
7823,20251001,7823,9,4,7,1001.08,3441.24,7414.58
7824,20250512,7824,20,3,20,290.08,6197.27,18481.69
7825,20251121,7825,20,3,16,145.03,4275.25,14606.2
7826,20250128,7826,15,2,15,180.06,5583.64,20634.36
7827,20251109,7827,12,5,5,1418.02,3915.34,16087.56
7828,20250215,7828,8,2,5,836.65,3719.14,6629.8
7829,20250123,7829,8,4,17,269.12,693.47,1993.53
7830,20250412,7830,8,1,29,368.41,4584.52,17385.53
7831,20250117,7831,1,2,8,1481.69,4779.37,15265.67
7832,20250531,7832,12,6,30,111.91,8433.5,40487.86
7833,20251223,7833,7,6,13,493.33,6380.51,11859.51
7834,20250326,7834,9,5,1,1377.95,3103.26,6254.0
7835,20250723,7835,10,2,2,425.81,7903.45,23241.87
7836,20250303,7836,16,5,4,1227.6,1165.57,3838.82
7837,20251121,7837,10,5,5,785.11,3333.16,7643.82
7838,20251204,7838,10,1,24,225.2,4355.5,8992.89
7839,20250408,7839,12,1,10,1186.86,6950.18,15363.77
7840,20250917,7840,7,1,29,1164.77,9604.2,43624.91
7841,20250210,7841,13,3,8,1112.59,9414.94,43342.25
7842,20250111,7842,14,1,25,153.45,4493.89,11981.53
7843,20250206,7843,6,2,24,754.52,3715.52,15025.27
7844,20250326,7844,20,1,18,800.41,7275.3,14728.49
7845,20250219,7845,1,2,20,235.46,6219.45,11405.94
7846,20250322,7846,12,2,9,831.24,8191.08,21721.26
7847,20250419,7847,8,6,29,1092.08,1189.69,3873.51
7848,20251104,7848,14,1,29,1355.28,5931.99,24793.76
7849,20250101,7849,3,6,9,251.03,2490.34,8649.05
7850,20250818,7850,6,1,24,1461.18,8749.73,37171.49
7851,20250827,7851,3,4,7,1441.8,4826.81,18460.6
7852,20250510,7852,5,3,4,789.51,3604.71,13187.02
7853,20250527,7853,12,3,21,1080.14,9812.42,24388.43
7854,20251226,7854,14,5,21,976.72,7924.8,18619.35
7855,20250405,7855,19,4,19,478.6,4675.81,15178.27
7856,20251011,7856,9,5,21,769.08,3898.6,10270.93
7857,20250324,7857,10,5,14,1187.23,8886.98,18996.69
7858,20250914,7858,13,3,1,455.77,3396.16,8076.94
7859,20250519,7859,3,3,4,939.96,6259.37,26554.19
7860,20250619,7860,3,5,15,481.79,5152.67,20505.48
7861,20250218,7861,3,4,21,294.48,3155.68,7840.47
7862,20250502,7862,10,2,18,330.31,4703.59,17970.73
7863,20250430,7863,3,1,10,1264.85,8312.18,16260.77
7864,20250704,7864,4,2,24,555.78,6278.77,19879.31
7865,20250811,7865,4,1,28,1163.38,4053.79,10297.81
7866,20250810,7866,3,1,12,1300.64,2864.43,8546.23
7867,20250519,7867,12,2,19,1169.84,4294.02,11029.77
7868,20250220,7868,2,2,4,1432.76,6471.56,9923.26
7869,20250215,7869,2,5,13,324.7,5009.51,16325.59
7870,20251030,7870,12,3,28,1386.17,1744.16,7175.18
7871,20250420,7871,7,4,3,551.21,2804.68,13049.81
7872,20251024,7872,19,4,1,995.67,2965.76,14329.07
7873,20250830,7873,14,4,1,176.76,6433.3,23786.72
7874,20250730,7874,1,6,15,259.5,9114.53,26812.68
7875,20250902,7875,5,5,12,531.85,8392.54,25344.77
7876,20250919,7876,16,1,2,778.45,9495.51,45578.79
7877,20250924,7877,10,3,6,1323.37,1469.03,6591.92
7878,20251130,7878,4,3,12,304.01,2544.66,6223.37
7879,20250627,7879,18,6,15,522.29,6005.67,15805.96
7880,20250521,7880,13,6,8,1351.2,3031.7,14683.35
7881,20250725,7881,5,3,11,464.78,9059.05,21003.69
7882,20250529,7882,3,5,16,1023.62,7591.01,16066.29
7883,20250107,7883,15,3,13,1204.82,7721.33,21290.95
7884,20251125,7884,2,2,5,777.53,8752.96,13297.17
7885,20250412,7885,5,5,20,518.81,9396.37,18705.23
7886,20250628,7886,1,3,26,705.16,1771.08,5039.02
7887,20250110,7887,11,5,30,1365.22,4102.04,19237.14
7888,20250309,7888,13,2,28,1022.47,2131.01,9217.75
7889,20250605,7889,9,3,28,459.36,1368.14,5424.58
7890,20250527,7890,15,1,26,374.36,1579.72,2465.28
7891,20250507,7891,2,4,4,539.07,5903.04,13869.98
7892,20250307,7892,1,3,18,174.41,3335.8,11899.83
7893,20250920,7893,19,3,27,1242.03,8857.39,33724.18
7894,20250721,7894,11,4,13,794.42,1610.1,2981.73
7895,20251127,7895,18,5,9,899.93,4739.48,14717.34
7896,20250326,7896,11,3,17,676.23,3413.69,15496.24
7897,20251123,7897,7,4,10,352.21,7547.29,20453.99
7898,20250829,7898,8,1,15,1275.58,7003.11,11558.39
7899,20250426,7899,13,4,28,172.06,3017.67,12535.32
7900,20250411,7900,3,3,26,439.9,5422.15,22377.82
7901,20251030,7901,11,5,5,166.2,2465.63,10603.27
7902,20251124,7902,4,5,16,1248.93,7561.8,23056.08
7903,20250731,7903,13,2,12,649.41,8183.3,13776.99
7904,20250601,7904,20,2,20,813.83,6868.2,18745.04
7905,20250101,7905,4,2,9,1046.26,4885.71,18225.39
7906,20250508,7906,20,3,10,398.98,3467.18,11933.74
7907,20250111,7907,2,6,22,1299.29,9055.58,36034.16
7908,20250124,7908,7,1,14,1485.47,931.18,3615.1
7909,20250203,7909,18,2,7,1099.36,5999.56,25754.36
7910,20250408,7910,9,1,20,377.18,8691.1,25018.52
7911,20251016,7911,16,4,3,893.27,7398.87,30287.53
7912,20250506,7912,17,6,25,1188.09,3310.74,11280.83
7913,20250722,7913,5,1,3,392.02,3986.58,18946.54
7914,20250712,7914,18,2,26,411.7,4092.98,14087.94
7915,20250223,7915,8,2,29,867.96,6918.93,31989.53
7916,20251110,7916,9,5,20,1381.55,3023.56,14825.74
7917,20250929,7917,13,2,9,556.17,5563.21,17878.75
7918,20250520,7918,15,5,6,822.53,9918.05,46989.03
7919,20250612,7919,20,3,18,320.75,3633.56,12934.68
7920,20250126,7920,3,3,30,938.82,7751.8,32138.73
7921,20251215,7921,8,2,5,371.25,4368.14,21531.24
7922,20250222,7922,12,2,28,398.63,2025.33,9797.83
7923,20251112,7923,4,1,29,659.82,5167.76,11608.07
7924,20250219,7924,10,3,28,188.37,6272.22,27724.46
7925,20251213,7925,16,6,14,1160.37,3364.21,8970.67
7926,20251013,7926,4,4,21,1272.77,9918.89,19263.32
7927,20251224,7927,2,2,1,1362.85,6644.96,16528.81
7928,20250214,7928,18,6,1,503.36,7697.69,14352.84
7929,20250313,7929,5,6,27,926.28,7400.64,16712.11
7930,20250108,7930,10,2,27,921.06,783.45,1307.3
7931,20250811,7931,19,3,1,435.61,4987.34,19064.01
7932,20251116,7932,17,3,9,784.77,4691.61,18926.79
7933,20251122,7933,14,6,17,503.7,9666.74,41439.38
7934,20250803,7934,2,5,15,1058.07,9739.4,33508.97
7935,20250817,7935,1,2,6,1376.31,1825.46,7553.97
7936,20250320,7936,1,4,6,1188.81,3679.81,9678.0
7937,20251022,7937,4,1,24,215.49,7292.3,13853.55
7938,20250505,7938,2,4,24,350.34,6834.95,12496.4
7939,20250311,7939,7,3,14,515.05,4490.94,17372.61
7940,20250727,7940,9,5,4,544.03,1519.05,5809.32
7941,20250210,7941,9,3,18,1038.95,8117.42,21760.57
7942,20250102,7942,12,2,28,117.13,3364.03,10054.15
7943,20250420,7943,3,2,20,777.28,9208.09,33420.65
7944,20250909,7944,15,3,22,1373.15,2321.13,4058.42
7945,20250729,7945,15,2,28,1383.67,5149.33,11361.09
7946,20250226,7946,20,4,14,564.44,9120.99,45353.62
7947,20250122,7947,9,2,16,234.38,2047.38,6347.1
7948,20251121,7948,7,5,21,256.67,3080.6,8762.28
7949,20250428,7949,1,1,21,858.22,8021.24,16227.44
7950,20250511,7950,4,3,28,875.44,7721.94,16524.86
7951,20250927,7951,11,1,7,990.58,4400.77,7235.5
7952,20251223,7952,18,3,27,588.14,4049.78,6632.73
7953,20251110,7953,5,2,4,468.16,2823.43,9636.39
7954,20250730,7954,3,2,5,1057.56,1122.34,4858.97
7955,20250825,7955,18,5,11,733.83,7904.71,35348.29
7956,20250626,7956,1,5,18,1179.26,9050.75,15031.63
7957,20250727,7957,17,5,25,204.01,8383.08,41319.82
7958,20250114,7958,1,5,15,899.02,8250.97,28019.75
7959,20250512,7959,14,2,4,1232.08,1502.68,5765.86
7960,20250913,7960,20,1,19,772.58,1418.94,3469.35
7961,20251004,7961,2,2,28,1104.39,3855.75,18556.11
7962,20251216,7962,1,3,30,1292.63,2820.48,5203.88
7963,20250530,7963,20,6,29,232.91,1418.55,4381.33
7964,20251201,7964,5,4,17,963.75,5911.09,16648.26
7965,20250412,7965,6,6,7,1174.81,5210.83,15489.47
7966,20251011,7966,17,1,30,693.58,6570.6,27124.98
7967,20250502,7967,6,4,5,1322.44,933.13,3788.67
7968,20250803,7968,4,4,4,491.99,2883.52,12339.41
7969,20250802,7969,6,2,8,351.53,1893.52,6910.29
7970,20250602,7970,12,4,3,717.23,2259.18,10523.37
7971,20251102,7971,18,4,16,143.97,2468.69,7042.6
7972,20250404,7972,14,4,22,429.82,5412.15,8476.45
7973,20250427,7973,4,5,7,164.34,3984.2,14032.7
7974,20250302,7974,9,2,2,976.89,3346.15,7687.53
7975,20251210,7975,20,2,6,281.33,2427.84,5581.78
7976,20251002,7976,3,1,1,1162.2,3439.33,11202.14
7977,20251015,7977,3,5,9,1179.44,1350.65,5976.93
7978,20250218,7978,20,4,9,1495.45,5291.25,14832.61
7979,20251106,7979,17,3,8,456.06,4953.08,14074.86
7980,20250129,7980,17,3,15,897.07,7076.66,12315.9
7981,20251020,7981,11,3,21,196.16,4037.98,7901.41
7982,20250523,7982,8,1,18,875.44,4396.6,7306.69
7983,20251109,7983,13,1,26,293.81,8946.35,18060.19
7984,20250518,7984,8,4,19,540.57,7596.67,31134.15
7985,20251104,7985,5,4,23,103.03,4103.94,18179.72
7986,20250808,7986,9,3,15,211.17,7891.99,27876.41
7987,20250916,7987,8,6,7,636.96,5113.58,9081.55
7988,20250304,7988,3,6,25,359.32,2672.46,9419.02
7989,20250818,7989,20,6,18,1233.04,1958.53,6293.79
7990,20250610,7990,4,2,23,222.7,8512.76,18802.98
7991,20251213,7991,9,2,20,897.69,1561.76,7711.49
7992,20251015,7992,7,1,6,1246.12,4448.44,12027.84
7993,20250725,7993,2,3,20,277.53,7221.14,11147.76
7994,20251123,7994,19,2,4,1476.83,6573.43,29844.94
7995,20251116,7995,13,2,12,797.73,3060.51,6554.45
7996,20250314,7996,11,5,21,241.15,2299.01,4736.09
7997,20250523,7997,13,3,11,1425.14,7236.91,30172.46
7998,20251218,7998,6,6,16,1221.78,8498.77,17898.78
7999,20250221,7999,11,6,18,593.41,5926.6,21187.7
8000,20250915,8000,19,4,10,421.81,6184.36,15457.81
8001,20250610,8001,20,1,12,190.02,8563.94,28585.43
8002,20250323,8002,6,3,25,1090.01,4712.41,7612.4
8003,20251107,8003,9,2,7,425.28,5122.75,16353.5
8004,20251223,8004,14,1,7,1043.54,5910.4,18493.99
8005,20251109,8005,14,1,18,1460.56,9472.59,17742.52
8006,20250903,8006,13,5,14,1286.46,2295.85,5823.49
8007,20251218,8007,6,2,1,128.15,3130.31,13788.63
8008,20250623,8008,1,6,14,295.74,5266.07,8827.37
8009,20251108,8009,5,1,15,417.43,3462.82,10885.61
8010,20250425,8010,10,4,9,903.79,7473.94,27497.69
8011,20251104,8011,18,2,25,432.8,9061.7,21091.7
8012,20250710,8012,1,6,19,1102.76,784.17,1523.25
8013,20250830,8013,15,4,11,1110.62,1325.88,4742.45
8014,20250510,8014,18,6,28,438.52,6323.96,30812.93
8015,20250410,8015,9,1,9,469.26,8211.63,22829.18
8016,20250704,8016,6,6,14,562.9,9506.3,40786.74
8017,20250509,8017,5,1,11,1260.68,3106.35,12871.6
8018,20250524,8018,19,2,28,1373.93,7362.46,19682.61
8019,20251105,8019,13,1,13,272.88,3812.56,9425.66
8020,20251116,8020,10,5,10,1294.8,4795.33,13806.9
8021,20250813,8021,5,5,13,992.63,4058.98,16248.42
8022,20250203,8022,4,4,5,1233.52,8245.17,21353.06
8023,20250916,8023,18,6,20,314.04,2835.32,13429.21
8024,20250826,8024,1,6,8,1108.33,9934.2,31279.85
8025,20250522,8025,14,6,6,217.1,2666.74,5258.83
8026,20251216,8026,14,2,28,1083.18,2877.82,10546.06
8027,20250731,8027,20,4,27,757.7,2165.84,7801.47
8028,20250531,8028,19,3,21,876.83,3346.58,5201.29
8029,20250405,8029,9,1,21,1285.18,4034.76,9484.07
8030,20250114,8030,13,1,22,1181.16,7277.29,23570.31
8031,20251004,8031,9,1,14,390.0,6382.3,30834.77
8032,20251108,8032,6,3,6,666.24,3529.97,10623.91
8033,20251223,8033,18,2,2,486.19,571.79,936.81
8034,20250827,8034,1,4,22,626.83,2396.25,6210.07
8035,20250530,8035,8,3,29,438.04,9224.7,41410.76
8036,20251108,8036,20,1,10,331.96,2985.43,14271.5
8037,20251226,8037,4,4,19,528.01,9831.97,31917.79
8038,20250620,8038,16,6,2,1047.01,6597.94,16783.34
8039,20251126,8039,13,4,30,631.57,2483.06,9145.63
8040,20250301,8040,17,6,18,180.08,4550.78,21067.09
8041,20251004,8041,14,5,4,1148.16,7681.45,27865.66
8042,20250809,8042,8,3,17,307.45,1309.16,5745.3
8043,20250817,8043,16,3,8,1314.45,9681.39,22491.1
8044,20251016,8044,11,5,7,292.63,3560.48,16325.25
8045,20250921,8045,5,6,4,931.6,3525.03,13685.35
8046,20251228,8046,11,5,12,651.82,9503.28,42529.24
8047,20251003,8047,7,1,19,352.82,5041.66,11815.74
8048,20250507,8048,11,5,29,1011.12,2150.82,8446.22
8049,20250513,8049,18,1,4,689.59,7208.51,22138.43
8050,20250624,8050,12,4,8,184.7,8465.53,38685.09
8051,20250531,8051,8,2,26,997.63,3881.76,16610.26
8052,20251114,8052,9,2,9,446.61,2129.04,8295.52
8053,20251010,8053,10,1,27,488.24,3643.07,10594.48
8054,20250807,8054,7,3,29,1468.39,1688.07,4521.94
8055,20250602,8055,16,4,10,709.81,5715.62,17184.1
8056,20251031,8056,3,2,14,1292.5,2162.46,5791.08
8057,20250528,8057,13,6,29,363.27,4659.02,20029.86
8058,20251118,8058,2,3,22,269.21,8328.61,35108.67
8059,20250326,8059,20,2,13,189.94,546.82,2068.86
8060,20250415,8060,1,1,19,179.36,3883.85,14944.2
8061,20250622,8061,15,6,12,1104.57,7536.01,29773.61
8062,20250123,8062,2,5,6,661.06,6310.08,14658.67
8063,20250517,8063,17,5,4,374.56,7637.79,14164.92
8064,20250722,8064,13,3,17,1456.84,3160.21,9884.63
8065,20250428,8065,20,4,30,578.8,2791.44,8549.64
8066,20250504,8066,8,2,21,231.97,993.84,2403.38
8067,20251215,8067,8,1,2,305.1,5371.23,18113.49
8068,20250413,8068,15,4,2,920.05,4854.57,19586.41
8069,20250323,8069,16,6,23,857.29,7566.52,14474.13
8070,20250701,8070,15,4,10,1351.71,8421.03,22000.73
8071,20250329,8071,1,4,27,1223.54,2613.54,5377.66
8072,20250311,8072,9,5,5,134.35,1532.35,4645.23
8073,20250305,8073,12,4,20,1403.99,8493.49,39734.51
8074,20251204,8074,2,5,25,1140.44,7925.12,16504.07
8075,20250729,8075,18,3,29,1024.88,8043.95,24646.64
8076,20250109,8076,20,3,1,1126.66,7193.15,26655.75
8077,20250827,8077,3,4,3,766.21,3400.22,15514.31
8078,20250905,8078,19,3,14,129.94,4969.39,15937.03
8079,20250402,8079,6,1,4,620.84,2654.99,7881.99
8080,20250418,8080,3,6,9,1442.04,4703.93,17395.4
8081,20250422,8081,18,6,30,1089.33,6892.15,11223.13
8082,20250120,8082,13,3,25,1024.95,7654.02,30625.52
8083,20250505,8083,15,1,24,907.56,542.38,1997.43
8084,20250705,8084,8,1,4,1185.09,2171.39,9862.74
8085,20250611,8085,8,5,16,730.77,3193.07,5490.68
8086,20251009,8086,14,2,14,473.44,628.49,1180.41
8087,20250617,8087,1,1,9,605.78,7812.36,37209.51
8088,20251003,8088,4,5,3,426.07,2574.78,6738.52
8089,20251021,8089,9,5,7,1071.6,1227.58,5984.99
8090,20250925,8090,1,3,7,645.49,6872.83,24901.41
8091,20250222,8091,2,2,25,237.44,2140.56,6689.92
8092,20250601,8092,13,2,23,825.97,9495.77,20250.08
8093,20250502,8093,14,3,8,659.06,3976.26,18501.41
8094,20251027,8094,2,3,27,1076.78,7033.82,34828.02
8095,20250827,8095,17,1,15,107.64,7749.83,27160.59
8096,20250420,8096,20,5,30,206.78,5255.52,11016.13
8097,20250803,8097,14,4,11,368.53,9354.37,40049.25
8098,20251004,8098,12,1,9,753.38,7337.89,24175.28
8099,20250728,8099,14,3,16,1491.8,6953.09,19286.38
8100,20250617,8100,15,4,21,1483.34,8975.08,39629.9
8101,20251002,8101,11,4,18,768.72,3920.33,13321.65
8102,20251225,8102,19,6,11,1115.18,8128.02,29693.91
8103,20251122,8103,15,3,24,414.11,7485.16,16812.6
8104,20250714,8104,17,2,26,575.86,4347.41,15693.58
8105,20251129,8105,4,5,15,126.72,9575.8,20172.1
8106,20250405,8106,13,4,14,816.07,9745.21,36158.72
8107,20250711,8107,6,1,24,1290.91,6810.0,14144.68
8108,20250403,8108,5,4,27,336.66,7273.26,30285.7
8109,20250620,8109,18,5,21,728.18,7653.8,11922.12
8110,20250829,8110,3,4,27,1315.91,5631.84,27619.36
8111,20250719,8111,16,3,1,1025.35,7205.69,35818.86
8112,20250522,8112,17,6,2,570.99,9204.54,40496.73
8113,20250624,8113,7,2,27,498.59,8169.12,30168.14
8114,20251026,8114,11,2,20,1471.99,8882.82,16923.81
8115,20250608,8115,6,5,25,610.56,2636.18,6697.64
8116,20250206,8116,15,5,3,1277.71,3541.64,8465.08
8117,20250304,8117,20,5,22,1331.0,7310.54,17261.78
8118,20251217,8118,6,5,15,1414.38,5992.21,22397.28
8119,20250904,8119,9,6,13,1154.44,8264.5,37106.51
8120,20250820,8120,1,5,8,1110.77,7215.66,34214.14
8121,20250829,8121,7,1,18,758.46,8319.92,14098.35
8122,20250525,8122,9,3,14,779.32,5228.81,25217.74
8123,20251218,8123,3,4,14,541.58,7757.66,15934.85
8124,20251005,8124,10,3,4,1069.35,3880.1,8805.9
8125,20250816,8125,19,5,13,1239.24,5010.43,22587.31
8126,20250305,8126,2,2,30,667.04,8782.73,31369.9
8127,20250110,8127,13,1,4,666.04,6380.11,20241.86
8128,20251103,8128,12,5,22,1237.47,5141.5,12792.55
8129,20250501,8129,5,6,10,626.32,3226.42,8663.97
8130,20251212,8130,4,4,2,1433.65,3913.77,18933.42
8131,20250304,8131,13,5,27,693.26,5324.24,17547.33
8132,20250210,8132,4,6,18,1466.3,7774.65,33238.22
8133,20250713,8133,12,1,24,233.33,7124.89,10793.92
8134,20250906,8134,6,1,28,985.33,4256.64,17386.2
8135,20251216,8135,3,1,3,1290.59,9045.08,22509.28
8136,20250629,8136,6,1,13,387.15,5870.22,13737.42
8137,20250208,8137,10,3,14,1343.4,7958.4,16472.36
8138,20250524,8138,16,3,26,850.85,7004.28,23535.97
8139,20250610,8139,1,2,20,546.42,4535.5,12562.13
8140,20250309,8140,17,1,6,986.51,753.79,2017.85
8141,20251010,8141,12,6,3,165.32,1078.28,4175.12
8142,20251017,8142,11,5,7,1252.81,4631.29,20377.23
8143,20250407,8143,2,4,29,1187.28,1699.17,3649.22
8144,20250501,8144,5,2,13,824.85,5805.61,28391.4
8145,20250330,8145,4,5,26,941.2,3532.12,5572.46
8146,20250224,8146,18,6,12,944.07,3075.72,9345.85
8147,20251129,8147,4,2,8,1265.05,3249.6,11166.13
8148,20251112,8148,17,3,11,677.94,502.91,1047.33
8149,20250908,8149,7,4,13,1106.89,1700.05,3236.82
8150,20250223,8150,4,5,26,393.56,8387.08,22065.87
8151,20251216,8151,20,3,20,918.2,5243.57,25664.75
8152,20250704,8152,8,6,4,313.13,8987.47,33311.02
8153,20250527,8153,11,6,25,1415.56,2380.04,9484.38
8154,20251028,8154,16,4,13,1207.84,646.63,2730.65
8155,20250212,8155,13,2,13,488.28,9934.22,19119.4
8156,20250309,8156,13,6,2,270.7,9034.19,27393.65
8157,20250131,8157,12,1,5,1039.39,2910.9,7072.94
8158,20250220,8158,19,5,4,405.12,3804.46,17015.1
8159,20251016,8159,9,2,21,1048.12,6704.85,32107.85
8160,20251209,8160,4,3,17,1437.42,3569.95,11011.42
8161,20251127,8161,8,6,25,444.15,2950.61,8282.96
8162,20250320,8162,3,2,13,359.95,4529.87,21380.97
8163,20251002,8163,20,2,23,737.18,5508.67,15481.67
8164,20251127,8164,17,6,3,168.73,7907.19,19680.45
8165,20250209,8165,10,6,17,649.47,9192.74,41981.82
8166,20250306,8166,12,3,10,686.52,4424.58,8215.93
8167,20250904,8167,9,5,19,623.83,4985.04,16523.62
8168,20250122,8168,7,5,10,1179.6,2740.1,7493.6
8169,20250628,8169,6,5,13,380.01,6015.32,17790.31
8170,20250606,8170,8,2,26,236.05,8064.57,13605.25
8171,20250426,8171,9,1,9,792.7,2935.13,9709.46
8172,20250516,8172,9,6,10,177.94,5355.2,10448.7
8173,20250513,8173,7,6,26,535.12,4392.27,19204.8
8174,20250226,8174,2,5,25,258.9,1110.99,5481.77
8175,20250409,8175,16,5,22,1199.45,1650.21,7332.29
8176,20251012,8176,9,5,30,106.75,6998.67,26561.73
8177,20250130,8177,9,5,12,882.74,7545.8,11931.36
8178,20250526,8178,18,2,29,734.76,4582.25,19387.07
8179,20251202,8179,20,5,7,638.11,4528.23,18000.33
8180,20250809,8180,18,4,5,1020.08,8410.03,18365.69
8181,20250714,8181,14,6,20,718.62,2685.14,7991.2
8182,20251101,8182,7,4,6,577.05,8395.09,27788.25
8183,20250503,8183,7,3,8,591.36,819.69,4032.89
8184,20250921,8184,16,2,21,903.38,3111.58,6127.08
8185,20250314,8185,16,3,12,756.98,6127.22,10639.79
8186,20250908,8186,16,5,20,935.25,5043.57,20035.03
8187,20250623,8187,14,4,2,995.33,7670.41,25611.03
8188,20251213,8188,10,3,11,1487.56,1677.55,7645.35
8189,20250820,8189,18,6,1,472.43,6265.93,21154.91
8190,20250518,8190,11,3,27,1309.74,3714.58,15118.76
8191,20250809,8191,12,4,14,585.87,3843.16,19021.21
8192,20251215,8192,4,3,14,756.95,9096.9,41095.78
8193,20250619,8193,12,3,19,207.54,899.89,3691.66
8194,20250830,8194,9,6,1,502.4,6284.94,31115.18
8195,20250603,8195,19,2,17,364.02,9332.75,31847.64
8196,20250523,8196,20,3,20,1229.41,6778.25,10679.13
8197,20250521,8197,2,2,25,972.87,1397.93,3975.34
8198,20250801,8198,14,2,6,883.2,6419.8,21511.4
8199,20250324,8199,5,3,1,341.37,6417.82,24804.79
8200,20250509,8200,12,1,19,618.28,5483.16,21823.92
8201,20250529,8201,8,6,20,730.17,7651.44,34041.77
8202,20250615,8202,1,4,7,419.37,2074.39,6504.75
8203,20250209,8203,8,2,21,528.11,5574.15,18485.23
8204,20251004,8204,19,4,20,276.14,8658.37,26617.42
8205,20250426,8205,4,4,5,565.6,4964.97,10498.29
8206,20250726,8206,1,3,22,341.8,7399.75,13534.29
8207,20250617,8207,11,5,15,403.35,5662.18,21611.12
8208,20250827,8208,1,6,26,756.95,2299.26,10416.62
8209,20250520,8209,18,1,2,512.48,4205.2,7641.98
8210,20250702,8210,5,4,29,535.62,8938.29,21465.26
8211,20250215,8211,13,6,23,1334.61,4753.26,23546.3
8212,20250306,8212,19,4,23,1266.05,8036.56,27427.0
8213,20250717,8213,8,2,10,569.69,668.86,2132.26
8214,20251112,8214,6,6,18,1018.17,4188.16,12554.08
8215,20251007,8215,16,3,6,931.61,5294.79,13110.72
8216,20250808,8216,5,5,14,1239.7,2988.28,5519.73
8217,20250321,8217,10,2,14,1402.48,6187.29,13506.97
8218,20250727,8218,10,3,7,505.23,2157.97,7048.89
8219,20251220,8219,8,1,22,570.41,4186.79,8027.74
8220,20251221,8220,15,3,9,1328.59,5843.71,19886.62
8221,20250716,8221,2,3,8,1182.3,3395.02,14987.3
8222,20250826,8222,17,6,5,1040.45,2408.7,7236.65
8223,20251005,8223,11,2,28,1351.42,8578.83,22618.44
8224,20251022,8224,4,1,2,573.0,4135.54,8301.22
8225,20250724,8225,4,2,11,1208.58,5232.0,10147.4
8226,20250307,8226,11,4,15,1270.97,6848.11,32119.43
8227,20250806,8227,2,6,23,308.43,9464.16,21065.31
8228,20251110,8228,2,5,13,1007.78,4155.67,8699.62
8229,20250418,8229,5,5,6,759.62,3012.0,9683.14
8230,20251117,8230,17,5,18,1382.48,1616.52,3082.0
8231,20250211,8231,5,6,6,631.36,7085.32,21305.57
8232,20251206,8232,5,6,7,260.0,1643.48,6525.36
8233,20250815,8233,15,6,29,641.06,8170.32,31568.83
8234,20250514,8234,2,5,28,147.16,4917.65,13842.06
8235,20250902,8235,7,5,28,982.2,3894.28,18765.74
8236,20250421,8236,12,2,25,182.64,8316.21,12965.24
8237,20250328,8237,2,3,9,368.87,1811.55,7853.43
8238,20251021,8238,18,4,20,779.54,6779.98,31784.62
8239,20251105,8239,1,6,30,933.36,5594.35,16311.27
8240,20251027,8240,18,4,22,653.48,7986.11,23293.9
8241,20250324,8241,7,2,11,854.9,4709.82,16406.55
8242,20250517,8242,12,6,16,831.89,2090.1,7311.58
8243,20250527,8243,11,5,24,503.95,945.37,4426.22
8244,20250222,8244,13,3,23,422.87,5993.43,25573.12
8245,20251120,8245,18,6,25,960.29,3253.18,7107.9
8246,20251017,8246,17,4,8,1454.85,6048.77,16466.37
8247,20250530,8247,15,6,26,642.54,9612.46,33736.7
8248,20250409,8248,5,6,24,301.78,1574.14,4585.04
8249,20250219,8249,14,5,18,710.89,6211.63,11010.36
8250,20250909,8250,13,5,29,653.65,8136.84,14157.29
8251,20250117,8251,3,2,15,566.68,8639.13,34219.91
8252,20251009,8252,14,4,24,1014.68,1797.76,6121.19
8253,20251008,8253,11,3,1,679.11,2070.9,6067.01
8254,20250315,8254,17,1,13,375.91,7665.9,25672.59
8255,20250630,8255,13,4,17,994.81,7300.09,30207.48
8256,20250126,8256,17,3,12,730.39,5399.04,22208.96
8257,20250922,8257,2,4,18,820.84,2971.27,13562.05
8258,20250628,8258,1,6,11,923.4,4151.15,15614.48
8259,20250412,8259,10,1,3,1194.94,3220.9,9754.2
8260,20250603,8260,2,3,3,355.84,2231.63,8609.26
8261,20250802,8261,3,5,4,505.09,2010.58,9696.14
8262,20251119,8262,8,1,10,679.61,8380.91,37506.26
8263,20250801,8263,5,6,25,221.5,5431.43,20983.78
8264,20250622,8264,8,1,19,1440.83,8883.07,20594.39
8265,20250729,8265,16,3,16,898.07,7388.05,25952.52
8266,20250417,8266,14,6,14,662.2,9506.97,29671.59
8267,20250210,8267,15,1,19,844.49,7697.54,28711.58
8268,20250630,8268,2,3,13,491.17,632.73,2163.22
8269,20250727,8269,13,1,9,841.99,3688.23,6426.15
8270,20250406,8270,7,5,8,726.49,7136.71,20026.53
8271,20250510,8271,15,1,2,331.67,5817.27,12846.42
8272,20250218,8272,3,5,13,171.61,1438.7,2496.17
8273,20251201,8273,5,3,12,1084.4,5038.48,17733.79
8274,20250222,8274,3,4,6,1001.73,6467.11,16269.93
8275,20250327,8275,9,1,29,267.43,2198.01,4962.7
8276,20250821,8276,10,2,5,1335.82,5470.67,18016.63
8277,20251116,8277,5,1,25,586.94,7847.73,21769.32
8278,20250917,8278,12,5,30,546.35,9362.32,16772.72
8279,20250707,8279,18,1,22,919.47,9470.88,39086.68
8280,20250815,8280,11,3,7,973.59,2397.98,11393.61
8281,20251009,8281,8,2,13,641.32,7954.7,27386.5
8282,20250831,8282,3,6,26,1222.26,6607.26,31429.68
8283,20251026,8283,8,3,21,800.75,3970.41,7567.5
8284,20251004,8284,16,6,15,1459.77,7906.68,20219.57
8285,20251011,8285,13,4,8,796.91,4271.86,15646.19
8286,20251101,8286,15,6,6,332.47,952.39,3827.33
8287,20250523,8287,3,6,13,297.55,2892.52,10265.1
8288,20251008,8288,6,4,13,1335.68,4947.12,24467.12
8289,20250321,8289,7,3,15,385.01,7005.78,15586.94
8290,20250117,8290,16,2,20,665.04,8545.38,27408.33
8291,20250914,8291,14,4,21,1494.15,8197.35,18843.08
8292,20250814,8292,16,5,14,930.38,1145.16,3978.19
8293,20250520,8293,20,6,8,277.35,5891.35,16835.24
8294,20250131,8294,9,5,25,713.78,9755.67,30086.5
8295,20250826,8295,9,3,21,616.64,2930.91,10261.51
8296,20250215,8296,16,5,22,1366.34,3069.44,5565.4
8297,20250125,8297,20,2,11,508.18,855.59,2970.25
8298,20250817,8298,6,3,4,1177.33,1176.11,1847.56
8299,20250501,8299,11,5,30,1293.72,6130.32,15136.23
8300,20250812,8300,20,4,4,988.67,4439.45,10035.81
8301,20251203,8301,11,2,8,315.49,7414.51,33523.3
8302,20250503,8302,6,2,23,475.0,8260.62,39926.02
8303,20250118,8303,12,5,12,580.7,2434.96,3697.06
8304,20250522,8304,4,1,28,522.89,6489.15,13918.93
8305,20250624,8305,6,3,7,641.15,1574.38,4854.46
8306,20251008,8306,18,6,9,655.54,915.51,4572.21
8307,20250207,8307,5,5,5,1075.12,5326.64,22952.63
8308,20251006,8308,18,3,11,750.32,6599.89,17355.7
8309,20250724,8309,7,6,11,611.02,7815.9,31846.07
8310,20250304,8310,12,4,11,416.33,3983.07,16480.65
8311,20250414,8311,7,4,21,347.81,3528.57,13607.53
8312,20250727,8312,20,2,4,1181.07,2946.73,9708.38
8313,20251122,8313,18,5,8,896.21,9947.35,31619.9
8314,20250929,8314,10,5,11,1113.78,3770.82,17184.7
8315,20251025,8315,18,5,24,728.07,1464.74,2566.24
8316,20250729,8316,16,1,7,144.37,4901.21,12123.31
8317,20250620,8317,3,1,19,1359.95,7474.19,19395.01
8318,20250715,8318,12,4,19,139.14,1336.79,2888.5
8319,20250213,8319,19,2,24,1392.66,8136.47,19872.34
8320,20250327,8320,20,3,23,340.67,1377.93,4564.99
8321,20250826,8321,14,6,4,1074.98,2025.36,4669.75
8322,20250611,8322,20,6,13,827.52,8960.24,27390.29
8323,20250404,8323,2,4,19,565.74,701.39,3485.93
8324,20250406,8324,4,6,7,122.01,2134.94,8482.47
8325,20250329,8325,7,3,12,387.57,2540.02,5687.78
8326,20250420,8326,4,2,24,665.15,6528.14,30987.95
8327,20250828,8327,17,4,27,380.96,7374.11,35972.12
8328,20250912,8328,9,4,27,1309.21,8776.89,19661.24
8329,20250906,8329,16,4,28,1249.15,630.02,3045.95
8330,20250522,8330,15,5,21,667.91,6993.06,11735.01
8331,20250111,8331,3,3,20,1079.58,7734.33,26332.65
8332,20250308,8332,19,3,14,1215.94,3032.07,7176.23
8333,20251112,8333,16,3,25,491.23,4757.22,14905.17
8334,20250911,8334,16,6,26,207.05,500.92,1304.73
8335,20250826,8335,10,3,27,1004.71,1067.86,4620.92
8336,20250604,8336,14,5,6,1483.77,1932.15,9047.46
8337,20250718,8337,18,4,21,1415.07,7462.86,29899.23
8338,20250818,8338,18,4,9,1104.81,1092.7,2068.48
8339,20250827,8339,3,1,15,126.28,3467.51,14688.38
8340,20250707,8340,11,2,11,309.43,1750.12,2923.79
8341,20250912,8341,9,1,21,923.86,9991.86,40072.0
8342,20250616,8342,13,3,18,336.34,1475.04,4188.3
8343,20250721,8343,15,6,15,1155.33,7831.1,31033.61
8344,20250812,8344,20,4,26,147.22,9539.24,42685.33
8345,20250826,8345,7,2,22,1220.72,711.52,2349.95
8346,20250612,8346,11,2,30,508.97,1101.39,2429.8
8347,20250223,8347,11,6,29,584.01,9415.01,35797.93
8348,20251126,8348,14,1,19,685.0,598.72,1123.06
8349,20251021,8349,2,4,23,1140.57,977.14,1552.39
8350,20250526,8350,17,6,28,984.51,5195.38,21837.87
8351,20251015,8351,17,6,5,251.1,6543.52,23312.18
8352,20250528,8352,1,5,2,1317.34,4000.68,13738.18
8353,20250902,8353,2,1,26,946.52,4114.66,16236.97
8354,20251225,8354,15,3,12,119.56,2442.6,12208.14
8355,20250430,8355,19,6,27,272.65,7526.14,21017.24
8356,20250505,8356,2,4,9,400.52,3366.04,7368.65
8357,20250828,8357,19,1,10,1188.1,4835.34,7391.19
8358,20250103,8358,9,5,14,872.7,2455.81,12229.84
8359,20250430,8359,17,5,8,102.78,627.08,1584.0
8360,20250920,8360,1,4,2,1297.6,9859.27,30278.6
8361,20251012,8361,17,1,25,1072.25,8430.0,34561.06
8362,20250308,8362,1,3,13,500.36,4488.45,21938.2
8363,20251025,8363,15,4,2,1495.83,8098.58,32421.39
8364,20251115,8364,8,4,23,256.48,3200.01,6812.11
8365,20250422,8365,13,6,13,1093.88,1906.61,8257.72
8366,20250213,8366,10,3,23,149.2,8562.39,40922.26
8367,20250912,8367,14,1,16,169.7,2473.5,7351.33
8368,20250324,8368,13,6,4,287.96,3509.88,16743.1
8369,20250608,8369,8,2,2,282.17,1527.85,7505.33
8370,20250501,8370,12,4,19,1091.81,5220.51,23746.86
8371,20250226,8371,15,1,8,629.32,6841.89,29542.75
8372,20250202,8372,13,5,8,135.28,8507.64,28155.4
8373,20251204,8373,1,4,19,1182.49,8731.32,43418.94
8374,20250104,8374,4,2,15,905.46,3791.36,12283.85
8375,20250315,8375,14,3,21,637.04,4339.87,18591.48
8376,20250318,8376,4,4,23,760.03,9278.75,40396.56
8377,20251203,8377,14,4,26,298.18,5341.27,9052.41
8378,20250619,8378,3,6,9,1346.32,6472.33,19544.8
8379,20250303,8379,5,4,18,1487.68,8920.96,25589.49
8380,20251211,8380,20,5,29,1060.54,6114.65,30476.68
8381,20250630,8381,2,2,7,815.37,7336.33,23869.37
8382,20250106,8382,2,5,27,156.41,3440.32,15150.42
8383,20250423,8383,1,3,23,1336.1,5280.84,21867.76
8384,20251026,8384,4,5,1,1000.45,4084.13,6197.79
8385,20250111,8385,6,1,27,949.51,4436.95,11132.76
8386,20250524,8386,7,1,3,226.64,1630.03,7396.09
8387,20250120,8387,13,1,8,271.84,7350.48,15206.59
8388,20251202,8388,13,3,5,1255.64,3121.28,9681.07
8389,20250914,8389,15,5,4,206.52,8135.61,33470.64
8390,20250510,8390,19,1,8,127.0,8320.03,20579.71
8391,20250416,8391,16,3,21,1172.39,2340.71,5719.61
8392,20251128,8392,20,3,19,317.3,5324.62,12257.5
8393,20250708,8393,15,3,9,1146.39,8228.84,31698.63
8394,20250731,8394,3,6,8,492.93,9903.08,15613.97
8395,20250214,8395,19,4,18,343.57,9382.13,46307.0
8396,20250531,8396,9,3,5,243.62,4748.61,10493.85
8397,20250808,8397,5,1,22,599.29,9731.3,32532.92
8398,20250810,8398,10,3,20,405.16,5545.64,13502.81
8399,20251224,8399,17,5,22,317.79,8591.23,35456.86
8400,20250805,8400,6,6,13,180.31,7252.86,17239.19
8401,20250113,8401,17,1,13,935.13,6634.73,28690.03
8402,20250728,8402,12,1,27,313.04,8185.71,12652.2
8403,20251121,8403,16,2,17,508.22,9325.84,18956.01
8404,20250417,8404,8,3,19,606.51,7701.75,23954.61
8405,20250502,8405,12,2,20,595.38,2656.57,10673.12
8406,20250416,8406,20,4,4,1459.54,3302.0,10060.53
8407,20250426,8407,17,4,4,1476.48,3741.56,8950.89
8408,20250505,8408,19,2,8,1089.7,4336.3,15311.64
8409,20250404,8409,12,5,16,952.91,5361.54,11958.33
8410,20251224,8410,15,4,25,240.15,1822.89,7380.76
8411,20250808,8411,19,5,7,1212.73,5755.08,11695.3
8412,20250701,8412,11,2,9,256.48,7031.44,27433.08
8413,20251127,8413,10,5,25,273.44,8627.87,31035.07
8414,20250718,8414,13,1,24,790.84,6056.08,16514.65
8415,20251226,8415,3,3,30,758.36,9940.91,46382.61
8416,20250730,8416,17,6,4,821.04,9794.49,22856.3
8417,20250729,8417,1,1,12,161.68,4261.46,7618.56
8418,20251129,8418,14,1,19,936.97,5322.62,16343.03
8419,20251102,8419,9,1,7,196.78,8228.41,36744.18
8420,20250426,8420,14,1,15,218.82,9887.54,46428.16
8421,20250610,8421,15,3,17,493.1,8586.88,15710.75
8422,20250415,8422,10,5,21,1115.32,8595.67,33740.87
8423,20250101,8423,16,6,13,750.41,2653.56,11363.01
8424,20251012,8424,12,3,8,164.8,3858.4,7585.69
8425,20250509,8425,15,2,11,293.94,7455.25,24035.53
8426,20250813,8426,10,6,8,929.34,9101.74,26078.79
8427,20250108,8427,19,4,21,871.69,8760.53,29227.11
8428,20251127,8428,18,6,5,671.12,5305.88,10065.01
8429,20250105,8429,15,6,23,327.39,3666.22,11834.83
8430,20251030,8430,5,4,5,1473.97,2903.75,12977.55
8431,20251001,8431,8,5,30,1464.97,5417.68,26110.59
8432,20250601,8432,17,5,22,957.37,3141.81,12163.5
8433,20250211,8433,18,3,29,462.73,1813.57,3509.98
8434,20250627,8434,8,5,22,487.04,9883.75,18502.19
8435,20250421,8435,8,3,28,1390.27,4680.94,10649.03
8436,20250831,8436,8,2,25,420.59,8754.83,23864.61
8437,20250226,8437,7,5,9,1437.28,8135.88,26733.59
8438,20250403,8438,19,6,15,543.75,8201.51,19207.02
8439,20250111,8439,8,6,15,1305.07,7323.5,25639.25
8440,20251028,8440,7,2,23,744.98,8211.36,21793.28
8441,20250128,8441,11,2,13,371.75,6753.97,12281.86
8442,20250207,8442,11,5,14,653.81,4062.79,10503.55
8443,20250527,8443,10,1,6,213.55,7652.17,33732.84
8444,20250126,8444,6,1,1,1217.71,2624.76,6718.66
8445,20251010,8445,1,6,20,707.18,5595.99,24990.71
8446,20251004,8446,12,2,12,513.19,8999.94,21072.99
8447,20251003,8447,4,2,26,1348.11,2090.09,5189.8
8448,20251209,8448,5,1,24,1263.93,4202.36,9488.74
8449,20250825,8449,1,5,19,452.68,9119.11,44868.97
8450,20251221,8450,18,3,24,1381.66,9328.15,14853.58
8451,20251206,8451,9,1,5,593.57,7211.82,31739.89
8452,20250628,8452,12,6,13,1166.25,3503.96,12155.68
8453,20250420,8453,14,6,29,1491.18,6054.73,17244.23
8454,20250318,8454,1,5,5,1114.17,4444.63,10946.35
8455,20250202,8455,20,1,13,1264.58,2338.22,6438.98
8456,20250301,8456,12,1,3,359.24,8467.22,29086.22
8457,20250211,8457,9,4,21,591.91,5852.68,15497.69
8458,20250827,8458,10,5,5,1170.08,532.48,2463.25
8459,20250108,8459,19,3,8,1279.58,2957.22,12328.61
8460,20250929,8460,9,4,5,648.62,4813.38,22156.82
8461,20251218,8461,9,5,22,100.58,686.06,3070.92
8462,20250410,8462,17,1,18,231.09,2489.29,3941.29
8463,20251008,8463,6,6,1,863.39,554.52,1473.9
8464,20250628,8464,14,6,19,1148.02,8267.19,25474.38
8465,20250621,8465,13,4,20,209.52,5934.76,18180.48
8466,20251207,8466,6,5,30,1219.15,3259.13,5212.53
8467,20250828,8467,14,1,20,1007.46,2598.11,6432.5
8468,20250709,8468,9,4,6,125.89,803.55,3664.61
8469,20250206,8469,9,1,5,184.02,1007.93,2514.58
8470,20250904,8470,14,2,8,254.01,4603.39,7929.32
8471,20250413,8471,2,5,2,667.9,7947.14,31954.86
8472,20250115,8472,9,2,7,488.84,4904.58,19973.43
8473,20250917,8473,15,5,9,288.28,2263.84,6952.6
8474,20250421,8474,7,6,1,459.51,2102.93,5000.78
8475,20250909,8475,7,6,26,1121.72,7186.42,13426.49
8476,20250725,8476,12,6,1,1341.34,5708.32,18770.2
8477,20251227,8477,16,5,12,403.29,6859.56,30823.89
8478,20250630,8478,16,6,18,1401.37,5685.67,15584.89
8479,20250628,8479,13,4,28,1312.53,3237.33,15589.05
8480,20251003,8480,11,6,14,869.63,3130.88,5208.16
8481,20250714,8481,8,1,9,1211.69,2055.76,7919.0
8482,20251230,8482,2,6,29,1355.27,5185.05,11657.75
8483,20251128,8483,17,1,6,1288.09,3646.55,17981.01
8484,20250613,8484,16,2,17,1389.11,7357.93,28779.42
8485,20250209,8485,18,4,13,765.39,2274.37,5416.31
8486,20251018,8486,14,5,1,1292.57,2871.72,6666.06
8487,20250524,8487,13,6,1,650.71,3909.68,9218.78
8488,20251112,8488,11,4,1,1292.9,3415.81,10403.3
8489,20250426,8489,8,5,29,1084.62,1519.08,3130.29
8490,20250327,8490,20,4,26,534.92,7397.68,30191.28
8491,20250314,8491,8,2,18,220.72,5909.54,26652.62
8492,20250917,8492,12,5,9,703.11,9330.0,41117.89
8493,20250321,8493,10,6,22,1459.44,8889.41,36794.93
8494,20250415,8494,16,4,3,392.48,5824.73,22909.97
8495,20250520,8495,10,6,2,483.06,2896.56,6433.9
8496,20250531,8496,10,4,30,1017.36,6324.11,20984.72
8497,20250301,8497,13,2,24,373.6,8584.75,26595.22
8498,20250524,8498,1,4,21,1085.02,6721.87,12158.3
8499,20250728,8499,15,5,27,1195.4,2387.71,10031.62
8500,20251023,8500,2,4,14,1287.23,8383.48,18004.99
8501,20250904,8501,8,1,5,825.6,3361.73,14465.78
8502,20250510,8502,6,6,19,865.63,1895.4,3888.52
8503,20250331,8503,2,2,21,844.87,7449.42,36324.27
8504,20250527,8504,12,5,10,1044.58,2465.72,5267.53
8505,20250108,8505,19,2,6,782.69,5961.21,16386.45
8506,20250118,8506,7,6,28,631.09,9187.7,31650.27
8507,20250531,8507,6,5,7,765.08,8059.42,33347.39
8508,20250619,8508,5,6,17,1012.69,531.26,2034.67
8509,20250710,8509,13,4,17,650.94,5430.23,23117.21
8510,20251217,8510,15,4,19,1371.78,8642.62,28100.87
8511,20250310,8511,19,1,13,471.1,6226.39,12092.54
8512,20251106,8512,19,5,7,1374.5,6977.61,21140.1
8513,20250309,8513,5,1,26,915.09,4195.0,8745.92
8514,20250427,8514,10,5,5,336.91,7076.83,13509.26
8515,20251209,8515,6,5,28,887.62,1635.96,2770.0
8516,20250410,8516,3,2,2,768.72,8843.64,16068.5
8517,20250627,8517,3,2,5,1233.56,6968.24,15006.99
8518,20250721,8518,6,1,25,205.06,7490.2,20267.85
8519,20250525,8519,20,6,10,839.93,5016.36,12355.99
8520,20251222,8520,16,2,20,963.28,6403.18,24114.79
8521,20250122,8521,19,6,18,471.28,7883.98,34363.38
8522,20250604,8522,12,1,17,917.0,3457.38,17146.68
8523,20250502,8523,12,3,18,331.97,5263.68,22135.05
8524,20250626,8524,12,6,26,1372.16,1806.35,8375.42
8525,20251223,8525,19,2,11,1442.78,3349.69,8934.85
8526,20250518,8526,12,1,21,392.11,8412.76,19440.23
8527,20250515,8527,5,6,17,1187.88,6727.13,28706.3
8528,20251203,8528,4,4,19,1199.36,1512.12,6575.84
8529,20250828,8529,12,6,29,243.99,7992.99,23701.63
8530,20250622,8530,4,5,13,941.36,9318.52,18700.07
8531,20250217,8531,17,5,28,694.14,3411.21,10805.45
8532,20250714,8532,3,5,5,443.78,2444.67,7168.25
8533,20250210,8533,15,2,2,521.17,6249.44,25754.27
8534,20250128,8534,20,5,4,779.54,2437.93,9055.66
8535,20251117,8535,14,4,18,721.2,740.42,3609.64
8536,20251126,8536,15,2,28,545.04,9635.52,15104.58
8537,20250822,8537,8,6,18,232.21,3475.77,9943.8
8538,20250211,8538,6,1,1,720.03,8240.32,36182.87
8539,20251030,8539,13,6,26,1345.87,9356.1,39664.92
8540,20251110,8540,2,1,14,221.07,4568.99,9759.34
8541,20250912,8541,10,6,11,583.63,1761.17,4450.21
8542,20250222,8542,12,1,26,407.25,7472.88,21621.0
8543,20250524,8543,4,1,3,700.35,9864.17,26528.53
8544,20251215,8544,16,6,1,445.71,4229.72,9561.99
8545,20250822,8545,4,5,1,1196.68,7734.63,15249.11
8546,20251018,8546,1,2,29,352.75,550.81,901.75
8547,20250607,8547,1,5,21,677.09,1363.35,6121.28
8548,20250626,8548,16,6,1,813.97,6708.89,15270.24
8549,20250207,8549,20,3,1,1263.22,6699.02,15906.88
8550,20250527,8550,2,5,3,1256.81,8056.38,25460.05
8551,20250510,8551,14,2,4,1248.17,1738.97,3877.74
8552,20250130,8552,9,4,22,339.49,7220.61,24579.26
8553,20250910,8553,9,2,17,1186.89,7766.95,14282.61
8554,20251229,8554,15,1,26,924.53,2961.22,11113.3
8555,20250623,8555,10,5,5,720.64,2151.08,10382.13
8556,20250111,8556,9,5,4,470.44,3909.74,13265.93
8557,20250506,8557,14,4,26,954.75,9422.89,39738.56
8558,20250622,8558,16,5,9,328.71,8583.89,31632.76
8559,20251212,8559,18,3,27,1195.57,7974.03,34543.04
8560,20251101,8560,2,5,13,895.17,4408.62,12059.88
8561,20250309,8561,7,5,5,256.74,4642.83,13539.96
8562,20250610,8562,3,5,1,799.8,6710.85,20128.61
8563,20250805,8563,3,6,18,824.54,3058.26,14312.68
8564,20250819,8564,13,4,30,375.75,1465.27,2490.06
8565,20250825,8565,1,4,24,1327.18,8483.65,22808.39
8566,20250223,8566,18,1,25,1082.9,1353.34,2277.59
8567,20250417,8567,6,2,18,328.43,1783.17,6428.66
8568,20251213,8568,2,5,6,1303.27,7056.36,18994.64
8569,20250719,8569,16,1,11,417.49,9065.66,38054.33
8570,20251221,8570,9,4,16,539.53,3921.78,6315.48
8571,20250124,8571,12,6,27,1145.86,6847.76,28506.83
8572,20250419,8572,6,2,5,1427.19,7909.77,31829.45
8573,20250623,8573,10,5,30,718.59,527.97,2160.75
8574,20251225,8574,7,3,12,118.95,9434.14,16618.31
8575,20250513,8575,6,1,6,341.18,7282.97,30219.06
8576,20251004,8576,1,4,1,1128.76,694.33,2627.99
8577,20250322,8577,10,6,2,893.58,5901.67,16652.31
8578,20250517,8578,4,2,5,588.39,9723.83,34982.78
8579,20251114,8579,12,2,24,1064.93,1565.21,2841.02
8580,20251215,8580,14,1,18,267.2,5725.62,17609.63
8581,20251012,8581,14,1,27,426.96,1570.41,6047.27
8582,20251127,8582,8,2,18,1112.2,5261.67,14641.96
8583,20250731,8583,15,2,30,428.49,5743.12,20464.26
8584,20250220,8584,15,4,11,462.3,8804.13,15772.21
8585,20250907,8585,4,5,8,1118.95,7874.3,31308.49
8586,20250815,8586,17,2,8,986.85,3688.32,17199.11
8587,20251024,8587,14,4,28,1293.12,6752.99,25904.59
8588,20250312,8588,14,6,27,1423.01,7864.74,19224.31
8589,20251017,8589,20,3,10,792.37,9663.29,37457.43
8590,20251126,8590,8,5,24,1173.95,3584.36,12831.11
8591,20250511,8591,8,4,14,393.37,6626.66,28513.26
8592,20250128,8592,17,1,24,1321.0,1315.75,2423.33
8593,20250302,8593,12,1,23,130.33,3681.38,13893.17
8594,20250607,8594,1,2,29,1021.33,9663.29,29587.36
8595,20250516,8595,1,4,2,1373.7,1220.17,4625.2
8596,20251121,8596,13,3,14,1149.79,4343.26,18425.5
8597,20250127,8597,6,2,25,181.43,5443.81,14741.09
8598,20250630,8598,20,3,10,863.13,2090.44,9189.06
8599,20250506,8599,10,1,11,114.73,8662.87,23466.22
8600,20250326,8600,5,6,22,310.09,4059.95,13099.8
8601,20250806,8601,20,4,29,610.92,601.3,2800.61
8602,20250810,8602,13,3,3,1244.11,4828.62,13064.33
8603,20250927,8603,8,1,7,1232.18,4864.69,15488.55
8604,20250115,8604,5,1,7,568.96,5899.76,27996.27
8605,20251211,8605,16,3,6,1324.91,1257.13,2529.75
8606,20250514,8606,10,5,21,1311.94,7320.73,11080.92
8607,20251228,8607,20,6,19,465.34,2320.96,8063.16
8608,20250602,8608,4,4,18,132.28,4177.28,11019.41
8609,20250804,8609,20,6,11,609.06,5429.95,20510.06
8610,20251209,8610,2,4,7,116.0,8161.13,20892.3
8611,20250208,8611,1,3,29,639.94,1197.23,2590.81
8612,20250124,8612,5,5,10,434.74,1770.05,4662.3
8613,20250303,8613,1,3,19,1137.8,2716.25,9874.93
8614,20250830,8614,15,4,23,168.41,3063.68,8094.42
8615,20250403,8615,11,4,21,405.51,1011.71,3224.98
8616,20250514,8616,20,4,26,1041.64,9530.21,14531.71
8617,20251228,8617,20,1,4,669.63,640.08,1132.35
8618,20250930,8618,15,2,14,1303.21,7574.76,28234.41
8619,20250620,8619,5,3,26,542.51,7833.96,24662.78
8620,20250311,8620,7,3,2,555.75,2847.18,10678.26
8621,20250603,8621,16,1,24,768.5,1176.84,2105.54
8622,20250119,8622,17,5,21,181.49,2432.76,10263.56
8623,20250326,8623,17,5,28,514.79,9000.33,41945.78
8624,20250102,8624,11,2,19,685.82,2156.83,9074.68
8625,20250902,8625,7,1,10,909.34,1678.84,5569.96
8626,20250723,8626,15,6,7,1143.74,8143.44,18989.75
8627,20250125,8627,2,4,29,702.12,3753.11,10708.33
8628,20251017,8628,20,3,14,203.85,9271.49,31262.29
8629,20250522,8629,2,2,2,547.4,5411.43,11953.63
8630,20250520,8630,20,2,28,1432.92,5656.56,22192.08
8631,20250221,8631,8,5,20,359.09,4705.29,23128.72
8632,20251204,8632,20,4,7,1262.17,1095.56,2631.36
8633,20250127,8633,8,5,22,381.06,8997.86,20393.73
8634,20250523,8634,8,2,23,477.04,714.35,1085.9
8635,20251112,8635,7,4,21,1272.07,8332.03,41533.21
8636,20250503,8636,9,5,24,981.94,1599.98,2640.22
8637,20250214,8637,14,6,26,1211.23,2276.2,7803.61
8638,20251101,8638,15,2,15,1306.16,9943.28,23615.56
8639,20251210,8639,2,3,7,417.69,7896.9,14331.85
8640,20250928,8640,19,1,24,515.99,3854.69,9782.42
8641,20250326,8641,9,1,9,202.0,818.27,3540.76
8642,20250104,8642,20,6,18,1021.18,1117.52,2148.65
8643,20250623,8643,17,4,4,531.45,3249.91,8137.13
8644,20250522,8644,11,2,12,1229.04,8392.64,28488.58
8645,20250926,8645,19,4,26,184.37,2627.39,10740.04
8646,20250717,8646,16,5,17,342.78,1674.84,4183.78
8647,20250106,8647,7,2,29,736.62,4664.78,14041.19
8648,20250428,8648,9,2,15,213.94,6564.5,11500.23
8649,20250822,8649,5,1,6,769.72,5706.33,26713.87
8650,20250713,8650,16,5,20,465.51,3560.89,7456.96
8651,20250613,8651,15,3,13,1146.58,7976.26,36522.42
8652,20251013,8652,9,5,22,1449.97,8141.47,32243.95
8653,20250805,8653,8,3,23,794.88,8495.42,18864.36
8654,20250421,8654,18,6,9,686.64,5452.46,19154.0
8655,20250810,8655,18,4,26,1042.3,6205.68,10223.08
8656,20250827,8656,16,2,20,425.76,5000.79,10871.15
8657,20251116,8657,4,2,24,836.96,7955.57,25043.6
8658,20250321,8658,15,5,30,452.31,2695.33,10524.25
8659,20251226,8659,1,4,29,463.85,5325.95,10736.58
8660,20250828,8660,16,6,6,848.19,8462.69,36538.21
8661,20251117,8661,14,3,25,682.78,7343.51,28688.37
8662,20250123,8662,3,2,22,1082.72,787.79,3440.22
8663,20250912,8663,15,5,30,513.37,3691.69,14603.6
8664,20250310,8664,17,6,8,887.03,8363.12,30288.48
8665,20250303,8665,18,2,8,1117.32,6970.43,32987.27
8666,20250605,8666,16,6,18,930.52,1134.53,3411.38
8667,20250116,8667,9,4,9,1035.34,8058.8,34114.56
8668,20250124,8668,12,1,17,1253.42,3523.03,16126.26
8669,20251209,8669,5,4,17,1271.11,4295.56,6603.46
8670,20250929,8670,2,4,30,846.69,7026.9,30155.99
8671,20250310,8671,7,6,9,799.47,5362.54,13072.54
8672,20250617,8672,4,4,10,356.12,7171.94,17885.61
8673,20250731,8673,18,4,5,573.64,6066.17,19550.7
8674,20250422,8674,20,5,25,1276.92,6734.66,32538.5
8675,20250318,8675,20,4,23,751.77,8039.41,25106.97
8676,20251228,8676,7,5,9,1156.7,7506.5,28754.98
8677,20250628,8677,5,5,28,387.49,2479.44,6096.04
8678,20250806,8678,2,5,13,427.89,2673.11,5366.18
8679,20250622,8679,9,1,24,1293.29,3283.13,12837.25
8680,20250706,8680,19,3,6,1325.36,6586.8,17849.65
8681,20250407,8681,1,4,12,788.92,3715.95,7545.43
8682,20250925,8682,15,5,30,902.46,9381.6,34274.55
8683,20251031,8683,10,6,1,1137.31,6805.74,30492.7
8684,20250120,8684,16,4,19,1334.34,8188.76,32105.97
8685,20250302,8685,1,6,14,638.5,5456.87,9213.01
8686,20250331,8686,17,1,15,1471.46,7338.48,25820.96
8687,20250413,8687,2,3,23,1250.62,9505.53,22226.1
8688,20251223,8688,13,5,30,292.41,9210.55,23863.8
8689,20250131,8689,11,5,20,1268.04,2045.62,9370.41
8690,20251221,8690,14,3,22,1021.31,8793.38,31883.14
8691,20250709,8691,9,5,2,1163.59,8485.05,37361.75
8692,20250417,8692,1,2,22,367.31,9355.43,20343.12
8693,20251125,8693,5,5,21,632.33,5634.4,26487.96
8694,20250922,8694,13,6,3,1351.87,4257.25,10390.48
8695,20251128,8695,11,3,11,1398.5,6740.33,15040.59
8696,20251128,8696,14,1,9,810.25,3339.31,9824.39
8697,20250528,8697,15,2,5,1019.33,8636.11,25643.21
8698,20250211,8698,19,4,28,735.3,9579.14,46664.22
8699,20251201,8699,2,5,21,138.24,2558.24,8250.78
8700,20251106,8700,5,4,27,394.68,6323.62,26889.97
8701,20250113,8701,10,5,19,1442.39,9528.1,43823.0
8702,20250530,8702,9,6,18,228.21,7789.96,14470.97
8703,20250824,8703,20,4,10,788.23,5906.03,20653.37
8704,20251216,8704,5,1,25,1482.39,9106.77,36848.11
8705,20250923,8705,10,2,4,1377.97,4719.68,15685.63
8706,20250622,8706,8,2,21,445.61,6390.55,25459.99
8707,20250317,8707,19,4,4,1169.28,1965.31,7608.23
8708,20250731,8708,4,5,25,461.01,3616.36,13985.31
8709,20250120,8709,18,5,4,829.49,9930.75,31332.44
8710,20250214,8710,3,5,27,1039.38,7464.72,15957.48
8711,20250325,8711,11,2,14,577.34,3100.86,7476.61
8712,20250226,8712,4,1,24,1144.91,8893.98,29222.73
8713,20250703,8713,10,6,14,110.78,5675.34,25906.91
8714,20250627,8714,8,3,9,1482.57,9156.33,15814.37
8715,20250109,8715,2,1,15,863.98,7078.18,14997.51
8716,20251213,8716,3,1,17,153.44,9625.24,40467.57
8717,20250119,8717,10,1,26,1035.05,5496.85,24816.35
8718,20250323,8718,13,4,25,1039.99,5661.2,27227.1
8719,20250211,8719,10,4,21,262.43,6480.83,27727.21
8720,20250707,8720,8,4,3,751.56,6723.42,26702.86
8721,20250717,8721,8,4,23,215.68,7754.14,13772.77
8722,20250812,8722,8,5,22,1235.94,1912.8,7992.82
8723,20250112,8723,19,5,25,172.83,4658.09,9366.96
8724,20250822,8724,5,5,6,445.07,8897.54,35723.92
8725,20251213,8725,9,6,15,589.47,8070.54,30070.45
8726,20250415,8726,20,6,15,1388.7,6718.53,32913.0
8727,20250423,8727,11,5,19,330.63,7644.3,23315.12
8728,20250504,8728,11,1,26,1250.21,3512.54,17324.4
8729,20250307,8729,13,4,26,1252.74,8778.52,27716.91
8730,20250828,8730,13,5,20,1245.58,4647.22,9248.43
8731,20250109,8731,2,1,12,1184.54,8120.52,22887.79
8732,20250318,8732,3,1,9,1413.26,1176.45,2412.86
8733,20250921,8733,13,2,9,477.8,5233.78,11833.08
8734,20250818,8734,13,3,7,339.81,2695.01,4515.49
8735,20251021,8735,15,4,7,461.39,5707.7,28509.59
8736,20250826,8736,18,5,22,1295.46,2201.89,4442.44
8737,20250425,8737,5,3,20,1342.28,2043.44,5645.28
8738,20250825,8738,7,6,26,603.75,8077.06,24657.83
8739,20250325,8739,18,5,29,565.6,3963.63,19142.13
8740,20250424,8740,7,6,25,331.17,6730.58,13896.54
8741,20250902,8741,18,6,20,1408.2,7338.82,36665.63
8742,20250704,8742,16,5,16,421.1,8338.08,38822.79
8743,20250312,8743,11,1,27,1498.38,4458.87,19092.53
8744,20250207,8744,3,4,15,731.14,5162.52,13202.09
8745,20250609,8745,6,3,4,1264.64,6067.08,23795.55
8746,20250325,8746,14,4,1,1276.99,4797.3,12050.32
8747,20251111,8747,10,2,9,1271.33,7919.82,34602.51
8748,20250525,8748,5,6,29,1078.07,8577.49,32913.66
8749,20250218,8749,3,2,18,1196.09,5264.33,21543.52
8750,20250624,8750,1,4,5,1217.13,7455.62,32537.12
8751,20250818,8751,14,4,30,501.14,2486.15,9842.29
8752,20251211,8752,2,5,18,1282.21,7921.68,21102.53
8753,20250501,8753,6,3,11,854.78,4400.79,9162.55
8754,20250228,8754,6,3,11,242.55,7265.23,29532.29
8755,20251112,8755,1,2,8,954.84,6030.58,12443.78
8756,20250504,8756,13,6,19,1232.79,7303.19,31463.51
8757,20251125,8757,3,4,30,800.79,9253.09,37620.35
8758,20250825,8758,11,3,21,1236.57,3989.19,10218.74
8759,20250514,8759,9,5,10,287.8,3806.28,16459.45
8760,20250906,8760,17,5,21,403.52,5349.16,10933.17
8761,20250828,8761,7,6,20,472.85,591.76,1187.56
8762,20250911,8762,14,3,25,314.95,5979.42,29806.27
8763,20250810,8763,13,1,26,163.44,1994.21,4331.99
8764,20250216,8764,14,3,10,305.09,3529.47,17006.6
8765,20251025,8765,17,5,23,1027.12,9026.2,28797.62
8766,20250929,8766,18,3,22,1000.13,9449.59,39924.12
8767,20250123,8767,4,4,24,1242.17,6502.86,25371.2
8768,20251205,8768,20,3,7,325.64,8172.55,13726.9
8769,20250504,8769,13,6,23,885.45,8983.65,22856.56
8770,20251007,8770,18,6,27,589.88,5430.22,12512.78
8771,20251110,8771,8,4,21,1084.21,6946.33,10953.67
8772,20250422,8772,6,1,26,284.78,5572.26,20128.24
8773,20250818,8773,2,5,9,1065.24,3339.0,13806.52
8774,20250402,8774,8,1,3,546.37,8234.68,26922.61
8775,20251228,8775,19,1,5,789.48,743.33,2517.58
8776,20251008,8776,15,2,30,577.47,7566.8,32016.63
8777,20250316,8777,16,1,8,592.33,4551.46,17671.56
8778,20250702,8778,6,2,27,1491.42,9091.1,42748.89
8779,20250702,8779,4,5,20,542.6,2352.71,6021.87
8780,20251224,8780,16,5,6,284.43,6977.26,30787.1
8781,20250803,8781,2,6,8,421.49,9464.24,25505.79
8782,20251206,8782,14,2,5,228.29,2581.83,8693.04
8783,20250503,8783,13,2,24,325.47,4701.32,12400.91
8784,20250720,8784,19,1,25,1268.6,3580.74,8682.37
8785,20250915,8785,16,6,9,1207.73,5943.98,19326.7
8786,20250327,8786,14,6,11,807.22,623.5,2861.82
8787,20250803,8787,11,4,23,223.53,932.77,3354.39
8788,20251017,8788,17,3,22,1110.89,4435.45,20456.59
8789,20250114,8789,5,4,1,1469.07,6480.1,29513.37
8790,20251212,8790,8,4,13,317.77,3760.75,18787.71
8791,20251229,8791,11,5,2,1454.74,5183.85,22030.54
8792,20250515,8792,6,1,28,843.17,3019.22,14535.7
8793,20250118,8793,9,4,30,522.19,5337.22,25994.15
8794,20250531,8794,12,1,4,814.15,6742.4,22800.19
8795,20250213,8795,9,6,12,464.25,6016.38,13796.56
8796,20250807,8796,1,2,27,347.59,7544.44,20145.86
8797,20251105,8797,3,2,14,1493.38,1421.46,3094.62
8798,20250928,8798,4,2,29,737.48,7289.17,16399.6
8799,20250819,8799,19,6,24,1330.1,3218.34,13221.85
8800,20250421,8800,16,2,26,586.72,8210.8,19889.55
8801,20250427,8801,19,2,26,1257.15,3182.53,6174.59
8802,20250511,8802,8,1,2,328.56,1849.97,9150.63
8803,20250624,8803,8,2,7,1116.4,7689.42,22505.86
8804,20250308,8804,7,1,13,1169.29,3368.55,8063.92
8805,20250625,8805,5,2,24,976.76,2464.38,7043.81
8806,20250728,8806,18,1,12,200.94,1943.3,7363.15
8807,20250313,8807,19,6,7,1253.91,6664.05,30358.17
8808,20250826,8808,9,4,13,358.17,1233.58,4646.04
8809,20250922,8809,14,4,5,851.47,1885.3,5647.94
8810,20250628,8810,19,3,10,632.35,1754.86,7706.61
8811,20251007,8811,3,2,22,113.79,4033.73,12444.87
8812,20251222,8812,16,2,18,333.79,874.61,3172.98
8813,20250521,8813,13,3,22,243.32,2717.09,8758.53
8814,20250103,8814,7,6,9,1490.54,1263.42,4695.01
8815,20250714,8815,11,1,17,148.11,8590.99,29487.88
8816,20251023,8816,11,3,29,1346.73,1483.85,3010.48
8817,20250212,8817,10,5,20,110.99,5045.99,21717.41
8818,20250203,8818,10,2,29,131.45,1791.24,8603.15
8819,20250318,8819,10,3,14,1111.92,8942.87,43306.44
8820,20250506,8820,20,4,12,1204.13,3261.7,5572.51
8821,20250301,8821,10,2,30,417.42,7775.1,14148.6
8822,20251212,8822,3,6,12,418.08,1284.02,2925.1
8823,20250514,8823,1,2,22,830.7,5968.53,18330.21
8824,20250114,8824,14,2,7,866.78,4997.43,17930.19
8825,20250215,8825,1,6,20,1070.21,2177.34,7211.76
8826,20250410,8826,7,2,13,334.92,806.45,3421.97
8827,20250427,8827,17,1,25,1137.35,3234.49,11955.8
8828,20251020,8828,3,5,27,860.97,6286.98,11502.69
8829,20251103,8829,12,5,27,1015.45,4300.3,7203.79
8830,20250523,8830,13,2,25,780.95,4816.76,10695.45
8831,20250115,8831,16,3,16,318.85,2003.57,9694.02
8832,20251128,8832,14,6,9,1470.02,2745.58,10953.93
8833,20251120,8833,9,5,3,199.58,1567.49,3996.71
8834,20250107,8834,11,4,25,552.86,1110.56,3206.83
8835,20250818,8835,15,4,28,350.71,7187.4,17230.58
8836,20250723,8836,18,3,14,1292.78,1670.67,7982.49
8837,20251027,8837,18,2,22,426.47,8176.18,32678.41
8838,20250912,8838,18,5,9,1184.82,8515.63,34016.89
8839,20251106,8839,20,2,20,1076.64,7051.47,31236.27
8840,20250802,8840,19,3,24,808.02,3716.96,8258.03
8841,20250912,8841,13,5,11,627.05,6501.32,27987.09
8842,20250506,8842,1,1,15,1072.49,8560.59,25967.23
8843,20250709,8843,12,3,4,455.71,6200.17,11342.65
8844,20250507,8844,19,6,28,677.98,9293.19,35760.8
8845,20251113,8845,14,2,12,975.39,6852.29,27964.6
8846,20250209,8846,2,6,11,825.3,7794.57,37755.3
8847,20250825,8847,11,3,5,1399.22,7817.64,33250.61
8848,20250421,8848,20,2,20,888.92,1677.17,6915.31
8849,20250801,8849,7,5,16,495.76,2008.74,9177.51
8850,20250903,8850,17,5,1,752.01,3708.09,10946.32
8851,20250309,8851,16,2,4,1086.81,8326.14,29716.2
8852,20250629,8852,13,5,15,675.95,9236.72,23964.63
8853,20251208,8853,12,6,4,1161.18,7379.49,25167.57
8854,20251205,8854,19,4,16,1348.37,8539.89,14977.81
8855,20250406,8855,12,2,29,135.08,4091.34,12876.89
8856,20250918,8856,9,3,3,1459.34,1585.36,3176.87
8857,20250517,8857,8,1,14,366.39,9414.03,36814.71
8858,20250530,8858,16,5,22,365.28,1744.34,5038.39
8859,20251113,8859,4,2,9,740.18,7793.4,15438.16
8860,20250920,8860,14,4,22,1234.87,3032.02,7873.0
8861,20250414,8861,17,2,10,1395.96,7856.22,38898.83
8862,20250609,8862,10,5,19,321.9,2385.34,4362.31
8863,20250408,8863,5,4,6,1110.14,3813.98,7837.51
8864,20250319,8864,14,6,3,1406.03,2809.95,5769.34
8865,20250211,8865,12,5,7,432.51,3494.28,5415.11
8866,20251009,8866,7,2,29,902.0,1910.5,8775.8
8867,20250704,8867,6,5,18,233.42,3364.47,11893.93
8868,20250213,8868,3,6,23,399.27,8800.44,43181.81
8869,20251025,8869,5,4,6,819.49,4418.87,18854.73
8870,20250301,8870,3,1,27,703.96,4063.94,17684.59
8871,20250724,8871,15,3,29,1077.31,7427.44,15991.16
8872,20250320,8872,19,2,12,1092.93,2837.18,7049.88
8873,20251104,8873,19,2,4,396.22,9343.62,43256.22
8874,20251004,8874,8,5,15,459.88,1330.98,3139.88
8875,20250303,8875,9,3,12,355.68,5887.3,12997.75
8876,20250115,8876,6,1,9,312.02,3147.12,11508.93
8877,20250619,8877,4,6,21,773.17,2323.12,7011.67
8878,20250724,8878,12,5,23,371.77,5216.4,11446.78
8879,20250123,8879,1,3,2,115.2,9799.46,30313.7
8880,20251219,8880,11,6,17,353.4,2502.33,6421.74
8881,20251118,8881,6,3,18,1363.09,2529.15,10699.62
8882,20251006,8882,7,1,30,284.88,2888.16,9420.05
8883,20251111,8883,11,1,26,294.24,6601.39,23808.15
8884,20251110,8884,14,4,20,377.37,5870.28,17367.9
8885,20250515,8885,4,5,26,464.1,3180.6,15190.85
8886,20250602,8886,3,1,10,811.94,1223.8,5335.81
8887,20250318,8887,3,5,7,1293.11,2053.36,7332.72
8888,20250510,8888,16,3,7,832.09,4383.13,11691.66
8889,20251113,8889,13,2,18,994.71,6688.83,29220.64
8890,20250620,8890,9,6,13,246.15,8525.08,33852.82
8891,20251205,8891,1,3,23,929.02,4730.07,13971.89
8892,20250717,8892,8,1,28,223.09,7387.35,35960.16
8893,20251130,8893,15,4,28,810.31,3895.75,17518.11
8894,20250816,8894,17,5,17,988.35,5108.91,20674.05
8895,20251214,8895,12,1,4,505.32,5930.29,26785.28
8896,20250611,8896,13,2,25,348.12,9970.83,33921.25
8897,20250201,8897,10,3,17,1194.6,9298.64,37285.71
8898,20250406,8898,1,4,18,1120.17,8633.85,23895.18
8899,20250105,8899,20,2,21,821.48,3764.93,6208.7
8900,20250315,8900,2,6,25,1089.97,6747.3,32475.79
8901,20251106,8901,11,3,15,479.87,4449.72,7750.99
8902,20250320,8902,2,1,4,1209.26,7989.92,17851.66
8903,20250917,8903,11,4,19,185.86,7919.44,30598.53
8904,20250823,8904,9,1,18,510.55,5113.56,15458.03
8905,20250809,8905,17,1,3,123.15,7879.34,25684.71
8906,20250710,8906,8,2,16,162.11,2137.91,8514.78
8907,20250424,8907,6,4,14,1356.42,4563.42,15996.62
8908,20250618,8908,19,3,2,741.24,5040.88,25143.6
8909,20251125,8909,19,6,9,956.34,4065.91,11914.44
8910,20251130,8910,19,2,25,420.6,1355.43,5317.12
8911,20250908,8911,6,1,21,364.82,3717.24,6871.45
8912,20251130,8912,14,4,12,1366.23,4403.01,8750.37
8913,20251217,8913,12,6,20,1165.71,8643.14,26307.13
8914,20250512,8914,14,3,30,581.73,7837.05,19901.41
8915,20250821,8915,17,5,19,439.95,9252.7,46238.01
8916,20250405,8916,18,3,1,1232.84,7236.71,26155.25
8917,20251116,8917,13,1,14,1490.72,1633.87,3692.43
8918,20250724,8918,1,1,2,1393.47,1154.1,1893.31
8919,20250912,8919,17,2,3,1005.19,6958.28,31797.16
8920,20250615,8920,12,3,2,1162.02,8038.7,21847.57
8921,20251223,8921,6,5,28,791.73,5739.77,16687.35
8922,20250805,8922,1,3,3,1012.85,1292.06,3802.3
8923,20250327,8923,6,2,5,1423.66,4370.31,7777.79
8924,20251118,8924,15,2,28,1001.14,3366.48,15704.97
8925,20250731,8925,7,1,18,913.75,6359.27,12660.89
8926,20250715,8926,17,2,29,138.78,6906.24,30205.8
8927,20250808,8927,19,2,6,763.88,8138.16,37116.01
8928,20250707,8928,14,1,9,548.76,1487.38,4402.39
8929,20251104,8929,15,2,19,826.31,1370.37,2994.65
8930,20250704,8930,19,4,4,776.1,2650.51,6538.32
8931,20250601,8931,10,6,25,688.58,5405.6,20113.27
8932,20250720,8932,9,3,9,1090.15,3391.0,7163.06
8933,20250531,8933,2,6,24,367.36,3515.75,10910.01
8934,20250426,8934,14,3,23,142.77,7436.99,35937.98
8935,20250501,8935,6,3,14,497.29,7841.87,18926.62
8936,20250303,8936,8,2,17,1303.36,5273.09,20502.74
8937,20250320,8937,14,3,15,1202.6,3095.29,10691.66
8938,20250502,8938,5,6,25,769.71,6585.31,16148.44
8939,20250125,8939,15,4,22,1143.92,886.26,2603.18
8940,20250120,8940,2,6,9,465.36,1227.74,3947.48
8941,20250923,8941,18,6,23,992.66,3955.14,16728.93
8942,20251130,8942,7,2,19,1428.05,4106.97,14329.52
8943,20251029,8943,5,1,30,1057.09,7849.15,19408.18
8944,20251207,8944,5,3,23,1117.76,8790.83,40168.88
8945,20250527,8945,11,3,6,263.28,1949.19,8847.68
8946,20250319,8946,2,3,9,1296.59,5953.3,13665.93
8947,20251022,8947,1,5,18,1145.86,7562.19,14382.37
8948,20250110,8948,12,6,4,1003.18,6766.68,16377.13
8949,20250323,8949,14,4,26,408.21,3573.97,8984.59
8950,20250430,8950,7,2,24,1422.15,6310.99,30035.03
8951,20250716,8951,9,5,19,1389.04,7504.91,35096.48
8952,20250523,8952,5,1,24,822.32,3320.46,6615.77
8953,20250722,8953,3,2,18,1426.29,9139.45,17551.56
8954,20250323,8954,8,4,12,1155.46,5126.32,24181.0
8955,20250505,8955,10,5,17,1081.8,1113.38,4813.24
8956,20250208,8956,3,3,8,642.35,5791.47,27008.4
8957,20250927,8957,19,5,24,281.82,9289.26,44733.01
8958,20250506,8958,17,5,11,482.07,3485.81,12704.87
8959,20250214,8959,4,4,24,649.2,7111.56,20256.62
8960,20250528,8960,18,3,24,1467.55,5343.02,23695.71
8961,20250926,8961,14,4,8,610.76,764.28,3381.96
8962,20250102,8962,5,6,27,181.3,2816.27,7680.47
8963,20251006,8963,16,2,15,150.31,7258.79,15202.23
8964,20251103,8964,12,1,17,738.55,5796.93,15170.2
8965,20251223,8965,3,1,17,1239.55,6640.17,26617.25
8966,20250314,8966,6,5,23,578.66,6282.62,13476.87
8967,20250131,8967,2,3,8,1457.78,7209.84,31635.34
8968,20251007,8968,12,6,26,256.23,4349.38,12069.22
8969,20250807,8969,1,3,14,540.26,5577.2,13219.66
8970,20250520,8970,20,2,10,726.13,2760.17,10854.55
8971,20250529,8971,8,2,12,1085.63,9554.81,28329.09
8972,20250222,8972,5,3,12,272.38,5662.59,23938.55
8973,20251002,8973,7,5,8,951.03,2282.17,4511.55
8974,20250314,8974,10,1,14,673.45,6250.57,17943.75
8975,20250910,8975,8,4,30,640.83,8219.99,15200.52
8976,20250329,8976,11,6,30,1190.8,4431.85,8550.67
8977,20250505,8977,3,1,24,609.78,2537.73,12537.26
8978,20250322,8978,2,4,15,777.8,8068.89,12894.47
8979,20250725,8979,6,3,6,972.69,5726.93,13982.41
8980,20250411,8980,7,5,2,741.33,7051.63,17144.03
8981,20250103,8981,14,2,21,961.91,4215.59,16487.43
8982,20250527,8982,6,2,8,495.52,6231.25,25718.66
8983,20250411,8983,9,5,4,1497.16,5475.63,16349.78
8984,20250327,8984,12,5,30,436.22,2156.49,10008.02
8985,20250718,8985,3,1,25,800.09,6361.62,21968.9
8986,20250724,8986,5,4,30,944.15,9014.69,38589.16
8987,20250823,8987,12,5,7,812.53,2801.82,12255.57
8988,20251118,8988,13,4,28,1319.15,2559.41,9000.48
8989,20250310,8989,2,4,19,1332.6,5152.32,13873.48
8990,20250812,8990,3,5,15,803.73,6527.37,23882.11
8991,20250328,8991,14,2,30,973.92,2940.83,5957.55
8992,20250130,8992,12,6,5,823.7,3463.12,6330.66
8993,20250913,8993,3,4,19,402.47,3320.13,5885.37
8994,20250927,8994,19,1,26,191.29,7511.09,20568.85
8995,20250117,8995,15,2,18,748.49,3009.13,6547.77
8996,20250321,8996,8,3,19,505.51,8644.44,16066.17
8997,20250722,8997,17,3,12,1228.06,7166.34,22598.42
8998,20251208,8998,16,2,29,692.59,5968.1,25688.75
8999,20250910,8999,13,1,15,787.55,8446.38,23799.26
9000,20250718,9000,10,6,3,647.75,6577.35,21194.62
9001,20250508,9001,13,4,16,969.35,8068.09,36258.13
9002,20250916,9002,13,1,30,1148.61,6578.38,30562.97
9003,20250315,9003,5,1,28,1473.79,6110.22,11912.17
9004,20250228,9004,11,1,5,800.61,7816.11,30035.97
9005,20250125,9005,7,5,7,1186.74,1094.23,2417.74
9006,20250718,9006,5,5,20,101.53,4777.25,11288.68
9007,20250921,9007,7,3,12,948.13,7689.0,18102.42
9008,20250724,9008,9,5,18,744.33,2054.3,9065.87
9009,20250712,9009,20,2,29,437.5,1401.08,3634.38
9010,20250716,9010,4,3,8,1150.36,6691.41,32358.02
9011,20251128,9011,20,4,5,247.36,9914.25,29771.12
9012,20250227,9012,7,5,18,340.87,6234.87,27832.79
9013,20251102,9013,10,6,11,275.5,1977.96,7323.83
9014,20250916,9014,7,1,25,1042.67,8960.12,41272.87
9015,20250818,9015,18,1,6,1145.41,2431.06,5048.19
9016,20250321,9016,12,6,18,618.11,2420.68,7804.67
9017,20250612,9017,10,6,22,328.97,9940.74,34618.93
9018,20250105,9018,1,3,11,598.76,6297.99,29943.71
9019,20250811,9019,9,2,7,1394.09,7055.15,34910.25
9020,20250317,9020,6,4,4,710.2,6876.95,19326.15
9021,20250706,9021,8,3,22,276.81,7267.68,13173.81
9022,20250513,9022,7,1,25,213.77,7513.77,36288.88
9023,20250206,9023,11,6,20,1403.1,1775.47,5635.48
9024,20250913,9024,10,5,14,1324.32,3059.9,12045.4
9025,20250116,9025,14,5,9,1211.18,637.45,2612.47
9026,20251207,9026,19,6,1,440.43,9601.32,15567.14
9027,20250527,9027,12,1,24,589.9,8122.65,36764.1
9028,20250422,9028,8,1,18,1066.07,5113.42,25142.83
9029,20250118,9029,16,4,11,1070.12,7196.3,18818.22
9030,20251007,9030,20,5,21,165.87,688.07,1229.47
9031,20250609,9031,13,3,8,1427.86,8005.27,20381.08
9032,20250815,9032,1,1,23,521.06,1731.71,4595.52
9033,20250712,9033,19,6,5,1477.49,918.15,2872.21
9034,20251203,9034,6,3,22,670.3,6262.77,9846.49
9035,20250213,9035,13,1,5,1357.69,3613.99,13936.4
9036,20250826,9036,17,2,6,394.22,3169.96,12095.11
9037,20250504,9037,18,6,10,1279.88,7326.1,28306.9
9038,20251025,9038,3,2,20,1017.88,8687.9,19428.51
9039,20250219,9039,17,6,18,1138.09,8449.93,36465.42
9040,20250328,9040,12,2,5,204.53,9712.04,44164.46
9041,20251006,9041,19,6,10,1117.95,8826.65,17243.73
9042,20250806,9042,11,4,11,416.16,8059.32,25826.59
9043,20250707,9043,5,1,25,146.89,2564.42,4319.7
9044,20250526,9044,11,2,1,865.63,7447.01,24470.41
9045,20250107,9045,11,3,18,1015.52,5759.51,16483.42
9046,20250808,9046,17,3,2,101.19,6627.23,11249.28
9047,20250619,9047,18,5,28,800.39,5592.68,11445.93
9048,20251224,9048,1,6,27,1289.27,6317.63,23891.51
9049,20250717,9049,14,1,28,1103.73,1074.72,4002.91
9050,20250606,9050,4,2,25,878.19,4398.87,11502.39
9051,20250324,9051,12,2,6,487.25,4967.59,10794.41
9052,20251109,9052,6,5,16,158.81,8993.58,42017.65
9053,20251026,9053,11,6,18,1125.12,6849.59,18871.99
9054,20250207,9054,17,4,25,797.55,2853.46,13676.14
9055,20250610,9055,1,3,13,1377.09,5330.9,12887.02
9056,20250902,9056,10,1,16,808.35,7246.2,11923.15
9057,20251114,9057,10,3,10,936.09,1133.28,2931.53
9058,20251009,9058,17,2,4,619.57,1556.39,5140.81
9059,20250125,9059,6,6,2,448.7,6513.67,24215.32
9060,20250317,9060,12,3,15,944.62,1259.6,3747.93
9061,20251222,9061,18,1,30,1432.8,4362.88,10099.67
9062,20250623,9062,19,6,2,359.88,3949.86,7440.03
9063,20250724,9063,4,6,27,272.5,3884.84,10229.23
9064,20251023,9064,9,5,25,486.58,8835.04,23643.91
9065,20250831,9065,18,1,26,1431.72,4460.55,16094.59
9066,20250506,9066,10,2,12,1469.57,6586.35,27485.11
9067,20250823,9067,11,6,17,737.2,2515.17,7755.6
9068,20251109,9068,17,4,18,1354.04,2111.86,9764.06
9069,20251029,9069,11,4,2,100.28,9229.89,25435.73
9070,20250123,9070,2,5,10,1252.67,9351.63,30361.61
9071,20250824,9071,11,6,7,298.54,6287.75,19640.88
9072,20251120,9072,10,5,12,1103.52,8081.17,21454.63
9073,20250523,9073,11,1,23,153.6,2501.09,9067.96
9074,20250410,9074,11,5,11,846.27,1487.17,4765.25
9075,20250523,9075,14,6,20,1237.52,1577.11,5478.34
9076,20250905,9076,5,4,3,154.94,686.35,1670.43
9077,20250814,9077,13,5,24,1094.76,6244.04,27120.27
9078,20251105,9078,14,4,10,1354.51,7093.21,15948.4
9079,20250224,9079,11,1,4,1148.24,8467.84,29297.08
9080,20251110,9080,15,5,29,339.37,9761.87,19718.63
9081,20250526,9081,8,3,30,203.14,5208.61,13827.48
9082,20250528,9082,4,2,5,1205.7,6356.27,14230.43
9083,20250211,9083,16,1,13,1199.36,6266.55,30301.87
9084,20250331,9084,2,4,3,873.92,7212.52,15475.28
9085,20250311,9085,18,1,27,1390.74,1548.48,6028.16
9086,20251017,9086,14,1,2,522.55,2961.26,13081.07
9087,20250726,9087,14,5,15,305.02,2241.58,3457.83
9088,20250530,9088,15,2,22,1148.36,2465.94,11973.95
9089,20250126,9089,18,4,6,1007.98,1436.91,6398.93
9090,20250211,9090,12,6,13,862.57,9968.19,23406.79
9091,20251002,9091,19,6,11,903.14,7045.35,21803.22
9092,20250329,9092,20,3,6,1355.07,5180.98,10769.43
9093,20250816,9093,17,6,6,371.26,2539.72,9722.23
9094,20250624,9094,17,2,22,1169.14,4813.22,13370.73
9095,20250203,9095,17,3,19,1364.08,5610.3,17577.2
9096,20250314,9096,10,3,11,284.15,5264.84,22780.89
9097,20250902,9097,10,6,12,489.46,6678.94,13356.89
9098,20251225,9098,6,2,18,523.56,7026.45,25838.47
9099,20250528,9099,10,3,24,1192.11,7437.42,22216.13
9100,20250819,9100,3,3,27,1178.28,539.28,1614.58
9101,20250101,9101,4,6,17,502.96,839.78,2055.83
9102,20251227,9102,12,3,16,1307.2,9492.87,28591.42
9103,20250411,9103,8,6,19,233.6,2493.64,7929.7
9104,20250625,9104,10,3,1,317.06,8066.96,24262.59
9105,20250606,9105,7,2,14,129.41,9271.02,26516.75
9106,20250508,9106,18,2,23,725.81,4965.51,23609.93
9107,20250923,9107,4,3,21,415.33,7864.73,12861.17
9108,20251107,9108,12,6,19,1017.58,6877.94,11169.21
9109,20250114,9109,13,2,3,1036.07,1663.23,5804.42
9110,20250201,9110,1,2,10,509.79,810.36,4031.81
9111,20250310,9111,4,1,9,1453.74,6700.17,18194.93
9112,20250916,9112,6,2,26,1299.54,6956.33,28033.14
9113,20251220,9113,8,2,8,1493.69,8584.34,40362.43
9114,20250226,9114,20,3,30,486.98,6979.69,14114.04
9115,20250718,9115,10,6,30,480.14,3025.66,4722.66
9116,20250111,9116,7,2,28,444.75,4542.5,8423.08
9117,20250219,9117,11,2,30,603.86,1805.77,4162.09
9118,20250706,9118,15,3,4,589.05,1387.19,4121.74
9119,20250614,9119,6,4,24,1243.6,2549.25,7751.75
9120,20250303,9120,4,3,4,191.37,2157.42,3244.48
9121,20251218,9121,19,2,19,1476.51,8436.62,17676.4
9122,20251001,9122,7,1,8,1497.38,1571.24,5714.01
9123,20250131,9123,6,3,14,139.88,2443.55,9228.95
9124,20250813,9124,16,5,24,507.0,4341.96,7480.61
9125,20250901,9125,15,2,14,1139.11,3536.12,7743.81
9126,20250315,9126,7,5,15,200.62,2639.68,11962.85
9127,20250927,9127,3,1,19,1101.46,8414.68,14331.41
9128,20250526,9128,16,4,4,528.01,8919.9,21943.91
9129,20250528,9129,14,6,7,1230.03,4210.84,13929.81
9130,20250224,9130,4,4,5,479.29,1139.62,2786.62
9131,20250607,9131,7,1,6,701.68,9642.82,37376.99
9132,20250318,9132,8,6,11,378.3,9010.72,30068.87
9133,20250219,9133,2,5,25,1291.53,8977.82,14611.56
9134,20250626,9134,13,5,21,435.13,6373.87,14339.01
9135,20251118,9135,19,6,15,1114.64,1725.29,3056.88
9136,20251103,9136,6,2,11,884.57,3840.49,9238.02
9137,20250824,9137,19,3,10,1480.46,1040.91,3840.92
9138,20250312,9138,7,5,20,375.75,8048.42,20905.49
9139,20250511,9139,20,3,3,737.42,6579.89,11299.85
9140,20251027,9140,10,3,20,1189.77,4433.98,11929.42
9141,20250319,9141,14,6,4,263.86,7939.59,29887.78
9142,20250829,9142,5,5,5,1487.23,2000.8,4325.63
9143,20250411,9143,12,4,25,1283.94,4595.67,15747.54
9144,20250513,9144,9,2,8,331.26,6603.36,9919.99
9145,20251004,9145,5,5,16,487.85,8993.52,41024.43
9146,20251119,9146,13,3,9,1024.99,5674.2,26124.3
9147,20250815,9147,17,3,2,235.16,3564.68,17673.13
9148,20250502,9148,11,2,20,1044.97,6649.2,14222.88
9149,20250406,9149,15,4,23,1273.93,3121.55,9458.89
9150,20251106,9150,16,3,22,1225.68,4398.76,12103.14
9151,20251009,9151,6,6,24,625.5,7337.02,25806.74
9152,20250520,9152,19,1,21,1125.72,4255.68,10464.91
9153,20250307,9153,14,2,27,705.57,9780.23,48543.11
9154,20250626,9154,20,1,1,1497.61,926.04,1621.66
9155,20250802,9155,12,5,13,673.51,2617.61,10380.26
9156,20250312,9156,18,5,27,290.6,5902.98,20466.68
9157,20250822,9157,16,6,13,451.71,5593.05,25294.15
9158,20250405,9158,17,1,5,475.75,8410.09,40251.54
9159,20251013,9159,11,2,17,218.82,1761.49,8413.57
9160,20250901,9160,4,6,5,871.67,6414.32,10135.05
9161,20250524,9161,3,3,7,1150.05,7036.91,23369.53
9162,20251013,9162,3,5,8,1143.34,3923.52,17945.79
9163,20250130,9163,1,3,10,1115.05,1047.03,2690.59
9164,20250130,9164,20,1,20,729.95,5575.44,25941.56
9165,20251008,9165,17,4,19,585.15,9826.81,35877.81
9166,20251018,9166,18,5,19,1159.21,2424.87,8120.33
9167,20250113,9167,4,3,19,1121.77,7010.7,24625.01
9168,20250414,9168,4,5,6,617.16,6720.72,21279.96
9169,20250323,9169,16,3,30,219.17,8005.05,16841.36
9170,20250123,9170,13,3,11,870.28,5285.8,24694.4
9171,20250917,9171,16,1,18,1371.33,3927.17,8464.25
9172,20250116,9172,14,2,24,344.44,4678.08,9930.97
9173,20250302,9173,3,6,28,1430.74,626.06,2923.93
9174,20251202,9174,14,6,22,1466.6,3849.5,16709.02
9175,20250916,9175,16,3,12,1244.81,3661.74,11813.39
9176,20250921,9176,1,2,4,547.89,6368.84,23042.54
9177,20250813,9177,8,6,15,182.57,2912.58,10042.3
9178,20250620,9178,6,2,16,397.84,1872.02,8610.83
9179,20251125,9179,20,3,13,630.23,5605.66,9560.64
9180,20250701,9180,3,6,10,1271.73,2999.3,9254.24
9181,20250904,9181,3,2,4,498.64,7095.14,23645.72
9182,20250530,9182,3,5,29,124.86,8134.05,19199.6
9183,20250423,9183,17,2,26,648.89,6229.95,25936.51
9184,20250208,9184,10,6,4,503.03,6986.76,34650.32
9185,20251127,9185,8,4,17,206.68,4644.54,19151.17
9186,20251009,9186,5,2,5,1034.73,7314.07,23861.01
9187,20250823,9187,12,5,25,1069.9,5007.62,24329.81
9188,20251025,9188,20,3,30,322.05,2704.52,8629.72
9189,20250920,9189,8,2,30,411.84,797.98,2078.26
9190,20251210,9190,9,1,10,606.96,1077.08,5105.43
9191,20251011,9191,3,4,19,867.89,4271.57,14462.01
9192,20251022,9192,19,5,4,962.29,3429.58,13937.43
9193,20250220,9193,17,5,20,1156.46,7546.11,16075.55
9194,20250510,9194,20,2,13,671.89,2806.03,4882.22
9195,20250626,9195,3,1,3,985.75,4121.25,18808.33
9196,20250715,9196,2,1,24,348.01,8476.98,18791.46
9197,20250331,9197,7,3,10,1124.89,4004.9,9411.97
9198,20250922,9198,4,5,16,740.86,8547.45,16751.66
9199,20250804,9199,7,2,10,542.59,6462.87,17327.79
9200,20250827,9200,12,5,18,1018.03,9405.12,28747.84
9201,20250404,9201,7,1,25,1034.82,674.13,2768.07
9202,20250206,9202,2,2,26,668.7,6854.48,16396.84
9203,20250222,9203,1,1,1,536.98,983.6,4070.6
9204,20250124,9204,3,3,12,623.96,6877.04,25848.35
9205,20251204,9205,3,6,22,182.35,5039.89,15541.67
9206,20250323,9206,12,2,21,1318.32,9701.98,25232.57
9207,20250825,9207,19,2,15,915.42,5993.7,28020.92
9208,20251024,9208,16,6,5,872.44,2347.7,5248.36
9209,20250516,9209,12,2,2,744.26,5417.33,11971.07
9210,20251019,9210,3,4,14,412.26,7886.18,38711.25
9211,20250112,9211,15,3,2,1292.84,6120.78,9683.86
9212,20251203,9212,4,5,9,997.57,1797.97,7003.68
9213,20250906,9213,7,3,17,1041.11,7254.86,33662.18
9214,20250621,9214,17,2,29,933.24,7928.27,23045.08
9215,20250207,9215,7,1,14,1451.23,8141.19,15230.74
9216,20250615,9216,3,5,17,614.7,6553.11,29383.76
9217,20250817,9217,4,4,8,1224.28,9461.25,43781.66
9218,20250325,9218,14,3,12,531.34,8567.03,20193.38
9219,20250516,9219,1,2,14,317.06,6139.7,20630.04
9220,20251023,9220,5,3,14,495.68,6627.11,16345.28
9221,20250329,9221,9,5,4,1300.27,9597.33,39175.34
9222,20250310,9222,3,5,5,684.42,7208.31,23732.92
9223,20250212,9223,2,4,1,1344.37,1100.57,4829.11
9224,20251109,9224,8,5,24,1037.26,3734.85,8557.92
9225,20250313,9225,9,1,30,1023.72,9329.97,21069.29
9226,20251129,9226,14,6,7,629.59,4702.18,22067.8
9227,20250622,9227,12,1,16,821.22,6425.62,24287.35
9228,20250120,9228,4,6,19,189.19,9398.14,43893.24
9229,20250617,9229,1,1,6,405.53,7747.27,37083.47
9230,20250422,9230,20,3,21,1185.67,7426.59,22080.54
9231,20250315,9231,2,3,21,231.89,1258.74,4213.7
9232,20251029,9232,3,3,14,526.33,896.14,2572.98
9233,20251005,9233,14,1,28,629.43,8085.58,30231.78
9234,20251009,9234,18,5,17,1204.36,9575.81,42399.23
9235,20250807,9235,14,4,11,891.66,3565.99,5797.45
9236,20250914,9236,13,6,13,842.13,3179.86,9930.7
9237,20251204,9237,5,2,6,1461.76,6148.37,25759.06
9238,20250118,9238,10,3,12,1259.55,1183.71,5658.84
9239,20251214,9239,10,4,26,380.4,2837.02,7055.51
9240,20250429,9240,11,2,15,488.59,2029.75,3265.35
9241,20250801,9241,12,4,26,427.42,820.19,1581.77
9242,20250718,9242,16,5,2,975.6,4213.73,10542.94
9243,20251219,9243,15,4,12,1281.41,4218.02,11186.58
9244,20250227,9244,17,2,19,826.47,8034.73,18325.03
9245,20250611,9245,17,1,14,1342.89,5602.65,22754.14
9246,20250415,9246,15,4,15,570.75,2343.2,4454.34
9247,20250319,9247,3,1,6,655.57,1885.39,6833.08
9248,20250601,9248,5,6,10,689.87,2396.24,9207.75
9249,20250306,9249,16,5,16,627.59,1378.42,4634.94
9250,20250413,9250,9,5,20,742.91,7825.82,29722.11
9251,20251121,9251,13,6,9,183.66,8516.55,38369.22
9252,20250121,9252,20,5,29,1418.61,5139.62,16966.34
9253,20250508,9253,10,6,22,525.41,3143.15,11738.88
9254,20250510,9254,12,6,30,883.14,1797.21,4832.64
9255,20250606,9255,12,6,9,676.61,1719.89,6111.15
9256,20250922,9256,10,1,24,486.36,8637.14,17153.72
9257,20250215,9257,17,4,28,902.28,721.26,2009.44
9258,20250419,9258,13,2,22,987.78,4387.08,9591.27
9259,20251203,9259,18,1,17,1030.33,3464.73,9152.18
9260,20250520,9260,12,5,17,1232.69,2264.35,3803.08
9261,20250118,9261,2,3,12,782.88,4323.34,13430.71
9262,20250418,9262,13,5,3,627.64,3147.73,8621.82
9263,20250824,9263,19,2,25,1006.83,9876.69,19143.2
9264,20250812,9264,17,5,29,521.61,2671.06,11487.36
9265,20250719,9265,1,5,30,1163.24,3932.45,16010.39
9266,20250429,9266,1,1,29,700.19,7400.11,11959.12
9267,20250713,9267,18,1,28,608.13,656.84,1273.39
9268,20250908,9268,4,1,12,1487.94,7223.63,27173.6
9269,20250214,9269,10,1,4,714.04,1673.12,6092.53
9270,20250929,9270,2,5,3,1077.43,1040.43,1813.8
9271,20250218,9271,14,1,16,217.87,7985.8,32724.67
9272,20250701,9272,5,2,16,559.26,6919.87,21800.8
9273,20250711,9273,9,2,6,289.08,7388.71,14673.44
9274,20250418,9274,16,4,24,737.45,5600.55,10977.39
9275,20250830,9275,10,2,17,434.58,7134.7,12542.63
9276,20250830,9276,7,2,8,840.16,2620.48,12772.21
9277,20250205,9277,7,2,4,434.56,6159.32,17893.47
9278,20250122,9278,19,5,2,1288.53,5353.5,17815.09
9279,20250812,9279,12,2,26,524.69,9056.2,31815.27
9280,20250304,9280,1,6,17,1201.82,1462.25,4263.87
9281,20251106,9281,18,2,15,1489.68,2194.81,3994.36
9282,20250625,9282,4,5,2,1123.88,9807.72,31175.7
9283,20250226,9283,11,6,7,956.69,3960.0,10819.0
9284,20251109,9284,17,1,30,361.16,2945.29,12692.69
9285,20250210,9285,5,5,1,1139.57,2288.64,6985.82
9286,20250721,9286,18,4,12,402.79,7514.99,27122.96
9287,20250706,9287,11,4,19,861.37,4030.4,11329.84
9288,20251114,9288,16,3,21,116.07,7155.42,29136.36
9289,20250705,9289,5,5,27,910.66,4774.94,8800.26
9290,20250716,9290,5,1,29,766.95,8042.13,33094.83
9291,20250702,9291,1,2,28,486.69,3500.95,16282.43
9292,20250317,9292,13,2,10,548.39,7277.41,11502.65
9293,20250212,9293,2,6,30,1429.74,7012.05,15028.39
9294,20251219,9294,8,5,19,355.25,5689.73,18968.2
9295,20250201,9295,13,4,23,1078.39,5721.28,28542.53
9296,20251223,9296,17,1,5,212.82,2242.38,6364.13
9297,20250509,9297,10,2,11,141.4,757.52,3307.34
9298,20250901,9298,10,4,14,957.67,6712.38,11880.88
9299,20251105,9299,5,1,21,981.91,5308.1,9458.33
9300,20250730,9300,4,4,15,597.74,3641.87,17730.04
9301,20250414,9301,2,4,12,1309.69,3178.67,11640.86
9302,20250919,9302,9,2,30,1080.27,544.79,1796.28
9303,20251004,9303,6,1,26,1347.13,8214.83,21131.98
9304,20250606,9304,19,5,24,694.41,1564.6,3330.09
9305,20250417,9305,1,5,8,599.56,8739.57,31656.18
9306,20251118,9306,8,5,24,668.81,1871.46,5235.87
9307,20250803,9307,4,4,3,1336.38,2391.81,4108.53
9308,20250216,9308,10,5,19,986.52,3309.22,14523.35
9309,20250520,9309,20,2,20,1299.24,7201.48,19548.17
9310,20250518,9310,11,6,15,616.91,7228.39,17343.18
9311,20250303,9311,2,5,12,1175.39,5224.37,20563.01
9312,20250303,9312,17,5,30,215.16,1790.38,4993.48
9313,20250626,9313,19,3,22,383.93,9924.46,19818.09
9314,20250808,9314,13,4,30,1036.59,2971.73,11942.76
9315,20250525,9315,1,3,28,1224.6,6592.09,19098.58
9316,20251218,9316,18,6,24,265.84,8524.85,34880.5
9317,20251206,9317,20,2,15,713.14,7308.43,15690.67
9318,20250105,9318,4,1,6,958.29,8156.9,37716.22
9319,20251205,9319,14,4,13,1299.77,5139.01,23899.78
9320,20250524,9320,15,3,7,1404.38,5128.4,25624.23
9321,20250812,9321,14,4,29,879.3,7872.71,32234.16
9322,20250224,9322,15,2,1,1066.98,3319.62,7351.8
9323,20250727,9323,8,4,9,707.53,2737.7,4565.27
9324,20251124,9324,7,5,27,255.06,585.76,2673.09
9325,20250123,9325,18,1,22,303.25,7053.29,13440.41
9326,20250618,9326,1,6,10,1371.8,1084.21,2559.99
9327,20250303,9327,4,3,22,141.95,1369.98,3152.21
9328,20250304,9328,17,2,21,1370.3,9241.08,42201.77
9329,20250428,9329,3,2,3,221.44,7487.9,24639.08
9330,20251228,9330,13,4,15,951.72,1220.12,3228.48
9331,20250826,9331,19,6,2,143.68,3234.93,13894.88
9332,20251212,9332,9,5,29,194.37,2531.57,6288.02
9333,20251219,9333,5,4,17,1026.21,1804.53,6358.52
9334,20250720,9334,8,1,11,674.01,2320.82,10116.54
9335,20251205,9335,14,5,18,1101.17,5226.68,13115.02
9336,20250417,9336,8,5,26,683.35,5008.93,21315.02
9337,20250427,9337,5,5,18,927.5,6600.41,32990.09
9338,20250108,9338,20,5,25,1402.87,2655.93,10980.63
9339,20250111,9339,17,6,2,258.56,3156.62,15658.23
9340,20251018,9340,7,6,21,435.62,4652.04,15578.8
9341,20250929,9341,16,4,1,759.48,4992.13,19658.12
9342,20250322,9342,8,4,16,361.98,5829.6,19840.07
9343,20251003,9343,17,2,5,1104.57,1297.25,5823.03
9344,20251017,9344,12,3,18,212.12,8449.11,17251.38
9345,20250914,9345,3,4,19,480.1,865.61,3980.73
9346,20250320,9346,18,5,12,1259.73,1217.95,2161.87
9347,20250704,9347,3,1,4,132.07,4395.57,20615.82
9348,20250519,9348,13,1,14,193.27,9638.57,32704.94
9349,20250818,9349,1,3,10,791.44,9797.54,18902.67
9350,20250905,9350,2,6,11,352.89,5444.18,26384.96
9351,20250204,9351,14,3,10,301.86,4618.36,22997.93
9352,20250513,9352,9,3,8,1329.16,5169.32,22445.79
9353,20250428,9353,15,6,21,897.9,1702.35,8341.79
9354,20250725,9354,12,4,19,187.61,3990.92,17634.79
9355,20250701,9355,12,6,22,1032.09,5907.54,16480.49
9356,20250630,9356,9,1,29,1201.95,1471.1,6101.06
9357,20250505,9357,9,5,22,507.77,8427.16,39402.65
9358,20250630,9358,20,1,3,904.35,7967.15,12360.32
9359,20250406,9359,12,3,22,949.9,1760.9,3877.04
9360,20250414,9360,9,1,5,218.5,6826.86,18720.2
9361,20250209,9361,9,5,19,438.54,4837.2,7530.86
9362,20251220,9362,9,1,23,700.52,2869.18,10570.81
9363,20250727,9363,11,3,27,107.0,2568.33,7400.73
9364,20250901,9364,11,6,6,1296.74,8257.2,20542.59
9365,20250114,9365,14,1,23,509.18,8080.13,25474.51
9366,20250301,9366,14,3,27,151.01,9684.5,19692.6
9367,20250601,9367,3,4,25,1156.86,6971.67,29586.62
9368,20251119,9368,4,4,19,1314.51,1726.04,6435.84
9369,20250430,9369,3,2,15,344.13,7087.3,20798.57
9370,20251119,9370,18,6,18,1059.79,3856.93,17490.71
9371,20250304,9371,15,5,6,1061.09,5510.45,13042.54
9372,20250531,9372,18,2,30,355.21,7995.72,35883.26
9373,20251227,9373,6,3,15,1490.82,5270.58,19783.46
9374,20250223,9374,13,6,22,282.1,3456.12,13553.13
9375,20250929,9375,3,4,13,679.77,799.55,1713.71
9376,20251110,9376,13,5,12,717.5,2640.31,5054.61
9377,20250318,9377,1,1,26,208.37,1102.69,3171.07
9378,20250605,9378,13,1,14,543.61,3793.1,11649.68
9379,20250213,9379,2,5,5,110.95,6455.62,10985.54
9380,20251021,9380,7,2,13,1296.38,6363.89,21986.9
9381,20250520,9381,9,1,2,1053.93,727.9,2491.97
9382,20250923,9382,20,6,29,1288.12,8784.48,35681.45
9383,20251114,9383,5,5,30,1364.27,869.13,3966.31
9384,20251020,9384,5,3,30,1431.05,1999.55,6026.66
9385,20251219,9385,13,6,5,533.49,5099.68,15140.03
9386,20250629,9386,17,3,7,1393.33,9323.04,35474.68
9387,20250908,9387,19,4,22,1135.16,6966.25,14411.95
9388,20250505,9388,17,2,6,528.83,7469.74,19705.26
9389,20250802,9389,5,3,19,705.59,5026.41,12856.81
9390,20251016,9390,10,6,18,483.95,7370.88,33200.4
9391,20250616,9391,3,6,23,963.11,2562.86,8283.51
9392,20250501,9392,6,5,28,1252.91,6625.86,21368.85
9393,20250402,9393,18,2,3,1039.98,8717.55,13491.68
9394,20250714,9394,20,4,8,1418.21,8194.5,40842.72
9395,20251028,9395,15,6,23,247.32,5916.36,29400.21
9396,20250514,9396,14,1,10,895.26,4473.97,7455.63
9397,20251024,9397,2,2,18,1211.21,6813.41,32314.36
9398,20250825,9398,9,5,15,525.49,2285.02,5860.98
9399,20250806,9399,14,2,19,979.8,6397.64,18587.17
9400,20251213,9400,18,4,10,593.9,2975.52,12889.61
9401,20250221,9401,18,6,11,222.56,1234.65,3773.67
9402,20250402,9402,12,6,10,1463.8,3209.12,14431.69
9403,20251106,9403,1,1,2,901.93,3058.69,6143.2
9404,20250404,9404,17,1,25,892.94,1941.89,7993.43
9405,20250208,9405,17,4,21,754.54,4236.96,16427.47
9406,20250929,9406,2,2,4,1091.17,762.51,3153.65
9407,20251019,9407,7,6,17,1324.25,2445.68,4070.03
9408,20251126,9408,10,4,23,316.01,5838.99,12112.19
9409,20250517,9409,15,1,13,359.4,3354.67,14554.74
9410,20251215,9410,4,4,29,1385.02,5427.91,24263.17
9411,20250125,9411,20,5,1,479.19,7048.22,10739.88
9412,20250519,9412,19,1,24,437.83,8562.33,34980.51
9413,20250726,9413,2,6,27,115.67,6260.19,24271.74
9414,20251223,9414,11,2,25,1115.77,2228.06,6925.62
9415,20251222,9415,20,2,6,613.16,6477.13,21631.9
9416,20250601,9416,10,1,15,503.72,1155.43,3971.03
9417,20250728,9417,15,5,23,1089.01,7020.61,18484.69
9418,20250904,9418,5,4,12,365.44,7931.01,36749.01
9419,20250421,9419,15,1,11,1443.78,8982.06,42202.62
9420,20250322,9420,10,6,24,1090.24,8103.87,35265.35
9421,20250504,9421,4,6,27,726.31,5209.07,14395.71
9422,20251120,9422,13,3,18,1022.98,7967.32,12520.3
9423,20250408,9423,3,1,7,730.58,5582.06,18966.34
9424,20250625,9424,8,4,1,839.87,1071.43,2259.11
9425,20250929,9425,13,1,29,1481.72,2571.22,10005.32
9426,20250212,9426,15,6,25,812.74,1523.85,3429.8
9427,20251025,9427,10,5,18,1182.67,9111.3,30238.64
9428,20251224,9428,14,4,29,270.36,6973.48,31329.83
9429,20251018,9429,8,5,30,775.76,4956.84,9269.5
9430,20251004,9430,17,5,5,1415.86,1777.24,4522.81
9431,20250209,9431,13,3,16,834.84,8556.92,22333.75
9432,20250625,9432,20,1,25,239.38,5090.03,23360.74
9433,20250928,9433,6,2,4,115.09,6135.14,12001.81
9434,20250406,9434,17,2,23,1089.04,5187.71,19404.08
9435,20251206,9435,8,1,6,518.23,8869.85,28281.29
9436,20251102,9436,5,1,17,866.62,2017.4,8329.39
9437,20250125,9437,18,3,24,1020.28,4029.73,17106.38
9438,20250428,9438,19,3,16,281.56,3931.29,6413.45
9439,20250902,9439,10,5,6,566.59,9291.14,44616.21
9440,20251102,9440,19,2,23,759.24,700.85,1981.93
9441,20250904,9441,8,5,21,966.91,5427.24,17857.89
9442,20251205,9442,12,3,14,946.3,4576.35,12507.51
9443,20251011,9443,5,3,15,1465.18,8432.45,32683.34
9444,20251114,9444,15,3,24,816.77,5301.33,24343.97
9445,20250430,9445,3,4,9,178.62,6345.08,14410.02
9446,20250324,9446,18,1,9,1472.17,1479.08,6845.65
9447,20251205,9447,4,6,17,1030.17,7682.22,26756.93
9448,20251228,9448,16,5,9,382.3,523.74,1262.91
9449,20250204,9449,4,1,9,1482.65,7716.0,29501.81
9450,20251127,9450,19,3,2,318.0,6967.19,18344.41
9451,20250911,9451,8,2,1,184.47,3547.9,5833.63
9452,20251030,9452,19,1,4,1008.4,5970.81,13135.95
9453,20251207,9453,14,5,29,1013.79,6649.22,28815.27
9454,20251213,9454,9,6,4,1048.22,7349.32,15283.62
9455,20250504,9455,1,4,15,524.48,8540.99,40406.49
9456,20250528,9456,1,3,15,1302.8,4197.82,12964.42
9457,20250512,9457,19,2,14,1325.53,6886.6,24786.07
9458,20251211,9458,2,4,20,334.12,977.35,2336.14
9459,20251029,9459,5,6,6,931.16,1327.16,3701.77
9460,20250519,9460,13,5,1,742.47,3735.97,8079.04
9461,20250126,9461,17,5,18,315.37,2588.33,11426.18
9462,20250913,9462,4,3,26,193.62,6367.82,28754.74
9463,20251017,9463,15,3,5,1103.9,5353.03,11821.56
9464,20250816,9464,3,2,11,732.65,9672.0,46718.97
9465,20250303,9465,12,5,15,1016.52,7711.17,35576.73
9466,20250916,9466,6,1,6,734.72,8003.57,19383.99
9467,20251213,9467,20,3,6,1473.18,8186.71,17221.05
9468,20250528,9468,18,6,26,1095.54,3657.08,6850.7
9469,20250531,9469,12,4,13,1262.5,5166.57,22310.02
9470,20251230,9470,17,2,22,1094.8,4028.48,12402.97
9471,20250820,9471,1,2,28,543.06,5443.97,12909.24
9472,20250731,9472,1,6,27,634.45,8414.67,38504.04
9473,20250830,9473,19,5,30,243.35,6427.57,29444.66
9474,20250527,9474,2,5,19,533.55,5208.61,22997.06
9475,20250710,9475,17,5,8,1022.37,3438.45,15247.42
9476,20251117,9476,9,5,21,367.01,1070.37,2598.88
9477,20251212,9477,20,4,17,1153.08,7986.64,36057.16
9478,20250309,9478,1,1,17,776.67,5582.09,21841.74
9479,20250503,9479,14,1,2,540.71,1063.81,3241.61
9480,20251024,9480,8,3,29,479.01,1987.12,9227.63
9481,20250715,9481,19,5,6,866.15,5107.34,10969.76
9482,20250811,9482,10,3,2,1382.91,9607.17,37599.98
9483,20250513,9483,20,6,13,1059.51,8854.47,36695.71
9484,20250726,9484,5,3,3,717.84,6979.28,18815.04
9485,20251206,9485,16,3,25,1273.82,9309.75,43196.32
9486,20250118,9486,18,2,14,297.09,3990.31,8393.86
9487,20250815,9487,17,5,20,1154.8,4502.43,11238.61
9488,20250918,9488,8,5,9,496.35,5562.75,13013.77
9489,20250208,9489,17,2,17,845.28,7159.1,33422.55
9490,20251110,9490,2,6,8,212.78,6379.81,16059.31
9491,20251223,9491,12,3,25,146.69,6047.92,17599.3
9492,20250323,9492,8,1,17,853.71,6147.27,18244.68
9493,20250412,9493,20,1,3,833.9,5716.07,24501.27
9494,20250415,9494,9,3,2,260.36,661.77,1555.28
9495,20250619,9495,9,4,8,150.15,3895.57,16092.02
9496,20250818,9496,12,5,11,1283.71,9886.83,34468.51
9497,20250522,9497,11,2,25,118.45,4000.87,17089.65
9498,20250713,9498,11,4,30,1121.92,647.77,1450.54
9499,20250716,9499,1,2,12,1006.77,4014.92,7955.8
9500,20250510,9500,5,1,2,1309.17,9026.23,42115.83
9501,20250228,9501,14,2,12,225.01,2139.59,5745.91
9502,20251202,9502,19,4,28,131.49,7861.97,36322.5
9503,20251217,9503,13,3,29,280.99,5715.56,10076.18
9504,20250206,9504,19,6,29,1326.07,6870.86,30987.35
9505,20250520,9505,14,6,25,564.45,3026.81,7030.54
9506,20250907,9506,1,2,19,1300.51,5615.49,14798.65
9507,20250501,9507,2,4,3,651.51,5227.7,24637.71
9508,20250312,9508,6,1,10,915.62,9321.28,29235.9
9509,20250628,9509,7,3,21,1139.76,4045.12,7668.74
9510,20250520,9510,19,4,9,1110.61,5408.99,24997.81
9511,20250930,9511,12,5,23,133.12,6357.89,29886.17
9512,20251125,9512,2,4,10,1462.38,8085.14,30225.06
9513,20250707,9513,10,3,11,1426.02,1373.25,6445.53
9514,20250219,9514,3,1,25,411.3,4810.55,14499.32
9515,20250118,9515,10,5,20,305.14,5094.89,10499.25
9516,20250811,9516,13,5,14,1404.0,1102.04,3327.4
9517,20250525,9517,19,1,5,1069.07,4077.6,14335.87
9518,20250601,9518,12,4,1,922.15,3080.63,11168.2
9519,20250522,9519,16,1,10,433.01,8851.94,24876.21
9520,20250223,9520,19,1,12,1327.84,6276.03,26642.49
9521,20250905,9521,20,5,28,396.42,4316.42,12936.68
9522,20250605,9522,20,5,28,1295.26,8308.04,19726.3
9523,20250111,9523,7,6,8,585.6,7336.59,11111.26
9524,20250212,9524,2,4,10,1070.75,7746.75,33414.52
9525,20251031,9525,2,1,6,1385.06,6477.79,26451.69
9526,20250930,9526,19,3,26,1366.78,3405.32,16481.81
9527,20251005,9527,5,4,10,156.63,9666.5,31689.91
9528,20251029,9528,5,1,29,280.51,7686.69,17970.74
9529,20250804,9529,6,2,2,685.45,7424.54,30657.2
9530,20250910,9530,2,5,2,1194.81,7850.35,14118.98
9531,20250227,9531,11,1,15,989.82,808.74,2556.82
9532,20251201,9532,14,2,15,510.2,961.36,1659.22
9533,20251115,9533,20,5,4,326.9,9770.12,19140.69
9534,20250723,9534,20,1,10,1128.97,3703.07,13162.02
9535,20250512,9535,17,1,10,107.5,7475.49,29503.09
9536,20250124,9536,17,5,14,211.07,523.62,1698.18
9537,20250413,9537,12,5,6,493.34,9809.95,40241.72
9538,20251005,9538,2,5,2,586.83,1398.72,6443.66
9539,20251007,9539,18,4,8,1442.38,9334.79,25977.56
9540,20250511,9540,20,5,18,550.33,2432.77,4252.06
9541,20250609,9541,12,1,4,194.07,6666.38,12272.11
9542,20250924,9542,14,1,14,833.73,1493.21,4629.35
9543,20250326,9543,5,4,15,174.42,1827.93,7537.84
9544,20251231,9544,12,4,19,1354.27,5377.42,14128.19
9545,20250911,9545,18,5,12,174.59,4621.0,22259.39
9546,20251226,9546,2,5,4,1434.8,8156.55,12936.68
9547,20250904,9547,19,5,25,268.18,4994.85,9370.0
9548,20250803,9548,16,2,2,172.42,9831.65,36891.53
9549,20251006,9549,12,6,26,583.15,3665.84,12157.23
9550,20250511,9550,10,2,24,1220.72,5167.88,13391.29
9551,20250215,9551,7,4,10,1475.5,7164.8,31482.35
9552,20250513,9552,17,5,10,551.65,7986.31,21914.85
9553,20250128,9553,14,2,15,1039.21,9505.32,26879.7
9554,20250526,9554,7,1,13,1406.73,9713.56,27179.95
9555,20250209,9555,11,4,16,401.5,8762.47,34766.28
9556,20250310,9556,7,1,9,416.54,8473.39,20528.28
9557,20250928,9557,9,3,10,1278.59,5521.96,17983.62
9558,20251119,9558,9,5,18,1127.16,4919.84,14885.51
9559,20250920,9559,16,6,21,1375.34,4591.47,12649.56
9560,20251018,9560,12,5,1,516.7,6366.12,23032.57
9561,20250109,9561,19,1,12,186.5,3889.35,17425.31
9562,20250728,9562,20,5,2,1176.82,6083.43,18181.16
9563,20250302,9563,2,6,16,331.31,9685.59,27944.24
9564,20250421,9564,11,4,10,135.63,4486.82,13832.75
9565,20250821,9565,2,2,18,1387.76,2122.4,7738.52
9566,20250316,9566,4,3,4,1417.39,6002.71,17804.52
9567,20251123,9567,19,2,16,819.09,991.09,3598.39
9568,20250115,9568,16,3,11,264.96,6307.37,27388.31
9569,20250620,9569,1,5,5,749.68,4877.05,9775.49
9570,20250326,9570,4,2,14,255.69,2251.32,8975.19
9571,20250916,9571,2,6,19,1394.58,7335.95,32278.1
9572,20251231,9572,12,5,28,1177.91,6919.66,16544.23
9573,20251204,9573,11,2,19,1131.04,5231.45,24943.61
9574,20250315,9574,11,4,4,510.64,7471.56,15167.54
9575,20251120,9575,11,6,9,767.95,7776.79,35959.87
9576,20251012,9576,2,1,29,403.91,7516.85,20550.8
9577,20250606,9577,14,4,17,1407.17,6060.29,13638.53
9578,20250211,9578,14,4,1,702.59,2802.01,10821.15
9579,20250421,9579,6,3,11,176.06,9599.88,36593.3
9580,20250604,9580,3,4,21,871.17,2022.46,9765.23
9581,20250706,9581,10,5,30,1005.01,8673.44,41120.32
9582,20250825,9582,17,1,28,515.21,1517.73,3104.47
9583,20251123,9583,8,2,15,602.35,7997.69,19744.57
9584,20250118,9584,13,3,7,484.31,5534.68,20980.49
9585,20250708,9585,17,3,9,1043.08,7236.68,11126.17
9586,20250811,9586,12,1,22,1296.57,6248.62,29357.4
9587,20250124,9587,3,6,23,206.3,2770.32,11855.56
9588,20250304,9588,20,3,18,118.4,9302.79,34342.71
9589,20251120,9589,18,5,25,757.79,4738.55,19191.98
9590,20250303,9590,8,1,23,1211.97,1405.26,4060.92
9591,20250729,9591,19,4,2,515.3,1842.23,2835.73
9592,20250214,9592,18,4,10,228.07,731.96,2566.78
9593,20250816,9593,7,6,3,1144.04,8231.92,17388.57
9594,20250602,9594,11,2,23,428.38,8612.47,28241.46
9595,20250127,9595,9,2,13,1230.1,2001.71,3640.47
9596,20251015,9596,1,3,6,1049.14,7909.71,39146.93
9597,20251227,9597,15,4,16,349.12,8668.11,21329.62
9598,20251030,9598,20,4,18,1243.49,2050.28,4234.37
9599,20250513,9599,17,1,8,1080.91,7820.6,26806.56
9600,20251120,9600,1,3,24,401.26,7213.45,18403.15
9601,20250526,9601,20,4,20,722.36,9469.32,18981.46
9602,20250616,9602,1,6,10,926.41,8880.82,14533.45
9603,20250401,9603,20,6,18,474.91,2423.57,5363.39
9604,20250927,9604,16,4,20,1356.6,8045.06,39253.95
9605,20251001,9605,12,3,19,322.95,4601.42,16019.67
9606,20250801,9606,14,6,13,1341.25,6515.33,21643.44
9607,20250618,9607,5,4,9,1391.83,920.24,4531.02
9608,20250421,9608,9,2,3,782.99,4636.16,22937.03
9609,20250811,9609,7,4,17,308.58,8603.32,32106.14
9610,20250201,9610,20,1,13,1117.15,536.48,1793.66
9611,20250306,9611,11,1,30,618.84,1305.73,6251.27
9612,20250623,9612,9,1,3,731.59,4122.54,8750.91
9613,20250413,9613,1,2,23,304.56,2281.01,8817.36
9614,20251031,9614,9,1,26,1119.41,3784.3,14861.23
9615,20251222,9615,1,2,24,319.45,8279.15,27530.23
9616,20250304,9616,1,5,14,1376.3,6842.47,13798.79
9617,20250916,9617,4,3,3,1016.85,4558.87,12513.07
9618,20251021,9618,2,3,19,1245.12,1818.55,7179.71
9619,20250815,9619,15,3,15,1165.85,2031.57,7374.13
9620,20250714,9620,6,2,25,1232.2,8772.83,40856.01
9621,20251106,9621,7,1,29,1116.72,2869.06,6434.2
9622,20250524,9622,19,3,4,1485.53,3532.36,10363.96
9623,20250305,9623,19,1,11,469.46,2777.3,12047.79
9624,20251128,9624,1,5,17,1412.55,4348.12,20856.85
9625,20250215,9625,13,2,23,533.59,8442.42,34009.63
9626,20250508,9626,1,4,15,531.67,3765.23,10882.11
9627,20251030,9627,2,5,1,905.57,978.89,3936.07
9628,20250428,9628,19,1,5,499.58,8871.29,15636.11
9629,20250722,9629,14,4,8,392.58,6224.81,12672.6
9630,20250820,9630,2,4,23,773.95,3300.35,7632.34
9631,20251102,9631,13,3,10,688.34,7934.4,17468.6
9632,20251110,9632,19,6,4,725.19,6000.44,12058.93
9633,20250915,9633,14,2,10,1305.42,2307.53,8548.28
9634,20250112,9634,5,6,23,862.51,8897.86,14507.4
9635,20250106,9635,9,5,12,982.21,2563.55,12510.6
9636,20250328,9636,8,3,23,511.8,8701.75,19274.05
9637,20250313,9637,8,4,20,223.23,5397.1,26621.0
9638,20250625,9638,4,4,9,754.4,5758.79,16512.29
9639,20250629,9639,5,5,25,406.02,6295.78,19345.03
9640,20250526,9640,19,3,13,861.27,4674.89,10607.76
9641,20250807,9641,6,6,12,175.38,8431.86,33968.16
9642,20250314,9642,8,6,4,1115.65,3341.37,16287.99
9643,20250513,9643,11,2,13,779.0,7125.92,17704.75
9644,20250711,9644,20,3,20,249.92,3692.59,17598.84
9645,20250728,9645,8,2,21,304.0,7662.46,16316.33
9646,20250618,9646,13,2,2,174.46,3097.53,6835.36
9647,20251213,9647,5,3,12,708.22,4033.98,10259.68
9648,20250724,9648,18,3,17,1208.77,3064.56,8835.72
9649,20250331,9649,13,4,27,320.89,1122.3,4346.59
9650,20250403,9650,13,1,21,1242.59,9348.41,30345.09
9651,20250121,9651,20,2,22,124.85,6030.66,26014.96
9652,20251006,9652,6,1,28,723.1,8589.58,21140.17
9653,20250620,9653,5,2,16,938.99,1084.49,3784.12
9654,20250630,9654,8,3,10,325.69,7418.74,34907.55
9655,20250411,9655,17,2,12,398.27,9184.41,35158.52
9656,20250609,9656,5,1,24,1341.12,8919.31,35920.67
9657,20250901,9657,9,2,28,359.47,4594.79,16856.14
9658,20250711,9658,5,5,1,415.04,7336.13,32850.95
9659,20250510,9659,16,6,17,228.96,2663.73,11933.48
9660,20250824,9660,4,6,7,581.81,1593.54,4791.63
9661,20251022,9661,17,4,5,1043.21,1247.47,3261.28
9662,20250423,9662,20,5,4,999.4,7569.99,20228.12
9663,20250506,9663,15,4,25,1448.57,9478.13,18858.76
9664,20250803,9664,19,5,10,847.4,8327.16,39376.35
9665,20250614,9665,2,2,2,1207.44,3895.85,7019.24
9666,20251103,9666,15,4,5,1094.02,2703.03,9419.05
9667,20250423,9667,9,2,15,447.05,9960.19,38561.6
9668,20250923,9668,11,5,7,659.76,8767.2,18774.16
9669,20250430,9669,6,6,27,606.28,7999.81,27132.29
9670,20250504,9670,3,5,19,394.39,4486.23,16598.73
9671,20250523,9671,1,4,30,586.61,4653.53,14532.24
9672,20250517,9672,17,6,4,935.66,6104.95,29214.12
9673,20250606,9673,19,3,8,1212.72,9683.65,48065.75
9674,20250731,9674,4,5,27,1155.42,7037.6,24906.87
9675,20250429,9675,12,4,16,489.81,1564.42,3714.59
9676,20250809,9676,16,4,25,849.25,1548.09,5724.49
9677,20250224,9677,6,5,6,722.08,9970.68,45185.68
9678,20250307,9678,13,3,17,1343.24,5900.51,14510.07
9679,20250915,9679,13,6,29,1113.59,9656.02,14807.88
9680,20250422,9680,12,5,19,933.84,6103.83,10190.93
9681,20250203,9681,13,2,1,1142.77,785.37,1381.23
9682,20250413,9682,2,5,18,1298.48,7301.71,26760.15
9683,20250221,9683,4,3,2,259.97,8481.13,38618.81
9684,20250910,9684,2,2,25,308.59,6714.08,23990.15
9685,20250715,9685,9,2,21,1142.75,9500.39,28017.64
9686,20250704,9686,11,3,23,761.87,1146.67,4756.15
9687,20251007,9687,16,5,8,699.23,9032.21,26198.19
9688,20251205,9688,20,5,17,1207.71,9493.57,34533.83
9689,20250218,9689,7,1,2,807.04,6894.69,26336.55
9690,20251224,9690,15,2,1,342.15,1008.89,2664.21
9691,20250903,9691,10,6,26,307.81,4476.41,12507.95
9692,20250906,9692,4,5,1,121.04,9307.55,35000.65
9693,20250809,9693,16,1,3,928.58,4953.89,22181.82
9694,20250914,9694,17,6,9,915.39,7985.47,25385.42
9695,20251006,9695,20,1,22,791.97,7095.4,20304.19
9696,20250603,9696,17,3,23,1499.09,4570.67,8286.68
9697,20250717,9697,18,5,28,510.08,7438.3,31379.84
9698,20250101,9698,8,1,20,1353.39,3515.49,6864.4
9699,20251020,9699,6,3,13,1357.25,4809.17,16311.51
9700,20250417,9700,7,4,11,273.84,6377.66,29404.68
9701,20250118,9701,14,5,3,1475.06,8051.42,28982.39
9702,20250207,9702,11,2,24,1222.73,8980.34,16229.48
9703,20250614,9703,20,3,21,965.74,3316.58,6416.16
9704,20250301,9704,16,2,22,1286.54,2642.72,5770.09
9705,20250901,9705,4,6,19,1476.24,5050.23,10131.9
9706,20250411,9706,15,2,28,1055.34,2361.04,10061.23
9707,20250109,9707,7,6,29,972.99,1572.16,5994.38
9708,20250210,9708,20,2,18,532.71,751.93,2710.58
9709,20250730,9709,5,1,16,850.83,8185.57,12885.15
9710,20250509,9710,1,5,18,542.59,9690.34,42949.49
9711,20250304,9711,7,1,18,1285.5,2428.17,11968.14
9712,20250624,9712,18,2,4,302.07,1371.95,5061.47
9713,20250607,9713,14,4,29,1060.77,5506.99,10846.83
9714,20250917,9714,10,1,19,372.58,4990.24,19673.36
9715,20250324,9715,18,4,1,1495.32,6151.27,27747.91
9716,20250714,9716,1,6,24,1314.82,1856.08,3092.72
9717,20250624,9717,5,4,15,551.95,5993.61,9779.45
9718,20250919,9718,1,2,24,459.87,8317.54,41016.12
9719,20250711,9719,1,2,26,416.67,4227.13,18887.68
9720,20250326,9720,12,3,9,1281.57,5483.65,27169.08
9721,20250214,9721,18,3,13,626.82,3470.43,12102.25
9722,20250718,9722,17,5,23,590.72,3846.71,12582.91
9723,20250606,9723,4,6,6,369.17,9074.69,20906.58
9724,20250913,9724,11,4,14,850.2,3770.04,7679.29
9725,20250224,9725,19,1,30,1160.56,1944.96,5517.33
9726,20250101,9726,7,2,15,952.33,5473.04,22169.11
9727,20250515,9727,15,5,10,892.62,8680.88,33725.05
9728,20251007,9728,4,2,27,1106.45,9853.73,40212.97
9729,20250407,9729,12,2,10,1337.52,3186.73,5220.47
9730,20250123,9730,13,5,17,1308.45,9676.65,20611.16
9731,20250904,9731,17,3,10,1433.49,2542.68,10078.75
9732,20251204,9732,3,6,25,1335.38,1514.42,4794.35
9733,20250303,9733,3,1,19,1290.38,8080.28,15199.79
9734,20251107,9734,6,4,15,205.2,1520.11,5773.99
9735,20250502,9735,19,6,29,483.43,5664.01,26636.54
9736,20250613,9736,11,4,16,404.22,6388.27,28348.5
9737,20250628,9737,17,6,27,147.02,9015.68,32448.14
9738,20250104,9738,10,3,13,418.91,8210.99,29074.95
9739,20250728,9739,9,6,21,329.43,1456.16,3389.79
9740,20250320,9740,11,4,7,947.37,4125.63,16296.04
9741,20251006,9741,6,5,8,674.84,1723.74,8027.92
9742,20250331,9742,19,2,15,672.9,8361.16,23469.73
9743,20250621,9743,12,1,8,575.08,7744.2,25392.92
9744,20250310,9744,1,3,21,824.91,1673.93,3474.29
9745,20250919,9745,1,3,8,1202.84,1637.95,5364.3
9746,20250404,9746,8,2,28,120.67,4251.03,16865.42
9747,20250828,9747,2,1,29,218.43,6351.46,26380.98
9748,20250203,9748,3,5,11,928.91,2730.98,11030.77
9749,20250424,9749,2,2,14,631.02,1332.36,5722.39
9750,20250519,9750,1,4,21,145.89,3821.93,10635.63
9751,20251026,9751,4,1,21,1415.45,4252.84,10500.86
9752,20251109,9752,12,3,20,470.32,7317.85,21059.86
9753,20251129,9753,7,4,17,766.6,6361.73,12939.56
9754,20250511,9754,17,6,14,863.77,7730.28,31064.84
9755,20250330,9755,4,6,19,715.73,1484.26,2284.45
9756,20251015,9756,6,1,30,1451.99,4820.26,16332.46
9757,20251118,9757,1,1,17,1291.25,4124.17,16902.07
9758,20251021,9758,12,1,1,934.84,9587.9,44981.01
9759,20250809,9759,1,6,13,772.56,2764.17,6191.0
9760,20250701,9760,1,5,19,171.27,7797.85,37258.0
9761,20250730,9761,16,2,22,617.95,6382.77,29026.22
9762,20250207,9762,20,6,8,759.06,1330.77,2905.48
9763,20250202,9763,18,6,29,116.53,2917.18,6355.55
9764,20251006,9764,6,4,29,1308.9,2897.72,9845.6
9765,20251209,9765,9,1,24,174.63,6977.45,32472.92
9766,20250819,9766,1,1,5,827.19,8715.86,27739.17
9767,20250807,9767,17,2,21,1344.43,4151.67,17023.51
9768,20250201,9768,19,5,15,1197.03,3441.15,16729.87
9769,20250628,9769,19,4,28,818.16,8551.17,16697.59
9770,20250222,9770,11,1,12,421.9,4290.78,13050.76
9771,20250806,9771,13,3,14,657.54,9707.37,17588.29
9772,20250806,9772,8,2,1,1038.79,3406.17,12334.57
9773,20250620,9773,11,3,7,151.08,4865.05,19286.88
9774,20250412,9774,14,4,18,819.58,2404.88,11430.28
9775,20250307,9775,15,2,3,557.69,3753.76,10269.77
9776,20250625,9776,7,2,14,315.75,1650.23,7015.86
9777,20251127,9777,9,3,9,113.24,2810.38,9659.43
9778,20250609,9778,8,4,13,370.96,6081.27,9317.98
9779,20250513,9779,18,2,16,1459.27,7150.47,21688.2
9780,20251012,9780,9,4,13,1453.56,3610.96,11616.85
9781,20250706,9781,7,2,6,988.58,8351.67,28416.99
9782,20250531,9782,11,1,29,524.39,2314.16,9086.12
9783,20250519,9783,14,3,19,148.42,3297.48,11797.72
9784,20250803,9784,4,2,7,782.69,5060.57,15608.09
9785,20250601,9785,3,5,6,1120.82,3529.47,7466.33
9786,20251111,9786,8,3,13,618.19,6301.83,28821.75
9787,20250218,9787,18,3,30,508.93,7922.6,15910.16
9788,20250313,9788,20,2,1,1491.1,4577.87,11459.4
9789,20250401,9789,1,3,27,802.46,2714.09,12468.42
9790,20251211,9790,7,1,14,943.67,9701.11,30038.64
9791,20250413,9791,16,3,18,745.49,6989.93,26888.08
9792,20250209,9792,1,6,13,1193.56,6027.95,26453.64
9793,20250319,9793,9,6,6,772.19,5643.21,22606.16
9794,20250402,9794,20,3,20,338.34,3660.11,12641.84
9795,20250111,9795,4,3,2,1353.72,1135.36,5455.82
9796,20250620,9796,19,3,19,700.98,8375.1,26348.95
9797,20251101,9797,5,1,26,1429.25,3406.65,13233.89
9798,20250522,9798,10,2,25,1279.74,7206.19,27738.69
9799,20250109,9799,6,1,16,618.58,3336.75,11152.97
9800,20250502,9800,8,1,4,1137.36,4425.64,7346.57
9801,20250620,9801,8,5,6,988.18,999.35,2814.17
9802,20250822,9802,9,5,9,793.88,3346.69,14832.29
9803,20250614,9803,16,4,3,1329.63,2682.46,10830.56
9804,20250410,9804,10,2,9,665.66,6001.14,24301.58
9805,20250914,9805,6,2,13,841.18,1953.89,6970.96
9806,20250410,9806,5,1,28,1327.6,6140.66,25615.58
9807,20250430,9807,11,2,8,1153.96,9669.29,26865.26
9808,20250725,9808,20,5,30,717.47,2037.03,6457.11
9809,20250902,9809,3,4,21,1314.67,7155.49,21975.33
9810,20250712,9810,6,6,28,1464.4,4470.94,19738.49
9811,20250909,9811,9,3,11,166.4,9971.75,42457.6
9812,20250420,9812,3,4,2,802.81,5663.92,11697.48
9813,20250507,9813,11,2,25,265.4,1987.27,7133.97
9814,20250320,9814,17,5,25,501.82,8813.79,39482.28
9815,20250210,9815,9,3,13,1427.23,5833.37,21791.96
9816,20250204,9816,14,1,14,1145.49,8067.07,33195.84
9817,20250821,9817,17,3,4,1404.16,1848.6,6589.65
9818,20250927,9818,2,5,10,1487.69,7947.33,39343.82
9819,20250929,9819,14,6,17,562.52,1984.61,6577.0
9820,20251018,9820,6,5,15,1389.92,3895.0,17864.23
9821,20251231,9821,18,6,23,1454.98,2257.1,9498.77
9822,20251007,9822,20,1,1,882.11,8651.49,21606.4
9823,20251111,9823,1,5,1,454.18,8248.93,35313.71
9824,20250713,9824,15,5,13,893.68,3552.32,16146.36
9825,20250407,9825,2,6,4,613.75,2632.5,11082.41
9826,20250309,9826,12,4,26,730.68,8423.38,38588.95
9827,20250515,9827,16,1,11,338.17,2123.22,4988.55
9828,20250920,9828,15,2,10,1406.48,5307.66,13125.12
9829,20250201,9829,3,1,17,907.78,6524.42,22990.03
9830,20251027,9830,5,1,21,1298.5,501.42,1020.27
9831,20250610,9831,1,3,30,1290.49,2533.1,6609.63
9832,20250627,9832,16,2,9,1334.1,9428.62,32555.91
9833,20250719,9833,8,6,3,1380.81,1110.27,3859.98
9834,20251012,9834,12,2,19,472.96,950.48,4714.56
9835,20250424,9835,15,2,12,551.67,5194.59,13334.72
9836,20250730,9836,6,5,17,1081.57,6512.7,19746.41
9837,20250411,9837,19,4,30,1093.67,3926.44,7106.73
9838,20250403,9838,16,4,2,1220.03,716.61,1305.27
9839,20251212,9839,5,1,28,200.62,9524.05,44752.06
9840,20250604,9840,20,1,20,1170.02,9830.22,45354.42
9841,20250214,9841,8,3,24,197.68,8730.0,29173.84
9842,20250423,9842,7,3,30,1195.59,1889.12,4509.12
9843,20250612,9843,11,4,23,1064.04,8002.38,17632.95
9844,20251218,9844,8,4,28,986.45,4930.44,20725.93
9845,20250614,9845,5,2,25,721.39,9515.62,28058.43
9846,20250109,9846,17,3,10,693.65,692.36,2539.61
9847,20250326,9847,9,4,3,1229.58,6368.34,11857.28
9848,20250108,9848,15,3,29,721.87,6021.56,19677.45
9849,20250622,9849,14,4,12,488.35,5216.26,22953.42
9850,20250705,9850,19,4,12,1246.07,6163.96,25407.84
9851,20251023,9851,2,2,30,913.4,7667.71,30663.47
9852,20250819,9852,16,2,7,1291.37,8491.95,37778.36
9853,20251026,9853,1,6,17,382.13,3358.59,15117.63
9854,20250408,9854,15,6,19,1254.89,1095.33,3408.8
9855,20250313,9855,4,5,9,412.17,5709.17,12837.38
9856,20250511,9856,19,3,30,462.01,6435.26,27012.28
9857,20250719,9857,19,1,27,559.62,1620.3,6616.77
9858,20250127,9858,5,2,25,1385.3,9749.67,37934.21
9859,20250205,9859,17,1,19,970.14,1400.8,3609.71
9860,20251001,9860,17,4,16,959.04,1909.76,5136.2
9861,20250916,9861,12,3,5,867.32,4670.01,18128.36
9862,20250814,9862,18,4,18,941.03,7387.88,12918.82
9863,20250108,9863,6,1,4,535.77,2526.77,11792.68
9864,20250208,9864,10,2,26,742.84,1986.12,4831.89
9865,20250526,9865,17,2,13,1135.53,5066.3,21749.79
9866,20250805,9866,16,1,3,279.52,1602.6,6142.31
9867,20250808,9867,8,2,28,1095.08,5595.63,24581.79
9868,20250109,9868,8,6,3,585.17,3996.64,18927.7
9869,20251230,9869,1,4,1,1497.47,7918.15,18464.49
9870,20250502,9870,8,2,13,950.38,5850.72,18219.8
9871,20250827,9871,15,3,5,320.65,6343.7,9519.43
9872,20250617,9872,4,6,23,293.55,3057.28,14933.05
9873,20251001,9873,4,1,6,897.02,3319.78,12511.5
9874,20250729,9874,3,1,6,659.69,8866.79,38898.81
9875,20250203,9875,18,4,24,180.71,7008.67,30060.74
9876,20250105,9876,13,6,9,940.11,3569.38,8591.43
9877,20251007,9877,14,6,8,885.19,1447.37,6613.19
9878,20251205,9878,5,6,23,578.08,2830.12,6063.23
9879,20250329,9879,9,5,28,1417.05,8239.33,24344.35
9880,20251113,9880,12,6,15,1152.06,8213.94,26269.21
9881,20251116,9881,18,6,30,103.07,6300.25,26729.59
9882,20251019,9882,13,5,3,1264.06,9064.19,40691.23
9883,20251102,9883,7,6,26,570.26,710.78,3542.72
9884,20250122,9884,20,1,3,857.04,5892.77,14373.29
9885,20250131,9885,16,3,21,778.83,853.19,3877.75
9886,20251018,9886,6,2,4,1364.93,6067.82,10584.97
9887,20251007,9887,20,3,10,1411.95,9095.66,24082.93
9888,20250407,9888,15,1,4,931.58,2664.91,5612.03
9889,20250814,9889,14,4,1,711.71,8041.38,25117.6
9890,20250514,9890,6,2,7,1275.23,1582.93,2908.96
9891,20251007,9891,11,4,22,1416.21,4405.87,13370.6
9892,20250219,9892,13,4,29,626.16,8577.41,32237.29
9893,20250904,9893,3,1,23,1214.97,3626.08,12613.64
9894,20250424,9894,13,5,12,1055.16,8345.11,15002.21
9895,20250310,9895,11,6,26,880.71,7614.06,24566.57
9896,20250711,9896,14,6,25,1345.5,8330.03,18775.27
9897,20250424,9897,3,1,16,156.96,2411.12,11136.61
9898,20250731,9898,20,4,8,958.1,5089.17,19512.07
9899,20250719,9899,9,4,23,163.98,1597.97,6886.5
9900,20250703,9900,4,4,8,530.56,6956.4,24216.11
9901,20250320,9901,18,2,19,184.27,6969.55,22627.62
9902,20250925,9902,4,2,3,883.46,6023.99,14088.6
9903,20250511,9903,8,1,16,1070.54,4954.05,20249.13
9904,20250422,9904,16,4,30,234.15,4604.14,10537.34
9905,20251027,9905,12,3,4,377.85,1339.65,2982.66
9906,20250922,9906,10,1,6,877.91,4937.44,10511.04
9907,20250824,9907,2,5,6,780.76,2738.47,4360.4
9908,20250414,9908,16,3,13,1143.76,7735.4,35441.95
9909,20251028,9909,16,6,23,662.05,1987.62,6688.67
9910,20250623,9910,6,5,8,717.57,8132.41,35311.26
9911,20251228,9911,10,5,18,658.86,6314.77,19117.3
9912,20251125,9912,3,2,2,830.02,4414.0,16415.79
9913,20251214,9913,14,3,3,878.57,4812.02,9859.29
9914,20251115,9914,14,6,14,919.35,6577.98,22021.54
9915,20250227,9915,3,6,21,823.29,3021.95,5129.74
9916,20251216,9916,18,6,3,944.6,4130.1,14406.25
9917,20250520,9917,14,5,22,612.75,1975.17,3820.23
9918,20251215,9918,9,1,14,668.84,2799.17,10498.38
9919,20250407,9919,2,6,28,887.55,2089.43,8176.65
9920,20250913,9920,1,1,26,708.63,2261.52,10621.48
9921,20251211,9921,16,2,11,1054.48,8070.9,19244.41
9922,20251223,9922,8,3,24,375.5,519.31,2470.32
9923,20250120,9923,7,4,21,852.12,851.64,4086.73
9924,20250622,9924,5,3,14,984.44,5497.51,24125.55
9925,20250221,9925,7,6,28,341.58,8734.98,42856.31
9926,20250606,9926,13,6,6,628.73,1133.39,2826.22
9927,20250306,9927,12,4,24,294.53,736.18,3611.4
9928,20250609,9928,9,5,17,1057.01,8113.68,14049.93
9929,20251112,9929,19,5,15,1069.65,6231.22,27993.37
9930,20251021,9930,14,2,24,993.63,7336.48,30929.05
9931,20250325,9931,3,6,1,266.83,9304.43,44805.22
9932,20250503,9932,10,3,23,1368.65,7209.25,11958.9
9933,20250622,9933,12,1,18,1253.86,9759.71,25824.07
9934,20250419,9934,17,1,6,545.04,1215.48,2358.8
9935,20250113,9935,6,4,9,668.01,831.88,1438.84
9936,20250903,9936,12,4,6,979.5,6009.79,9029.48
9937,20250101,9937,14,2,15,320.76,7692.53,29402.25
9938,20250607,9938,10,5,20,1023.23,6942.08,27217.09
9939,20250301,9939,10,3,21,741.55,8304.25,41392.48
9940,20251203,9940,13,2,7,838.09,8541.52,36622.74
9941,20250225,9941,14,5,20,240.78,9153.09,39730.33
9942,20251118,9942,10,5,12,1091.51,2370.57,8698.09
9943,20250330,9943,3,1,7,652.93,4900.47,22071.37
9944,20250524,9944,9,2,25,350.43,7519.57,28085.43
9945,20250905,9945,8,6,19,1292.1,5644.82,17095.28
9946,20250316,9946,20,5,16,374.11,9392.76,37871.7
9947,20250117,9947,20,1,21,459.71,6786.07,11082.63
9948,20250918,9948,2,2,25,118.38,5994.44,27007.88
9949,20250705,9949,15,4,21,1286.35,7492.7,37295.15
9950,20251119,9950,6,6,19,1220.13,4716.37,21329.75
9951,20250314,9951,3,1,5,1434.44,1118.67,2273.96
9952,20250214,9952,4,2,28,923.64,2327.39,5764.74
9953,20250401,9953,18,6,21,641.68,9019.31,18808.27
9954,20250728,9954,2,6,21,823.7,6584.98,31849.13
9955,20251217,9955,19,1,25,762.76,4426.66,15963.5
9956,20250601,9956,18,6,7,1017.17,1482.99,4334.32
9957,20251006,9957,6,6,15,285.85,8394.38,17698.34
9958,20251101,9958,3,5,30,1192.06,2375.47,3706.88
9959,20251010,9959,11,5,11,117.19,9213.43,28120.87
9960,20250122,9960,15,6,5,1414.01,1906.51,5173.61
9961,20250725,9961,16,4,14,633.41,8781.96,17087.57
9962,20250720,9962,12,5,10,1196.95,6548.97,13383.64
9963,20250101,9963,6,4,15,1037.53,4962.25,11461.93
9964,20250324,9964,16,1,29,518.84,8191.4,27075.8
9965,20250517,9965,16,3,12,1446.21,9501.16,45081.09
9966,20250804,9966,7,1,26,415.67,4204.83,18610.8
9967,20251118,9967,6,6,11,760.51,9525.42,18129.5
9968,20250420,9968,12,4,10,716.25,8684.85,31667.73
9969,20250401,9969,11,6,23,1320.32,5394.88,16773.17
9970,20251119,9970,14,5,20,1282.35,7295.73,17670.87
9971,20250827,9971,4,3,24,287.52,8548.91,31069.75
9972,20251230,9972,7,4,30,479.57,728.49,2584.06
9973,20250725,9973,14,6,9,865.44,999.89,4073.02
9974,20250715,9974,14,1,19,122.32,7215.22,22687.01
9975,20250329,9975,1,5,29,106.93,7200.66,21124.3
9976,20250608,9976,20,5,26,615.16,7008.49,16858.49
9977,20251104,9977,15,6,1,1284.92,8313.52,18692.72
9978,20250702,9978,9,4,3,1176.59,7260.79,26805.87
9979,20251007,9979,19,5,11,795.5,1880.85,7674.59
9980,20251204,9980,2,1,17,1045.83,4930.1,19818.27
9981,20250424,9981,18,2,11,1334.62,6293.46,19683.31
9982,20251012,9982,19,4,17,536.1,9756.27,33222.34
9983,20250112,9983,10,2,5,799.45,7379.98,30190.01
9984,20250218,9984,10,6,9,147.54,654.89,1107.26
9985,20250528,9985,2,1,19,520.95,5734.27,17922.12
9986,20250614,9986,5,5,22,466.57,2816.55,10037.31
9987,20251126,9987,11,2,14,234.44,8094.0,18926.86
9988,20250813,9988,17,5,18,865.77,8836.35,35327.7
9989,20250424,9989,14,1,23,567.05,6518.5,16014.05
9990,20250224,9990,8,5,30,589.6,2059.97,7603.27
9991,20250911,9991,6,5,19,1037.86,4494.45,20329.38
9992,20250513,9992,4,5,30,1001.69,1557.41,4068.06
9993,20250213,9993,15,5,23,1205.58,1884.2,6613.69
9994,20250704,9994,20,3,23,804.19,4708.74,18584.31
9995,20250719,9995,20,3,29,1498.82,4035.61,6408.16
9996,20251214,9996,16,1,13,1290.09,5419.13,11104.47
9997,20250307,9997,14,4,21,567.6,6683.6,27877.23
9998,20250809,9998,2,5,3,247.39,8286.17,33745.87
9999,20250731,9999,7,2,30,1266.94,6894.5,20777.62
10000,20250721,10000,2,1,10,455.71,3237.56,6919.51
